https://www.Saxcoin-b6.nl,ADA,Cardano
unix,date,symbol,open,high,low,close,volume,total
1648425600,2022-03-28 00:00:00,ADA/EUR,1.07640,1.13462,1.06000,1.06000,667503.17772397,707553.3683874083
1648512000,2022-03-29 00:00:00,ADA/EUR,1.07393,1.11970,1.05629,1.07478,453894.36308441,487836.58355586225
1648598400,2022-03-30 00:00:00,ADA/EUR,1.06734,1.09296,1.04551,1.06571,165932.51168102,176835.9370235798
1648684800,2022-03-31 00:00:00,ADA/EUR,1.06089,1.10768,1.02500,1.02518,263702.31708581,270342.3414300307
1648771200,2022-04-01 00:00:00,ADA/EUR,1.03339,1.06558,1.00000,1.05355,268256.09986370,282621.2140114011
1648857600,2022-04-02 00:00:00,ADA/EUR,1.05118,1.08082,1.04000,1.04555,120559.99998816,126051.50798762067
1648944000,2022-04-03 00:00:00,ADA/EUR,1.04616,1.08600,1.04000,1.07292,99551.41537133,106810.7045802074
1649030400,2022-04-04 00:00:00,ADA/EUR,1.07500,1.13000,1.05295,1.10449,384044.21701927,424172.9972556135
1649116800,2022-04-05 00:00:00,ADA/EUR,1.10329,1.11035,1.07272,1.07272,263644.88984274,282817.14623210405
1649203200,2022-04-06 00:00:00,ADA/EUR,1.07257,1.07257,0.96327,0.96647,524170.53552782,506595.0974715722
1649289600,2022-04-07 00:00:00,ADA/EUR,0.96712,1.00948,0.95352,1.00475,143738.87635300,144421.63601567675
1649376000,2022-04-08 00:00:00,ADA/EUR,1.00504,1.01086,0.93963,0.94170,90293.34669062,85029.24457855686
1649462400,2022-04-09 00:00:00,ADA/EUR,0.94765,0.96141,0.94122,0.96140,101916.29662582,97982.32757606336
1649548800,2022-04-10 00:00:00,ADA/EUR,0.95999,0.98215,0.94671,0.95105,42772.89086999,40679.15786190399
1649635200,2022-04-11 00:00:00,ADA/EUR,0.93450,0.94738,0.84528,0.84556,366759.29196098,310116.98691052623
1649721600,2022-04-12 00:00:00,ADA/EUR,0.84350,0.90280,0.84350,0.88520,208393.05032583,184469.52814842472
1649808000,2022-04-13 00:00:00,ADA/EUR,0.88416,0.90000,0.86665,0.89653,82075.55474232,73583.19709313216
1649894400,2022-04-14 00:00:00,ADA/EUR,0.89548,0.89944,0.85471,0.86472,132005.31838119,114147.63891058262
1649980800,2022-04-15 00:00:00,ADA/EUR,0.86478,0.88699,0.86478,0.87901,96430.51495142,84763.3869474477
1650067200,2022-04-16 00:00:00,ADA/EUR,0.88303,0.88958,0.86822,0.88458,32507.09057848,28755.12218391184
1650153600,2022-04-17 00:00:00,ADA/EUR,0.88025,0.89000,0.84909,0.85056,78369.96139367,66658.35436299996
1650240000,2022-04-18 00:00:00,ADA/EUR,0.84388,0.86979,0.81113,0.86796,152677.82961154,132518.24898963224
1650326400,2022-04-19 00:00:00,ADA/EUR,0.87204,0.88648,0.85822,0.88209,120955.36586162,106693.5186728764
1650412800,2022-04-20 00:00:00,ADA/EUR,0.87809,0.90082,0.86000,0.86722,171276.79171440,148534.65931056195
1650499200,2022-04-21 00:00:00,ADA/EUR,0.86395,0.89161,0.82480,0.83994,316470.31557195,265816.0768615037
1650585600,2022-04-22 00:00:00,ADA/EUR,0.83642,0.85280,0.82668,0.84000,198757.85098741,166956.5948294244
1650672000,2022-04-23 00:00:00,ADA/EUR,0.84085,0.84085,0.81863,0.82330,42729.22467225,35178.970672663425
1650758400,2022-04-24 00:00:00,ADA/EUR,0.82077,0.83335,0.81434,0.82481,107564.63605826,88720.38746721344
1650844800,2022-04-25 00:00:00,ADA/EUR,0.81763,0.84208,0.76920,0.83751,580179.60792420,485906.2234325967
1650931200,2022-04-26 00:00:00,ADA/EUR,0.83845,0.84151,0.76664,0.77880,197142.38579704,153534.49005873478
1651017600,2022-04-27 00:00:00,ADA/EUR,0.77511,0.80560,0.77511,0.79640,107804.46456597,85855.4755803385
1651104000,2022-04-28 00:00:00,ADA/EUR,0.79345,0.81000,0.78705,0.80166,108870.76800470,87277.3398786478
1651190400,2022-04-29 00:00:00,ADA/EUR,0.80272,0.80372,0.74837,0.76492,181886.81807596,139128.86488266333
1651276800,2022-04-30 00:00:00,ADA/EUR,0.76411,0.77604,0.70329,0.71861,239473.08500202,172087.75361330158
1651363200,2022-05-01 00:00:00,ADA/EUR,0.71754,0.75876,0.70916,0.75106,187485.08449546,140812.54756116017
1651449600,2022-05-02 00:00:00,ADA/EUR,0.75127,0.75666,0.72947,0.74769,94452.08180429,70620.87704424959
1651536000,2022-05-03 00:00:00,ADA/EUR,0.74957,0.75589,0.72306,0.72954,121612.13145435,88720.9143812065
1651622400,2022-05-04 00:00:00,ADA/EUR,0.73036,0.84434,0.73036,0.84386,438233.70472320,369807.8940677196
1651708800,2022-05-05 00:00:00,ADA/EUR,0.85000,0.85224,0.73605,0.74906,476394.22468342,356847.85794136254
1651795200,2022-05-06 00:00:00,ADA/EUR,0.74906,0.75883,0.72011,0.74283,255965.95848212,190139.1929392732
1651881600,2022-05-07 00:00:00,ADA/EUR,0.73859,0.74387,0.70879,0.73000,122716.65380148,89583.1572750804
1651968000,2022-05-08 00:00:00,ADA/EUR,0.71992,0.72270,0.68880,0.70000,237841.18513280,166488.82959295998
1652054400,2022-05-09 00:00:00,ADA/EUR,0.70957,0.71560,0.56610,0.57035,811021.73552716,462566.2468579157
1652140800,2022-05-10 00:00:00,ADA/EUR,0.57732,0.66124,0.55546,0.60240,806757.80078449,485990.89919257676
1652227200,2022-05-11 00:00:00,ADA/EUR,0.59577,0.62165,0.45500,0.49022,909218.03143867,445716.8633718648
1652313600,2022-05-12 00:00:00,ADA/EUR,0.49400,0.52000,0.37001,0.45605,1658182.43217391,756214.0981929117
1652400000,2022-05-13 00:00:00,ADA/EUR,0.45509,0.58063,0.45269,0.50681,951265.58687571,482110.9120844786
1652486400,2022-05-14 00:00:00,ADA/EUR,0.51102,0.53117,0.46971,0.51628,365923.64216432,188919.0579765951
1652572800,2022-05-15 00:00:00,ADA/EUR,0.51351,0.57516,0.49727,0.57347,701843.88928700,402486.415189416
1652659200,2022-05-16 00:00:00,ADA/EUR,0.56000,0.58000,0.52464,0.53000,411131.89860790,217899.90626218703
1652745600,2022-05-17 00:00:00,ADA/EUR,0.53341,0.56867,0.52500,0.54808,521475.90283149,285810.51282388304
1652832000,2022-05-18 00:00:00,ADA/EUR,0.54938,0.54938,0.48000,0.48195,540351.45690186,260422.3846538514
1652918400,2022-05-19 00:00:00,ADA/EUR,0.48430,0.51370,0.46877,0.50543,500634.52383000,253035.70737939695
1653004800,2022-05-20 00:00:00,ADA/EUR,0.50060,0.51158,0.47521,0.48896,632456.10532186,309245.73725817667
1653091200,2022-05-21 00:00:00,ADA/EUR,0.48861,0.50886,0.48546,0.49640,149263.67759076,74094.48955605326
1653177600,2022-05-22 00:00:00,ADA/EUR,0.50151,0.51976,0.49503,0.51259,251005.28285211,128662.79793716305
1653264000,2022-05-23 00:00:00,ADA/EUR,0.51185,0.52222,0.47188,0.47976,481589.04851349,231047.161914832
1653350400,2022-05-24 00:00:00,ADA/EUR,0.48128,0.48968,0.46000,0.48463,292363.32922208,141688.04024089663
1653436800,2022-05-25 00:00:00,ADA/EUR,0.48707,0.49657,0.47575,0.47912,251389.44328574,120445.71006706374
1653523200,2022-05-26 00:00:00,ADA/EUR,0.48412,0.48412,0.43400,0.45009,428992.65616644,193085.30461395296
1653609600,2022-05-27 00:00:00,ADA/EUR,0.44559,0.44559,0.41469,0.42664,369862.89435974,157798.3052496395
1653696000,2022-05-28 00:00:00,ADA/EUR,0.42981,0.43449,0.41978,0.43159,47095.92483748,20326.130200607993
1653782400,2022-05-29 00:00:00,ADA/EUR,0.43174,0.44828,0.42672,0.44737,95210.22034955,42594.19627777818
1653868800,2022-05-30 00:00:00,ADA/EUR,0.45048,0.53309,0.44819,0.52900,366485.94607372,193871.0654729979
1653955200,2022-05-31 00:00:00,ADA/EUR,0.53267,0.63822,0.53267,0.58684,1061326.44185439,622828.8091378303
1654041600,2022-06-01 00:00:00,ADA/EUR,0.58358,0.58358,0.50472,0.52113,1005210.10742312,523845.1432814105
1654128000,2022-06-02 00:00:00,ADA/EUR,0.51895,0.55338,0.51712,0.54693,297347.36652798,162628.1951751481
1654214400,2022-06-03 00:00:00,ADA/EUR,0.54305,0.55505,0.50340,0.52500,309168.94312822,162313.6951423155
1654300800,2022-06-04 00:00:00,ADA/EUR,0.52294,0.53210,0.50945,0.52513,158686.73588575,83331.1656156839
1654387200,2022-06-05 00:00:00,ADA/EUR,0.52238,0.54212,0.51797,0.52833,358671.30955008,189496.81297459375
1654473600,2022-06-06 00:00:00,ADA/EUR,0.52744,0.60000,0.52744,0.57000,1186808.98058632,676481.1189342024
1654560000,2022-06-07 00:00:00,ADA/EUR,0.56676,0.60220,0.53529,0.57636,599136.17876292,345318.12799179653
1654646400,2022-06-08 00:00:00,ADA/EUR,0.57252,0.62226,0.57252,0.59971,286768.17804447,171977.74405504912
1654732800,2022-06-09 00:00:00,ADA/EUR,0.59685,0.61320,0.58506,0.59616,175741.92244757,104770.30448634333
1654819200,2022-06-10 00:00:00,ADA/EUR,0.59640,0.59641,0.54250,0.54652,627103.72680917,342724.7287757476
1654905600,2022-06-11 00:00:00,ADA/EUR,0.54641,0.58500,0.51800,0.52498,403781.64202670,211977.28643117697
1654992000,2022-06-12 00:00:00,ADA/EUR,0.52776,0.52836,0.47000,0.47000,595097.78279195,279695.9579122165
1655078400,2022-06-13 00:00:00,ADA/EUR,0.46684,0.47270,0.41704,0.43632,1086054.01616236,473867.08833196096
1655164800,2022-06-14 00:00:00,ADA/EUR,0.44444,0.49705,0.42009,0.46502,865099.22661094,402288.4423586193
1655251200,2022-06-15 00:00:00,ADA/EUR,0.45839,0.51794,0.42818,0.50688,1316610.61636292,667363.5892220369
1655337600,2022-06-16 00:00:00,ADA/EUR,0.51900,0.52030,0.44396,0.44396,632444.74493264,280780.16896029486
1655424000,2022-06-17 00:00:00,ADA/EUR,0.44927,0.48800,0.44721,0.46806,473789.31063356,221761.8247351441
1655510400,2022-06-18 00:00:00,ADA/EUR,0.46672,0.46753,0.40100,0.43335,999050.97987971,432938.7421308723
1655596800,2022-06-19 00:00:00,ADA/EUR,0.43391,0.46500,0.41498,0.45872,590305.58400818,270784.9774962323
1655683200,2022-06-20 00:00:00,ADA/EUR,0.45921,0.48197,0.43931,0.46771,616149.87667073,288179.4588176671
1655769600,2022-06-21 00:00:00,ADA/EUR,0.46101,0.48339,0.45306,0.45349,331323.41020845,150251.85329543
1655856000,2022-06-22 00:00:00,ADA/EUR,0.45171,0.45589,0.43160,0.43423,384440.37355106,166935.54340707677
1655942400,2022-06-23 00:00:00,ADA/EUR,0.43429,0.45822,0.43429,0.45822,261793.62492569,119959.07481344968
1656028800,2022-06-24 00:00:00,ADA/EUR,0.45735,0.48087,0.45538,0.47147,408892.79536355,192780.68623005293
1656115200,2022-06-25 00:00:00,ADA/EUR,0.47157,0.48000,0.45400,0.47336,428864.92794153,203007.50229040266
1656201600,2022-06-26 00:00:00,ADA/EUR,0.47067,0.49692,0.46565,0.46619,252736.96093556,117823.44381854871
1656288000,2022-06-27 00:00:00,ADA/EUR,0.46657,0.48012,0.45000,0.46293,445005.78131602,206006.52634462513
1656374400,2022-06-28 00:00:00,ADA/EUR,0.45540,0.47010,0.44452,0.44802,215843.68580574,96702.28811468763
1656460800,2022-06-29 00:00:00,ADA/EUR,0.44510,0.45308,0.43935,0.44395,151379.50036535,67204.92918719712
1656547200,2022-06-30 00:00:00,ADA/EUR,0.44465,0.44479,0.41783,0.43239,197066.77531677,85209.70297921819
1656633600,2022-07-01 00:00:00,ADA/EUR,0.44120,0.44807,0.42459,0.43062,110239.61100006,47471.38128884584
1656720000,2022-07-02 00:00:00,ADA/EUR,0.43287,0.44190,0.42391,0.43889,80913.03348641,35511.921266850484
1656806400,2022-07-03 00:00:00,ADA/EUR,0.43521,0.43959,0.42577,0.43896,86690.48875293,38053.656942986156
1656892800,2022-07-04 00:00:00,ADA/EUR,0.43719,0.45600,0.42679,0.45000,596091.08987021,268240.9904415945
1656979200,2022-07-05 00:00:00,ADA/EUR,0.45060,0.45106,0.43399,0.44554,198843.75558120,88592.84686164785
1657065600,2022-07-06 00:00:00,ADA/EUR,0.44475,0.45600,0.43653,0.45389,201174.73365048,91311.19985661637
1657152000,2022-07-07 00:00:00,ADA/EUR,0.45197,0.47647,0.45197,0.47031,555106.01453389,261071.90969543377
1657238400,2022-07-08 00:00:00,ADA/EUR,0.47739,0.48247,0.44800,0.46263,541747.59105858,250628.68805143086
1657324800,2022-07-09 00:00:00,ADA/EUR,0.45822,0.47545,0.45691,0.47371,159065.34736738,75350.84570140157
1657411200,2022-07-10 00:00:00,ADA/EUR,0.46805,0.46805,0.44894,0.45425,134551.10946059,61119.841472473
1657497600,2022-07-11 00:00:00,ADA/EUR,0.45045,0.45416,0.43000,0.43283,545966.05734153,236310.48859913443
1657584000,2022-07-12 00:00:00,ADA/EUR,0.43201,0.43994,0.41500,0.41500,136388.65753931,56601.29287881364
1657670400,2022-07-13 00:00:00,ADA/EUR,0.41843,0.43760,0.40460,0.43505,275149.58829183,119703.82838636063
1657756800,2022-07-14 00:00:00,ADA/EUR,0.43312,0.44434,0.41784,0.43650,225074.48597203,98245.01312679109
1657843200,2022-07-15 00:00:00,ADA/EUR,0.43919,0.44772,0.42898,0.43645,308529.18349223,134657.5621351838
1657929600,2022-07-16 00:00:00,ADA/EUR,0.43500,0.45434,0.42919,0.45425,173638.73108445,78875.39359511141
1658016000,2022-07-17 00:00:00,ADA/EUR,0.45500,0.46066,0.43951,0.44921,267998.86717867,120387.77112533036
1658102400,2022-07-18 00:00:00,ADA/EUR,0.44691,0.50000,0.44691,0.48423,707355.14206283,342522.58044108417
1658188800,2022-07-19 00:00:00,ADA/EUR,0.48982,0.51384,0.46514,0.50225,623047.61200207,312925.6631280396
1658275200,2022-07-20 00:00:00,ADA/EUR,0.50000,0.53370,0.47976,0.48490,825412.35814505,400242.4524645347
1658361600,2022-07-21 00:00:00,ADA/EUR,0.48255,0.49252,0.46683,0.49067,476787.43359640,233945.2900427456
1658448000,2022-07-22 00:00:00,ADA/EUR,0.48849,0.50343,0.46798,0.47545,301794.61759954,143488.2509377013
1658534400,2022-07-23 00:00:00,ADA/EUR,0.47829,0.50628,0.46435,0.50628,289471.61932050,146553.69142958272
1658620800,2022-07-24 00:00:00,ADA/EUR,0.51000,0.52459,0.50115,0.50487,199839.45268714,100892.94447815638
1658707200,2022-07-25 00:00:00,ADA/EUR,0.50000,0.50000,0.46518,0.46518,582758.43946646,271087.57087100786
1658793600,2022-07-26 00:00:00,ADA/EUR,0.46641,0.46660,0.44660,0.45700,288905.19961244,132029.6762228851
1658880000,2022-07-27 00:00:00,ADA/EUR,0.46270,0.50047,0.45382,0.50047,261928.23610186,131087.22432189787
1658966400,2022-07-28 00:00:00,ADA/EUR,0.49733,0.51323,0.48157,0.50382,463471.80697683,233506.36579106652
1659052800,2022-07-29 00:00:00,ADA/EUR,0.50515,0.53225,0.50048,0.51703,782926.16056577,404796.3127973201
1659139200,2022-07-30 00:00:00,ADA/EUR,0.51337,0.54209,0.49956,0.51704,431046.96956684,222868.52514483896
1659225600,2022-07-31 00:00:00,ADA/EUR,0.51436,0.53034,0.50280,0.50538,220512.30677505,111442.50959797479
1659312000,2022-08-01 00:00:00,ADA/EUR,0.51244,0.51244,0.48869,0.49893,384414.50926330,191795.93110673825
1659398400,2022-08-02 00:00:00,ADA/EUR,0.50004,0.50087,0.47841,0.49415,401117.53018032,198212.22753860513
1659484800,2022-08-03 00:00:00,ADA/EUR,0.48801,0.50728,0.48435,0.49357,160828.85706154,79380.29897986431
1659571200,2022-08-04 00:00:00,ADA/EUR,0.49596,0.50248,0.48382,0.48595,200407.42375887,97387.98757562287
1659657600,2022-08-05 00:00:00,ADA/EUR,0.48742,0.50830,0.48742,0.50757,233360.68466021,118446.88271298278
1659744000,2022-08-06 00:00:00,ADA/EUR,0.50671,0.51290,0.49916,0.50691,125518.34135070,63626.50241408333
1659830400,2022-08-07 00:00:00,ADA/EUR,0.50197,0.52653,0.49927,0.52471,112031.25725008,58783.920991689476
1659916800,2022-08-08 00:00:00,ADA/EUR,0.52170,0.53913,0.51444,0.52697,341231.66701544,179818.85156712643
1660003200,2022-08-09 00:00:00,ADA/EUR,0.52267,0.52719,0.49508,0.50402,250453.45731430,126233.5515555535
1660089600,2022-08-10 00:00:00,ADA/EUR,0.50213,0.52100,0.49357,0.52049,334309.84414380,174004.93077840644
1660176000,2022-08-11 00:00:00,ADA/EUR,0.52500,0.53058,0.51302,0.51507,460354.48372038,237114.78392985614
1660262400,2022-08-12 00:00:00,ADA/EUR,0.51045,0.52725,0.50767,0.52567,243312.42547138,127902.04269754032
1660348800,2022-08-13 00:00:00,ADA/EUR,0.52650,0.55229,0.52400,0.54541,676599.49349997,369024.1297498186
1660435200,2022-08-14 00:00:00,ADA/EUR,0.54531,0.57842,0.54439,0.55706,327455.67413898,182412.4578358602
1660521600,2022-08-15 00:00:00,ADA/EUR,0.55392,0.56403,0.53280,0.54293,273566.77334783,148527.60825373736
1660608000,2022-08-16 00:00:00,ADA/EUR,0.55321,0.56200,0.53968,0.54853,216244.43831176,118616.5617471497
1660694400,2022-08-17 00:00:00,ADA/EUR,0.55112,0.57122,0.52289,0.52514,848964.11955484,445825.01774302876
1660780800,2022-08-18 00:00:00,ADA/EUR,0.53021,0.53354,0.50247,0.50817,341462.47659535,173520.986731459
1660867200,2022-08-19 00:00:00,ADA/EUR,0.50100,0.50231,0.44437,0.44908,830565.64993890,372990.4220745612
1660953600,2022-08-20 00:00:00,ADA/EUR,0.45097,0.46123,0.43415,0.44858,443641.00979846,199008.48417539318
1661040000,2022-08-21 00:00:00,ADA/EUR,0.44908,0.46924,0.44580,0.46217,414627.19037356,191628.24857494823
1661126400,2022-08-22 00:00:00,ADA/EUR,0.45796,0.46360,0.43963,0.46360,217553.54279804,100857.82244117135
1661212800,2022-08-23 00:00:00,ADA/EUR,0.46502,0.47096,0.44907,0.46676,325024.00004321,151708.2022601687
1661299200,2022-08-24 00:00:00,ADA/EUR,0.46105,0.46936,0.45600,0.46008,274443.98982776,126266.1908399558
1661385600,2022-08-25 00:00:00,ADA/EUR,0.46008,0.47484,0.45978,0.46567,217368.14017046,101221.82183317811
1661472000,2022-08-26 00:00:00,ADA/EUR,0.46524,0.48292,0.42770,0.43319,587757.88779710,254610.83941482575
1661558400,2022-08-27 00:00:00,ADA/EUR,0.43284,0.45200,0.42897,0.45200,456916.80998441,206526.39811295332
1661644800,2022-08-28 00:00:00,ADA/EUR,0.45265,0.45374,0.43271,0.43463,326934.17430201,142095.4001768826
1661731200,2022-08-29 00:00:00,ADA/EUR,0.43000,0.45176,0.42800,0.45020,293883.68436077,132306.43469921863
1661817600,2022-08-30 00:00:00,ADA/EUR,0.44741,0.46078,0.43804,0.45023,357686.52259381,161041.2030674111
1661904000,2022-08-31 00:00:00,ADA/EUR,0.45458,0.46143,0.44431,0.44431,194327.20636552,86341.52106026419
1661990400,2022-09-01 00:00:00,ADA/EUR,0.44750,0.46074,0.44017,0.45940,124821.29701815,57342.90385013811
1662076800,2022-09-02 00:00:00,ADA/EUR,0.46130,0.46439,0.45211,0.45578,204010.33252091,92983.82935638036
1662163200,2022-09-03 00:00:00,ADA/EUR,0.45693,0.48694,0.45693,0.48467,136818.44023905,66311.79343066036
1662249600,2022-09-04 00:00:00,ADA/EUR,0.48053,0.51208,0.48053,0.50462,539080.05351382,272030.57660414383
1662336000,2022-09-05 00:00:00,ADA/EUR,0.50146,0.50252,0.48751,0.50252,274335.88018494,137859.26651053605
1662422400,2022-09-06 00:00:00,ADA/EUR,0.50392,0.51442,0.46638,0.46941,612476.42513210,287502.55872125906
1662508800,2022-09-07 00:00:00,ADA/EUR,0.46777,0.47964,0.45986,0.47952,355613.49988093,170523.78546290356
1662595200,2022-09-08 00:00:00,ADA/EUR,0.47754,0.48034,0.46698,0.47775,162176.03142732,77479.59901440213
1662681600,2022-09-09 00:00:00,ADA/EUR,0.47847,0.50208,0.47832,0.49958,500146.49794427,249863.18744299843
1662768000,2022-09-10 00:00:00,ADA/EUR,0.49944,0.52072,0.49722,0.51292,535856.66266054,274851.59941184416
1662854400,2022-09-11 00:00:00,ADA/EUR,0.50926,0.51600,0.49691,0.50275,438265.54907748,220338.00479870307
1662940800,2022-09-12 00:00:00,ADA/EUR,0.49946,0.51193,0.49023,0.49650,100977.24044897,50135.19988291361
1663027200,2022-09-13 00:00:00,ADA/EUR,0.49487,0.49926,0.46432,0.46655,1047880.60016842,488888.6940085764
1663113600,2022-09-14 00:00:00,ADA/EUR,0.46521,0.48494,0.46371,0.48183,528660.14158885,254724.31602175557
1663200000,2022-09-15 00:00:00,ADA/EUR,0.48000,0.48272,0.46300,0.46489,331807.67260837,154254.06891890513
1663286400,2022-09-16 00:00:00,ADA/EUR,0.46202,0.47108,0.45500,0.47108,222868.66872423,104988.97246261027
1663372800,2022-09-17 00:00:00,ADA/EUR,0.47361,0.48644,0.47315,0.48644,386192.18937014,187859.3285972109
1663459200,2022-09-18 00:00:00,ADA/EUR,0.48088,0.48856,0.44000,0.44598,380478.30935713,169685.71640709284
1663545600,2022-09-19 00:00:00,ADA/EUR,0.44388,0.45450,0.43450,0.45359,348252.71958848,157963.95107813863
1663632000,2022-09-20 00:00:00,ADA/EUR,0.44974,0.44974,0.43900,0.43960,313202.33102096,137683.74471681402
1663718400,2022-09-21 00:00:00,ADA/EUR,0.44269,0.46699,0.42500,0.44764,392341.35773278,175627.68537550163
1663804800,2022-09-22 00:00:00,ADA/EUR,0.44701,0.47340,0.44620,0.46494,83883.24332362,39000.675150883886
1663891200,2022-09-23 00:00:00,ADA/EUR,0.46401,0.49000,0.45989,0.47660,294809.33136845,140506.12733020328
1663977600,2022-09-24 00:00:00,ADA/EUR,0.47720,0.47931,0.46544,0.46564,287260.82521788,133760.13065445365
1664064000,2022-09-25 00:00:00,ADA/EUR,0.46579,0.47473,0.45500,0.46039,102642.95419542,47255.78968202941
1664150400,2022-09-26 00:00:00,ADA/EUR,0.46433,0.46507,0.45335,0.46470,165058.17621890,76702.53448892283
1664236800,2022-09-27 00:00:00,ADA/EUR,0.47000,0.47937,0.45673,0.45971,176637.40384281,81201.98092057818
1664323200,2022-09-28 00:00:00,ADA/EUR,0.45956,0.45956,0.44617,0.45034,390083.62138019,175670.25805235477
1664409600,2022-09-29 00:00:00,ADA/EUR,0.45173,0.45194,0.44000,0.44590,218138.33563641,97267.88386027522
1664496000,2022-09-30 00:00:00,ADA/EUR,0.44513,0.44997,0.43811,0.44275,237113.45724810,104981.98319659627
1664582400,2022-10-01 00:00:00,ADA/EUR,0.44492,0.44492,0.43714,0.43890,69598.09558653,30546.60415292802
1664668800,2022-10-02 00:00:00,ADA/EUR,0.44124,0.44124,0.42682,0.42844,138311.29526736,59258.09134434771
1664755200,2022-10-03 00:00:00,ADA/EUR,0.42599,0.43799,0.42500,0.43571,248252.36670953,108166.03869900931
1664841600,2022-10-04 00:00:00,ADA/EUR,0.43571,0.44040,0.43171,0.43548,261147.89588693,113724.68570084027
1664928000,2022-10-05 00:00:00,ADA/EUR,0.43692,0.43818,0.42990,0.43517,219133.96574071,95360.52787138477
1665014400,2022-10-06 00:00:00,ADA/EUR,0.43623,0.44047,0.43445,0.43805,511359.16924681,224000.88408856513
1665100800,2022-10-07 00:00:00,ADA/EUR,0.43887,0.43916,0.43246,0.43576,289445.86549964,126128.93035012312
1665187200,2022-10-08 00:00:00,ADA/EUR,0.43659,0.43793,0.43142,0.43272,178564.27243588,77268.33196845399
1665273600,2022-10-09 00:00:00,ADA/EUR,0.43213,0.43536,0.43153,0.43465,61741.15052001,26835.791073522345
1665360000,2022-10-10 00:00:00,ADA/EUR,0.43414,0.43545,0.41028,0.41328,523971.55181641,216546.9629346859
1665446400,2022-10-11 00:00:00,ADA/EUR,0.41000,0.41162,0.39780,0.40084,857531.10198535,343732.7669198077
1665532800,2022-10-12 00:00:00,ADA/EUR,0.40335,0.40683,0.38884,0.39170,426270.23372416,166970.05054975348
1665619200,2022-10-13 00:00:00,ADA/EUR,0.39267,0.39285,0.35869,0.38770,1096882.26143021,425261.2527564924
1665705600,2022-10-14 00:00:00,ADA/EUR,0.38489,0.39674,0.37154,0.37655,339993.51320558,128024.55739756115
1665792000,2022-10-15 00:00:00,ADA/EUR,0.37758,0.38030,0.37318,0.37422,183672.12430585,68733.7823577352
1665878400,2022-10-16 00:00:00,ADA/EUR,0.37513,0.38483,0.37513,0.38044,357386.41158694,135964.08642413546
1665964800,2022-10-17 00:00:00,ADA/EUR,0.37807,0.38345,0.37556,0.37743,434053.89355672,163824.9610451128
1666051200,2022-10-18 00:00:00,ADA/EUR,0.37965,0.37965,0.36319,0.36690,347106.86609142,127353.509168942
1666137600,2022-10-19 00:00:00,ADA/EUR,0.36517,0.36715,0.35700,0.35764,919529.43865900,328860.5084420048
1666224000,2022-10-20 00:00:00,ADA/EUR,0.35777,0.36367,0.34407,0.34793,529407.78800361,184196.85168009604
1666310400,2022-10-21 00:00:00,ADA/EUR,0.34690,0.35441,0.34000,0.35438,518494.80898723,183744.19040889456
1666396800,2022-10-22 00:00:00,ADA/EUR,0.35448,0.35950,0.34800,0.35570,118611.75281780,42190.200477291466
1666483200,2022-10-23 00:00:00,ADA/EUR,0.35779,0.36687,0.35123,0.36649,399574.94108816,146440.22015939973
1666569600,2022-10-24 00:00:00,ADA/EUR,0.36735,0.37157,0.35963,0.36206,391729.18049686,141829.46709069313
1666656000,2022-10-25 00:00:00,ADA/EUR,0.36341,0.43000,0.36185,0.40148,1560649.92387128,626569.7314358414
1666742400,2022-10-26 00:00:00,ADA/EUR,0.40272,0.40956,0.39720,0.39961,948824.45049830,379159.73866362567
1666828800,2022-10-27 00:00:00,ADA/EUR,0.40347,0.41499,0.38890,0.39208,447694.04882704,175531.88266410583
1666915200,2022-10-28 00:00:00,ADA/EUR,0.38773,0.41187,0.35000,0.40602,838277.05950378,340357.25169972476
1667001600,2022-10-29 00:00:00,ADA/EUR,0.40551,0.44093,0.40250,0.42071,607314.62028842,255503.33390154116
1667088000,2022-10-30 00:00:00,ADA/EUR,0.41911,0.42220,0.40145,0.40510,244929.80244733,99221.06297141338
1667174400,2022-10-31 00:00:00,ADA/EUR,0.40646,0.41803,0.40040,0.41050,430460.38546317,176703.98823263127
1667260800,2022-11-01 00:00:00,ADA/EUR,0.41028,0.41750,0.40500,0.40592,352278.36652594,142996.83454020956
1667347200,2022-11-02 00:00:00,ADA/EUR,0.40300,0.40978,0.38834,0.39363,528708.71546361,208115.6116679408
1667433600,2022-11-03 00:00:00,ADA/EUR,0.39348,0.40762,0.39348,0.39887,300804.04278477,119981.70854556123
1667520000,2022-11-04 00:00:00,ADA/EUR,0.39951,0.42800,0.39951,0.42352,599130.25376835,253743.6450759716
1667606400,2022-11-05 00:00:00,ADA/EUR,0.42402,0.43863,0.42202,0.42815,420622.47242105,180089.51156707256
1667692800,2022-11-06 00:00:00,ADA/EUR,0.42767,0.42875,0.40533,0.40533,386755.55942934,156763.6309034944
1667779200,2022-11-07 00:00:00,ADA/EUR,0.40499,0.41495,0.39800,0.40379,592087.17417940,239078.8800618999
1667865600,2022-11-08 00:00:00,ADA/EUR,0.40324,0.41056,0.34799,0.36954,1651623.23852588,610340.8515648537
1667952000,2022-11-09 00:00:00,ADA/EUR,0.36877,0.37474,0.31076,0.31782,965570.67570395,306877.67215222935
1668038400,2022-11-10 00:00:00,ADA/EUR,0.31364,0.37213,0.31364,0.36045,748365.85622462,269748.4728761643
1668124800,2022-11-11 00:00:00,ADA/EUR,0.36086,0.36465,0.33109,0.34301,870910.00672321,298730.84140612825
1668211200,2022-11-12 00:00:00,ADA/EUR,0.33988,0.33988,0.32500,0.32636,617245.15607507,201444.12913665985
1668297600,2022-11-13 00:00:00,ADA/EUR,0.32716,0.33167,0.31420,0.31613,614251.58808337,194183.3545407958
1668384000,2022-11-14 00:00:00,ADA/EUR,0.32052,0.33012,0.30441,0.32120,903423.10320684,290179.50075003697
1668470400,2022-11-15 00:00:00,ADA/EUR,0.32045,0.33187,0.31982,0.32616,532543.52190078,173694.39510315843
1668556800,2022-11-16 00:00:00,ADA/EUR,0.32770,0.33129,0.31246,0.32091,405328.91370910,130074.10169838727
1668643200,2022-11-17 00:00:00,ADA/EUR,0.32047,0.32113,0.30965,0.31350,343750.49566597,107765.7803912816
1668729600,2022-11-18 00:00:00,ADA/EUR,0.31549,0.31963,0.31021,0.31586,255123.61929767,80583.34639136204
1668816000,2022-11-19 00:00:00,ADA/EUR,0.31329,0.32131,0.31110,0.31741,230828.64551720,73267.32037361446
1668902400,2022-11-20 00:00:00,ADA/EUR,0.31715,0.31957,0.29942,0.30279,264363.88076591,80046.7394571099
1668988800,2022-11-21 00:00:00,ADA/EUR,0.29778,0.30348,0.28849,0.29741,700895.19218334,208453.23910724715
1669075200,2022-11-22 00:00:00,ADA/EUR,0.29961,0.30813,0.29033,0.30211,437243.72090895,132095.7005238029
1669161600,2022-11-23 00:00:00,ADA/EUR,0.30237,0.30850,0.29999,0.30579,501959.32623144,153494.14236831205
1669248000,2022-11-24 00:00:00,ADA/EUR,0.30594,0.30627,0.29842,0.30232,284098.10176273,85888.53812490852
1669334400,2022-11-25 00:00:00,ADA/EUR,0.30233,0.30350,0.29613,0.30284,205267.40914949,62163.18218683155
1669420800,2022-11-26 00:00:00,ADA/EUR,0.30874,0.30874,0.30128,0.30128,61995.60929691,18678.037168973045
1669507200,2022-11-27 00:00:00,ADA/EUR,0.30093,0.30714,0.30093,0.30200,518530.86493315,156596.32120981129
1669593600,2022-11-28 00:00:00,ADA/EUR,0.30088,0.30107,0.28907,0.29615,848571.21071255,251304.3640525217
1669680000,2022-11-29 00:00:00,ADA/EUR,0.29527,0.30092,0.29501,0.29903,176053.48943656,52645.27494621454
1669766400,2022-11-30 00:00:00,ADA/EUR,0.30282,0.30820,0.30000,0.30683,355290.71926610,109013.85139241745
1669852800,2022-12-01 00:00:00,ADA/EUR,0.30554,0.31528,0.29749,0.29867,310364.26605810,92696.49534357272
1669939200,2022-12-02 00:00:00,ADA/EUR,0.29904,0.30400,0.29651,0.30332,346408.87413290,105072.73970199122
1670025600,2022-12-03 00:00:00,ADA/EUR,0.30362,0.30922,0.30127,0.30339,252164.83861553,76504.29038756565
1670112000,2022-12-04 00:00:00,ADA/EUR,0.30660,0.30758,0.30249,0.30602,310328.11164934,94966.60872693104
1670198400,2022-12-05 00:00:00,ADA/EUR,0.30555,0.31230,0.30151,0.30458,259430.74930929,79017.41762462356
1670284800,2022-12-06 00:00:00,ADA/EUR,0.30463,0.30485,0.29944,0.30301,86559.12356069,26228.28003012468
1670371200,2022-12-07 00:00:00,ADA/EUR,0.30424,0.30424,0.29250,0.29469,215614.59490201,63539.464971673326
1670457600,2022-12-08 00:00:00,ADA/EUR,0.29496,0.29919,0.29360,0.29863,140457.82799744,41944.92117487551
1670544000,2022-12-09 00:00:00,ADA/EUR,0.29827,0.29933,0.29251,0.29596,52608.79001116,15570.097491702914
1670630400,2022-12-10 00:00:00,ADA/EUR,0.29616,0.29817,0.29535,0.29684,33653.49404602,9989.703172620577
1670716800,2022-12-11 00:00:00,ADA/EUR,0.29812,0.29812,0.28955,0.29195,165252.27948583,48245.402995888064
1670803200,2022-12-12 00:00:00,ADA/EUR,0.29149,0.29205,0.28610,0.29128,149543.53341817,43559.04041404455
1670889600,2022-12-13 00:00:00,ADA/EUR,0.28963,0.29874,0.28408,0.29340,1172962.50719395,344147.1996107049
1670976000,2022-12-14 00:00:00,ADA/EUR,0.29629,0.29645,0.28686,0.28827,154878.03756594,44646.69188913353
1671062400,2022-12-15 00:00:00,ADA/EUR,0.28360,0.28592,0.27831,0.28210,159658.37614138,45039.6279094833
1671148800,2022-12-16 00:00:00,ADA/EUR,0.28247,0.28297,0.24123,0.24818,651202.55743629,161615.45070453844
1671235200,2022-12-17 00:00:00,ADA/EUR,0.24910,0.25281,0.24182,0.25188,829521.94990398,208939.98874181448
1671321600,2022-12-18 00:00:00,ADA/EUR,0.25324,0.25658,0.24900,0.25167,344329.81712450,86657.48507572291
1671408000,2022-12-19 00:00:00,ADA/EUR,0.25102,0.25318,0.23497,0.23823,701534.66110586,167126.60231524904
1671494400,2022-12-20 00:00:00,ADA/EUR,0.23871,0.24557,0.23871,0.24375,391565.47778098,95444.08520911387
1671580800,2022-12-21 00:00:00,ADA/EUR,0.24357,0.24357,0.23402,0.23806,553399.86265290,131742.37130314938
1671667200,2022-12-22 00:00:00,ADA/EUR,0.23861,0.24227,0.23381,0.24203,343399.44295117,83112.96717747167
1671753600,2022-12-23 00:00:00,ADA/EUR,0.24227,0.24679,0.24161,0.24366,531591.65291353,129527.62214891071
1671840000,2022-12-24 00:00:00,ADA/EUR,0.24400,0.24459,0.24162,0.24445,72121.10400726,17630.003874574708
1671926400,2022-12-25 00:00:00,ADA/EUR,0.24362,0.24449,0.24000,0.24391,171741.89919366,41889.56663232561
1672012800,2022-12-26 00:00:00,ADA/EUR,0.24367,0.24871,0.24269,0.24761,858047.53456689,212461.15003410762
1672099200,2022-12-27 00:00:00,ADA/EUR,0.24908,0.24908,0.24181,0.24420,204023.43699020,49822.52331300684
1672185600,2022-12-28 00:00:00,ADA/EUR,0.24526,0.24526,0.23287,0.23341,1015781.99297041,237093.6749792234
1672272000,2022-12-29 00:00:00,ADA/EUR,0.23345,0.23345,0.22442,0.22900,616490.44031619,141176.31083240753
1672358400,2022-12-30 00:00:00,ADA/EUR,0.22989,0.22989,0.22499,0.22877,745437.66472085,170533.77455818883
1672444800,2022-12-31 00:00:00,ADA/EUR,0.22921,0.23523,0.22815,0.22951,241953.43665877,55530.7332475543
1672531200,2023-01-01 00:00:00,ADA/EUR,0.22847,0.23322,0.22779,0.23316,296461.53760659,69122.97210835254
1672617600,2023-01-02 00:00:00,ADA/EUR,0.23306,0.23983,0.23043,0.23776,612697.99142529,145675.07444127696
1672704000,2023-01-03 00:00:00,ADA/EUR,0.23758,0.24147,0.23608,0.23949,545921.30003827,130742.69214616528
1672790400,2023-01-04 00:00:00,ADA/EUR,0.23955,0.25492,0.23927,0.25123,436709.99368376,109714.65171317103
1672876800,2023-01-05 00:00:00,ADA/EUR,0.25248,0.25686,0.24818,0.25477,542777.64707651,138283.46114568246
1672963200,2023-01-06 00:00:00,ADA/EUR,0.25614,0.26216,0.25447,0.26108,549778.48103599,143536.16582887626
1673049600,2023-01-07 00:00:00,ADA/EUR,0.26137,0.26217,0.25622,0.26008,268081.44236806,69722.62153108504
1673136000,2023-01-08 00:00:00,ADA/EUR,0.26000,0.28130,0.25870,0.27839,923342.62370721,257049.3530138502
1673222400,2023-01-09 00:00:00,ADA/EUR,0.27857,0.32426,0.27791,0.29535,1745105.80235844,515416.9987265652
1673308800,2023-01-10 00:00:00,ADA/EUR,0.29568,0.30268,0.28664,0.30043,774744.99933461,232756.64015009685
1673395200,2023-01-11 00:00:00,ADA/EUR,0.29872,0.30133,0.28613,0.29878,429593.91611412,128354.07025657677
1673481600,2023-01-12 00:00:00,ADA/EUR,0.30052,0.30926,0.29540,0.30371,744313.19023013,226055.35900479276
1673568000,2023-01-13 00:00:00,ADA/EUR,0.30324,0.32288,0.29924,0.31824,1132616.26058347,360443.79876808356
1673654400,2023-01-14 00:00:00,ADA/EUR,0.31925,0.34123,0.30705,0.32529,1609667.25129591,523608.6601740466
1673740800,2023-01-15 00:00:00,ADA/EUR,0.32499,0.32556,0.31309,0.32382,277216.40998634,89768.21788177661
1673827200,2023-01-16 00:00:00,ADA/EUR,0.32345,0.33457,0.31268,0.32310,626895.59430854,202549.96652108926
1673913600,2023-01-17 00:00:00,ADA/EUR,0.32395,0.32878,0.31901,0.32117,352756.75372437,113294.88659365592
1674000000,2023-01-18 00:00:00,ADA/EUR,0.32204,0.32665,0.30029,0.30229,886032.55774417,267838.7818804851
1674086400,2023-01-19 00:00:00,ADA/EUR,0.30297,0.31591,0.30297,0.31262,224153.75929179,70074.94822979938
1674172800,2023-01-20 00:00:00,ADA/EUR,0.31000,0.33665,0.30838,0.33665,571609.59327131,192432.3695747865
1674259200,2023-01-21 00:00:00,ADA/EUR,0.33701,0.35031,0.32986,0.34031,911166.95976919,310079.22807905305
1674345600,2023-01-22 00:00:00,ADA/EUR,0.34101,0.35602,0.33499,0.34650,783493.35370783,271480.4470597631
1674432000,2023-01-23 00:00:00,ADA/EUR,0.34629,0.35063,0.33994,0.34547,586449.38611713,202600.66942188493
1674518400,2023-01-24 00:00:00,ADA/EUR,0.34503,0.35151,0.32699,0.32971,635263.57061468,209452.75186736614
1674604800,2023-01-25 00:00:00,ADA/EUR,0.32778,0.34756,0.31979,0.34179,1128648.44061851,385760.75051900046
1674691200,2023-01-26 00:00:00,ADA/EUR,0.34371,0.35391,0.34161,0.34917,566195.63939577,197698.53140782102
1674777600,2023-01-27 00:00:00,ADA/EUR,0.34683,0.35829,0.33877,0.35791,711625.45063169,254697.86503558815
1674864000,2023-01-28 00:00:00,ADA/EUR,0.35998,0.36627,0.34849,0.35225,558016.76188776,196561.40437496346
1674950400,2023-01-29 00:00:00,ADA/EUR,0.35318,0.36698,0.35318,0.36429,413220.03748643,150531.92745593158
1675036800,2023-01-30 00:00:00,ADA/EUR,0.36477,0.36607,0.33805,0.34275,626858.35148593,214855.69997180253
1675123200,2023-01-31 00:00:00,ADA/EUR,0.34163,0.36780,0.34081,0.36024,544286.03400414,196073.60088965137
1675209600,2023-02-01 00:00:00,ADA/EUR,0.35925,0.36407,0.34016,0.36058,629153.95859989,226860.33439194833
1675296000,2023-02-02 00:00:00,ADA/EUR,0.36076,0.37825,0.34828,0.36471,950855.34488159,346786.45283176465
1675382400,2023-02-03 00:00:00,ADA/EUR,0.36703,0.37534,0.36389,0.37496,428862.33822214,160806.2223397736
1675468800,2023-02-04 00:00:00,ADA/EUR,0.37192,0.37546,0.36883,0.36961,169530.30265582,62660.09516461763
1675555200,2023-02-05 00:00:00,ADA/EUR,0.36962,0.37211,0.35470,0.36398,307732.42348087,112008.44749856708
1675641600,2023-02-06 00:00:00,ADA/EUR,0.36659,0.37195,0.35398,0.35598,437081.07009990,155592.11933416242
1675728000,2023-02-07 00:00:00,ADA/EUR,0.35709,0.37219,0.35591,0.37219,387486.10943343,144218.4550700283
1675814400,2023-02-08 00:00:00,ADA/EUR,0.37219,0.37510,0.36100,0.36790,485367.46311493,178566.68967998275
1675900800,2023-02-09 00:00:00,ADA/EUR,0.36338,0.36338,0.33213,0.33694,715055.96389440,240930.95647457917
1675987200,2023-02-10 00:00:00,ADA/EUR,0.33703,0.34269,0.32941,0.33577,441410.67281058,148212.46160960846
1676073600,2023-02-11 00:00:00,ADA/EUR,0.33527,0.34653,0.33467,0.34569,150015.69958169,51858.92718839441
1676160000,2023-02-12 00:00:00,ADA/EUR,0.34598,0.35000,0.34000,0.34126,170092.31370513,58045.70297501266
1676246400,2023-02-13 00:00:00,ADA/EUR,0.34133,0.34133,0.32250,0.33562,605559.97189256,203238.03776658096
1676332800,2023-02-14 00:00:00,ADA/EUR,0.33455,0.36538,0.33088,0.35968,605932.95848064,217941.9665063166
1676419200,2023-02-15 00:00:00,ADA/EUR,0.35862,0.39198,0.35670,0.39198,783614.72922845,307161.3015629678
1676505600,2023-02-16 00:00:00,ADA/EUR,0.39073,0.39338,0.36306,0.36340,442311.65489679,160736.05538949347
1676592000,2023-02-17 00:00:00,ADA/EUR,0.36336,0.38250,0.36200,0.37754,431337.80125656,162847.27348640165
1676678400,2023-02-18 00:00:00,ADA/EUR,0.37714,0.39000,0.37297,0.37969,160392.64104879,60899.48187981509
1676764800,2023-02-19 00:00:00,ADA/EUR,0.37500,0.38501,0.37152,0.37364,210578.10747223,78680.40407592403
1676851200,2023-02-20 00:00:00,ADA/EUR,0.37394,0.38319,0.36572,0.37806,253298.54083454,95762.0463479062
1676937600,2023-02-21 00:00:00,ADA/EUR,0.37660,0.37934,0.36300,0.36695,350428.62167421,128589.78272335137
1677024000,2023-02-22 00:00:00,ADA/EUR,0.36795,0.36875,0.35462,0.36627,465725.16460592,170581.15604021034
1677110400,2023-02-23 00:00:00,ADA/EUR,0.36679,0.37093,0.35856,0.36030,243443.23365966,87712.5970875755
1677196800,2023-02-24 00:00:00,ADA/EUR,0.36002,0.36403,0.33961,0.34614,506614.40591845,175359.51046461228
1677283200,2023-02-25 00:00:00,ADA/EUR,0.34816,0.34856,0.33449,0.34310,112516.14108989,38604.288007941264
1677369600,2023-02-26 00:00:00,ADA/EUR,0.34310,0.35045,0.34047,0.34930,203413.65474417,71052.38960213857
1677456000,2023-02-27 00:00:00,ADA/EUR,0.34831,0.34848,0.33758,0.34386,224260.20110934,77114.11275345765
1677542400,2023-02-28 00:00:00,ADA/EUR,0.34342,0.34607,0.32986,0.33263,240084.25419029,79859.22547131615
1677628800,2023-03-01 00:00:00,ADA/EUR,0.33367,0.34170,0.33133,0.33787,288599.30252874,97509.04634538539
1677715200,2023-03-02 00:00:00,ADA/EUR,0.33622,0.33806,0.32551,0.33016,415090.44236859,137046.26045241367
1677801600,2023-03-03 00:00:00,ADA/EUR,0.33071,0.33071,0.30227,0.32239,844910.25087253,272390.615778795
1677888000,2023-03-04 00:00:00,ADA/EUR,0.32265,0.32360,0.31168,0.31452,177566.69157803,55848.275835122
1677974400,2023-03-05 00:00:00,ADA/EUR,0.31655,0.32216,0.31000,0.31719,634752.38267783,201337.10826158093
1678060800,2023-03-06 00:00:00,ADA/EUR,0.31718,0.31799,0.30853,0.30919,393365.06812425,121624.54541333686
1678147200,2023-03-07 00:00:00,ADA/EUR,0.30915,0.31500,0.30370,0.31205,421336.97080619,131478.20174007158
1678233600,2023-03-08 00:00:00,ADA/EUR,0.31449,0.31462,0.29753,0.30180,497540.66931028,150157.7739978425
1678320000,2023-03-09 00:00:00,ADA/EUR,0.30000,0.30418,0.28500,0.29198,651154.64089539,190124.13204863598
1678406400,2023-03-10 00:00:00,ADA/EUR,0.28920,0.29861,0.28130,0.29753,612846.84153743,182340.32076263154
1678492800,2023-03-11 00:00:00,ADA/EUR,0.29731,0.30470,0.28329,0.28622,1291332.96659268,369605.3216981568
1678579200,2023-03-12 00:00:00,ADA/EUR,0.28603,0.30920,0.28449,0.30920,399088.33383811,123398.1128227436
1678665600,2023-03-13 00:00:00,ADA/EUR,0.31155,0.32766,0.30603,0.31838,1787036.22431626,568956.5930978109
1678752000,2023-03-14 00:00:00,ADA/EUR,0.31851,0.34243,0.31225,0.31958,1236855.62990391,395274.32220469153
1678838400,2023-03-15 00:00:00,ADA/EUR,0.31718,0.32221,0.30030,0.30685,3057916.94647192,938321.8150249086
1678924800,2023-03-16 00:00:00,ADA/EUR,0.30703,0.31008,0.30073,0.30566,666454.72754073,203708.55202009954
1679011200,2023-03-17 00:00:00,ADA/EUR,0.30395,0.32832,0.30395,0.32831,1009702.83289100,331495.5370664442
1679097600,2023-03-18 00:00:00,ADA/EUR,0.32772,0.33339,0.31559,0.31702,299361.64255147,94903.62792166704
1679184000,2023-03-19 00:00:00,ADA/EUR,0.31701,0.33003,0.31701,0.32652,306415.24306777,100050.70516648825
1679270400,2023-03-20 00:00:00,ADA/EUR,0.32335,0.32497,0.31000,0.31099,603609.87464697,187716.6349164612
1679356800,2023-03-21 00:00:00,ADA/EUR,0.31100,0.35801,0.30900,0.34429,941707.24956737,324220.38895354985
1679443200,2023-03-22 00:00:00,ADA/EUR,0.34581,0.35963,0.32306,0.33230,1043373.86938722,346713.1367973732
1679529600,2023-03-23 00:00:00,ADA/EUR,0.33173,0.35380,0.32687,0.34366,480690.13459970,165193.9716565329
1679616000,2023-03-24 00:00:00,ADA/EUR,0.34395,0.34395,0.33156,0.33493,633237.32446396,212090.17708271413
1679702400,2023-03-25 00:00:00,ADA/EUR,0.33413,0.33734,0.32537,0.32705,379395.94012704,124081.44221854844
1679788800,2023-03-26 00:00:00,ADA/EUR,0.32647,0.33562,0.32504,0.33120,278228.44559791,92149.26118202778
1679875200,2023-03-27 00:00:00,ADA/EUR,0.33018,0.33032,0.31256,0.31911,679668.12039147,216888.893898122
1679961600,2023-03-28 00:00:00,ADA/EUR,0.32020,0.34054,0.31802,0.33974,639227.84549764,217171.2682293682
1680048000,2023-03-29 00:00:00,ADA/EUR,0.33988,0.35881,0.33960,0.35146,772081.15451682,271355.64256648155
1680134400,2023-03-30 00:00:00,ADA/EUR,0.35195,0.35719,0.33923,0.34527,530570.85876189,183190.20040471776
1680220800,2023-03-31 00:00:00,ADA/EUR,0.34469,0.37661,0.34445,0.36799,956866.90414458,352117.452056164
1680307200,2023-04-01 00:00:00,ADA/EUR,0.36545,0.37055,0.35875,0.36305,591089.20730963,214594.93671376116
1680393600,2023-04-02 00:00:00,ADA/EUR,0.36202,0.36202,0.34772,0.35263,369994.15346129,130471.03833505469
1680480000,2023-04-03 00:00:00,ADA/EUR,0.34700,0.37297,0.34463,0.35594,906510.34719465,322663.2929804637
1680566400,2023-04-04 00:00:00,ADA/EUR,0.35591,0.36602,0.35370,0.35549,249607.55207104,88732.988685734
1680652800,2023-04-05 00:00:00,ADA/EUR,0.35523,0.36532,0.35523,0.35962,311494.37870101,112019.60846845723
1680739200,2023-04-06 00:00:00,ADA/EUR,0.35900,0.35900,0.34645,0.35144,859303.71743470,301993.69845525094
1680825600,2023-04-07 00:00:00,ADA/EUR,0.35086,0.35323,0.34482,0.35185,242661.54371275,85380.46415533108
1680912000,2023-04-08 00:00:00,ADA/EUR,0.35051,0.35833,0.34964,0.35312,272441.62022554,96204.58493404268
1680998400,2023-04-09 00:00:00,ADA/EUR,0.35469,0.36073,0.35331,0.35694,155341.27510740,55447.51473683535
1681084800,2023-04-10 00:00:00,ADA/EUR,0.35788,0.36535,0.35355,0.36534,182573.91743888,66701.55499712042
1681171200,2023-04-11 00:00:00,ADA/EUR,0.36406,0.37900,0.36406,0.36717,315747.87409594,115933.14693180627
1681257600,2023-04-12 00:00:00,ADA/EUR,0.36759,0.37000,0.35620,0.36849,450454.75344654,165988.0720975155
1681344000,2023-04-13 00:00:00,ADA/EUR,0.37020,0.38832,0.36500,0.38500,937114.25132839,360788.98676143016
1681430400,2023-04-14 00:00:00,ADA/EUR,0.38548,0.40204,0.38295,0.39878,1168479.81459943,465966.3804659607
1681516800,2023-04-15 00:00:00,ADA/EUR,0.39724,0.42000,0.39302,0.41268,865713.20503812,357262.52545513137
1681603200,2023-04-16 00:00:00,ADA/EUR,0.41202,0.41524,0.40326,0.41089,416611.03892878,171181.3097854464
1681689600,2023-04-17 00:00:00,ADA/EUR,0.40747,0.40747,0.39550,0.39802,633608.38119214,252188.80788209557
1681776000,2023-04-18 00:00:00,ADA/EUR,0.39603,0.40855,0.39304,0.40398,438904.75370002,177308.7423997341
1681862400,2023-04-19 00:00:00,ADA/EUR,0.40209,0.40255,0.37282,0.38005,820844.43584953,311961.9278446139
1681948800,2023-04-20 00:00:00,ADA/EUR,0.38199,0.38491,0.36110,0.36478,766445.95507735,279584.1554931157
1682035200,2023-04-21 00:00:00,ADA/EUR,0.36693,0.37100,0.34528,0.34828,757750.21892070,263909.2462457014
1682121600,2023-04-22 00:00:00,ADA/EUR,0.34800,0.36323,0.34715,0.36099,1013211.20100249,365759.11144988885
1682208000,2023-04-23 00:00:00,ADA/EUR,0.35942,0.36051,0.34744,0.35319,584501.67466178,206440.14647379407
1682294400,2023-04-24 00:00:00,ADA/EUR,0.35438,0.35976,0.34436,0.34719,374433.67971058,129999.62925871626
1682380800,2023-04-25 00:00:00,ADA/EUR,0.34712,0.36003,0.33947,0.36003,538724.82180472,193957.09759435334
1682467200,2023-04-26 00:00:00,ADA/EUR,0.35909,0.37693,0.34409,0.36380,697447.40638189,253731.36644173157
1682553600,2023-04-27 00:00:00,ADA/EUR,0.36768,0.37900,0.36611,0.37142,403297.46833099,149792.7456874963
1682640000,2023-04-28 00:00:00,ADA/EUR,0.37185,0.37377,0.36167,0.36718,463604.98276221,170226.47757062828
1682726400,2023-04-29 00:00:00,ADA/EUR,0.36632,0.36966,0.36301,0.36553,344859.49631472,126056.49168791961
1682812800,2023-04-30 00:00:00,ADA/EUR,0.36407,0.37592,0.35826,0.36129,297754.03868477,107575.55663642056
1682899200,2023-05-01 00:00:00,ADA/EUR,0.36068,0.36136,0.34746,0.35281,585527.95410642,206580.11748828605
1682985600,2023-05-02 00:00:00,ADA/EUR,0.35157,0.35882,0.34882,0.35565,452287.49193505,160856.04650670054
1683072000,2023-05-03 00:00:00,ADA/EUR,0.35332,0.35835,0.34326,0.35731,443976.62244026,158637.2869641293
1683158400,2023-05-04 00:00:00,ADA/EUR,0.35483,0.35763,0.34994,0.35116,321146.50529597,112773.80679973283
1683244800,2023-05-05 00:00:00,ADA/EUR,0.35131,0.35947,0.34992,0.35771,221976.00293183,79403.03600874491
1683331200,2023-05-06 00:00:00,ADA/EUR,0.35712,0.35991,0.34000,0.34444,733086.85619152,252504.43674660716
1683417600,2023-05-07 00:00:00,ADA/EUR,0.34458,0.34801,0.34136,0.34136,301753.16293690,103006.45970014019
1683504000,2023-05-08 00:00:00,ADA/EUR,0.34279,0.34290,0.32200,0.33116,423548.73472390,140262.39899116673
1683590400,2023-05-09 00:00:00,ADA/EUR,0.33406,0.33551,0.32822,0.32975,310494.25229617,102385.47969466205
1683676800,2023-05-10 00:00:00,ADA/EUR,0.33274,0.34042,0.32396,0.33835,303680.40182495,102750.26395747183
1683763200,2023-05-11 00:00:00,ADA/EUR,0.33583,0.33583,0.32159,0.32856,259763.29341291,85347.82768374571
1683849600,2023-05-12 00:00:00,ADA/EUR,0.32969,0.34119,0.32649,0.34119,454517.68158355,155076.88777949143
1683936000,2023-05-13 00:00:00,ADA/EUR,0.34118,0.34118,0.33465,0.33708,392528.17536708,132313.39735273534
1684022400,2023-05-14 00:00:00,ADA/EUR,0.33599,0.34374,0.33587,0.34189,184802.18141438,63182.017803762385
1684108800,2023-05-15 00:00:00,ADA/EUR,0.34072,0.34518,0.33742,0.33742,347871.33820394,117378.74693677344
1684195200,2023-05-16 00:00:00,ADA/EUR,0.33704,0.34017,0.33296,0.33789,167079.02505975,56454.331777438936
1684281600,2023-05-17 00:00:00,ADA/EUR,0.34091,0.35000,0.33665,0.34561,202744.95732103,70070.68469972117
1684368000,2023-05-18 00:00:00,ADA/EUR,0.34500,0.35140,0.34029,0.34585,184017.45807445,63642.43787504853
1684454400,2023-05-19 00:00:00,ADA/EUR,0.34219,0.34476,0.33983,0.34137,174066.27607260,59421.00466290347
1684540800,2023-05-20 00:00:00,ADA/EUR,0.33719,0.33944,0.33680,0.33815,210705.31233755,71250.00136694254
1684627200,2023-05-21 00:00:00,ADA/EUR,0.33900,0.33973,0.33103,0.33375,59771.51976017,19948.744719956736
1684713600,2023-05-22 00:00:00,ADA/EUR,0.33314,0.34382,0.32965,0.34096,176802.00769400,60282.41254334624
1684800000,2023-05-23 00:00:00,ADA/EUR,0.34395,0.34654,0.34196,0.34363,321546.79802101,110493.12620395966
1684886400,2023-05-24 00:00:00,ADA/EUR,0.34372,0.34372,0.33487,0.33854,865803.94801733,293109.2685617869
1684972800,2023-05-25 00:00:00,ADA/EUR,0.33552,0.33595,0.33156,0.33456,324242.53083081,108478.58111475581
1685059200,2023-05-26 00:00:00,ADA/EUR,0.33318,0.34161,0.32981,0.33777,335930.42204760,113467.21865501784
1685145600,2023-05-27 00:00:00,ADA/EUR,0.33778,0.34216,0.33722,0.34152,53059.26633836,18120.800639876707
1685232000,2023-05-28 00:00:00,ADA/EUR,0.34129,0.35772,0.34129,0.35712,635669.81177795,227010.4031821415
1685318400,2023-05-29 00:00:00,ADA/EUR,0.35748,0.35856,0.35114,0.35276,341817.30637895,120579.47299823842
1685404800,2023-05-30 00:00:00,ADA/EUR,0.35447,0.35707,0.34986,0.35217,606746.07076929,213677.76374282083
1685491200,2023-05-31 00:00:00,ADA/EUR,0.35297,0.35530,0.34820,0.35148,162619.81647709,57157.6130953676
1685577600,2023-06-01 00:00:00,ADA/EUR,0.34859,0.34895,0.33752,0.33931,269361.15130006,91396.93224762335
1685664000,2023-06-02 00:00:00,ADA/EUR,0.33800,0.35401,0.33747,0.35391,236623.13748937,83743.29458886295
1685750400,2023-06-03 00:00:00,ADA/EUR,0.35232,0.35320,0.34890,0.35050,252513.39172534,88505.94379973167
1685836800,2023-06-04 00:00:00,ADA/EUR,0.35055,0.35669,0.35055,0.35274,139298.66144219,49136.2098371181
1685923200,2023-06-05 00:00:00,ADA/EUR,0.35206,0.35206,0.32425,0.32919,628066.27818834,206753.13811681964
1686009600,2023-06-06 00:00:00,ADA/EUR,0.32838,0.33333,0.31645,0.33037,531324.65229418,175533.72537842824
1686096000,2023-06-07 00:00:00,ADA/EUR,0.32743,0.32815,0.29586,0.30126,1913222.34030792,576377.362241164
1686182400,2023-06-08 00:00:00,ADA/EUR,0.29915,0.30686,0.29700,0.29969,530061.37314291,158854.0929171987
1686268800,2023-06-09 00:00:00,ADA/EUR,0.29769,0.29906,0.27015,0.27426,1269005.71306999,348037.50686657545
1686355200,2023-06-10 00:00:00,ADA/EUR,0.27397,0.27399,0.20374,0.25665,4328999.06747982,1111037.6106686958
1686441600,2023-06-11 00:00:00,ADA/EUR,0.25650,0.26057,0.24223,0.25289,3033414.92363793,767120.300038796
1686528000,2023-06-12 00:00:00,ADA/EUR,0.25256,0.26542,0.24867,0.25502,828428.80340037,211265.91344316237
1686614400,2023-06-13 00:00:00,ADA/EUR,0.25574,0.26700,0.24965,0.25350,1842676.39881991,467118.46710084716
1686700800,2023-06-14 00:00:00,ADA/EUR,0.25473,0.26500,0.23642,0.24084,1890152.70878561,455224.3783839263
1686787200,2023-06-15 00:00:00,ADA/EUR,0.24337,0.24337,0.23087,0.23879,980237.32718349,234070.87135814558
1686873600,2023-06-16 00:00:00,ADA/EUR,0.23862,0.24380,0.23245,0.24052,1438336.81420004,345948.7705513936
1686960000,2023-06-17 00:00:00,ADA/EUR,0.23945,0.24914,0.23873,0.24395,469948.40899054,114643.91437324224
1687046400,2023-06-18 00:00:00,ADA/EUR,0.24385,0.24552,0.23756,0.23852,220464.74964057,52585.25208426876
1687132800,2023-06-19 00:00:00,ADA/EUR,0.23784,0.24098,0.23558,0.24037,1350254.03086763,324560.5613996522
1687219200,2023-06-20 00:00:00,ADA/EUR,0.23883,0.24716,0.23153,0.24716,462036.75165414,114197.00353883723
1687305600,2023-06-21 00:00:00,ADA/EUR,0.24907,0.26249,0.24907,0.26070,3195183.08520493,832984.2303129252
1687392000,2023-06-22 00:00:00,ADA/EUR,0.26054,0.27641,0.26024,0.26507,1773483.89015840,470097.37476428703
1687478400,2023-06-23 00:00:00,ADA/EUR,0.26554,0.27753,0.26405,0.27136,509119.37841498,138154.63452668898
1687564800,2023-06-24 00:00:00,ADA/EUR,0.27137,0.27283,0.26134,0.26491,339910.94181832,90045.80759709114
1687651200,2023-06-25 00:00:00,ADA/EUR,0.26606,0.27770,0.26606,0.26784,451143.10855783,120834.1701961292
1687737600,2023-06-26 00:00:00,ADA/EUR,0.26680,0.26708,0.25000,0.25690,730623.94287824,187697.29092541986
1687824000,2023-06-27 00:00:00,ADA/EUR,0.25668,0.26397,0.25525,0.26085,368800.09014284,96201.50351375982
1687910400,2023-06-28 00:00:00,ADA/EUR,0.26004,0.26004,0.23896,0.24495,1128315.27727169,276380.8271677005
1687996800,2023-06-29 00:00:00,ADA/EUR,0.24585,0.25469,0.24585,0.25282,437568.93388663,110626.17786521779
1688083200,2023-06-30 00:00:00,ADA/EUR,0.25348,0.27527,0.24605,0.26274,1465161.59955808,384956.5586678899
1688169600,2023-07-01 00:00:00,ADA/EUR,0.26354,0.26893,0.25847,0.26815,387574.28811359,103928.04535765915
1688256000,2023-07-02 00:00:00,ADA/EUR,0.26686,0.26890,0.26289,0.26638,186598.22316611,49706.03468698838
1688342400,2023-07-03 00:00:00,ADA/EUR,0.26701,0.27445,0.26660,0.27084,771951.21242812,209075.26637403204
1688428800,2023-07-04 00:00:00,ADA/EUR,0.27067,0.27553,0.26667,0.26832,328065.44394129,88026.51991832694
1688515200,2023-07-05 00:00:00,ADA/EUR,0.26874,0.27146,0.25822,0.26191,361493.51910911,94678.76758986698
1688601600,2023-07-06 00:00:00,ADA/EUR,0.26043,0.27019,0.25512,0.25710,591941.74319085,152188.22217436755
1688688000,2023-07-07 00:00:00,ADA/EUR,0.25613,0.26131,0.25613,0.26009,249569.71978138,64910.58841793912
1688774400,2023-07-08 00:00:00,ADA/EUR,0.25928,0.26708,0.25784,0.26552,251605.09142685,66806.18387565721
1688860800,2023-07-09 00:00:00,ADA/EUR,0.26514,0.26547,0.25894,0.25922,160965.68077471,41725.523770420325
1688947200,2023-07-10 00:00:00,ADA/EUR,0.25870,0.26589,0.25436,0.26237,760502.35405882,199533.0026344126
1689033600,2023-07-11 00:00:00,ADA/EUR,0.26346,0.26666,0.26228,0.26542,530933.26505591,140920.30721113962
1689120000,2023-07-12 00:00:00,ADA/EUR,0.26600,0.26705,0.25652,0.25892,305462.37655747,79090.31853826012
1689206400,2023-07-13 00:00:00,ADA/EUR,0.25894,0.32655,0.25670,0.32042,2658791.12178486,851929.8512423048
1689292800,2023-07-14 00:00:00,ADA/EUR,0.31864,0.33752,0.28350,0.29380,2023156.52681505,594403.3875782617
1689379200,2023-07-15 00:00:00,ADA/EUR,0.28984,0.30076,0.28953,0.29082,415623.76250242,120871.7026109538
1689465600,2023-07-16 00:00:00,ADA/EUR,0.28957,0.29117,0.27868,0.27950,383833.93149591,107281.58385310686
1689552000,2023-07-17 00:00:00,ADA/EUR,0.27900,0.28405,0.27232,0.27825,520620.28413002,144862.59405917805
1689638400,2023-07-18 00:00:00,ADA/EUR,0.27763,0.27866,0.26888,0.27598,613170.56403768,169222.81226311895
1689724800,2023-07-19 00:00:00,ADA/EUR,0.27489,0.29137,0.27489,0.28678,767024.39653016,219967.25643691927
1689811200,2023-07-20 00:00:00,ADA/EUR,0.29089,0.29630,0.28158,0.28469,545805.55454608,155385.3833237235
1689897600,2023-07-21 00:00:00,ADA/EUR,0.28250,0.28501,0.27954,0.28209,482200.06827290,136023.81725910236
1689984000,2023-07-22 00:00:00,ADA/EUR,0.28243,0.28251,0.27590,0.27757,197259.14384114,54753.22055598523
1690070400,2023-07-23 00:00:00,ADA/EUR,0.27848,0.28654,0.27848,0.28510,299894.60875093,85499.95295489015
1690156800,2023-07-24 00:00:00,ADA/EUR,0.28500,0.28601,0.27074,0.27590,804531.16398415,221970.14814322698
1690243200,2023-07-25 00:00:00,ADA/EUR,0.27536,0.27850,0.27280,0.27538,646400.51459169,178005.7737082596
1690329600,2023-07-26 00:00:00,ADA/EUR,0.27300,0.27972,0.27137,0.27786,283932.23964630,78893.41210812092
1690416000,2023-07-27 00:00:00,ADA/EUR,0.27683,0.28224,0.27657,0.28004,433890.88578935,121506.80365644959
1690502400,2023-07-28 00:00:00,ADA/EUR,0.28147,0.28400,0.27928,0.28204,279495.95842049,78829.040112915
1690588800,2023-07-29 00:00:00,ADA/EUR,0.28193,0.28500,0.28009,0.28390,136045.19462605,38623.23075433559
1690675200,2023-07-30 00:00:00,ADA/EUR,0.28500,0.28862,0.27750,0.28613,554524.11541787,158665.98514451514
1690761600,2023-07-31 00:00:00,ADA/EUR,0.28498,0.28763,0.27861,0.27960,417248.67909603,116662.73067525
1690848000,2023-08-01 00:00:00,ADA/EUR,0.27800,0.28049,0.26993,0.28049,679004.87482923,190454.07734085075
1690934400,2023-08-02 00:00:00,ADA/EUR,0.28250,0.28250,0.27250,0.27310,469518.38873985,128225.47196485304
1691020800,2023-08-03 00:00:00,ADA/EUR,0.27280,0.27433,0.26400,0.26658,434306.16042715,115777.33624666964
1691107200,2023-08-04 00:00:00,ADA/EUR,0.26798,0.26902,0.26400,0.26699,464431.43752960,123998.5495060279
1691193600,2023-08-05 00:00:00,ADA/EUR,0.26599,0.26690,0.26343,0.26604,127726.41132231,33980.33446818735
1691280000,2023-08-06 00:00:00,ADA/EUR,0.26657,0.26834,0.26400,0.26520,233248.69049632,61857.55271962406
1691366400,2023-08-07 00:00:00,ADA/EUR,0.26488,0.26814,0.25643,0.26257,278417.45062624,73104.07001093184
1691452800,2023-08-08 00:00:00,ADA/EUR,0.26423,0.27516,0.26403,0.27094,395798.88543035,107237.75001849903
1691539200,2023-08-09 00:00:00,ADA/EUR,0.27165,0.27436,0.26994,0.27402,200702.42195638,54996.47766448725
1691625600,2023-08-10 00:00:00,ADA/EUR,0.27365,0.27365,0.26912,0.27041,260743.82633306,70507.73807872274
1691712000,2023-08-11 00:00:00,ADA/EUR,0.26983,0.27009,0.26688,0.26700,121650.12367276,32480.583020626924
1691798400,2023-08-12 00:00:00,ADA/EUR,0.26790,0.26900,0.26589,0.26663,367007.55740043,97855.22502967664
1691884800,2023-08-13 00:00:00,ADA/EUR,0.26613,0.26788,0.26280,0.26435,189985.94617468,50222.78487127665
1691971200,2023-08-14 00:00:00,ADA/EUR,0.26442,0.26736,0.26368,0.26668,380094.00399333,101363.46898494124
1692057600,2023-08-15 00:00:00,ADA/EUR,0.26616,0.26616,0.25203,0.25757,288113.44767499,74209.38071764717
1692144000,2023-08-16 00:00:00,ADA/EUR,0.25909,0.25909,0.24400,0.25269,640318.06738165,161801.97244666916
1692230400,2023-08-17 00:00:00,ADA/EUR,0.24979,0.28000,0.22500,0.23528,1037197.78805361,244031.89557325337
1692316800,2023-08-18 00:00:00,ADA/EUR,0.23841,0.24549,0.23561,0.24277,888991.06836385,215820.36166669187
1692403200,2023-08-19 00:00:00,ADA/EUR,0.24080,0.24821,0.23998,0.24700,191854.24614902,47387.998798807945
1692489600,2023-08-20 00:00:00,ADA/EUR,0.24811,0.25150,0.24451,0.24946,342307.84366422,85392.11468047633
1692576000,2023-08-21 00:00:00,ADA/EUR,0.24897,0.25037,0.23794,0.24323,284428.59135424,69181.5662750918
1692662400,2023-08-22 00:00:00,ADA/EUR,0.24123,0.24123,0.23246,0.23778,454438.02608744,108056.27384307148
1692748800,2023-08-23 00:00:00,ADA/EUR,0.23811,0.25810,0.23797,0.24702,508964.17705054,125724.33101502438
1692835200,2023-08-24 00:00:00,ADA/EUR,0.24718,0.24933,0.24222,0.24537,104072.55970498,25536.283974810944
1692921600,2023-08-25 00:00:00,ADA/EUR,0.24527,0.24900,0.24031,0.24136,209371.83208702,50533.98539252315
1693008000,2023-08-26 00:00:00,ADA/EUR,0.24013,0.24264,0.23933,0.24264,40702.28579134,9876.002624410738
1693094400,2023-08-27 00:00:00,ADA/EUR,0.24148,0.24548,0.24118,0.24394,62472.24351827,15239.479083846783
1693180800,2023-08-28 00:00:00,ADA/EUR,0.24375,0.24705,0.23900,0.24698,416026.01687375,102750.10564747878
1693267200,2023-08-29 00:00:00,ADA/EUR,0.24690,0.25810,0.24086,0.25120,370884.84016496,93166.27184943795
1693353600,2023-08-30 00:00:00,ADA/EUR,0.24500,0.24562,0.23915,0.24323,290600.23626788,70682.69546743645
1693440000,2023-08-31 00:00:00,ADA/EUR,0.24251,0.24449,0.23050,0.23508,248002.87211837,58300.51517758642
1693526400,2023-09-01 00:00:00,ADA/EUR,0.23646,0.23866,0.23412,0.23696,133120.57629256,31544.25175828502
1693612800,2023-09-02 00:00:00,ADA/EUR,0.23633,0.23893,0.23578,0.23774,144295.41445190,34304.791831794704
1693699200,2023-09-03 00:00:00,ADA/EUR,0.23690,0.23786,0.23505,0.23763,107537.20740073,25554.06659463547
1693785600,2023-09-04 00:00:00,ADA/EUR,0.23749,0.23856,0.23509,0.23714,140365.25191085,33286.21583813897
1693872000,2023-09-05 00:00:00,ADA/EUR,0.23648,0.24130,0.23555,0.23969,226716.67498782,54341.71982783057
1693958400,2023-09-06 00:00:00,ADA/EUR,0.24119,0.24188,0.23600,0.24032,405543.43924256,97460.19931877202
1694044800,2023-09-07 00:00:00,ADA/EUR,0.24028,0.24224,0.23659,0.24110,230902.89349612,55670.687621914534
1694131200,2023-09-08 00:00:00,ADA/EUR,0.24132,0.24132,0.23627,0.23767,111628.03052130,26530.63401399737
1694217600,2023-09-09 00:00:00,ADA/EUR,0.23788,0.23899,0.23670,0.23687,85019.33127809,20138.52899984118
1694304000,2023-09-10 00:00:00,ADA/EUR,0.23680,0.23680,0.22758,0.23267,181787.48693857,42296.494585997076
1694390400,2023-09-11 00:00:00,ADA/EUR,0.23167,0.23167,0.22073,0.22448,481688.88804574,108129.52158850772
1694476800,2023-09-12 00:00:00,ADA/EUR,0.22454,0.23425,0.22454,0.22835,141755.43479671,32369.85353582873
1694563200,2023-09-13 00:00:00,ADA/EUR,0.22706,0.23258,0.22706,0.23220,145809.21264135,33856.899175321465
1694649600,2023-09-14 00:00:00,ADA/EUR,0.23195,0.23740,0.22966,0.23622,530900.53980512,125409.32551276544
1694736000,2023-09-15 00:00:00,ADA/EUR,0.23579,0.23888,0.23023,0.23497,235120.88123143,55246.353462949104
1694822400,2023-09-16 00:00:00,ADA/EUR,0.23513,0.23711,0.23299,0.23401,93968.07614777,21989.46949933966
1694908800,2023-09-17 00:00:00,ADA/EUR,0.23410,0.23528,0.22959,0.23125,122340.46158853,28291.231742347565
1694995200,2023-09-18 00:00:00,ADA/EUR,0.22954,0.23977,0.22954,0.23519,253258.55938967,59563.88058285649
1695081600,2023-09-19 00:00:00,ADA/EUR,0.23519,0.24104,0.23502,0.23941,429866.74109583,102914.39648575266
1695168000,2023-09-20 00:00:00,ADA/EUR,0.23868,0.23941,0.23435,0.23585,322896.07966881,76155.04038988885
1695254400,2023-09-21 00:00:00,ADA/EUR,0.23736,0.23736,0.22972,0.23027,346158.76957589,79709.97987024019
1695340800,2023-09-22 00:00:00,ADA/EUR,0.22979,0.23131,0.22800,0.22989,214224.09859210,49247.97802533787
1695427200,2023-09-23 00:00:00,ADA/EUR,0.23104,0.23196,0.22983,0.23149,25077.59296715,5805.211995965554
1695513600,2023-09-24 00:00:00,ADA/EUR,0.23012,0.23134,0.22800,0.22820,146863.91884834,33514.34628119118
1695600000,2023-09-25 00:00:00,ADA/EUR,0.22785,0.23206,0.22600,0.23206,193506.65282249,44905.15385398702
1695686400,2023-09-26 00:00:00,ADA/EUR,0.23241,0.23253,0.23000,0.23198,102139.32870516,23694.281473023017
1695772800,2023-09-27 00:00:00,ADA/EUR,0.23272,0.23514,0.23093,0.23305,299360.47826861,69765.95946049957
1695859200,2023-09-28 00:00:00,ADA/EUR,0.23205,0.23682,0.23173,0.23545,160593.34905759,37811.70403560957
1695945600,2023-09-29 00:00:00,ADA/EUR,0.23644,0.24106,0.23411,0.23593,672307.11252983,158617.41705916278
1696032000,2023-09-30 00:00:00,ADA/EUR,0.23573,0.24081,0.23573,0.23982,265085.41488788,63572.78419841138
1696118400,2023-10-01 00:00:00,ADA/EUR,0.24057,0.25351,0.24048,0.25134,608957.26293143,153055.3184651856
1696204800,2023-10-02 00:00:00,ADA/EUR,0.25000,0.25607,0.24644,0.24749,639522.46825700,158275.41566892492
1696291200,2023-10-03 00:00:00,ADA/EUR,0.25102,0.25209,0.24662,0.24662,298955.25229841,73728.34432183388
1696377600,2023-10-04 00:00:00,ADA/EUR,0.24782,0.24782,0.24249,0.24681,289487.73774207,71448.46855212029
1696464000,2023-10-05 00:00:00,ADA/EUR,0.24583,0.25032,0.24396,0.24680,192569.26790061,47526.095317870546
1696550400,2023-10-06 00:00:00,ADA/EUR,0.24686,0.25181,0.24686,0.24999,90118.29772078,22528.67324721779
1696636800,2023-10-07 00:00:00,ADA/EUR,0.25037,0.25103,0.24326,0.24441,233534.60027198,57078.19165247463
1696723200,2023-10-08 00:00:00,ADA/EUR,0.24424,0.24491,0.24191,0.24340,153459.97890277,37352.15886493422
1696809600,2023-10-09 00:00:00,ADA/EUR,0.24280,0.24470,0.23639,0.23821,341210.45556371,81279.74261983136
1696896000,2023-10-10 00:00:00,ADA/EUR,0.23764,0.23934,0.23300,0.23515,244123.94751911,57405.746259118714
1696982400,2023-10-11 00:00:00,ADA/EUR,0.23243,0.23435,0.23129,0.23290,270559.26619494,63013.25309680153
1697068800,2023-10-12 00:00:00,ADA/EUR,0.23301,0.23381,0.22987,0.23331,239589.44126588,55898.61254174246
1697155200,2023-10-13 00:00:00,ADA/EUR,0.23377,0.23724,0.23268,0.23398,140443.07329889,32860.87029047428
1697241600,2023-10-14 00:00:00,ADA/EUR,0.23419,0.23578,0.23313,0.23438,70473.25790385,16517.522187504364
1697328000,2023-10-15 00:00:00,ADA/EUR,0.23554,0.23621,0.23359,0.23502,85280.48603577,20042.619828126666
1697414400,2023-10-16 00:00:00,ADA/EUR,0.23523,0.24650,0.23523,0.23813,266595.37955709,63484.35773392984
1697500800,2023-10-17 00:00:00,ADA/EUR,0.23789,0.23889,0.23249,0.23328,280146.17466444,65352.49962572056
1697587200,2023-10-18 00:00:00,ADA/EUR,0.23219,0.23412,0.23045,0.23070,235969.60927817,54438.18886047382
1697673600,2023-10-19 00:00:00,ADA/EUR,0.23172,0.23250,0.22728,0.23195,526341.47586240,122084.90532628368
1697760000,2023-10-20 00:00:00,ADA/EUR,0.23319,0.23906,0.23256,0.23708,472271.98697373,111966.2426717319
1697846400,2023-10-21 00:00:00,ADA/EUR,0.23768,0.24756,0.23593,0.24355,900162.36132308,219234.54310023613
1697932800,2023-10-22 00:00:00,ADA/EUR,0.24465,0.24927,0.24146,0.24927,502823.53932628,125338.82364786182
1698019200,2023-10-23 00:00:00,ADA/EUR,0.25000,0.26300,0.24727,0.26271,839919.74541605,220655.3163182505
1698105600,2023-10-24 00:00:00,ADA/EUR,0.26165,0.27639,0.25791,0.26420,1788708.85739950,472576.8801249479
1698192000,2023-10-25 00:00:00,ADA/EUR,0.26349,0.27333,0.26147,0.26570,856823.44462565,227657.9892370352
1698278400,2023-10-26 00:00:00,ADA/EUR,0.26666,0.28219,0.26666,0.27209,1191296.27084077,324139.80233306513
1698364800,2023-10-27 00:00:00,ADA/EUR,0.27226,0.27612,0.26603,0.27341,483068.71140802,132075.81638606673
1698451200,2023-10-28 00:00:00,ADA/EUR,0.27410,0.28166,0.27370,0.27524,269819.81751697,74265.20657337082
1698537600,2023-10-29 00:00:00,ADA/EUR,0.27589,0.28310,0.27374,0.27950,310665.58008857,86831.02963475532
1698624000,2023-10-30 00:00:00,ADA/EUR,0.28047,0.28563,0.27670,0.28544,943487.66256129,269309.11840149463
1698710400,2023-10-31 00:00:00,ADA/EUR,0.28600,0.28710,0.26964,0.27727,887519.29685733,246082.4754396319
1698796800,2023-11-01 00:00:00,ADA/EUR,0.27729,0.29220,0.26931,0.28997,2201503.40341520,638369.9418883055
1698883200,2023-11-02 00:00:00,ADA/EUR,0.29054,0.31009,0.28256,0.30425,3231902.84202107,983306.4396849106
1698969600,2023-11-03 00:00:00,ADA/EUR,0.30473,0.30701,0.29311,0.30701,851667.06491179,261470.30559856864
1699056000,2023-11-04 00:00:00,ADA/EUR,0.30701,0.30849,0.29945,0.30644,620823.10749288,190245.03306011812
1699142400,2023-11-05 00:00:00,ADA/EUR,0.30645,0.32630,0.30471,0.32109,961290.38170953,308660.72866311297
1699228800,2023-11-06 00:00:00,ADA/EUR,0.31889,0.35065,0.31582,0.33857,1747144.14958019,591530.5947233649
1699315200,2023-11-07 00:00:00,ADA/EUR,0.33849,0.33984,0.31250,0.32873,2195631.78404212,721770.0363681661
1699401600,2023-11-08 00:00:00,ADA/EUR,0.32873,0.33673,0.32819,0.33480,690942.39146321,231327.5126618827
1699488000,2023-11-09 00:00:00,ADA/EUR,0.33400,0.36107,0.32250,0.34549,2932048.25817196,1012993.3527158304
1699574400,2023-11-10 00:00:00,ADA/EUR,0.34530,0.36322,0.34042,0.36252,1210518.48398623,438837.16081468813
1699660800,2023-11-11 00:00:00,ADA/EUR,0.36183,0.37030,0.34644,0.35894,1193118.42666397,428257.9280667654
1699747200,2023-11-12 00:00:00,ADA/EUR,0.36064,0.36646,0.34929,0.35873,584128.83584088,209544.5372811989
1699833600,2023-11-13 00:00:00,ADA/EUR,0.35797,0.36359,0.33150,0.33601,1499177.59978254,503738.6653029312
1699920000,2023-11-14 00:00:00,ADA/EUR,0.33000,0.34557,0.31300,0.32939,1528145.57045988,503355.8694537799
1700006400,2023-11-15 00:00:00,ADA/EUR,0.33003,0.35015,0.32635,0.35015,1483113.07940316,519312.04475301644
1700092800,2023-11-16 00:00:00,ADA/EUR,0.34981,0.37741,0.33156,0.34209,2880123.16778991,985261.3344692503
1700179200,2023-11-17 00:00:00,ADA/EUR,0.34135,0.34800,0.32500,0.33530,1318764.12708776,442181.6118125259
1700265600,2023-11-18 00:00:00,ADA/EUR,0.33390,0.34679,0.32124,0.34652,776307.75735796,269006.1640796803
1700352000,2023-11-19 00:00:00,ADA/EUR,0.34750,0.35326,0.34000,0.35276,529028.74387712,186620.17969009286
1700438400,2023-11-20 00:00:00,ADA/EUR,0.35215,0.36590,0.34604,0.34801,1062400.62745462,369726.04236048233
1700524800,2023-11-21 00:00:00,ADA/EUR,0.34798,0.35531,0.32638,0.32736,1788189.31766687,585381.6550314266
1700611200,2023-11-22 00:00:00,ADA/EUR,0.32869,0.35590,0.32869,0.34926,844168.69620379,294834.3588361357
1700697600,2023-11-23 00:00:00,ADA/EUR,0.34893,0.35476,0.34500,0.35476,427030.06873465,151493.18718430444
1700784000,2023-11-24 00:00:00,ADA/EUR,0.35750,0.36508,0.35137,0.35286,860289.57938975,303561.7809834672
1700870400,2023-11-25 00:00:00,ADA/EUR,0.35255,0.36200,0.35255,0.35988,264991.21543623,95365.03861119045
1700956800,2023-11-26 00:00:00,ADA/EUR,0.36068,0.36155,0.34733,0.35500,418207.94294256,148463.8197446088
1701043200,2023-11-27 00:00:00,ADA/EUR,0.35400,0.35822,0.33986,0.34503,552936.79330886,190779.781795356
1701129600,2023-11-28 00:00:00,ADA/EUR,0.34460,0.35362,0.33760,0.35017,754143.35114269,264078.37726963573
1701216000,2023-11-29 00:00:00,ADA/EUR,0.35046,0.35409,0.34426,0.34828,565856.02935156,197076.33790256132
1701302400,2023-11-30 00:00:00,ADA/EUR,0.34771,0.34878,0.34090,0.34532,382371.03091443,132040.36439537097
1701388800,2023-12-01 00:00:00,ADA/EUR,0.34470,0.35445,0.34311,0.35334,536220.72479315,189468.2308984116
1701475200,2023-12-02 00:00:00,ADA/EUR,0.35270,0.36531,0.35270,0.36531,834722.69059646,304932.54610179283
1701561600,2023-12-03 00:00:00,ADA/EUR,0.36546,0.36862,0.35522,0.36307,941263.09177543,341744.3907309054
1701648000,2023-12-04 00:00:00,ADA/EUR,0.36300,0.38187,0.35000,0.37570,2423000.03844708,910321.1144445679
1701734400,2023-12-05 00:00:00,ADA/EUR,0.37514,0.39421,0.36719,0.39421,1166115.34360280,459694.3296016598
1701820800,2023-12-06 00:00:00,ADA/EUR,0.39286,0.42218,0.38610,0.41015,1191485.60494787,488687.82086936885
1701907200,2023-12-07 00:00:00,ADA/EUR,0.41202,0.42565,0.40053,0.42254,1421287.38870151,600550.7732219361
1701993600,2023-12-08 00:00:00,ADA/EUR,0.42464,0.53099,0.41959,0.50695,4090551.55362496,2073705.1101101737
1702080000,2023-12-09 00:00:00,ADA/EUR,0.50873,0.60201,0.50687,0.53811,5051540.90371045,2718284.6756956303
1702166400,2023-12-10 00:00:00,ADA/EUR,0.53895,0.57189,0.52907,0.55221,2211676.93844569,1221310.1221790945
1702252800,2023-12-11 00:00:00,ADA/EUR,0.55500,0.55500,0.48011,0.51122,3357377.32512376,1716358.4361497685
1702339200,2023-12-12 00:00:00,ADA/EUR,0.51207,0.56067,0.51207,0.53447,3086530.47468986,1649657.9428074893
1702425600,2023-12-13 00:00:00,ADA/EUR,0.53423,0.62533,0.50494,0.61153,4429813.38634336,2708963.780150555
1702512000,2023-12-14 00:00:00,ADA/EUR,0.61472,0.62244,0.56037,0.58581,2369569.68631773,1388117.6179417896
1702598400,2023-12-15 00:00:00,ADA/EUR,0.58381,0.59532,0.55077,0.55132,1530915.29054020,844024.2179806231
1702684800,2023-12-16 00:00:00,ADA/EUR,0.55118,0.57461,0.53969,0.55728,949981.05564384,529405.4426891991
1702771200,2023-12-17 00:00:00,ADA/EUR,0.55946,0.56553,0.52951,0.53290,865204.24978494,461067.34471039457
1702857600,2023-12-18 00:00:00,ADA/EUR,0.53502,0.55200,0.49761,0.55200,2067388.28954147,1141198.3358268915
1702944000,2023-12-19 00:00:00,ADA/EUR,0.55200,0.56413,0.51626,0.52581,1174414.96112282,617519.1307079899
1703030400,2023-12-20 00:00:00,ADA/EUR,0.52631,0.55604,0.51872,0.53888,1499806.08031805,808215.5005617908
1703116800,2023-12-21 00:00:00,ADA/EUR,0.53834,0.58096,0.53136,0.57747,2202657.28696917,1271968.5035060868
1703203200,2023-12-22 00:00:00,ADA/EUR,0.57846,0.59139,0.55049,0.56667,1280947.55366696,725874.5502364562
1703289600,2023-12-23 00:00:00,ADA/EUR,0.56363,0.56363,0.54278,0.55896,1081842.88087117,604706.8966917492
1703376000,2023-12-24 00:00:00,ADA/EUR,0.55660,0.57089,0.53627,0.53978,1223615.12775024,660482.9736570246
1703462400,2023-12-25 00:00:00,ADA/EUR,0.53951,0.57639,0.53769,0.56789,1194541.00552417,678367.8916271209
1703548800,2023-12-26 00:00:00,ADA/EUR,0.56754,0.56833,0.50251,0.55159,1364479.81801129,752633.4228168475
1703635200,2023-12-27 00:00:00,ADA/EUR,0.55188,0.59338,0.53000,0.57026,1390469.18347880,792928.9565706205
1703721600,2023-12-28 00:00:00,ADA/EUR,0.57125,0.60894,0.54921,0.55663,1169405.04984798,650925.9328968811
1703808000,2023-12-29 00:00:00,ADA/EUR,0.55963,0.56700,0.53726,0.55250,1034463.67997512,571541.1831862538
1703894400,2023-12-30 00:00:00,ADA/EUR,0.55240,0.55643,0.53955,0.54845,565389.77684097,310088.02310843003
1703980800,2023-12-31 00:00:00,ADA/EUR,0.54576,0.55414,0.52641,0.54000,710299.00351872,383561.46190010884
1704067200,2024-01-01 00:00:00,ADA/EUR,0.54094,0.56608,0.53769,0.56467,427249.46105936,241254.9531763888
1704153600,2024-01-02 00:00:00,ADA/EUR,0.56502,0.57735,0.55112,0.55334,1246187.30416093,689565.2828844091
1704240000,2024-01-03 00:00:00,ADA/EUR,0.55316,0.56568,0.45110,0.51162,3361121.35038493,1719616.905283938
1704326400,2024-01-04 00:00:00,ADA/EUR,0.51186,0.52963,0.50500,0.52014,1289134.47612617,670530.4064122661
1704412800,2024-01-05 00:00:00,ADA/EUR,0.52043,0.52360,0.47750,0.49550,1680056.79878606,832468.1437984927
1704499200,2024-01-06 00:00:00,ADA/EUR,0.49571,0.49697,0.46441,0.47852,686273.74899499,328395.71436908265
1704585600,2024-01-07 00:00:00,ADA/EUR,0.47849,0.48414,0.44702,0.45205,889769.49662323,402220.30094853113
1704672000,2024-01-08 00:00:00,ADA/EUR,0.45245,0.49750,0.42539,0.49457,2537088.02071179,1254767.6224034298
1704758400,2024-01-09 00:00:00,ADA/EUR,0.49374,0.49624,0.45500,0.46828,1760619.45596649,824462.8788399879
1704844800,2024-01-10 00:00:00,ADA/EUR,0.47300,0.53811,0.44624,0.51627,2048254.03039808,1057452.1082736168
1704931200,2024-01-11 00:00:00,ADA/EUR,0.51625,0.56250,0.51053,0.52927,3121360.98912603,1652042.730714734
1705017600,2024-01-12 00:00:00,ADA/EUR,0.53025,0.53610,0.48500,0.50079,1373866.01898341,688018.3636467018
1705104000,2024-01-13 00:00:00,ADA/EUR,0.50260,0.50695,0.48750,0.50194,330256.78192149,165769.0891176727
1705190400,2024-01-14 00:00:00,ADA/EUR,0.50149,0.50203,0.47898,0.47988,473658.07512499,227299.0370909802
1705276800,2024-01-15 00:00:00,ADA/EUR,0.47938,0.49402,0.47700,0.48302,749105.96640771,361833.1638942521
1705363200,2024-01-16 00:00:00,ADA/EUR,0.48280,0.50397,0.48280,0.49219,596604.72539827,293642.8797937745
1705449600,2024-01-17 00:00:00,ADA/EUR,0.49200,0.49416,0.48100,0.48414,508652.09442711,246258.82499594105
1705536000,2024-01-18 00:00:00,ADA/EUR,0.48229,0.48389,0.45700,0.46127,742436.98605262,342463.908556492
1705622400,2024-01-19 00:00:00,ADA/EUR,0.45920,0.46338,0.43331,0.46338,1040201.99472839,482008.8003172414
1705708800,2024-01-20 00:00:00,ADA/EUR,0.46305,0.47526,0.45931,0.47310,860790.60491859,407240.035186985
1705795200,2024-01-21 00:00:00,ADA/EUR,0.47491,0.47790,0.46220,0.46233,776086.84153972,358808.22944905877
1705881600,2024-01-22 00:00:00,ADA/EUR,0.46209,0.46436,0.43809,0.43916,648554.20333214,284819.0639353426
1705968000,2024-01-23 00:00:00,ADA/EUR,0.44089,0.44584,0.41300,0.43815,1718313.45165443,752879.0388423884
1706054400,2024-01-24 00:00:00,ADA/EUR,0.43973,0.44067,0.42776,0.43850,891060.07202739,390729.8415840105
1706140800,2024-01-25 00:00:00,ADA/EUR,0.43773,0.44412,0.42420,0.43046,861309.38490088,370759.23782443284
1706227200,2024-01-26 00:00:00,ADA/EUR,0.42823,0.45148,0.42785,0.44800,515484.05205263,230936.85531957823
1706313600,2024-01-27 00:00:00,ADA/EUR,0.44720,0.45182,0.43911,0.44851,190197.16507661,85305.33050851035
1706400000,2024-01-28 00:00:00,ADA/EUR,0.44839,0.46121,0.44556,0.45179,501299.62517281,226482.15765682384
1706486400,2024-01-29 00:00:00,ADA/EUR,0.45350,0.48725,0.44761,0.48583,1062737.43184617,516309.7265138248
1706572800,2024-01-30 00:00:00,ADA/EUR,0.48391,0.49501,0.47281,0.47402,1496117.84890346,709189.7827372181
1706659200,2024-01-31 00:00:00,ADA/EUR,0.47406,0.47905,0.45600,0.46404,1247378.85259457,578833.6827579843
1706745600,2024-02-01 00:00:00,ADA/EUR,0.46025,0.46696,0.44945,0.46683,797916.50214684,372491.3606972093
1706832000,2024-02-02 00:00:00,ADA/EUR,0.46565,0.48161,0.46364,0.47628,817459.93832082,389339.81942344015
1706918400,2024-02-03 00:00:00,ADA/EUR,0.47848,0.48681,0.47409,0.47521,199555.42626617,94830.73411594665
1707004800,2024-02-04 00:00:00,ADA/EUR,0.47463,0.47463,0.45750,0.45750,441177.20904388,201838.5731375751
1707091200,2024-02-05 00:00:00,ADA/EUR,0.45743,0.47010,0.45349,0.45971,681966.39835120,313506.77298603015
1707177600,2024-02-06 00:00:00,ADA/EUR,0.45995,0.46868,0.45569,0.46452,521140.52588507,242080.1970841327
1707264000,2024-02-07 00:00:00,ADA/EUR,0.46443,0.46576,0.44077,0.46513,1156797.99456441,538061.451211744
1707350400,2024-02-08 00:00:00,ADA/EUR,0.46610,0.49776,0.46610,0.49139,1661055.58565635,816226.1042356738
1707436800,2024-02-09 00:00:00,ADA/EUR,0.49244,0.50846,0.48993,0.50020,1556849.43578963,778736.087781973
1707523200,2024-02-10 00:00:00,ADA/EUR,0.50263,0.51512,0.48871,0.50856,797706.90333744,405681.8227612885
1707609600,2024-02-11 00:00:00,ADA/EUR,0.50896,0.52117,0.49500,0.49981,850028.82606846,424852.90755727695
1707696000,2024-02-12 00:00:00,ADA/EUR,0.50190,0.52403,0.49013,0.51861,1308111.78436706,678399.852490601
1707782400,2024-02-13 00:00:00,ADA/EUR,0.52099,0.52196,0.49872,0.50867,1059200.14987700,538783.3402379334
1707868800,2024-02-14 00:00:00,ADA/EUR,0.50880,0.54318,0.50463,0.53698,1598646.12457112,858440.9959722
1707955200,2024-02-15 00:00:00,ADA/EUR,0.53779,0.56900,0.53441,0.56537,1905689.15907516,1077419.4798663233
1708041600,2024-02-16 00:00:00,ADA/EUR,0.56746,0.57000,0.54256,0.55607,1061763.48286273,590414.8199154782
1708128000,2024-02-17 00:00:00,ADA/EUR,0.55533,0.56654,0.52843,0.56527,527706.85835458,298296.8558220935
1708214400,2024-02-18 00:00:00,ADA/EUR,0.56900,0.59364,0.56824,0.57244,1077449.50473037,616775.1944878529
1708300800,2024-02-19 00:00:00,ADA/EUR,0.57467,0.59257,0.57100,0.58533,1528273.45510874,894544.3014787987
1708387200,2024-02-20 00:00:00,ADA/EUR,0.58529,0.59500,0.55000,0.57566,1531316.40005117,881517.5988534564
1708473600,2024-02-21 00:00:00,ADA/EUR,0.57691,0.57691,0.53231,0.55305,2020876.10458590,1117645.529641232
1708560000,2024-02-22 00:00:00,ADA/EUR,0.55203,0.56000,0.53706,0.54056,1232778.46887514,666390.7291351457
1708646400,2024-02-23 00:00:00,ADA/EUR,0.54032,0.54908,0.52569,0.54064,953425.33873367,515459.8751329713
1708732800,2024-02-24 00:00:00,ADA/EUR,0.54005,0.55383,0.52715,0.55094,911508.93475979,502186.73251655867
1708819200,2024-02-25 00:00:00,ADA/EUR,0.55092,0.55364,0.53634,0.54672,373089.06117767,203975.25152705575
1708905600,2024-02-26 00:00:00,ADA/EUR,0.54472,0.57250,0.52940,0.57080,1732095.26662058,988679.978187027
1708992000,2024-02-27 00:00:00,ADA/EUR,0.57100,0.58000,0.56201,0.57535,1008778.32033536,580400.6066049495
1709078400,2024-02-28 00:00:00,ADA/EUR,0.57971,0.60942,0.54501,0.58189,2522698.84017387,1467933.2281087732
1709164800,2024-02-29 00:00:00,ADA/EUR,0.58154,0.65335,0.57750,0.60561,3344532.37692244,2025482.2527879986
1709251200,2024-03-01 00:00:00,ADA/EUR,0.60609,0.66433,0.60490,0.66292,1591682.87181232,1055158.4093818231
1709337600,2024-03-02 00:00:00,ADA/EUR,0.66441,0.70413,0.66238,0.68492,2806860.45972507,1922474.8660748948
1709424000,2024-03-03 00:00:00,ADA/EUR,0.68436,0.68436,0.63500,0.67116,1194541.13644312,801728.2291351644
1709510400,2024-03-04 00:00:00,ADA/EUR,0.66878,0.84500,0.66849,0.70910,8319325.45665144,5899233.681311536
1709596800,2024-03-05 00:00:00,ADA/EUR,0.70953,0.72047,0.50666,0.63916,6509253.81315900,4160454.667218706
1709683200,2024-03-06 00:00:00,ADA/EUR,0.63844,0.69675,0.61367,0.67289,2268720.88856849,1526599.598708851
1709769600,2024-03-07 00:00:00,ADA/EUR,0.67481,0.69048,0.65946,0.68011,1440474.77981327,979681.3024988031
1709856000,2024-03-08 00:00:00,ADA/EUR,0.67920,0.68894,0.63516,0.66202,2264288.59516432,1499004.3357706831
1709942400,2024-03-09 00:00:00,ADA/EUR,0.66175,0.68300,0.66046,0.67929,1026380.14924544,697209.7715809349
1710028800,2024-03-10 00:00:00,ADA/EUR,0.67954,0.68120,0.64322,0.65652,1052537.63563999,691012.0085503663
1710115200,2024-03-11 00:00:00,ADA/EUR,0.65535,0.72032,0.62650,0.70690,3753644.59157997,2653451.361787881
1710201600,2024-03-12 00:00:00,ADA/EUR,0.70627,0.70663,0.64551,0.68388,1653567.94348416,1130842.0451899474
1710288000,2024-03-13 00:00:00,ADA/EUR,0.68442,0.70769,0.67372,0.69861,1892060.84382886,1321812.6261072797
1710374400,2024-03-14 00:00:00,ADA/EUR,0.69740,0.73972,0.65596,0.68963,2998837.44364463,2068088.266260646
1710460800,2024-03-15 00:00:00,ADA/EUR,0.69052,0.70215,0.61448,0.66721,2990169.06417771,1995070.70131001
1710547200,2024-03-16 00:00:00,ADA/EUR,0.66709,0.67471,0.59757,0.60489,1290838.41550624,780815.2491555696
1710633600,2024-03-17 00:00:00,ADA/EUR,0.60461,0.63188,0.57673,0.62586,1637960.39777188,1025133.8945495088
1710720000,2024-03-18 00:00:00,ADA/EUR,0.62554,0.64176,0.59100,0.60687,1391266.64977344,844317.9917480076
1710806400,2024-03-19 00:00:00,ADA/EUR,0.60707,0.61196,0.53000,0.53986,2780477.01883084,1501068.3233860172
1710892800,2024-03-20 00:00:00,ADA/EUR,0.54136,0.59055,0.52444,0.58592,2244116.27339490,1314872.6069075398
1710979200,2024-03-21 00:00:00,ADA/EUR,0.58335,0.59723,0.56871,0.58158,1842218.99162847,1071397.7211512856
1711065600,2024-03-22 00:00:00,ADA/EUR,0.58081,0.59415,0.55395,0.56969,1020527.74828232,581384.4529189549
1711152000,2024-03-23 00:00:00,ADA/EUR,0.56739,0.59196,0.56546,0.57739,472502.17194841,272818.0290612924
1711238400,2024-03-24 00:00:00,ADA/EUR,0.57806,0.59939,0.57750,0.59849,840115.40538074,502800.668966319
1711324800,2024-03-25 00:00:00,ADA/EUR,0.59868,0.61624,0.58924,0.60527,1510094.91186247,914015.1473029972
1711411200,2024-03-26 00:00:00,ADA/EUR,0.60596,0.62924,0.60108,0.61398,1642842.48519090,1008672.4290575087
1711497600,2024-03-27 00:00:00,ADA/EUR,0.61193,0.61804,0.58300,0.59828,1133747.26596185,678298.3142796557
1711584000,2024-03-28 00:00:00,ADA/EUR,0.59837,0.60946,0.58889,0.60318,657096.24373327,396347.31229503383
1711670400,2024-03-29 00:00:00,ADA/EUR,0.60115,0.61819,0.59000,0.61565,783179.68963966,482164.57592665666
1711756800,2024-03-30 00:00:00,ADA/EUR,0.61616,0.62004,0.59545,0.59747,612886.32519573,366181.19271469273
1711843200,2024-03-31 00:00:00,ADA/EUR,0.59684,0.60576,0.59590,0.60308,558963.24214060,337099.552070153
1711929600,2024-04-01 00:00:00,ADA/EUR,0.60246,0.60349,0.56370,0.58012,932220.99804484,540800.0453857725
1712016000,2024-04-02 00:00:00,ADA/EUR,0.57781,0.57850,0.53377,0.53974,1625406.29886797,877296.7957509981
1712102400,2024-04-03 00:00:00,ADA/EUR,0.53900,0.55275,0.52377,0.52578,968285.09805588,509104.9388558206
1712188800,2024-04-04 00:00:00,ADA/EUR,0.52940,0.55062,0.51650,0.53927,1302306.94513858,702295.066304882
1712275200,2024-04-05 00:00:00,ADA/EUR,0.53654,0.53907,0.51676,0.53069,693383.94507262,367971.9258105887
1712361600,2024-04-06 00:00:00,ADA/EUR,0.53022,0.54321,0.52789,0.53886,324302.72595696,174753.76690916746
1712448000,2024-04-07 00:00:00,ADA/EUR,0.53881,0.55102,0.53724,0.54433,419590.33723838,228395.60826896736
1712534400,2024-04-08 00:00:00,ADA/EUR,0.54080,0.56771,0.53541,0.56532,995799.85072883,562945.5716140223
1712620800,2024-04-09 00:00:00,ADA/EUR,0.56462,0.57284,0.54390,0.54466,422170.10921616,229939.17168567373
1712707200,2024-04-10 00:00:00,ADA/EUR,0.54422,0.54769,0.51700,0.54550,968273.90807194,528193.4168532433
1712793600,2024-04-11 00:00:00,ADA/EUR,0.54452,0.55317,0.53704,0.54628,663714.71422708,362574.07408796926
1712880000,2024-04-12 00:00:00,ADA/EUR,0.54711,0.55282,0.41243,0.47520,2796218.22214640,1328762.899163969
1712966400,2024-04-13 00:00:00,ADA/EUR,0.47359,0.48675,0.37407,0.42622,2370623.42814209,1010407.1175427216
1713052800,2024-04-14 00:00:00,ADA/EUR,0.42786,0.46999,0.41327,0.43995,2558119.47319063,1125444.6622302176
1713139200,2024-04-15 00:00:00,ADA/EUR,0.43774,0.46563,0.41399,0.43321,1153109.27208243,499538.46775882953
1713225600,2024-04-16 00:00:00,ADA/EUR,0.43288,0.45000,0.41386,0.43243,1083208.79600007,468411.9796543102
1713312000,2024-04-17 00:00:00,ADA/EUR,0.43125,0.43672,0.40247,0.41620,986987.12124213,410784.0398609745
1713398400,2024-04-18 00:00:00,ADA/EUR,0.41713,0.43308,0.40745,0.43030,650450.75904254,279888.961616005
1713484800,2024-04-19 00:00:00,ADA/EUR,0.42896,0.44638,0.39892,0.44078,1245289.22421143,548898.5842479141
1713571200,2024-04-20 00:00:00,ADA/EUR,0.44270,0.47708,0.43779,0.47418,1059142.46796697,502224.1754605778
1713657600,2024-04-21 00:00:00,ADA/EUR,0.47415,0.48171,0.45872,0.46892,560178.37854648,262678.8452680154
1713744000,2024-04-22 00:00:00,ADA/EUR,0.47035,0.48995,0.46517,0.48497,905171.07299122,438980.815268552
1713830400,2024-04-23 00:00:00,ADA/EUR,0.48384,0.48829,0.46498,0.46739,1018242.08048792,475916.1659992489
1713916800,2024-04-24 00:00:00,ADA/EUR,0.47001,0.47671,0.43941,0.44362,1004595.68012208,445658.7356157572
1714003200,2024-04-25 00:00:00,ADA/EUR,0.44390,0.44753,0.43251,0.43854,602014.34975475,264007.37294144806
1714089600,2024-04-26 00:00:00,ADA/EUR,0.43855,0.44638,0.43090,0.43300,319565.57733877,138371.8949876874
1714176000,2024-04-27 00:00:00,ADA/EUR,0.43343,0.43948,0.41700,0.43691,353882.80611395,154614.9368192459
1714262400,2024-04-28 00:00:00,ADA/EUR,0.43703,0.44711,0.42827,0.42975,185331.89092623,79646.38012554735
1714348800,2024-04-29 00:00:00,ADA/EUR,0.43088,0.43195,0.41701,0.42669,518133.01422859,221082.17584119708
1714435200,2024-04-30 00:00:00,ADA/EUR,0.43148,0.44817,0.39721,0.41329,900529.37853090,372179.7868530357
1714521600,2024-05-01 00:00:00,ADA/EUR,0.41385,0.42619,0.39188,0.41947,491574.96011482,206200.94851936353
1714608000,2024-05-02 00:00:00,ADA/EUR,0.42017,0.43166,0.41151,0.42704,677674.55771827,289394.14312801
1714694400,2024-05-03 00:00:00,ADA/EUR,0.42868,0.44014,0.41585,0.43499,674180.84995319,293261.92792113806
1714780800,2024-05-04 00:00:00,ADA/EUR,0.43455,0.44114,0.43000,0.43055,296869.56035213,127817.18920960955
1714867200,2024-05-05 00:00:00,ADA/EUR,0.43080,0.43231,0.42081,0.42586,218664.10876089,93120.29735691262
1714953600,2024-05-06 00:00:00,ADA/EUR,0.42594,0.44100,0.41900,0.42167,872563.42684175,367933.82019636076
1715040000,2024-05-07 00:00:00,ADA/EUR,0.42063,0.42365,0.41029,0.41029,444451.29902175,182353.9234756338
1715126400,2024-05-08 00:00:00,ADA/EUR,0.41105,0.43594,0.40671,0.42169,732142.73871951,308737.27149063017
1715212800,2024-05-09 00:00:00,ADA/EUR,0.42041,0.43071,0.41663,0.43016,382175.71875137,164396.7071780893
1715299200,2024-05-10 00:00:00,ADA/EUR,0.42784,0.43403,0.41280,0.41653,486212.68375213,202522.16916327472
1715385600,2024-05-11 00:00:00,ADA/EUR,0.41837,0.41841,0.40667,0.40862,212253.45166653,86731.00541997747
1715472000,2024-05-12 00:00:00,ADA/EUR,0.40729,0.41124,0.40287,0.40650,216187.40400389,87880.17972758127
1715558400,2024-05-13 00:00:00,ADA/EUR,0.40550,0.41985,0.39513,0.40484,771774.21031832,312445.0713052686
1715644800,2024-05-14 00:00:00,ADA/EUR,0.40350,0.40620,0.39399,0.39602,714722.01027633,283044.2105096322
1715731200,2024-05-15 00:00:00,ADA/EUR,0.39615,0.41724,0.39380,0.41512,765605.56558218,317818.18238447455
1715817600,2024-05-16 00:00:00,ADA/EUR,0.41753,0.42383,0.41274,0.42383,389725.11789005,165177.19671533987
1715904000,2024-05-17 00:00:00,ADA/EUR,0.42307,0.45282,0.41933,0.44267,1203703.39667914,532843.3826079549
1715990400,2024-05-18 00:00:00,ADA/EUR,0.44217,0.44710,0.43822,0.44314,231732.64068195,102690.00239179932
1716076800,2024-05-19 00:00:00,ADA/EUR,0.44131,0.44432,0.42752,0.43035,338115.80417765,145508.13632785168
1716163200,2024-05-20 00:00:00,ADA/EUR,0.42802,0.46243,0.42379,0.46133,1774135.47494886,818461.9186581576
1716249600,2024-05-21 00:00:00,ADA/EUR,0.46153,0.47000,0.45148,0.45509,1587974.46303321,722671.2983817835
1716336000,2024-05-22 00:00:00,ADA/EUR,0.45509,0.45553,0.43809,0.44587,845680.88523716,377063.73630069254
1716422400,2024-05-23 00:00:00,ADA/EUR,0.44726,0.44932,0.41094,0.43013,1084372.27910421,466421.0484110938
1716508800,2024-05-24 00:00:00,ADA/EUR,0.42944,0.43404,0.41980,0.42280,434669.69682885,183778.3478192378
1716595200,2024-05-25 00:00:00,ADA/EUR,0.42376,0.42843,0.42226,0.42577,459009.60753175,195432.5205987932
1716681600,2024-05-26 00:00:00,ADA/EUR,0.42586,0.42647,0.41984,0.42203,508797.79479965,214727.9333392963
1716768000,2024-05-27 00:00:00,ADA/EUR,0.42282,0.43700,0.42069,0.43070,1009905.98898923,434966.5094576614
1716854400,2024-05-28 00:00:00,ADA/EUR,0.43077,0.43119,0.41611,0.42102,789515.06107731,332401.6310147691
1716940800,2024-05-29 00:00:00,ADA/EUR,0.42125,0.42762,0.41675,0.41742,660678.24465295,275780.3128830344
1717027200,2024-05-30 00:00:00,ADA/EUR,0.41713,0.42062,0.41000,0.41259,529135.99959094,218316.22207122593
1717113600,2024-05-31 00:00:00,ADA/EUR,0.41199,0.41885,0.40928,0.41286,391980.22897387,161832.95733415196
1717200000,2024-06-01 00:00:00,ADA/EUR,0.41239,0.41704,0.41085,0.41520,286288.66170343,118867.05233926413
1717286400,2024-06-02 00:00:00,ADA/EUR,0.41516,0.41797,0.40650,0.41134,207723.48756342,85444.97937433718
1717372800,2024-06-03 00:00:00,ADA/EUR,0.40835,0.42434,0.40835,0.41891,446821.91393460,187178.1679663433
1717459200,2024-06-04 00:00:00,ADA/EUR,0.41891,0.42739,0.41626,0.42390,232251.04341850,98451.21730510215
1717545600,2024-06-05 00:00:00,ADA/EUR,0.42541,0.42671,0.42084,0.42326,685769.53012043,290258.81131877325
1717632000,2024-06-06 00:00:00,ADA/EUR,0.42455,0.42462,0.41430,0.42075,535022.80356405,225110.84459957405
1717718400,2024-06-07 00:00:00,ADA/EUR,0.42050,0.45190,0.39533,0.41743,2037471.70628241,850501.8143534665
1717804800,2024-06-08 00:00:00,ADA/EUR,0.41437,0.41437,0.41437,0.41437,3600.90402072,1492.1065990657464
