https://www.Saxcoin-b6.nl,ALGO,Algorand
unix,date,symbol,open,high,low,close,volume,total
1648425600,2022-03-28 00:00:00,ALGO/EUR,0.86379,0.88668,0.81535,0.82342,1125404.60309240,926680.658278344
1648512000,2022-03-29 00:00:00,ALGO/EUR,0.83525,0.87500,0.81058,0.82158,194142.68310370,159503.74558433783
1648598400,2022-03-30 00:00:00,ALGO/EUR,0.83037,0.85790,0.79600,0.83287,473387.32504470,394270.1014099793
1648684800,2022-03-31 00:00:00,ALGO/EUR,0.82565,0.89000,0.81999,0.82950,249049.45263162,206586.5209579288
1648771200,2022-04-01 00:00:00,ALGO/EUR,0.84012,0.87171,0.80728,0.85129,110589.12315791,94143.4146530972
1648857600,2022-04-02 00:00:00,ALGO/EUR,0.85624,0.88439,0.82000,0.82193,523817.84527495,430541.60156683973
1648944000,2022-04-03 00:00:00,ALGO/EUR,0.82349,0.85477,0.80718,0.84185,1010624.63654732,850794.3502773613
1649030400,2022-04-04 00:00:00,ALGO/EUR,0.84108,0.84644,0.77029,0.80331,356564.09155340,286431.5003857617
1649116800,2022-04-05 00:00:00,ALGO/EUR,0.80623,0.82062,0.76386,0.76386,208530.12711288,159287.8228964445
1649203200,2022-04-06 00:00:00,ALGO/EUR,0.76411,0.76411,0.70322,0.70458,353896.42083666,249348.3401930939
1649289600,2022-04-07 00:00:00,ALGO/EUR,0.70349,0.74310,0.68905,0.73674,165769.03282895,122128.67724640062
1649376000,2022-04-08 00:00:00,ALGO/EUR,0.73080,0.74537,0.69450,0.69450,114224.39625793,79328.84320113239
1649462400,2022-04-09 00:00:00,ALGO/EUR,0.70023,0.72715,0.69829,0.72715,48398.95134432,35193.297470022284
1649548800,2022-04-10 00:00:00,ALGO/EUR,0.72239,0.72660,0.68741,0.68839,73271.70136179,50439.50650044261
1649635200,2022-04-11 00:00:00,ALGO/EUR,0.68812,0.69831,0.62739,0.63705,246267.13422552,156884.47785836752
1649721600,2022-04-12 00:00:00,ALGO/EUR,0.64558,0.68298,0.63369,0.66854,74821.54939851,50021.19863487988
1649808000,2022-04-13 00:00:00,ALGO/EUR,0.66662,0.68819,0.66321,0.68250,193745.82045212,132231.5224585719
1649894400,2022-04-14 00:00:00,ALGO/EUR,0.69143,0.69556,0.66091,0.67127,56414.94658599,37869.66119477751
1649980800,2022-04-15 00:00:00,ALGO/EUR,0.67500,0.68458,0.66895,0.68049,42779.23755605,29110.843364516466
1650067200,2022-04-16 00:00:00,ALGO/EUR,0.68574,0.69433,0.67537,0.69132,73302.40577902,50675.41916315211
1650153600,2022-04-17 00:00:00,ALGO/EUR,0.68436,0.68703,0.65468,0.65610,41943.36170196,27519.039612655957
1650240000,2022-04-18 00:00:00,ALGO/EUR,0.65574,0.68534,0.63856,0.68100,121858.93144344,82985.93231298265
1650326400,2022-04-19 00:00:00,ALGO/EUR,0.68554,0.70726,0.67757,0.70197,107380.22591913,75377.69718845168
1650412800,2022-04-20 00:00:00,ALGO/EUR,0.70368,0.71200,0.67542,0.68174,110159.47767469,75100.12230994317
1650499200,2022-04-21 00:00:00,ALGO/EUR,0.68604,0.71000,0.65566,0.66192,200904.04038535,132982.40241187086
1650585600,2022-04-22 00:00:00,ALGO/EUR,0.66200,0.67537,0.66103,0.66867,45700.31780828,30558.431508862588
1650672000,2022-04-23 00:00:00,ALGO/EUR,0.66888,0.67086,0.65442,0.65713,49685.06317984,32649.54556736826
1650758400,2022-04-24 00:00:00,ALGO/EUR,0.65789,0.66185,0.64622,0.65255,73494.14962612,47958.6073385246
1650844800,2022-04-25 00:00:00,ALGO/EUR,0.64739,0.65858,0.61100,0.65738,97425.47974334,64045.561873676845
1650931200,2022-04-26 00:00:00,ALGO/EUR,0.65709,0.68057,0.60557,0.60911,274840.20547233,167407.91755525093
1651017600,2022-04-27 00:00:00,ALGO/EUR,0.61682,0.64068,0.61596,0.63564,118746.76825208,75480.19577175213
1651104000,2022-04-28 00:00:00,ALGO/EUR,0.63334,0.67960,0.63278,0.66311,244841.19273222,162356.6433126624
1651190400,2022-04-29 00:00:00,ALGO/EUR,0.66289,0.67207,0.58807,0.60276,287477.81425146,173280.12731821003
1651276800,2022-04-30 00:00:00,ALGO/EUR,0.60558,0.60686,0.51101,0.53852,121827.21893294,65606.39393976684
1651363200,2022-05-01 00:00:00,ALGO/EUR,0.53914,0.57329,0.53552,0.57120,100505.67114769,57408.83935956053
1651449600,2022-05-02 00:00:00,ALGO/EUR,0.57176,0.61379,0.55180,0.58613,158784.80324711,93068.53672722858
1651536000,2022-05-03 00:00:00,ALGO/EUR,0.58593,0.70761,0.58593,0.63548,480473.60394822,305331.36583701486
1651622400,2022-05-04 00:00:00,ALGO/EUR,0.63804,0.67411,0.62000,0.66632,253592.70575373,168973.89169782537
1651708800,2022-05-05 00:00:00,ALGO/EUR,0.67524,0.68557,0.58428,0.60179,172398.97101792,103747.97676887408
1651795200,2022-05-06 00:00:00,ALGO/EUR,0.60357,0.67914,0.59401,0.66155,382128.60654028,252797.1796567222
1651881600,2022-05-07 00:00:00,ALGO/EUR,0.66100,0.73371,0.64070,0.71453,443798.46005040,317107.3136598123
1651968000,2022-05-08 00:00:00,ALGO/EUR,0.70981,0.74415,0.67191,0.68888,296684.65010375,204380.1217634713
1652054400,2022-05-09 00:00:00,ALGO/EUR,0.69926,0.71684,0.53793,0.53793,848190.40799394,456267.0661721802
1652140800,2022-05-10 00:00:00,ALGO/EUR,0.54999,0.62497,0.52500,0.55008,372045.16959840,204654.60689268788
1652227200,2022-05-11 00:00:00,ALGO/EUR,0.55677,0.56921,0.39000,0.42500,975059.31987373,414400.2109463352
1652313600,2022-05-12 00:00:00,ALGO/EUR,0.43008,0.45717,0.33000,0.40387,699267.52703998,282413.17614563677
1652400000,2022-05-13 00:00:00,ALGO/EUR,0.40847,0.48924,0.40180,0.42195,379715.93265980,160221.1377858026
1652486400,2022-05-14 00:00:00,ALGO/EUR,0.42333,0.45370,0.40202,0.44336,109536.75393452,48564.215224408785
1652572800,2022-05-15 00:00:00,ALGO/EUR,0.44441,0.46801,0.42617,0.46801,491820.40029986,230176.86554433746
1652659200,2022-05-16 00:00:00,ALGO/EUR,0.46934,0.46934,0.42000,0.43500,326372.61703351,141972.08840957686
1652745600,2022-05-17 00:00:00,ALGO/EUR,0.44206,0.48000,0.44175,0.46993,272003.23104623,127822.47836555487
1652832000,2022-05-18 00:00:00,ALGO/EUR,0.46949,0.47455,0.41159,0.41159,346864.94523507,142766.14280930246
1652918400,2022-05-19 00:00:00,ALGO/EUR,0.42045,0.43737,0.40150,0.42412,251750.72577190,106772.51781437823
1653004800,2022-05-20 00:00:00,ALGO/EUR,0.42158,0.43020,0.39829,0.41529,141915.30415086,58936.00666081065
1653091200,2022-05-21 00:00:00,ALGO/EUR,0.40963,0.41869,0.39894,0.41188,41223.70968833,16979.22154642936
1653177600,2022-05-22 00:00:00,ALGO/EUR,0.40741,0.42383,0.40357,0.42290,23059.97948948,9752.065326101092
1653264000,2022-05-23 00:00:00,ALGO/EUR,0.41911,0.42434,0.38618,0.38894,108976.95510520,42385.49691861649
1653350400,2022-05-24 00:00:00,ALGO/EUR,0.38996,0.39503,0.36573,0.39000,164715.56177958,64239.0690940362
1653436800,2022-05-25 00:00:00,ALGO/EUR,0.38500,0.39047,0.37560,0.38066,324386.89730848,123481.116329446
1653523200,2022-05-26 00:00:00,ALGO/EUR,0.38130,0.38262,0.34493,0.35828,247224.26201475,88575.50859464463
1653609600,2022-05-27 00:00:00,ALGO/EUR,0.35557,0.35640,0.33157,0.33309,204928.19369881,68259.53203913663
1653696000,2022-05-28 00:00:00,ALGO/EUR,0.34145,0.34601,0.33100,0.34147,96622.64313609,32993.73395168065
1653782400,2022-05-29 00:00:00,ALGO/EUR,0.33703,0.35309,0.32879,0.35309,69931.52412292,24692.121852561824
1653868800,2022-05-30 00:00:00,ALGO/EUR,0.35225,0.39171,0.35134,0.39067,206903.79578845,80831.10590067376
1653955200,2022-05-31 00:00:00,ALGO/EUR,0.38956,0.39462,0.37182,0.38455,300731.88282701,115646.4455411267
1654041600,2022-06-01 00:00:00,ALGO/EUR,0.38520,0.39806,0.35156,0.36227,218573.73538522,79182.70711800364
1654128000,2022-06-02 00:00:00,ALGO/EUR,0.36012,0.36904,0.35350,0.36750,60960.73050725,22403.068461414376
1654214400,2022-06-03 00:00:00,ALGO/EUR,0.36682,0.36736,0.34810,0.35732,63746.66548769,22777.958512061392
1654300800,2022-06-04 00:00:00,ALGO/EUR,0.35602,0.36263,0.34362,0.36091,83471.49064094,30125.695687221654
1654387200,2022-06-05 00:00:00,ALGO/EUR,0.36295,0.37400,0.35445,0.36839,53551.93064992,19727.99573212403
1654473600,2022-06-06 00:00:00,ALGO/EUR,0.37340,0.39417,0.37206,0.38547,183083.01289105,70573.00897911303
1654560000,2022-06-07 00:00:00,ALGO/EUR,0.38270,0.38421,0.35364,0.37421,96024.71863298,35933.40995964745
1654646400,2022-06-08 00:00:00,ALGO/EUR,0.37319,0.40133,0.37319,0.39057,190615.05782493,74448.52313468291
1654732800,2022-06-09 00:00:00,ALGO/EUR,0.38264,0.38964,0.37803,0.37857,103070.60078923,39019.4373407788
1654819200,2022-06-10 00:00:00,ALGO/EUR,0.38083,0.38120,0.34762,0.34978,178838.73738411,62554.21356221399
1654905600,2022-06-11 00:00:00,ALGO/EUR,0.35036,0.36081,0.32250,0.33156,152111.87233913,50434.21239276195
1654992000,2022-06-12 00:00:00,ALGO/EUR,0.33298,0.33396,0.30935,0.31177,127642.14643267,39794.991993313524
1655078400,2022-06-13 00:00:00,ALGO/EUR,0.30990,0.31132,0.27500,0.29020,354344.54123037,102830.78586505337
1655164800,2022-06-14 00:00:00,ALGO/EUR,0.29050,0.29719,0.27487,0.29583,167242.25825988,49475.2772610203
1655251200,2022-06-15 00:00:00,ALGO/EUR,0.29286,0.32465,0.26572,0.32215,209247.47386197,67409.07370463363
1655337600,2022-06-16 00:00:00,ALGO/EUR,0.32640,0.32747,0.28188,0.28188,273835.76668673,77188.82591365547
1655424000,2022-06-17 00:00:00,ALGO/EUR,0.28664,0.29974,0.28418,0.29584,141683.67497433,41915.69840440579
1655510400,2022-06-18 00:00:00,ALGO/EUR,0.29824,0.29824,0.26273,0.28143,186886.73477975,52595.53376906504
1655596800,2022-06-19 00:00:00,ALGO/EUR,0.27604,0.30392,0.27332,0.29791,125692.10781369,37444.93583877639
1655683200,2022-06-20 00:00:00,ALGO/EUR,0.29902,0.30913,0.28592,0.30582,186103.19713780,56914.07974868199
1655769600,2022-06-21 00:00:00,ALGO/EUR,0.30220,0.32136,0.30220,0.30696,194341.07009446,59654.934876195446
1655856000,2022-06-22 00:00:00,ALGO/EUR,0.30938,0.31220,0.29700,0.29700,205978.21495731,61175.52984232107
1655942400,2022-06-23 00:00:00,ALGO/EUR,0.29689,0.32004,0.29606,0.31882,64015.61563038,20409.458575277753
1656028800,2022-06-24 00:00:00,ALGO/EUR,0.31978,0.33841,0.31978,0.33113,1130556.35002185,374361.1241827352
1656115200,2022-06-25 00:00:00,ALGO/EUR,0.33151,0.33737,0.31820,0.33416,71148.51682541,23774.988382379008
1656201600,2022-06-26 00:00:00,ALGO/EUR,0.33392,0.34175,0.31458,0.31568,53405.38005700,16859.010376393762
1656288000,2022-06-27 00:00:00,ALGO/EUR,0.31712,0.32628,0.30735,0.31066,192740.11809921,59876.64508870058
1656374400,2022-06-28 00:00:00,ALGO/EUR,0.31305,0.31797,0.29678,0.29678,46361.74133379,13759.237593042195
1656460800,2022-06-29 00:00:00,ALGO/EUR,0.29632,0.29931,0.28239,0.28767,279440.86468541,80386.75354405188
1656547200,2022-06-30 00:00:00,ALGO/EUR,0.28644,0.30155,0.27249,0.30155,136298.80039772,41100.90325993247
1656633600,2022-07-01 00:00:00,ALGO/EUR,0.29858,0.30787,0.28714,0.29429,1273696.15414420,374836.0412030966
1656720000,2022-07-02 00:00:00,ALGO/EUR,0.29386,0.29787,0.28798,0.29564,101388.51688154,29974.501130858487
1656806400,2022-07-03 00:00:00,ALGO/EUR,0.29491,0.30107,0.28951,0.29627,28255.27116420,8371.189187817534
1656892800,2022-07-04 00:00:00,ALGO/EUR,0.29473,0.30626,0.28735,0.30565,118082.51035458,36091.91928987737
1656979200,2022-07-05 00:00:00,ALGO/EUR,0.30545,0.30886,0.29418,0.30318,44732.88270630,13562.115378896035
1657065600,2022-07-06 00:00:00,ALGO/EUR,0.29688,0.30750,0.29500,0.30507,140858.31372788,42971.64576896436
1657152000,2022-07-07 00:00:00,ALGO/EUR,0.30531,0.32100,0.30474,0.31385,104183.92005700,32698.12330988945
1657238400,2022-07-08 00:00:00,ALGO/EUR,0.31437,0.32018,0.30679,0.31068,2039040.41615617,633489.0764913989
1657324800,2022-07-09 00:00:00,ALGO/EUR,0.30801,0.31827,0.30801,0.31717,114577.07945890,36340.412291979315
1657411200,2022-07-10 00:00:00,ALGO/EUR,0.31293,0.31481,0.30069,0.30477,518796.00671514,158113.4589665732
1657497600,2022-07-11 00:00:00,ALGO/EUR,0.30016,0.30639,0.29501,0.29579,129623.60098258,38341.364934637335
1657584000,2022-07-12 00:00:00,ALGO/EUR,0.29500,0.30153,0.29089,0.29089,566468.10565457,164779.90725385788
1657670400,2022-07-13 00:00:00,ALGO/EUR,0.29097,0.30880,0.29000,0.30880,349890.61224541,108046.2210613826
1657756800,2022-07-14 00:00:00,ALGO/EUR,0.30658,0.33104,0.30149,0.32711,547482.44570524,179086.98281464106
1657843200,2022-07-15 00:00:00,ALGO/EUR,0.32848,0.33045,0.31851,0.32629,82644.51871371,26966.080011096437
1657929600,2022-07-16 00:00:00,ALGO/EUR,0.32433,0.34231,0.32252,0.33711,115831.63495837,39048.00246081612
1658016000,2022-07-17 00:00:00,ALGO/EUR,0.33715,0.34074,0.32988,0.33974,66744.59551179,22675.808879175533
1658102400,2022-07-18 00:00:00,ALGO/EUR,0.33553,0.36000,0.33553,0.35468,258926.52213048,91836.05886923865
1658188800,2022-07-19 00:00:00,ALGO/EUR,0.35715,0.36971,0.34234,0.36216,161373.27961612,58442.94694577402
1658275200,2022-07-20 00:00:00,ALGO/EUR,0.35778,0.36851,0.33611,0.33961,179808.57697973,61064.79082808611
1658361600,2022-07-21 00:00:00,ALGO/EUR,0.33478,0.34578,0.32675,0.34143,638019.31477179,217838.9346425323
1658448000,2022-07-22 00:00:00,ALGO/EUR,0.34192,0.35230,0.32674,0.33165,1586198.84826326,526062.8480265102
1658534400,2022-07-23 00:00:00,ALGO/EUR,0.33198,0.33698,0.32000,0.32856,74269.47449988,24401.978541680575
1658620800,2022-07-24 00:00:00,ALGO/EUR,0.33074,0.34067,0.32810,0.33577,118076.20037146,39646.44579872512
1658707200,2022-07-25 00:00:00,ALGO/EUR,0.33179,0.33249,0.30558,0.30558,90562.94100280,27674.223511635624
1658793600,2022-07-26 00:00:00,ALGO/EUR,0.30340,0.30586,0.29832,0.30510,162129.77905429,49465.79558946388
1658880000,2022-07-27 00:00:00,ALGO/EUR,0.30606,0.32207,0.30237,0.32207,134390.60278106,43283.181437696
1658966400,2022-07-28 00:00:00,ALGO/EUR,0.32134,0.33604,0.31700,0.32996,258306.61250777,85230.84986306379
1659052800,2022-07-29 00:00:00,ALGO/EUR,0.33033,0.33786,0.32000,0.33128,247398.09918362,81958.04229754965
1659139200,2022-07-30 00:00:00,ALGO/EUR,0.32956,0.34728,0.32248,0.32663,164867.75448449,53850.754647268965
1659225600,2022-07-31 00:00:00,ALGO/EUR,0.33001,0.34718,0.32567,0.32836,192483.14887650,63203.76676508754
1659312000,2022-08-01 00:00:00,ALGO/EUR,0.32857,0.33544,0.32399,0.33479,226874.50473122,75955.31543896513
1659398400,2022-08-02 00:00:00,ALGO/EUR,0.33477,0.33786,0.31264,0.32091,288131.96915029,92464.43022001955
1659484800,2022-08-03 00:00:00,ALGO/EUR,0.32006,0.33405,0.31279,0.31978,100280.30743783,32067.636712469277
1659571200,2022-08-04 00:00:00,ALGO/EUR,0.32433,0.33396,0.32145,0.32867,130313.38401719,42830.09992492984
1659657600,2022-08-05 00:00:00,ALGO/EUR,0.32912,0.35300,0.32767,0.35070,208559.88589183,73141.95198226479
1659744000,2022-08-06 00:00:00,ALGO/EUR,0.35193,0.35228,0.34122,0.34368,67232.94783387,23106.61951154444
1659830400,2022-08-07 00:00:00,ALGO/EUR,0.34282,0.35806,0.33833,0.34891,229068.55253169,79924.30866383195
1659916800,2022-08-08 00:00:00,ALGO/EUR,0.34764,0.36442,0.34763,0.35500,136458.36944507,48442.72115299985
1660003200,2022-08-09 00:00:00,ALGO/EUR,0.36027,0.36764,0.33340,0.33837,442193.30033475,149624.94703426934
1660089600,2022-08-10 00:00:00,ALGO/EUR,0.33769,0.35630,0.33000,0.35223,216216.54598576,76157.95399256425
1660176000,2022-08-11 00:00:00,ALGO/EUR,0.35292,0.35961,0.34859,0.35005,225167.52510943,78819.89216455596
1660262400,2022-08-12 00:00:00,ALGO/EUR,0.35064,0.35601,0.34437,0.35601,202022.05880209,71921.87315413206
1660348800,2022-08-13 00:00:00,ALGO/EUR,0.35621,0.36474,0.35564,0.35964,105005.57069243,37764.20344382553
1660435200,2022-08-14 00:00:00,ALGO/EUR,0.35932,0.37363,0.35053,0.35380,147508.55480779,52188.52669099611
1660521600,2022-08-15 00:00:00,ALGO/EUR,0.35952,0.36623,0.34444,0.34609,178093.21406349,61636.28045523326
1660608000,2022-08-16 00:00:00,ALGO/EUR,0.35471,0.35471,0.34431,0.34567,104293.87903542,36051.26516617363
1660694400,2022-08-17 00:00:00,ALGO/EUR,0.34941,0.35812,0.33288,0.33454,200752.30446758,67159.67593658422
1660780800,2022-08-18 00:00:00,ALGO/EUR,0.33047,0.34182,0.31454,0.33136,83764.68630497,27756.266454014858
1660867200,2022-08-19 00:00:00,ALGO/EUR,0.32413,0.32421,0.29990,0.30158,246201.89494656,74249.56747798357
1660953600,2022-08-20 00:00:00,ALGO/EUR,0.30725,0.31119,0.29306,0.29868,142071.97730536,42434.05818156492
1661040000,2022-08-21 00:00:00,ALGO/EUR,0.29987,0.30798,0.29666,0.30589,107031.09643654,32739.74208897322
1661126400,2022-08-22 00:00:00,ALGO/EUR,0.30552,0.30552,0.28962,0.30410,252663.41535605,76834.9446097748
1661212800,2022-08-23 00:00:00,ALGO/EUR,0.30497,0.31000,0.29559,0.31000,118960.92157437,36877.8856880547
1661299200,2022-08-24 00:00:00,ALGO/EUR,0.30905,0.30978,0.30252,0.30278,87268.37925608,26423.119871155905
1661385600,2022-08-25 00:00:00,ALGO/EUR,0.30447,0.31028,0.30100,0.30721,217718.56167583,66885.31933243173
1661472000,2022-08-26 00:00:00,ALGO/EUR,0.30504,0.30746,0.28093,0.28342,239816.36332573,67968.7536937784
1661558400,2022-08-27 00:00:00,ALGO/EUR,0.28432,0.29120,0.28000,0.29120,315180.74396922,91780.63264383687
1661644800,2022-08-28 00:00:00,ALGO/EUR,0.29211,0.29649,0.28386,0.28386,56163.43458003,15942.552539887316
1661731200,2022-08-29 00:00:00,ALGO/EUR,0.28497,0.29795,0.28321,0.29795,76119.10636478,22679.687741386202
1661817600,2022-08-30 00:00:00,ALGO/EUR,0.29679,0.30222,0.28374,0.29133,208229.17749984,60663.40628102839
1661904000,2022-08-31 00:00:00,ALGO/EUR,0.29583,0.29980,0.28694,0.28694,75990.67434320,21804.764096037805
1661990400,2022-09-01 00:00:00,ALGO/EUR,0.28815,0.29420,0.28473,0.29356,92642.20176363,27196.044749731223
1662076800,2022-09-02 00:00:00,ALGO/EUR,0.29402,0.30546,0.29149,0.30320,298215.93471860,90419.07140667953
1662163200,2022-09-03 00:00:00,ALGO/EUR,0.30263,0.30452,0.29766,0.30385,76827.70745022,23344.098908749347
1662249600,2022-09-04 00:00:00,ALGO/EUR,0.30599,0.32115,0.30599,0.31422,120243.15930457,37782.80551668198
1662336000,2022-09-05 00:00:00,ALGO/EUR,0.31634,0.31634,0.30000,0.30634,200964.79110971,61563.55410854856
1662422400,2022-09-06 00:00:00,ALGO/EUR,0.30886,0.30950,0.28496,0.28843,245063.12403677,70683.55686592558
1662508800,2022-09-07 00:00:00,ALGO/EUR,0.28846,0.30094,0.28467,0.29895,167477.12634112,50067.28691967782
1662595200,2022-09-08 00:00:00,ALGO/EUR,0.29883,0.30656,0.29460,0.30641,92410.00031724,28315.348197205512
1662681600,2022-09-09 00:00:00,ALGO/EUR,0.30776,0.32477,0.30776,0.32271,266748.83891035,86082.51780475905
1662768000,2022-09-10 00:00:00,ALGO/EUR,0.32059,0.32515,0.31731,0.32213,129118.04329144,41592.79528547157
1662854400,2022-09-11 00:00:00,ALGO/EUR,0.32244,0.32872,0.31520,0.32367,92775.85563139,30028.761192212005
1662940800,2022-09-12 00:00:00,ALGO/EUR,0.32290,0.32919,0.31400,0.31815,65432.39915625,20817.317791560938
1663027200,2022-09-13 00:00:00,ALGO/EUR,0.31653,0.31653,0.29712,0.29831,293456.22828988,87540.9274611541
1663113600,2022-09-14 00:00:00,ALGO/EUR,0.30067,0.30395,0.29633,0.30375,38337.16075437,11644.91257913989
1663200000,2022-09-15 00:00:00,ALGO/EUR,0.30326,0.30326,0.28999,0.29474,145100.47143125,42766.91294964662
1663286400,2022-09-16 00:00:00,ALGO/EUR,0.29688,0.30125,0.29198,0.29550,202306.32533863,59781.51913756516
1663372800,2022-09-17 00:00:00,ALGO/EUR,0.29749,0.31041,0.29749,0.31041,84592.31870386,26258.301648865185
1663459200,2022-09-18 00:00:00,ALGO/EUR,0.30645,0.31702,0.29000,0.29233,158242.77901832,46259.111590425484
1663545600,2022-09-19 00:00:00,ALGO/EUR,0.30014,0.32500,0.29217,0.31665,256980.11918614,81372.75474029122
1663632000,2022-09-20 00:00:00,ALGO/EUR,0.32240,0.34684,0.32240,0.32500,244357.27177230,79416.1133259975
1663718400,2022-09-21 00:00:00,ALGO/EUR,0.33240,0.34316,0.31500,0.34316,203362.51194132,69785.87959778338
1663804800,2022-09-22 00:00:00,ALGO/EUR,0.33883,0.39254,0.33870,0.37767,2191443.35600503,827642.4122624198
1663891200,2022-09-23 00:00:00,ALGO/EUR,0.37906,0.42104,0.37182,0.41218,322874.71999341,133082.50208688373
1663977600,2022-09-24 00:00:00,ALGO/EUR,0.41606,0.41606,0.38281,0.39225,83401.43944053,32714.21462054789
1664064000,2022-09-25 00:00:00,ALGO/EUR,0.40156,0.41274,0.39100,0.40152,125698.83785545,50470.59737572028
1664150400,2022-09-26 00:00:00,ALGO/EUR,0.40114,0.40114,0.37218,0.38179,113020.51128852,43150.10100484406
1664236800,2022-09-27 00:00:00,ALGO/EUR,0.38151,0.38797,0.35600,0.36861,135268.70763434,49861.39832109407
1664323200,2022-09-28 00:00:00,ALGO/EUR,0.36462,0.36462,0.34841,0.35785,262084.10596360,93786.79731907426
1664409600,2022-09-29 00:00:00,ALGO/EUR,0.36508,0.37297,0.34281,0.36023,159617.03773537,57498.84550341233
1664496000,2022-09-30 00:00:00,ALGO/EUR,0.35666,0.37146,0.35505,0.35735,751630.31578763,268595.0933467096
1664582400,2022-10-01 00:00:00,ALGO/EUR,0.36096,0.37196,0.36096,0.36226,123225.83811924,44639.792117075885
1664668800,2022-10-02 00:00:00,ALGO/EUR,0.36723,0.37861,0.35977,0.36181,36937.90280696,13364.5026145862
1664755200,2022-10-03 00:00:00,ALGO/EUR,0.35999,0.36528,0.35100,0.36096,530675.66806950,191552.68914636673
1664841600,2022-10-04 00:00:00,ALGO/EUR,0.36055,0.36217,0.35419,0.35750,68668.96582031,24549.155280760824
1664928000,2022-10-05 00:00:00,ALGO/EUR,0.35552,0.35999,0.34999,0.35685,116318.36535123,41508.20867558642
1665014400,2022-10-06 00:00:00,ALGO/EUR,0.35667,0.36145,0.35496,0.35538,92930.72451411,33025.72087782441
1665100800,2022-10-07 00:00:00,ALGO/EUR,0.35455,0.35455,0.34494,0.35065,274728.90032304,96333.68889827399
1665187200,2022-10-08 00:00:00,ALGO/EUR,0.35002,0.35011,0.34000,0.34383,56859.28319260,19549.92734011166
1665273600,2022-10-09 00:00:00,ALGO/EUR,0.34249,0.34886,0.33983,0.34684,46123.20446917,15997.372238086922
1665360000,2022-10-10 00:00:00,ALGO/EUR,0.34855,0.34855,0.33000,0.33014,175062.93767253,57795.27824320905
1665446400,2022-10-11 00:00:00,ALGO/EUR,0.32779,0.33160,0.31852,0.32585,137292.92278803,44736.89889047957
1665532800,2022-10-12 00:00:00,ALGO/EUR,0.32570,0.32973,0.32000,0.32351,92548.25663496,29940.28650397591
1665619200,2022-10-13 00:00:00,ALGO/EUR,0.31975,0.33061,0.29530,0.32583,313802.31301534,102246.20764978824
1665705600,2022-10-14 00:00:00,ALGO/EUR,0.33100,0.33747,0.32432,0.32699,513199.11175345,167810.97755226062
1665792000,2022-10-15 00:00:00,ALGO/EUR,0.32691,0.33480,0.32357,0.32953,131249.61876343,43250.68687111308
1665878400,2022-10-16 00:00:00,ALGO/EUR,0.33131,0.33665,0.32914,0.33055,276915.69898331,91534.48429893314
1665964800,2022-10-17 00:00:00,ALGO/EUR,0.32992,0.33805,0.32709,0.33570,117234.88576548,39355.75115147163
1666051200,2022-10-18 00:00:00,ALGO/EUR,0.33508,0.33701,0.32050,0.32340,95287.90183925,30816.107454813453
1666137600,2022-10-19 00:00:00,ALGO/EUR,0.32214,0.32276,0.31145,0.31371,107345.91988819,33675.48852812408
1666224000,2022-10-20 00:00:00,ALGO/EUR,0.31463,0.32030,0.31000,0.31325,144042.83066760,45121.4167066257
1666310400,2022-10-21 00:00:00,ALGO/EUR,0.31335,0.31716,0.30500,0.31699,54232.55528779,17191.17770067655
1666396800,2022-10-22 00:00:00,ALGO/EUR,0.31750,0.31849,0.31395,0.31806,20423.01769937,6495.745009461622
1666483200,2022-10-23 00:00:00,ALGO/EUR,0.31926,0.32065,0.31198,0.32065,55068.27125408,17657.64117762075
1666569600,2022-10-24 00:00:00,ALGO/EUR,0.31794,0.31821,0.30967,0.31716,141052.12329663,44736.091424759165
1666656000,2022-10-25 00:00:00,ALGO/EUR,0.31957,0.34030,0.31957,0.33429,205515.46727751,68701.76555619882
1666742400,2022-10-26 00:00:00,ALGO/EUR,0.33258,0.34067,0.33157,0.33467,96956.18846060,32448.327592109003
1666828800,2022-10-27 00:00:00,ALGO/EUR,0.33894,0.34083,0.32600,0.32600,337073.44174895,109885.9420101577
1666915200,2022-10-28 00:00:00,ALGO/EUR,0.32600,0.33812,0.32134,0.33616,137435.36083084,46200.270896895185
1667001600,2022-10-29 00:00:00,ALGO/EUR,0.33752,0.34560,0.33605,0.33830,70873.36529583,23976.459479579287
1667088000,2022-10-30 00:00:00,ALGO/EUR,0.33762,0.36679,0.33762,0.35771,218411.30280646,78127.9071268988
1667174400,2022-10-31 00:00:00,ALGO/EUR,0.35746,0.38189,0.35495,0.36306,194505.31875097,70617.10102572717
1667260800,2022-11-01 00:00:00,ALGO/EUR,0.36471,0.36996,0.35000,0.36365,143478.56528941,52175.98026749394
1667347200,2022-11-02 00:00:00,ALGO/EUR,0.36485,0.37100,0.34626,0.37100,140528.98961994,52136.25514899774
1667433600,2022-11-03 00:00:00,ALGO/EUR,0.37166,0.39341,0.28000,0.37499,577336.97329276,216495.59161505205
1667520000,2022-11-04 00:00:00,ALGO/EUR,0.37677,0.43000,0.37677,0.41314,736212.29843461,304158.7489752748
1667606400,2022-11-05 00:00:00,ALGO/EUR,0.41876,0.45500,0.40775,0.42258,584894.75246361,247164.82449607234
1667692800,2022-11-06 00:00:00,ALGO/EUR,0.41577,0.45012,0.40717,0.40882,278945.62463364,114038.5502627247
1667779200,2022-11-07 00:00:00,ALGO/EUR,0.40690,0.44650,0.39950,0.41396,622088.60760864,257519.80000567262
1667865600,2022-11-08 00:00:00,ALGO/EUR,0.41312,0.41566,0.28594,0.33034,1383282.82945919,456953.64988354885
1667952000,2022-11-09 00:00:00,ALGO/EUR,0.32817,0.33106,0.25370,0.26374,1203194.26121633,317330.45445319486
1668038400,2022-11-10 00:00:00,ALGO/EUR,0.26489,0.32239,0.26489,0.31436,656504.02024131,206378.60380305818
1668124800,2022-11-11 00:00:00,ALGO/EUR,0.31334,0.32240,0.27640,0.29151,711279.89685955,207345.20273352743
1668211200,2022-11-12 00:00:00,ALGO/EUR,0.29051,0.29051,0.26146,0.26378,501184.46262631,132202.43755156806
1668297600,2022-11-13 00:00:00,ALGO/EUR,0.26706,0.26706,0.24690,0.25415,626945.13771280,159338.1067497081
1668384000,2022-11-14 00:00:00,ALGO/EUR,0.25383,0.25710,0.22950,0.25206,1239196.08894286,312351.7661789373
1668470400,2022-11-15 00:00:00,ALGO/EUR,0.25458,0.28067,0.25065,0.27203,713945.78343163,194214.6714669063
1668556800,2022-11-16 00:00:00,ALGO/EUR,0.27119,0.28700,0.25506,0.26385,340648.02978623,89879.98265909677
1668643200,2022-11-17 00:00:00,ALGO/EUR,0.26593,0.26869,0.24948,0.25808,411148.50023954,106109.20494182047
1668729600,2022-11-18 00:00:00,ALGO/EUR,0.25770,0.28852,0.25770,0.28852,414108.30397646,119478.52786328824
1668816000,2022-11-19 00:00:00,ALGO/EUR,0.28767,0.30160,0.28000,0.28814,459918.21509710,132520.8344980784
1668902400,2022-11-20 00:00:00,ALGO/EUR,0.28905,0.28905,0.24585,0.24763,416320.68847664,103093.49208747035
1668988800,2022-11-21 00:00:00,ALGO/EUR,0.24500,0.24874,0.23353,0.23888,553656.10458315,132257.3702628229
1669075200,2022-11-22 00:00:00,ALGO/EUR,0.23852,0.24244,0.22000,0.23271,443553.07569848,103219.23624579329
1669161600,2022-11-23 00:00:00,ALGO/EUR,0.23207,0.23817,0.22885,0.23693,400330.70929980,94850.35495440161
1669248000,2022-11-24 00:00:00,ALGO/EUR,0.23675,0.23800,0.22710,0.23246,307986.73554374,71594.59654449779
1669334400,2022-11-25 00:00:00,ALGO/EUR,0.23200,0.23555,0.22489,0.23205,284194.96436211,65947.44148022763
1669420800,2022-11-26 00:00:00,ALGO/EUR,0.23546,0.23684,0.22857,0.23094,123577.82828662,28539.063664512025
1669507200,2022-11-27 00:00:00,ALGO/EUR,0.23196,0.23878,0.23196,0.23300,162923.69302356,37961.22047448948
1669593600,2022-11-28 00:00:00,ALGO/EUR,0.23162,0.23265,0.22000,0.22759,243664.45823484,55455.594049667234
1669680000,2022-11-29 00:00:00,ALGO/EUR,0.22699,0.23312,0.22613,0.23229,263779.53495332,61273.3481743067
1669766400,2022-11-30 00:00:00,ALGO/EUR,0.23462,0.23950,0.23000,0.23881,199325.92940886,47601.02520212986
1669852800,2022-12-01 00:00:00,ALGO/EUR,0.23588,0.23609,0.22719,0.22831,98705.11044981,22535.363766796123
1669939200,2022-12-02 00:00:00,ALGO/EUR,0.22562,0.24095,0.22518,0.23152,102600.37135916,23754.037977072723
1670025600,2022-12-03 00:00:00,ALGO/EUR,0.23178,0.23248,0.22499,0.22555,53828.85056012,12141.097243835065
1670112000,2022-12-04 00:00:00,ALGO/EUR,0.22550,0.22828,0.22510,0.22689,61072.02884023,13856.632623559784
1670198400,2022-12-05 00:00:00,ALGO/EUR,0.22656,0.23350,0.22290,0.22493,176406.79671404,39679.18078488902
1670284800,2022-12-06 00:00:00,ALGO/EUR,0.22476,0.22554,0.22090,0.22273,609533.03369974,135761.2925959431
1670371200,2022-12-07 00:00:00,ALGO/EUR,0.22342,0.22427,0.20884,0.21069,285910.07783432,60238.394298912885
1670457600,2022-12-08 00:00:00,ALGO/EUR,0.21028,0.21450,0.20739,0.21313,196453.82234791,41870.20315701005
1670544000,2022-12-09 00:00:00,ALGO/EUR,0.21215,0.21424,0.21067,0.21364,50569.66182049,10803.702551329483
1670630400,2022-12-10 00:00:00,ALGO/EUR,0.21357,0.21847,0.21357,0.21589,229974.30113238,49649.15187146952
1670716800,2022-12-11 00:00:00,ALGO/EUR,0.21527,0.21759,0.21000,0.21000,97346.83459434,20442.8352648114
1670803200,2022-12-12 00:00:00,ALGO/EUR,0.21086,0.21086,0.20166,0.20682,816550.16933771,168878.9060224252
1670889600,2022-12-13 00:00:00,ALGO/EUR,0.20506,0.21160,0.19827,0.20948,135566.06906354,28398.38014743036
1670976000,2022-12-14 00:00:00,ALGO/EUR,0.21061,0.21131,0.20500,0.20550,288545.59680101,59296.12014260756
1671062400,2022-12-15 00:00:00,ALGO/EUR,0.20746,0.21436,0.19723,0.19835,404827.94377466,80297.62264770381
1671148800,2022-12-16 00:00:00,ALGO/EUR,0.19743,0.19955,0.17344,0.17476,621428.70480193,108600.88045118528
1671235200,2022-12-17 00:00:00,ALGO/EUR,0.17396,0.18383,0.17063,0.18318,157930.35558604,28929.68253625081
1671321600,2022-12-18 00:00:00,ALGO/EUR,0.18255,0.18374,0.17671,0.17760,204246.29118480,36274.141314420485
1671408000,2022-12-19 00:00:00,ALGO/EUR,0.17773,0.17919,0.15955,0.16362,373710.56326723,61146.52236178417
1671494400,2022-12-20 00:00:00,ALGO/EUR,0.16492,0.17040,0.16492,0.16811,408235.71346313,68628.50579028678
1671580800,2022-12-21 00:00:00,ALGO/EUR,0.16797,0.16999,0.15975,0.15998,293163.63088448,46900.317668899115
1671667200,2022-12-22 00:00:00,ALGO/EUR,0.16090,0.16168,0.15574,0.16168,297667.75029886,48126.92186831968
1671753600,2022-12-23 00:00:00,ALGO/EUR,0.16168,0.16325,0.15900,0.15945,209007.30644694,33326.21501296458
1671840000,2022-12-24 00:00:00,ALGO/EUR,0.16059,0.16059,0.15760,0.15780,25674.52332146,4051.439780126388
1671926400,2022-12-25 00:00:00,ALGO/EUR,0.15780,0.15780,0.15290,0.15565,279585.10831901,43517.42210985391
1672012800,2022-12-26 00:00:00,ALGO/EUR,0.15539,0.16083,0.15513,0.16039,92682.78665753,14865.392152001237
1672099200,2022-12-27 00:00:00,ALGO/EUR,0.16125,0.16125,0.15553,0.15973,161184.24133808,25745.95886893152
1672185600,2022-12-28 00:00:00,ALGO/EUR,0.15846,0.15847,0.15151,0.15687,81839.60012105,12838.178070989114
1672272000,2022-12-29 00:00:00,ALGO/EUR,0.15741,0.15765,0.15027,0.15394,158621.79835612,24418.23963894111
1672358400,2022-12-30 00:00:00,ALGO/EUR,0.15460,0.15645,0.14954,0.15645,200035.14062110,31295.497750171096
1672444800,2022-12-31 00:00:00,ALGO/EUR,0.15685,0.16257,0.15667,0.15954,325838.35885935,51984.25177242069
1672531200,2023-01-01 00:00:00,ALGO/EUR,0.16055,0.16589,0.16019,0.16506,145860.67393236,24075.762839275343
1672617600,2023-01-02 00:00:00,ALGO/EUR,0.16522,0.17090,0.16298,0.16918,347964.09549418,58868.565675705366
1672704000,2023-01-03 00:00:00,ALGO/EUR,0.16972,0.17589,0.16849,0.17258,272319.20068761,46996.84765466774
1672790400,2023-01-04 00:00:00,ALGO/EUR,0.17482,0.18053,0.17369,0.17526,189360.33274257,33187.29191646282
1672876800,2023-01-05 00:00:00,ALGO/EUR,0.17673,0.17947,0.17389,0.17440,81376.85751382,14192.123950410207
1672963200,2023-01-06 00:00:00,ALGO/EUR,0.17526,0.17777,0.17123,0.17777,129543.45737158,23028.940416945778
1673049600,2023-01-07 00:00:00,ALGO/EUR,0.17707,0.18332,0.17693,0.18178,37762.45616652,6864.459281950006
1673136000,2023-01-08 00:00:00,ALGO/EUR,0.18102,0.18705,0.18077,0.18630,52027.83829510,9692.78627437713
1673222400,2023-01-09 00:00:00,ALGO/EUR,0.18965,0.19387,0.18461,0.18583,404500.50976612,75168.32972983808
1673308800,2023-01-10 00:00:00,ALGO/EUR,0.18698,0.19070,0.18476,0.18986,143681.35551125,27279.342157365925
1673395200,2023-01-11 00:00:00,ALGO/EUR,0.18974,0.19567,0.18296,0.19567,228900.61141836,44788.9826362305
1673481600,2023-01-12 00:00:00,ALGO/EUR,0.19398,0.19671,0.18999,0.19600,318278.21064571,62382.52928655916
1673568000,2023-01-13 00:00:00,ALGO/EUR,0.19535,0.20500,0.19240,0.20282,380848.67112416,77243.72747740214
1673654400,2023-01-14 00:00:00,ALGO/EUR,0.20496,0.22077,0.19738,0.21137,336439.98356089,71113.31932526533
1673740800,2023-01-15 00:00:00,ALGO/EUR,0.21167,0.22200,0.20339,0.22200,366366.56328760,81333.3770498472
1673827200,2023-01-16 00:00:00,ALGO/EUR,0.22041,0.22200,0.20899,0.21580,556251.80890925,120039.14036261613
1673913600,2023-01-17 00:00:00,ALGO/EUR,0.21421,0.21727,0.21145,0.21145,491942.16568402,104021.17093388602
1674000000,2023-01-18 00:00:00,ALGO/EUR,0.21324,0.21570,0.19217,0.19318,554772.19293047,107170.89223030819
1674086400,2023-01-19 00:00:00,ALGO/EUR,0.19421,0.20115,0.19387,0.20012,155154.28075159,31049.47466400819
1674172800,2023-01-20 00:00:00,ALGO/EUR,0.20039,0.23000,0.19941,0.22042,383250.11908006,84475.99124762682
1674259200,2023-01-21 00:00:00,ALGO/EUR,0.22178,0.22549,0.21514,0.22378,506423.58052702,113327.46885033653
1674345600,2023-01-22 00:00:00,ALGO/EUR,0.22033,0.23417,0.21770,0.22442,315065.82969652,70707.07350049302
1674432000,2023-01-23 00:00:00,ALGO/EUR,0.22713,0.23303,0.22713,0.23042,217776.94877931,50180.16453772862
1674518400,2023-01-24 00:00:00,ALGO/EUR,0.23468,0.23865,0.21478,0.21671,133781.98393906,28991.893739433697
1674604800,2023-01-25 00:00:00,ALGO/EUR,0.21757,0.22844,0.21087,0.22422,243572.22487222,54613.764260849166
1674691200,2023-01-26 00:00:00,ALGO/EUR,0.22335,0.22811,0.22141,0.22563,137206.14823859,30957.82322707306
1674777600,2023-01-27 00:00:00,ALGO/EUR,0.22650,0.23917,0.22000,0.23359,304586.81396022,71148.4338729678
1674864000,2023-01-28 00:00:00,ALGO/EUR,0.23735,0.24300,0.22971,0.23391,160463.18483638,37533.94356507765
1674950400,2023-01-29 00:00:00,ALGO/EUR,0.23794,0.24307,0.23667,0.24095,181616.32485590,43760.453474029106
1675036800,2023-01-30 00:00:00,ALGO/EUR,0.24109,0.24109,0.20968,0.21996,448144.15732632,98573.78884549734
1675123200,2023-01-31 00:00:00,ALGO/EUR,0.21890,0.22464,0.21768,0.22222,219587.58324439,48796.752748568346
1675209600,2023-02-01 00:00:00,ALGO/EUR,0.22194,0.22984,0.21201,0.22735,164411.32990665,37378.91585427688
1675296000,2023-02-02 00:00:00,ALGO/EUR,0.23000,0.24500,0.23000,0.23315,453544.75043156,105743.95856311821
1675382400,2023-02-03 00:00:00,ALGO/EUR,0.23453,0.25137,0.23134,0.25075,308033.97213049,77239.51851172037
1675468800,2023-02-04 00:00:00,ALGO/EUR,0.25140,0.25293,0.24622,0.24899,128317.38366123,31949.745357809654
1675555200,2023-02-05 00:00:00,ALGO/EUR,0.24617,0.24997,0.23459,0.23553,249171.47989802,58687.358660380654
1675641600,2023-02-06 00:00:00,ALGO/EUR,0.23890,0.24499,0.23553,0.23769,227325.86542369,54033.08495255688
1675728000,2023-02-07 00:00:00,ALGO/EUR,0.23852,0.27800,0.23852,0.25979,935875.76954861,243131.1661710334
1675814400,2023-02-08 00:00:00,ALGO/EUR,0.26267,0.27800,0.25685,0.27091,903622.18789335,244800.28692218743
1675900800,2023-02-09 00:00:00,ALGO/EUR,0.26790,0.26978,0.22980,0.23555,886282.73991035,208763.89938588295
1675987200,2023-02-10 00:00:00,ALGO/EUR,0.23623,0.24500,0.23417,0.23433,394715.14452748,92493.5998171244
1676073600,2023-02-11 00:00:00,ALGO/EUR,0.23505,0.24031,0.23323,0.23958,80778.83339925,19352.992905792315
1676160000,2023-02-12 00:00:00,ALGO/EUR,0.23797,0.24290,0.22674,0.23151,175161.99451730,40551.75335070012
1676246400,2023-02-13 00:00:00,ALGO/EUR,0.22906,0.23199,0.21850,0.22779,269766.63658876,61450.14214855364
1676332800,2023-02-14 00:00:00,ALGO/EUR,0.22683,0.23714,0.22373,0.23680,275097.26516999,65143.03239225364
1676419200,2023-02-15 00:00:00,ALGO/EUR,0.23631,0.25570,0.23469,0.25463,235110.09243738,59866.082837330076
1676505600,2023-02-16 00:00:00,ALGO/EUR,0.25560,0.26500,0.24073,0.24181,279766.14884881,67650.25245313074
1676592000,2023-02-17 00:00:00,ALGO/EUR,0.24386,0.25711,0.24386,0.25393,215184.82336372,54641.882196749415
1676678400,2023-02-18 00:00:00,ALGO/EUR,0.25485,0.25926,0.25162,0.25519,371731.46274658,94862.15197829975
1676764800,2023-02-19 00:00:00,ALGO/EUR,0.25780,0.26381,0.24894,0.26249,272901.90699676,71634.02156757953
1676851200,2023-02-20 00:00:00,ALGO/EUR,0.26247,0.27154,0.25185,0.26598,299744.71388925,79726.09900026272
1676937600,2023-02-21 00:00:00,ALGO/EUR,0.26577,0.27457,0.25783,0.25891,177279.99671636,45899.563949832766
1677024000,2023-02-22 00:00:00,ALGO/EUR,0.26201,0.26201,0.24606,0.25500,237898.00212579,60663.99054207645
1677110400,2023-02-23 00:00:00,ALGO/EUR,0.25500,0.26531,0.25049,0.25286,218060.56190410,55138.79368307072
1677196800,2023-02-24 00:00:00,ALGO/EUR,0.25222,0.25473,0.23866,0.24295,222552.96666604,54069.24325151442
1677283200,2023-02-25 00:00:00,ALGO/EUR,0.24289,0.24289,0.23207,0.23800,188911.79833218,44961.00800305884
1677369600,2023-02-26 00:00:00,ALGO/EUR,0.23793,0.24248,0.23690,0.23972,261927.30180832,62789.21278949046
1677456000,2023-02-27 00:00:00,ALGO/EUR,0.24250,0.24684,0.23646,0.23959,172357.03694426,41295.02248147525
1677542400,2023-02-28 00:00:00,ALGO/EUR,0.24031,0.24031,0.22918,0.23103,123690.88424571,28576.30498728638
1677628800,2023-03-01 00:00:00,ALGO/EUR,0.23060,0.23884,0.23060,0.23463,111958.35035600,26268.78774402828
1677715200,2023-03-02 00:00:00,ALGO/EUR,0.23525,0.23525,0.21198,0.22839,181149.70323046,41372.78072080476
1677801600,2023-03-03 00:00:00,ALGO/EUR,0.22281,0.22281,0.20885,0.21802,139265.47501165,30362.658862039934
1677888000,2023-03-04 00:00:00,ALGO/EUR,0.21933,0.21933,0.20801,0.20801,101500.08946262,21113.033609119586
1677974400,2023-03-05 00:00:00,ALGO/EUR,0.21045,0.21697,0.21045,0.21400,102107.38597672,21850.98059901808
1678060800,2023-03-06 00:00:00,ALGO/EUR,0.21061,0.21527,0.20662,0.21203,128881.37781038,27326.71853713487
1678147200,2023-03-07 00:00:00,ALGO/EUR,0.21197,0.21197,0.20100,0.20363,296557.06590875,60387.91533099876
1678233600,2023-03-08 00:00:00,ALGO/EUR,0.20347,0.20347,0.19000,0.19142,280068.59134030,53610.729754360225
1678320000,2023-03-09 00:00:00,ALGO/EUR,0.19031,0.19469,0.17698,0.18208,212456.19240826,38684.023513695975
1678406400,2023-03-10 00:00:00,ALGO/EUR,0.18000,0.18460,0.17438,0.17762,242544.29106816,43080.71697952658
1678492800,2023-03-11 00:00:00,ALGO/EUR,0.17895,0.18243,0.16999,0.17527,85285.23778356,14947.943626324563
1678579200,2023-03-12 00:00:00,ALGO/EUR,0.17507,0.19000,0.16985,0.18971,191602.20491919,36348.854295219535
1678665600,2023-03-13 00:00:00,ALGO/EUR,0.18814,0.19975,0.18037,0.19673,423697.90298255,83354.08845375705
1678752000,2023-03-14 00:00:00,ALGO/EUR,0.19742,0.21231,0.18990,0.20702,336075.39968953,69574.3292437265
1678838400,2023-03-15 00:00:00,ALGO/EUR,0.20613,0.21000,0.18866,0.19318,376088.50494922,72652.77738609031
1678924800,2023-03-16 00:00:00,ALGO/EUR,0.19000,0.19774,0.19000,0.19525,87270.97551013,17039.657968352883
1679011200,2023-03-17 00:00:00,ALGO/EUR,0.19714,0.21142,0.19714,0.21006,389079.53919565,81730.04800343825
1679097600,2023-03-18 00:00:00,ALGO/EUR,0.21115,0.21557,0.20100,0.20100,151834.87878672,30518.81063613072
1679184000,2023-03-19 00:00:00,ALGO/EUR,0.20362,0.21094,0.20150,0.20875,346824.94985684,72399.70828261535
1679270400,2023-03-20 00:00:00,ALGO/EUR,0.20966,0.20966,0.19436,0.19616,254775.24900577,49976.712844971844
1679356800,2023-03-21 00:00:00,ALGO/EUR,0.19719,0.20939,0.19238,0.20939,266169.94929286,55733.325682431954
1679443200,2023-03-22 00:00:00,ALGO/EUR,0.20551,0.22300,0.19254,0.19545,809896.68457559,158294.30700029907
1679529600,2023-03-23 00:00:00,ALGO/EUR,0.19481,0.20349,0.19417,0.20006,105566.89497335,21119.713008368402
1679616000,2023-03-24 00:00:00,ALGO/EUR,0.20153,0.20237,0.19297,0.19479,177184.26398036,34513.72278073432
1679702400,2023-03-25 00:00:00,ALGO/EUR,0.19510,0.19626,0.18832,0.19094,72065.36804586,13760.161374676509
1679788800,2023-03-26 00:00:00,ALGO/EUR,0.19180,0.19596,0.19180,0.19596,17829.28074991,3493.825855752364
1679875200,2023-03-27 00:00:00,ALGO/EUR,0.19498,0.19573,0.18263,0.18496,356100.17105455,65864.28763824957
1679961600,2023-03-28 00:00:00,ALGO/EUR,0.18376,0.18770,0.18243,0.18551,99170.21136730,18397.065910747824
1680048000,2023-03-29 00:00:00,ALGO/EUR,0.19149,0.21950,0.19149,0.21648,666589.75425381,144303.3500008648
1680134400,2023-03-30 00:00:00,ALGO/EUR,0.22000,0.22100,0.20367,0.20600,250287.73524871,51559.273461234254
1680220800,2023-03-31 00:00:00,ALGO/EUR,0.20572,0.20931,0.20125,0.20734,68631.36252572,14230.026706082785
1680307200,2023-04-01 00:00:00,ALGO/EUR,0.20738,0.20973,0.20240,0.20564,46722.44809244,9608.00422572936
1680393600,2023-04-02 00:00:00,ALGO/EUR,0.20483,0.20560,0.19540,0.19728,31622.07780255,6238.403508887064
1680480000,2023-04-03 00:00:00,ALGO/EUR,0.19722,0.20156,0.19197,0.19640,126756.24526217,24894.926569490188
1680566400,2023-04-04 00:00:00,ALGO/EUR,0.19514,0.20209,0.19513,0.19898,56352.10596145,11212.94204420932
1680652800,2023-04-05 00:00:00,ALGO/EUR,0.20078,0.20480,0.19761,0.20165,304558.75023404,61414.27198469417
1680739200,2023-04-06 00:00:00,ALGO/EUR,0.20339,0.20339,0.19792,0.19884,225246.70279679,44788.05438411372
1680825600,2023-04-07 00:00:00,ALGO/EUR,0.19976,0.20105,0.19506,0.20105,166038.05486646,33381.95093090179
1680912000,2023-04-08 00:00:00,ALGO/EUR,0.19947,0.20221,0.19822,0.19822,20097.02981359,3983.6332496498103
1680998400,2023-04-09 00:00:00,ALGO/EUR,0.19821,0.20025,0.19616,0.20025,23060.75500674,4617.916190099685
1681084800,2023-04-10 00:00:00,ALGO/EUR,0.19757,0.20220,0.19650,0.20218,171078.09341140,34588.56892591686
1681171200,2023-04-11 00:00:00,ALGO/EUR,0.20257,0.20497,0.20070,0.20091,238453.43432130,47907.67948949239
1681257600,2023-04-12 00:00:00,ALGO/EUR,0.20137,0.20158,0.19404,0.19584,239294.96139034,46863.52523868418
1681344000,2023-04-13 00:00:00,ALGO/EUR,0.19458,0.20067,0.19401,0.20005,81006.86589599,16205.423522492802
1681430400,2023-04-14 00:00:00,ALGO/EUR,0.20095,0.21000,0.20095,0.20663,831982.82238078,171912.61058854059
1681516800,2023-04-15 00:00:00,ALGO/EUR,0.20695,0.21210,0.20342,0.21210,166774.11175761,35372.78910378908
1681603200,2023-04-16 00:00:00,ALGO/EUR,0.21033,0.21350,0.20700,0.21350,255591.78233463,54568.845528443504
1681689600,2023-04-17 00:00:00,ALGO/EUR,0.21188,0.21188,0.20047,0.20176,220706.28156019,44529.69936758393
1681776000,2023-04-18 00:00:00,ALGO/EUR,0.20000,0.20589,0.19960,0.20235,193602.58242867,39175.482554441376
1681862400,2023-04-19 00:00:00,ALGO/EUR,0.20206,0.20206,0.17997,0.18097,516759.98534638,93518.05454813439
1681948800,2023-04-20 00:00:00,ALGO/EUR,0.18147,0.18175,0.17201,0.17319,174456.60453601,30214.139339591577
1682035200,2023-04-21 00:00:00,ALGO/EUR,0.17319,0.17384,0.16630,0.16768,64915.10700552,10884.965142685594
1682121600,2023-04-22 00:00:00,ALGO/EUR,0.17123,0.17406,0.17006,0.17341,143731.75211880,24924.52313492111
1682208000,2023-04-23 00:00:00,ALGO/EUR,0.17276,0.17343,0.16720,0.17126,57481.64939833,9844.307275957995
1682294400,2023-04-24 00:00:00,ALGO/EUR,0.17319,0.17319,0.16544,0.16836,129661.11497645,21829.745317435125
1682380800,2023-04-25 00:00:00,ALGO/EUR,0.16645,0.17212,0.16357,0.17143,282452.42735351,48420.81962121222
1682467200,2023-04-26 00:00:00,ALGO/EUR,0.17140,0.17465,0.15639,0.16350,562717.85663665,92004.36956009228
1682553600,2023-04-27 00:00:00,ALGO/EUR,0.16610,0.16802,0.16346,0.16691,96617.78661493,16126.474763897966
1682640000,2023-04-28 00:00:00,ALGO/EUR,0.16702,0.16775,0.16421,0.16674,92380.68616801,15403.555611653986
1682726400,2023-04-29 00:00:00,ALGO/EUR,0.16705,0.16830,0.16606,0.16638,43915.93393242,7306.733087676039
1682812800,2023-04-30 00:00:00,ALGO/EUR,0.16643,0.16714,0.16371,0.16436,123753.63983257,20340.148242881205
1682899200,2023-05-01 00:00:00,ALGO/EUR,0.16118,0.16367,0.15977,0.16110,41779.79133784,6730.724384526024
1682985600,2023-05-02 00:00:00,ALGO/EUR,0.16090,0.16296,0.15940,0.16276,135856.62925805,22112.024978040216
1683072000,2023-05-03 00:00:00,ALGO/EUR,0.16094,0.16419,0.15787,0.16419,157763.69781405,25903.221544088872
1683158400,2023-05-04 00:00:00,ALGO/EUR,0.16321,0.16335,0.15977,0.15990,122887.21479625,19649.665645920373
1683244800,2023-05-05 00:00:00,ALGO/EUR,0.16116,0.16568,0.16116,0.16453,27772.29075681,4569.37499821795
1683331200,2023-05-06 00:00:00,ALGO/EUR,0.16551,0.16551,0.15714,0.15907,204105.24724815,32467.02167976322
1683417600,2023-05-07 00:00:00,ALGO/EUR,0.15889,0.15939,0.15803,0.15899,49646.81764361,7893.347537157553
1683504000,2023-05-08 00:00:00,ALGO/EUR,0.15700,0.15793,0.14500,0.14872,238330.21246884,35444.469198365885
1683590400,2023-05-09 00:00:00,ALGO/EUR,0.14898,0.15244,0.14884,0.15120,142419.74169011,21533.864943544635
1683676800,2023-05-10 00:00:00,ALGO/EUR,0.15191,0.15495,0.14800,0.15453,63110.76421455,9752.506394074411
1683763200,2023-05-11 00:00:00,ALGO/EUR,0.15350,0.15350,0.14650,0.14864,42096.84959888,6257.275724377523
1683849600,2023-05-12 00:00:00,ALGO/EUR,0.14597,0.15153,0.14460,0.15153,191665.65395731,29043.096544151183
1683936000,2023-05-13 00:00:00,ALGO/EUR,0.15077,0.15176,0.14942,0.14972,61668.49199599,9233.006621639623
1684022400,2023-05-14 00:00:00,ALGO/EUR,0.14855,0.15246,0.14849,0.14973,105418.59098382,15784.32562800737
1684108800,2023-05-15 00:00:00,ALGO/EUR,0.15199,0.15466,0.15182,0.15372,97105.15884089,14927.005017021611
1684195200,2023-05-16 00:00:00,ALGO/EUR,0.15182,0.15702,0.15182,0.15702,169860.95558876,26671.567246547093
1684281600,2023-05-17 00:00:00,ALGO/EUR,0.15757,0.16022,0.15413,0.15881,72379.58369043,11494.601685877187
1684368000,2023-05-18 00:00:00,ALGO/EUR,0.15852,0.15852,0.15200,0.15391,187402.39316044,28843.10233132332
1684454400,2023-05-19 00:00:00,ALGO/EUR,0.15313,0.15434,0.15271,0.15300,41699.12710281,6379.96644672993
1684540800,2023-05-20 00:00:00,ALGO/EUR,0.15250,0.15307,0.15172,0.15221,19444.47717829,2959.643871307521
1684627200,2023-05-21 00:00:00,ALGO/EUR,0.15219,0.15221,0.14888,0.14996,89184.16405699,13374.057241986222
1684713600,2023-05-22 00:00:00,ALGO/EUR,0.14875,0.15038,0.14850,0.14995,56064.02402120,8406.80040197894
1684800000,2023-05-23 00:00:00,ALGO/EUR,0.14924,0.15313,0.14915,0.15070,244564.85418245,36855.92352529522
1684886400,2023-05-24 00:00:00,ALGO/EUR,0.15000,0.15000,0.14313,0.14360,257920.08653233,37037.324426042585
1684972800,2023-05-25 00:00:00,ALGO/EUR,0.14200,0.14200,0.13958,0.14028,133970.38011555,18793.364922609355
1685059200,2023-05-26 00:00:00,ALGO/EUR,0.14000,0.14078,0.13790,0.13989,268774.37209443,37598.8469122898
1685145600,2023-05-27 00:00:00,ALGO/EUR,0.13953,0.14070,0.13950,0.14049,43189.17498799,6067.647194062715
1685232000,2023-05-28 00:00:00,ALGO/EUR,0.14068,0.14348,0.14066,0.14348,61980.23931162,8892.924736431238
1685318400,2023-05-29 00:00:00,ALGO/EUR,0.14282,0.14282,0.14101,0.14149,155476.32643062,21998.345426668428
1685404800,2023-05-30 00:00:00,ALGO/EUR,0.14110,0.14215,0.14020,0.14159,45545.57094077,6448.797389503624
1685491200,2023-05-31 00:00:00,ALGO/EUR,0.14172,0.14172,0.13652,0.13804,105842.27069983,14610.467047404532
1685577600,2023-06-01 00:00:00,ALGO/EUR,0.13770,0.13799,0.13600,0.13749,277838.84933824,38200.06339551462
1685664000,2023-06-02 00:00:00,ALGO/EUR,0.13969,0.14253,0.13953,0.14170,58933.82899040,8350.923567939679
1685750400,2023-06-03 00:00:00,ALGO/EUR,0.14073,0.14209,0.14073,0.14140,24165.87812150,3417.0551663801
1685836800,2023-06-04 00:00:00,ALGO/EUR,0.14090,0.14339,0.14090,0.14291,216565.57358618,30949.386121200983
1685923200,2023-06-05 00:00:00,ALGO/EUR,0.14199,0.14229,0.12250,0.12927,339663.14582969,43908.25486140402
1686009600,2023-06-06 00:00:00,ALGO/EUR,0.12875,0.12976,0.12621,0.12822,269501.22108361,34555.44656734048
1686096000,2023-06-07 00:00:00,ALGO/EUR,0.12749,0.12749,0.11682,0.11692,413075.89365172,48296.8334857591
1686182400,2023-06-08 00:00:00,ALGO/EUR,0.11687,0.11722,0.11316,0.11433,125522.86003367,14351.02858764949
1686268800,2023-06-09 00:00:00,ALGO/EUR,0.11384,0.11683,0.11365,0.11583,361610.70012307,41885.3673952552
1686355200,2023-06-10 00:00:00,ALGO/EUR,0.11300,0.11300,0.08880,0.10401,713498.25416554,74210.95341575782
1686441600,2023-06-11 00:00:00,ALGO/EUR,0.10339,0.10522,0.10013,0.10316,188254.59220019,19420.343731371602
1686528000,2023-06-12 00:00:00,ALGO/EUR,0.10251,0.11000,0.10054,0.10450,374250.59539738,39109.18721902621
1686614400,2023-06-13 00:00:00,ALGO/EUR,0.10532,0.11000,0.10370,0.10370,515409.54707971,53447.970032165926
1686700800,2023-06-14 00:00:00,ALGO/EUR,0.10455,0.10926,0.10218,0.10218,414648.47758375,42368.78143950758
1686787200,2023-06-15 00:00:00,ALGO/EUR,0.10391,0.10720,0.09902,0.10247,1671546.63580227,171283.3837706586
1686873600,2023-06-16 00:00:00,ALGO/EUR,0.10224,0.10744,0.09998,0.10671,312243.40962604,33319.494241194734
1686960000,2023-06-17 00:00:00,ALGO/EUR,0.10564,0.11229,0.10555,0.10806,386730.20771649,41790.06624584391
1687046400,2023-06-18 00:00:00,ALGO/EUR,0.10801,0.10878,0.09350,0.10497,717243.03051058,75289.00091269558
1687132800,2023-06-19 00:00:00,ALGO/EUR,0.10453,0.10717,0.10453,0.10611,121037.94878839,12843.336745936062
1687219200,2023-06-20 00:00:00,ALGO/EUR,0.10654,0.11151,0.10445,0.11122,387417.51208311,43088.5756938835
1687305600,2023-06-21 00:00:00,ALGO/EUR,0.11200,0.11904,0.11000,0.11461,384573.77321841,44076.000148561965
1687392000,2023-06-22 00:00:00,ALGO/EUR,0.11452,0.11702,0.11354,0.11455,538454.27992781,61679.93776573063
1687478400,2023-06-23 00:00:00,ALGO/EUR,0.11464,0.12741,0.11464,0.12362,318485.13358508,39371.13221378758
1687564800,2023-06-24 00:00:00,ALGO/EUR,0.12279,0.12437,0.12107,0.12174,133426.80455114,16243.379186055783
1687651200,2023-06-25 00:00:00,ALGO/EUR,0.12710,0.12883,0.12484,0.12507,22443.69838005,2807.033356392853
1687737600,2023-06-26 00:00:00,ALGO/EUR,0.12121,0.12655,0.11850,0.11877,295432.70598873,35088.54249028146
1687824000,2023-06-27 00:00:00,ALGO/EUR,0.11877,0.11908,0.11615,0.11649,256637.67605000,29895.7228830645
1687910400,2023-06-28 00:00:00,ALGO/EUR,0.11550,0.11550,0.10700,0.10884,123272.58960111,13416.988652184813
1687996800,2023-06-29 00:00:00,ALGO/EUR,0.10901,0.11343,0.10901,0.11026,125333.32744419,13819.252683996388
1688083200,2023-06-30 00:00:00,ALGO/EUR,0.11067,0.11399,0.10590,0.10986,155970.81526556,17134.95376507442
1688169600,2023-07-01 00:00:00,ALGO/EUR,0.11181,0.11497,0.11007,0.11454,25137.59981091,2879.2606823416313
1688256000,2023-07-02 00:00:00,ALGO/EUR,0.11513,0.11513,0.11154,0.11272,22121.84450202,2493.5743122676945
1688342400,2023-07-03 00:00:00,ALGO/EUR,0.11500,0.12100,0.11016,0.11607,294544.88886933,34187.825251063136
1688428800,2023-07-04 00:00:00,ALGO/EUR,0.11692,0.11692,0.11360,0.11381,40542.18941382,4614.106577186854
1688515200,2023-07-05 00:00:00,ALGO/EUR,0.11401,0.11507,0.10900,0.11099,108977.73953925,12095.439311461358
1688601600,2023-07-06 00:00:00,ALGO/EUR,0.11100,0.11240,0.10500,0.10506,154012.05655144,16180.506661294286
1688688000,2023-07-07 00:00:00,ALGO/EUR,0.10502,0.10527,0.10245,0.10275,74630.78982708,7668.31365473247
1688774400,2023-07-08 00:00:00,ALGO/EUR,0.10226,0.10279,0.10039,0.10092,148978.65466017,15034.925828304355
1688860800,2023-07-09 00:00:00,ALGO/EUR,0.10263,0.10263,0.10048,0.10048,30835.45023695,3098.346039808736
1688947200,2023-07-10 00:00:00,ALGO/EUR,0.10000,0.10272,0.09843,0.10037,130969.31398670,13145.390044845079
1689033600,2023-07-11 00:00:00,ALGO/EUR,0.09980,0.10108,0.09524,0.09866,752711.52955164,74262.51950556481
1689120000,2023-07-12 00:00:00,ALGO/EUR,0.09938,0.10053,0.09510,0.09536,200563.54212910,19125.73937743098
1689206400,2023-07-13 00:00:00,ALGO/EUR,0.09410,0.10853,0.09254,0.10725,958748.67069202,102825.79493171914
1689292800,2023-07-14 00:00:00,ALGO/EUR,0.10935,0.10963,0.09790,0.10056,385783.03670827,38794.342171383636
1689379200,2023-07-15 00:00:00,ALGO/EUR,0.10074,0.10267,0.09962,0.10130,155077.04810143,15709.30497267486
1689465600,2023-07-16 00:00:00,ALGO/EUR,0.10131,0.10900,0.10000,0.10336,328382.81619866,33941.647882293495
1689552000,2023-07-17 00:00:00,ALGO/EUR,0.10394,0.11230,0.10394,0.10704,293960.87490369,31465.572049690978
1689638400,2023-07-18 00:00:00,ALGO/EUR,0.10704,0.10704,0.09970,0.10081,426975.37893502,43043.38795043936
1689724800,2023-07-19 00:00:00,ALGO/EUR,0.10303,0.10574,0.10046,0.10174,188024.75913863,19129.638994764216
1689811200,2023-07-20 00:00:00,ALGO/EUR,0.10175,0.10518,0.10159,0.10313,204226.78727526,21061.908571697564
1689897600,2023-07-21 00:00:00,ALGO/EUR,0.10278,0.10427,0.10222,0.10356,163594.80770344,16941.878285768245
1689984000,2023-07-22 00:00:00,ALGO/EUR,0.10444,0.10514,0.10334,0.10458,30670.57412181,3207.52864165889
1690070400,2023-07-23 00:00:00,ALGO/EUR,0.10363,0.10556,0.10331,0.10444,44907.13805559,4690.10149852582
1690156800,2023-07-24 00:00:00,ALGO/EUR,0.10419,0.10419,0.09689,0.09941,202115.33000621,20092.284955917334
1690243200,2023-07-25 00:00:00,ALGO/EUR,0.09853,0.10400,0.09834,0.09952,156129.69292016,15538.027039414324
1690329600,2023-07-26 00:00:00,ALGO/EUR,0.09921,0.10400,0.09790,0.10009,164052.10052532,16419.97474157928
1690416000,2023-07-27 00:00:00,ALGO/EUR,0.09957,0.10177,0.09945,0.09953,116500.42370043,11595.287170903797
1690502400,2023-07-28 00:00:00,ALGO/EUR,0.09954,0.10083,0.09876,0.10020,150353.31796342,15065.402459934685
1690588800,2023-07-29 00:00:00,ALGO/EUR,0.09996,0.10125,0.09996,0.10119,61968.79937258,6270.62280851137
1690675200,2023-07-30 00:00:00,ALGO/EUR,0.10129,0.10137,0.09767,0.09877,102576.79817844,10131.510356084518
1690761600,2023-07-31 00:00:00,ALGO/EUR,0.09987,0.10044,0.09881,0.09881,274416.63017097,27115.107227193545
1690848000,2023-08-01 00:00:00,ALGO/EUR,0.09960,0.10020,0.09639,0.10020,291339.44763226,29192.21265275245
1690934400,2023-08-02 00:00:00,ALGO/EUR,0.10064,0.10100,0.09700,0.09831,269263.42146973,26471.286964689152
1691020800,2023-08-03 00:00:00,ALGO/EUR,0.09745,0.09846,0.09500,0.09700,358259.36077941,34751.15799560277
1691107200,2023-08-04 00:00:00,ALGO/EUR,0.09687,0.09813,0.09500,0.09500,856794.19993942,81395.4489942449
1691193600,2023-08-05 00:00:00,ALGO/EUR,0.09560,0.09669,0.09500,0.09668,48451.60827479,4684.301488006698
1691280000,2023-08-06 00:00:00,ALGO/EUR,0.09710,0.10025,0.09700,0.09986,384398.82663099,38386.06682737067
1691366400,2023-08-07 00:00:00,ALGO/EUR,0.09999,0.10163,0.09901,0.10137,505226.15568734,51214.775402025654
1691452800,2023-08-08 00:00:00,ALGO/EUR,0.10200,0.10818,0.10200,0.10450,1150314.17354360,120207.83113530619
1691539200,2023-08-09 00:00:00,ALGO/EUR,0.10218,0.10366,0.10172,0.10271,110896.46573692,11390.175995839052
1691625600,2023-08-10 00:00:00,ALGO/EUR,0.10309,0.11000,0.10123,0.10260,226901.07503793,23280.050298891616
1691712000,2023-08-11 00:00:00,ALGO/EUR,0.10258,0.10320,0.10176,0.10224,17791.30547322,1818.9830715820128
1691798400,2023-08-12 00:00:00,ALGO/EUR,0.10256,0.10573,0.10228,0.10573,42479.47282867,4491.354662175279
1691884800,2023-08-13 00:00:00,ALGO/EUR,0.10490,0.10710,0.10366,0.10710,57078.44032070,6113.10095834697
1691971200,2023-08-14 00:00:00,ALGO/EUR,0.10607,0.10809,0.10516,0.10539,247405.31262909,26074.045897979795
1692057600,2023-08-15 00:00:00,ALGO/EUR,0.10485,0.10485,0.09750,0.09958,267931.93667032,26680.662253630464
1692144000,2023-08-16 00:00:00,ALGO/EUR,0.09958,0.10305,0.09247,0.09414,468609.16902045,44114.86717158516
1692230400,2023-08-17 00:00:00,ALGO/EUR,0.09425,0.09799,0.07548,0.08642,854866.35897504,73877.55074262296
1692316800,2023-08-18 00:00:00,ALGO/EUR,0.08675,0.08920,0.08508,0.08819,1396498.48546311,123157.20143299169
1692403200,2023-08-19 00:00:00,ALGO/EUR,0.08785,0.08939,0.08735,0.08939,104503.53698882,9341.571171430618
1692489600,2023-08-20 00:00:00,ALGO/EUR,0.08948,0.09010,0.08839,0.08908,101642.21057570,9054.288118083356
1692576000,2023-08-21 00:00:00,ALGO/EUR,0.08884,0.08897,0.08614,0.08875,99527.82930234,8833.094850582675
1692662400,2023-08-22 00:00:00,ALGO/EUR,0.08766,0.08940,0.08536,0.08940,208770.73062806,18664.10331814856
1692748800,2023-08-23 00:00:00,ALGO/EUR,0.08975,0.09399,0.08906,0.09092,182032.28836871,16550.375658483114
1692835200,2023-08-24 00:00:00,ALGO/EUR,0.09100,0.09100,0.08833,0.09000,195126.71448321,17561.4043034889
1692921600,2023-08-25 00:00:00,ALGO/EUR,0.09036,0.09036,0.08855,0.09002,214740.91690284,19330.977339593657
1693008000,2023-08-26 00:00:00,ALGO/EUR,0.08937,0.09010,0.08854,0.08899,68678.94696649,6111.739490547945
1693094400,2023-08-27 00:00:00,ALGO/EUR,0.08826,0.09100,0.08500,0.08811,156554.46110902,13794.01356831575
1693180800,2023-08-28 00:00:00,ALGO/EUR,0.08667,0.09000,0.08501,0.09000,390714.53076828,35164.3077691452
1693267200,2023-08-29 00:00:00,ALGO/EUR,0.08906,0.09560,0.08786,0.09197,159994.61039744,14714.704318252556
1693353600,2023-08-30 00:00:00,ALGO/EUR,0.09233,0.09384,0.08783,0.08873,57238.37689244,5078.761181666201
1693440000,2023-08-31 00:00:00,ALGO/EUR,0.08832,0.09499,0.08500,0.08620,197106.62258929,16990.5908671968
1693526400,2023-09-01 00:00:00,ALGO/EUR,0.08614,0.08683,0.08407,0.08544,141578.22245707,12096.44332673206
1693612800,2023-09-02 00:00:00,ALGO/EUR,0.08558,0.08741,0.08545,0.08731,16853.06030000,1471.4406947930001
1693699200,2023-09-03 00:00:00,ALGO/EUR,0.08777,0.08843,0.08704,0.08767,31139.65528810,2730.013579107727
1693785600,2023-09-04 00:00:00,ALGO/EUR,0.08788,0.08948,0.08603,0.08603,62701.50164107,5394.210186181252
1693872000,2023-09-05 00:00:00,ALGO/EUR,0.08721,0.08779,0.08651,0.08737,27207.81256114,2377.146583466802
1693958400,2023-09-06 00:00:00,ALGO/EUR,0.08806,0.08995,0.08510,0.08744,59968.48824425,5243.644612077221
1694044800,2023-09-07 00:00:00,ALGO/EUR,0.08763,0.09152,0.08739,0.09148,83138.09480740,7605.472912980953
1694131200,2023-09-08 00:00:00,ALGO/EUR,0.09154,0.09800,0.08885,0.08971,196608.01815249,17637.705308459877
1694217600,2023-09-09 00:00:00,ALGO/EUR,0.08914,0.08933,0.08824,0.08825,27921.99952255,2464.1164578650373
1694304000,2023-09-10 00:00:00,ALGO/EUR,0.08764,0.08837,0.08410,0.08582,226944.52788762,19476.379383315547
1694390400,2023-09-11 00:00:00,ALGO/EUR,0.08550,0.09081,0.08139,0.08259,154045.15139254,12722.589053509877
1694476800,2023-09-12 00:00:00,ALGO/EUR,0.08377,0.08575,0.08376,0.08394,87422.90356602,7338.278525331719
1694563200,2023-09-13 00:00:00,ALGO/EUR,0.08331,0.08540,0.08297,0.08495,128417.59817842,10909.07496525678
1694649600,2023-09-14 00:00:00,ALGO/EUR,0.08508,0.08788,0.08446,0.08787,85879.73506941,7546.252320549057
1694736000,2023-09-15 00:00:00,ALGO/EUR,0.08806,0.09023,0.08747,0.09014,84015.75691045,7573.180327907963
1694822400,2023-09-16 00:00:00,ALGO/EUR,0.09089,0.09180,0.08929,0.09126,116677.19682339,10647.96098210257
1694908800,2023-09-17 00:00:00,ALGO/EUR,0.09079,0.09079,0.08800,0.08841,32592.51163849,2881.503953958901
1694995200,2023-09-18 00:00:00,ALGO/EUR,0.08879,0.09213,0.08879,0.09050,141308.73953126,12788.440927579031
1695081600,2023-09-19 00:00:00,ALGO/EUR,0.08958,0.09469,0.08932,0.09100,51529.09042307,4689.147228499371
1695168000,2023-09-20 00:00:00,ALGO/EUR,0.09008,0.09362,0.08754,0.09317,160092.87892043,14915.853529016464
1695254400,2023-09-21 00:00:00,ALGO/EUR,0.09406,0.09655,0.08860,0.09184,404092.78800119,37111.88165002929
1695340800,2023-09-22 00:00:00,ALGO/EUR,0.09218,0.09636,0.09178,0.09571,186611.81291052,17860.616613665872
1695427200,2023-09-23 00:00:00,ALGO/EUR,0.09636,0.09636,0.09382,0.09444,31322.18643086,2958.0672865304186
1695513600,2023-09-24 00:00:00,ALGO/EUR,0.09457,0.09779,0.09438,0.09500,133144.29360370,12648.7078923515
1695600000,2023-09-25 00:00:00,ALGO/EUR,0.09453,0.09799,0.08568,0.09178,667462.29505511,61259.689440158
1695686400,2023-09-26 00:00:00,ALGO/EUR,0.09169,0.09344,0.08991,0.09043,222708.40573325,20139.521130457797
1695772800,2023-09-27 00:00:00,ALGO/EUR,0.09053,0.09147,0.08940,0.09059,52466.07529728,4752.901761180595
1695859200,2023-09-28 00:00:00,ALGO/EUR,0.09102,0.09480,0.09065,0.09236,165643.57795325,15298.84085976217
1695945600,2023-09-29 00:00:00,ALGO/EUR,0.09227,0.09680,0.09227,0.09655,132397.72631353,12783.000475571322
1696032000,2023-09-30 00:00:00,ALGO/EUR,0.09570,0.10407,0.09560,0.09766,115199.03766862,11250.33801871743
1696118400,2023-10-01 00:00:00,ALGO/EUR,0.09830,0.10154,0.09761,0.10154,48839.07122595,4959.119292282963
1696204800,2023-10-02 00:00:00,ALGO/EUR,0.09971,0.10364,0.09387,0.09655,127386.38576000,12299.155545128
1696291200,2023-10-03 00:00:00,ALGO/EUR,0.09713,0.09900,0.09603,0.09659,43250.72401906,4177.587433001005
1696377600,2023-10-04 00:00:00,ALGO/EUR,0.09510,0.09513,0.09300,0.09483,302443.11973996,28680.681044940407
1696464000,2023-10-05 00:00:00,ALGO/EUR,0.09431,0.09532,0.09284,0.09509,68510.40508181,6514.654419229312
1696550400,2023-10-06 00:00:00,ALGO/EUR,0.09445,0.10049,0.09361,0.09548,81471.69094743,7778.917051660616
1696636800,2023-10-07 00:00:00,ALGO/EUR,0.09548,0.09615,0.09431,0.09431,29095.39612298,2743.986808358244
1696723200,2023-10-08 00:00:00,ALGO/EUR,0.09487,0.09710,0.09469,0.09682,27535.12228163,2665.950539307417
1696809600,2023-10-09 00:00:00,ALGO/EUR,0.09543,0.09543,0.09000,0.09420,50169.33922596,4725.9517550854325
1696896000,2023-10-10 00:00:00,ALGO/EUR,0.09130,0.09397,0.08950,0.09000,101184.76153015,9106.628537713501
1696982400,2023-10-11 00:00:00,ALGO/EUR,0.08800,0.08986,0.08800,0.08902,89228.77553135,7943.145597800777
1697068800,2023-10-12 00:00:00,ALGO/EUR,0.08837,0.08986,0.08800,0.08933,178574.46921091,15952.057334610592
1697155200,2023-10-13 00:00:00,ALGO/EUR,0.08937,0.09183,0.08937,0.09079,90514.94158258,8217.851546282438
1697241600,2023-10-14 00:00:00,ALGO/EUR,0.08997,0.09099,0.08997,0.09066,20952.18234610,1899.524851497426
1697328000,2023-10-15 00:00:00,ALGO/EUR,0.09038,0.09120,0.08600,0.09020,146847.31457484,13245.62777465057
1697414400,2023-10-16 00:00:00,ALGO/EUR,0.08960,0.09398,0.08917,0.08963,164687.60222978,14760.949787855181
1697500800,2023-10-17 00:00:00,ALGO/EUR,0.08900,0.08900,0.08621,0.08676,138449.39663680,12011.869652208768
1697587200,2023-10-18 00:00:00,ALGO/EUR,0.08600,0.08667,0.08534,0.08557,59420.29156010,5084.5943487977565
1697673600,2023-10-19 00:00:00,ALGO/EUR,0.08500,0.09199,0.08302,0.08420,155666.93663914,13107.156065015588
1697760000,2023-10-20 00:00:00,ALGO/EUR,0.08569,0.09141,0.08562,0.08606,58408.06745297,5026.598285002598
1697846400,2023-10-21 00:00:00,ALGO/EUR,0.08606,0.08900,0.08300,0.08862,161631.48722652,14323.782398014202
1697932800,2023-10-22 00:00:00,ALGO/EUR,0.08898,0.08926,0.08320,0.08891,101937.37467341,9063.251982212883
1698019200,2023-10-23 00:00:00,ALGO/EUR,0.08961,0.09250,0.08801,0.09250,896791.25150183,82953.19076391927
1698105600,2023-10-24 00:00:00,ALGO/EUR,0.09300,0.09685,0.09094,0.09577,273452.70310711,26188.565376567924
1698192000,2023-10-25 00:00:00,ALGO/EUR,0.09511,0.09750,0.09316,0.09529,92905.06633046,8852.923770629533
1698278400,2023-10-26 00:00:00,ALGO/EUR,0.09570,0.10220,0.09371,0.09596,206103.84272912,19777.724748286357
1698364800,2023-10-27 00:00:00,ALGO/EUR,0.09495,0.09956,0.09300,0.09402,72947.99483283,6858.570474182677
1698451200,2023-10-28 00:00:00,ALGO/EUR,0.09574,0.09746,0.09545,0.09623,101865.72976860,9802.539175632377
1698537600,2023-10-29 00:00:00,ALGO/EUR,0.09603,0.10407,0.09603,0.10337,141145.95015649,14590.256867676371
1698624000,2023-10-30 00:00:00,ALGO/EUR,0.10000,0.11911,0.09050,0.10575,425230.03042290,44968.07571722167
1698710400,2023-10-31 00:00:00,ALGO/EUR,0.10540,0.10699,0.10000,0.10348,265204.92476456,27443.40561463667
1698796800,2023-11-01 00:00:00,ALGO/EUR,0.10458,0.10921,0.10162,0.10829,268040.06076822,29026.058180590542
1698883200,2023-11-02 00:00:00,ALGO/EUR,0.10761,0.11000,0.10200,0.10448,380701.71283635,39775.71495714185
1698969600,2023-11-03 00:00:00,ALGO/EUR,0.10200,0.10551,0.10101,0.10414,68969.54072595,7182.487971200433
1699056000,2023-11-04 00:00:00,ALGO/EUR,0.10335,0.10784,0.10335,0.10718,232912.48259323,24963.55988434239
1699142400,2023-11-05 00:00:00,ALGO/EUR,0.10789,0.11911,0.10789,0.11355,731102.63005401,83016.70364263283
1699228800,2023-11-06 00:00:00,ALGO/EUR,0.11456,0.12118,0.11091,0.12058,594405.79811274,71673.4511364342
1699315200,2023-11-07 00:00:00,ALGO/EUR,0.12070,0.12090,0.11000,0.11561,293283.13431505,33906.46315816293
1699401600,2023-11-08 00:00:00,ALGO/EUR,0.11589,0.12400,0.11589,0.11969,132454.34030467,15853.459991065954
1699488000,2023-11-09 00:00:00,ALGO/EUR,0.12098,0.12500,0.10051,0.11604,480840.27640581,55796.70567413019
1699574400,2023-11-10 00:00:00,ALGO/EUR,0.11520,0.11988,0.11295,0.11988,51096.64352555,6125.465625842933
1699660800,2023-11-11 00:00:00,ALGO/EUR,0.12100,0.14291,0.11800,0.12400,626508.83278310,77687.09526510439
1699747200,2023-11-12 00:00:00,ALGO/EUR,0.12390,0.14100,0.12100,0.13645,190096.64430631,25938.687115595996
1699833600,2023-11-13 00:00:00,ALGO/EUR,0.13668,0.13800,0.12400,0.12475,412964.29552811,51517.295867131725
1699920000,2023-11-14 00:00:00,ALGO/EUR,0.12475,0.12751,0.11202,0.11888,369530.27241679,43929.758784907994
1700006400,2023-11-15 00:00:00,ALGO/EUR,0.12009,0.13329,0.11936,0.13132,342290.58207626,44949.599238254465
1700092800,2023-11-16 00:00:00,ALGO/EUR,0.12989,0.13712,0.12309,0.12500,324713.64496250,40589.2056203125
1700179200,2023-11-17 00:00:00,ALGO/EUR,0.12578,0.12881,0.11800,0.12441,426684.39633678,53083.805748258805
1700265600,2023-11-18 00:00:00,ALGO/EUR,0.12403,0.12679,0.11526,0.12312,62795.68710398,7731.404996242018
1700352000,2023-11-19 00:00:00,ALGO/EUR,0.12284,0.13006,0.12064,0.13006,89093.46566986,11587.496145021993
1700438400,2023-11-20 00:00:00,ALGO/EUR,0.12904,0.13800,0.12700,0.13114,564606.09092151,74042.44276344683
1700524800,2023-11-21 00:00:00,ALGO/EUR,0.12880,0.13031,0.11400,0.11400,174808.87574258,19928.21183465412
1700611200,2023-11-22 00:00:00,ALGO/EUR,0.11364,0.12700,0.11364,0.12175,119222.50819666,14515.340372943354
1700697600,2023-11-23 00:00:00,ALGO/EUR,0.12137,0.12399,0.11800,0.12000,297190.06512037,35662.8078144444
1700784000,2023-11-24 00:00:00,ALGO/EUR,0.12024,0.12368,0.11990,0.12229,148060.81538027,18106.35711285322
1700870400,2023-11-25 00:00:00,ALGO/EUR,0.12218,0.12920,0.12218,0.12852,252077.85287855,32397.045651951245
1700956800,2023-11-26 00:00:00,ALGO/EUR,0.12819,0.12982,0.12283,0.12442,46636.69163326,5802.53717301021
1701043200,2023-11-27 00:00:00,ALGO/EUR,0.12482,0.12606,0.11836,0.12035,122799.00217887,14778.859912227004
1701129600,2023-11-28 00:00:00,ALGO/EUR,0.12052,0.12277,0.11800,0.12095,29337.59636194,3548.382279976643
1701216000,2023-11-29 00:00:00,ALGO/EUR,0.12111,0.12231,0.11898,0.12099,102676.43950828,12422.822416106797
1701302400,2023-11-30 00:00:00,ALGO/EUR,0.12167,0.12800,0.12042,0.12221,266658.69568882,32588.35920013069
1701388800,2023-12-01 00:00:00,ALGO/EUR,0.12373,0.12898,0.12280,0.12705,113174.48798326,14378.818698273182
1701475200,2023-12-02 00:00:00,ALGO/EUR,0.12816,0.13698,0.12816,0.13606,327661.12270950,44581.572355854565
1701561600,2023-12-03 00:00:00,ALGO/EUR,0.13625,0.14247,0.13300,0.13800,363679.78980752,50187.810993437764
1701648000,2023-12-04 00:00:00,ALGO/EUR,0.13896,0.14676,0.12900,0.14097,498393.96015111,70258.59656250199
1701734400,2023-12-05 00:00:00,ALGO/EUR,0.14158,0.14348,0.13857,0.14172,289778.29465607,41067.37991865825
1701820800,2023-12-06 00:00:00,ALGO/EUR,0.14360,0.14660,0.14000,0.14171,335000.73432291,47472.95406089958
1701907200,2023-12-07 00:00:00,ALGO/EUR,0.14600,0.15900,0.14500,0.15233,292409.74147511,44542.775918903506
1701993600,2023-12-08 00:00:00,ALGO/EUR,0.15269,0.17395,0.15141,0.17213,604493.23731723,104051.42093941479
1702080000,2023-12-09 00:00:00,ALGO/EUR,0.17150,0.20700,0.17150,0.18598,904646.60185049,168246.17501215413
1702166400,2023-12-10 00:00:00,ALGO/EUR,0.19001,0.19001,0.17700,0.18732,479050.51824996,89735.7430785825
1702252800,2023-12-11 00:00:00,ALGO/EUR,0.18790,0.19390,0.16001,0.18700,464071.68858127,86781.40576469748
1702339200,2023-12-12 00:00:00,ALGO/EUR,0.19011,0.24500,0.15400,0.18294,1084195.14625367,198342.6600556464
1702425600,2023-12-13 00:00:00,ALGO/EUR,0.18500,0.19153,0.17162,0.18330,316815.50354095,58072.28179905613
1702512000,2023-12-14 00:00:00,ALGO/EUR,0.18455,0.20000,0.18041,0.19625,839564.49817050,164764.53276596064
1702598400,2023-12-15 00:00:00,ALGO/EUR,0.19463,0.19463,0.17900,0.18262,330618.15876490,60377.48815364604
1702684800,2023-12-16 00:00:00,ALGO/EUR,0.17864,0.18800,0.17800,0.18180,435293.31164043,79136.32405623017
1702771200,2023-12-17 00:00:00,ALGO/EUR,0.18219,0.18357,0.17495,0.17495,139710.10183121,24442.282315370187
1702857600,2023-12-18 00:00:00,ALGO/EUR,0.17581,0.17903,0.16236,0.17903,377782.37950519,67634.37940281417
1702944000,2023-12-19 00:00:00,ALGO/EUR,0.17823,0.19320,0.17400,0.17451,290530.37665743,50700.456030488116
1703030400,2023-12-20 00:00:00,ALGO/EUR,0.17578,0.19491,0.17001,0.18100,502250.89403747,90907.41182078207
1703116800,2023-12-21 00:00:00,ALGO/EUR,0.18061,0.20900,0.16100,0.20183,581744.40901234,117413.47407096058
1703203200,2023-12-22 00:00:00,ALGO/EUR,0.20409,0.23000,0.20409,0.21845,578473.29970636,126367.49232085433
1703289600,2023-12-23 00:00:00,ALGO/EUR,0.21959,0.22084,0.20800,0.21433,180282.13218994,38639.86939226984
1703376000,2023-12-24 00:00:00,ALGO/EUR,0.21344,0.22500,0.20600,0.20774,234381.24797389,48690.360454095906
1703462400,2023-12-25 00:00:00,ALGO/EUR,0.20679,0.21800,0.20440,0.21608,411846.93896519,88991.88657159825
1703548800,2023-12-26 00:00:00,ALGO/EUR,0.21404,0.21947,0.19516,0.21296,195959.10907957,41731.451869585224
1703635200,2023-12-27 00:00:00,ALGO/EUR,0.21047,0.21130,0.20000,0.20637,259391.36536653,53530.59607069079
1703721600,2023-12-28 00:00:00,ALGO/EUR,0.20900,0.21500,0.19949,0.21349,316824.67270908,67638.89937666149
1703808000,2023-12-29 00:00:00,ALGO/EUR,0.20900,0.21933,0.20000,0.20353,230513.05012158,46916.321091245176
1703894400,2023-12-30 00:00:00,ALGO/EUR,0.20480,0.20600,0.19846,0.20136,170592.52505661,34350.51084539899
1703980800,2023-12-31 00:00:00,ALGO/EUR,0.20244,0.21560,0.19882,0.20203,233765.09232317,47227.56160205004
1704067200,2024-01-01 00:00:00,ALGO/EUR,0.20499,0.21732,0.20000,0.21732,204408.53159204,44422.06208558213
1704153600,2024-01-02 00:00:00,ALGO/EUR,0.21564,0.22200,0.20553,0.20778,148768.65964060,30911.15210012387
1704240000,2024-01-03 00:00:00,ALGO/EUR,0.20725,0.21500,0.16300,0.18743,601044.61291364,112653.79179840354
1704326400,2024-01-04 00:00:00,ALGO/EUR,0.18810,0.20500,0.18100,0.19079,213504.18728869,40734.463892809166
1704412800,2024-01-05 00:00:00,ALGO/EUR,0.18940,0.18940,0.17200,0.17779,117199.74317583,20836.942339230816
1704499200,2024-01-06 00:00:00,ALGO/EUR,0.17955,0.17955,0.16500,0.17337,54294.84921087,9413.098007688532
1704585600,2024-01-07 00:00:00,ALGO/EUR,0.17599,0.17700,0.16198,0.16198,196257.90812583,31789.855958221946
1704672000,2024-01-08 00:00:00,ALGO/EUR,0.16100,0.18389,0.15100,0.17900,258600.68495002,46289.52260605358
1704758400,2024-01-09 00:00:00,ALGO/EUR,0.17979,0.18900,0.16500,0.16946,127993.28138088,21689.741462803926
1704844800,2024-01-10 00:00:00,ALGO/EUR,0.17038,0.18648,0.16400,0.18291,420530.27568584,76919.192725697
1704931200,2024-01-11 00:00:00,ALGO/EUR,0.18129,0.18956,0.15500,0.18480,197673.79929183,36530.11810913018
1705017600,2024-01-12 00:00:00,ALGO/EUR,0.18446,0.18600,0.16550,0.17102,149811.53993265,25620.7695592818
1705104000,2024-01-13 00:00:00,ALGO/EUR,0.17133,0.17508,0.16542,0.17489,80825.29152496,14135.535234800254
1705190400,2024-01-14 00:00:00,ALGO/EUR,0.17262,0.17636,0.16772,0.16789,129193.53315795,21690.302281888227
1705276800,2024-01-15 00:00:00,ALGO/EUR,0.16816,0.17460,0.16816,0.17165,55073.58741834,9453.38128035806
1705363200,2024-01-16 00:00:00,ALGO/EUR,0.17434,0.18125,0.17258,0.18118,130886.44653873,23714.006383887103
1705449600,2024-01-17 00:00:00,ALGO/EUR,0.17975,0.18252,0.17400,0.17445,116382.54001311,20302.93410528704
1705536000,2024-01-18 00:00:00,ALGO/EUR,0.17449,0.17729,0.16243,0.16465,269738.71056299,44412.478694196296
1705622400,2024-01-19 00:00:00,ALGO/EUR,0.16385,0.17200,0.15482,0.15892,515522.29607000,81926.8032914444
1705708800,2024-01-20 00:00:00,ALGO/EUR,0.15900,0.16194,0.15644,0.15809,80442.58611032,12717.16843818049
1705795200,2024-01-21 00:00:00,ALGO/EUR,0.15720,0.16199,0.15622,0.15662,82793.05556964,12967.048363317017
1705881600,2024-01-22 00:00:00,ALGO/EUR,0.15623,0.16099,0.14750,0.14800,230884.87647072,34170.961717666556
1705968000,2024-01-23 00:00:00,ALGO/EUR,0.14925,0.15355,0.13700,0.14724,405535.93878234,59711.111626311744
1706054400,2024-01-24 00:00:00,ALGO/EUR,0.14656,0.16400,0.14558,0.14821,181695.16149208,26929.039884741178
1706140800,2024-01-25 00:00:00,ALGO/EUR,0.14994,0.15044,0.14705,0.14899,97426.51521042,14515.576501200476
1706227200,2024-01-26 00:00:00,ALGO/EUR,0.14826,0.15589,0.14826,0.15335,93483.60009110,14335.710073970184
1706313600,2024-01-27 00:00:00,ALGO/EUR,0.15268,0.15900,0.15164,0.15462,20042.66689702,3098.9971556172327
1706400000,2024-01-28 00:00:00,ALGO/EUR,0.15445,0.15483,0.14975,0.15141,52635.60510490,7969.556968932909
1706486400,2024-01-29 00:00:00,ALGO/EUR,0.15174,0.15600,0.15090,0.15600,77031.08982057,12016.850012008921
1706572800,2024-01-30 00:00:00,ALGO/EUR,0.15546,0.15899,0.14723,0.15202,179667.21323604,27313.009756142797
1706659200,2024-01-31 00:00:00,ALGO/EUR,0.15062,0.15198,0.14500,0.14757,82714.25719091,12206.142933662588
1706745600,2024-02-01 00:00:00,ALGO/EUR,0.14762,0.14878,0.14400,0.14584,121736.08864464,17753.991167934295
1706832000,2024-02-02 00:00:00,ALGO/EUR,0.14659,0.15176,0.14659,0.14957,64031.06185186,9577.125921182702
1706918400,2024-02-03 00:00:00,ALGO/EUR,0.14926,0.15554,0.14519,0.15450,172236.66279667,26610.564402085514
1707004800,2024-02-04 00:00:00,ALGO/EUR,0.15220,0.15220,0.14700,0.14700,58211.04490724,8557.023601364279
1707091200,2024-02-05 00:00:00,ALGO/EUR,0.14629,0.15499,0.14500,0.14761,129611.65626096,19131.976580680304
1707177600,2024-02-06 00:00:00,ALGO/EUR,0.14823,0.15026,0.14680,0.15026,55197.47038646,8293.97190026948
1707264000,2024-02-07 00:00:00,ALGO/EUR,0.15092,0.16350,0.14894,0.15543,129603.57202456,20144.28319977736
1707350400,2024-02-08 00:00:00,ALGO/EUR,0.15543,0.15800,0.15449,0.15705,95420.10012605,14985.726724796154
1707436800,2024-02-09 00:00:00,ALGO/EUR,0.15781,0.16251,0.15721,0.16232,126333.88911873,20506.516881752254
1707523200,2024-02-10 00:00:00,ALGO/EUR,0.16296,0.16400,0.15870,0.16195,71187.27293261,11528.77885143619
1707609600,2024-02-11 00:00:00,ALGO/EUR,0.16217,0.16600,0.15609,0.16600,74097.44422207,12300.17574086362
1707696000,2024-02-12 00:00:00,ALGO/EUR,0.16700,0.17054,0.16037,0.16891,203735.41649594,34412.949200329225
1707782400,2024-02-13 00:00:00,ALGO/EUR,0.17100,0.17152,0.16200,0.16478,162003.76959821,26694.981154393045
1707868800,2024-02-14 00:00:00,ALGO/EUR,0.16569,0.17406,0.16456,0.17133,158692.45674685,27188.77861443781
1707955200,2024-02-15 00:00:00,ALGO/EUR,0.17140,0.17800,0.17001,0.17313,292941.04795778,50716.883632930454
1708041600,2024-02-16 00:00:00,ALGO/EUR,0.17419,0.18312,0.17338,0.17868,168505.80128302,30108.616573250016
1708128000,2024-02-17 00:00:00,ALGO/EUR,0.17905,0.17961,0.17002,0.17845,86157.07228857,15374.729549895315
1708214400,2024-02-18 00:00:00,ALGO/EUR,0.17900,0.18200,0.17401,0.18166,58844.17725535,10689.63324020688
1708300800,2024-02-19 00:00:00,ALGO/EUR,0.18300,0.18933,0.18183,0.18914,216807.52251832,41006.97480911505
1708387200,2024-02-20 00:00:00,ALGO/EUR,0.18720,0.19200,0.17500,0.18323,443937.98045780,81342.7561592827
1708473600,2024-02-21 00:00:00,ALGO/EUR,0.18193,0.18235,0.16850,0.17500,223402.77439574,39095.4855192545
1708560000,2024-02-22 00:00:00,ALGO/EUR,0.17126,0.17984,0.17000,0.17858,112668.83091836,20120.399825400727
1708646400,2024-02-23 00:00:00,ALGO/EUR,0.17542,0.17542,0.16900,0.17300,61438.52711981,10628.865191727129
1708732800,2024-02-24 00:00:00,ALGO/EUR,0.17273,0.18233,0.17004,0.18233,90357.11115709,16474.812077272218
1708819200,2024-02-25 00:00:00,ALGO/EUR,0.18233,0.19499,0.18009,0.19341,169668.89004003,32815.6600226422
1708905600,2024-02-26 00:00:00,ALGO/EUR,0.18994,0.19588,0.18101,0.19588,240187.38891383,47047.90574044102
1708992000,2024-02-27 00:00:00,ALGO/EUR,0.19240,0.19480,0.18645,0.19186,588843.55871160,112975.52517440758
1709078400,2024-02-28 00:00:00,ALGO/EUR,0.19256,0.20653,0.17801,0.19482,474755.03839308,92491.77657973985
1709164800,2024-02-29 00:00:00,ALGO/EUR,0.19400,0.21300,0.19001,0.19414,504387.60764276,97921.81014776543
1709251200,2024-03-01 00:00:00,ALGO/EUR,0.19594,0.21050,0.19594,0.21017,134423.61491150,28251.811145949952
1709337600,2024-03-02 00:00:00,ALGO/EUR,0.21100,0.22900,0.20800,0.22850,442617.11794630,101138.01145072955
1709424000,2024-03-03 00:00:00,ALGO/EUR,0.22898,0.24286,0.20350,0.23400,265127.53953235,62039.84425056991
1709510400,2024-03-04 00:00:00,ALGO/EUR,0.23400,0.24400,0.22310,0.23016,475583.95140523,109460.40225542773
1709596800,2024-03-05 00:00:00,ALGO/EUR,0.23025,0.23800,0.18200,0.21300,651117.59452030,138688.0476328239
1709683200,2024-03-06 00:00:00,ALGO/EUR,0.21368,0.23800,0.20500,0.23800,195670.47116665,46569.5721376627
1709769600,2024-03-07 00:00:00,ALGO/EUR,0.23900,0.27000,0.23768,0.25747,311517.92717812,80206.52071055055
1709856000,2024-03-08 00:00:00,ALGO/EUR,0.25600,0.25600,0.23600,0.24856,189402.87218209,47077.977909580295
1709942400,2024-03-09 00:00:00,ALGO/EUR,0.24801,0.28000,0.23703,0.24539,259642.21815048,63713.60391194629
1710028800,2024-03-10 00:00:00,ALGO/EUR,0.24573,0.25000,0.23500,0.23939,156084.49499772,37365.06725750419
1710115200,2024-03-11 00:00:00,ALGO/EUR,0.24112,0.28000,0.22855,0.26700,1158683.41313483,309368.4713069996
1710201600,2024-03-12 00:00:00,ALGO/EUR,0.26600,0.30000,0.25101,0.28975,810943.59703998,234970.90724233421
1710288000,2024-03-13 00:00:00,ALGO/EUR,0.28859,0.30749,0.27935,0.29093,598586.43653701,174146.75198171232
1710374400,2024-03-14 00:00:00,ALGO/EUR,0.29097,0.29810,0.26718,0.28793,328247.73388439,94512.37001733242
1710460800,2024-03-15 00:00:00,ALGO/EUR,0.29000,0.29422,0.25000,0.27405,336288.74901264,92159.931666914
1710547200,2024-03-16 00:00:00,ALGO/EUR,0.27379,0.28513,0.24000,0.24120,332956.11127471,80309.01403946005
1710633600,2024-03-17 00:00:00,ALGO/EUR,0.24709,0.25767,0.22300,0.25160,352049.51819450,88575.6587777362
1710720000,2024-03-18 00:00:00,ALGO/EUR,0.25003,0.25286,0.22724,0.23218,260593.16028016,60504.51995384755
1710806400,2024-03-19 00:00:00,ALGO/EUR,0.23104,0.23229,0.19667,0.21110,291772.38317589,61593.15008843039
1710892800,2024-03-20 00:00:00,ALGO/EUR,0.21489,0.23994,0.20121,0.22838,129805.10062304,29644.888880289873
1710979200,2024-03-21 00:00:00,ALGO/EUR,0.23066,0.23593,0.22388,0.22934,68594.66154489,15731.499678705071
1711065600,2024-03-22 00:00:00,ALGO/EUR,0.22559,0.23572,0.21571,0.22333,164313.62007154,36696.16077057703
1711152000,2024-03-23 00:00:00,ALGO/EUR,0.22148,0.23995,0.22148,0.23000,72442.71897708,16661.8253647284
1711238400,2024-03-24 00:00:00,ALGO/EUR,0.23000,0.23918,0.22915,0.23844,49299.89196586,11755.066240339658
1711324800,2024-03-25 00:00:00,ALGO/EUR,0.23827,0.25106,0.23500,0.24748,104655.73184873,25900.200517923702
1711411200,2024-03-26 00:00:00,ALGO/EUR,0.24913,0.26330,0.24690,0.26054,166677.60048727,43426.18203095333
1711497600,2024-03-27 00:00:00,ALGO/EUR,0.26100,0.26728,0.24607,0.24999,320437.52235569,80106.17621369894
1711584000,2024-03-28 00:00:00,ALGO/EUR,0.25041,0.26614,0.24300,0.25138,109320.47448388,27480.980875757752
1711670400,2024-03-29 00:00:00,ALGO/EUR,0.24900,0.26500,0.24500,0.24876,156204.90386310,38857.53188498475
1711756800,2024-03-30 00:00:00,ALGO/EUR,0.24664,0.24999,0.24100,0.24165,51580.07694509,12464.325593780997
1711843200,2024-03-31 00:00:00,ALGO/EUR,0.24230,0.24839,0.24230,0.24812,58432.83013356,14498.353812738907
1711929600,2024-04-01 00:00:00,ALGO/EUR,0.24839,0.25000,0.22800,0.23486,106167.84667459,24934.580469994205
1712016000,2024-04-02 00:00:00,ALGO/EUR,0.22900,0.22900,0.20904,0.21948,205208.15159802,45039.08511273343
1712102400,2024-04-03 00:00:00,ALGO/EUR,0.21500,0.22616,0.21084,0.21569,89765.21326413,19361.458848940198
1712188800,2024-04-04 00:00:00,ALGO/EUR,0.21700,0.22609,0.20838,0.21843,107601.98185955,23503.500897581507
1712275200,2024-04-05 00:00:00,ALGO/EUR,0.21746,0.22610,0.20500,0.21177,173192.26761357,36676.92651252572
1712361600,2024-04-06 00:00:00,ALGO/EUR,0.21400,0.21700,0.21261,0.21600,39537.73486809,8540.150731507441
1712448000,2024-04-07 00:00:00,ALGO/EUR,0.21539,0.23000,0.21170,0.21456,45488.60159322,9760.034357841283
1712534400,2024-04-08 00:00:00,ALGO/EUR,0.21400,0.22800,0.21300,0.22590,79815.13912444,18030.239928210995
1712620800,2024-04-09 00:00:00,ALGO/EUR,0.22410,0.22569,0.21300,0.21453,51912.73745857,11136.839566987022
1712707200,2024-04-10 00:00:00,ALGO/EUR,0.21200,0.21507,0.20342,0.21396,103480.25280988,22140.634891201924
1712793600,2024-04-11 00:00:00,ALGO/EUR,0.21426,0.22670,0.21002,0.21168,119306.91989943,25254.888804311344
1712880000,2024-04-12 00:00:00,ALGO/EUR,0.21346,0.22500,0.17100,0.18400,725106.92517920,133419.6742329728
1712966400,2024-04-13 00:00:00,ALGO/EUR,0.18001,0.18900,0.14000,0.16335,409360.07520283,66868.96828438228
1713052800,2024-04-14 00:00:00,ALGO/EUR,0.15893,0.17600,0.15536,0.17033,168759.78685199,28744.85449449946
1713139200,2024-04-15 00:00:00,ALGO/EUR,0.16659,0.17900,0.15500,0.16218,215660.58930557,34975.83437357734
1713225600,2024-04-16 00:00:00,ALGO/EUR,0.16210,0.17384,0.15600,0.16395,87205.04698651,14297.267453438317
1713312000,2024-04-17 00:00:00,ALGO/EUR,0.16408,0.16541,0.15300,0.16043,73656.90488245,11816.777250291454
1713398400,2024-04-18 00:00:00,ALGO/EUR,0.15625,0.16590,0.15300,0.16371,260763.84861540,42689.64965682713
1713484800,2024-04-19 00:00:00,ALGO/EUR,0.15890,0.16951,0.15100,0.16200,153579.39131205,24879.8613925521
1713571200,2024-04-20 00:00:00,ALGO/EUR,0.16462,0.18029,0.16462,0.18010,101918.98678396,18355.609519791196
1713657600,2024-04-21 00:00:00,ALGO/EUR,0.17973,0.18296,0.17250,0.17603,25594.35954215,4505.375110204664
1713744000,2024-04-22 00:00:00,ALGO/EUR,0.17669,0.18555,0.17669,0.18555,114380.93085396,21223.38171995228
1713830400,2024-04-23 00:00:00,ALGO/EUR,0.18372,0.18818,0.17702,0.18080,158091.97246997,28583.028622570575
1713916800,2024-04-24 00:00:00,ALGO/EUR,0.18235,0.24700,0.18235,0.19858,614804.91454594,122087.95993053277
1714003200,2024-04-25 00:00:00,ALGO/EUR,0.19400,0.19767,0.18454,0.18700,83863.33422928,15682.443500875359
1714089600,2024-04-26 00:00:00,ALGO/EUR,0.18600,0.20696,0.18100,0.18553,120757.94878657,22404.222238372335
1714176000,2024-04-27 00:00:00,ALGO/EUR,0.18400,0.18768,0.17800,0.18568,104905.26889013,19478.81032751934
1714262400,2024-04-28 00:00:00,ALGO/EUR,0.18600,0.19191,0.18000,0.18000,25177.09889038,4531.877800268399
1714348800,2024-04-29 00:00:00,ALGO/EUR,0.18000,0.18000,0.17229,0.17777,58376.27992713,10377.551282645902
1714435200,2024-04-30 00:00:00,ALGO/EUR,0.17905,0.17906,0.15944,0.16664,174742.85248716,29119.148938460345
1714521600,2024-05-01 00:00:00,ALGO/EUR,0.16189,0.17169,0.15516,0.17099,107188.48396270,18328.158872782074
1714608000,2024-05-02 00:00:00,ALGO/EUR,0.16613,0.17100,0.16392,0.17100,34127.16958019,5835.74599821249
1714694400,2024-05-03 00:00:00,ALGO/EUR,0.16979,0.18099,0.16788,0.17842,100126.09242441,17864.497410363234
1714780800,2024-05-04 00:00:00,ALGO/EUR,0.17897,0.18207,0.17676,0.18110,32313.97310643,5852.060529574474
1714867200,2024-05-05 00:00:00,ALGO/EUR,0.18110,0.18999,0.17980,0.18282,112467.55106820,20561.317686288327
1714953600,2024-05-06 00:00:00,ALGO/EUR,0.18330,0.18714,0.17900,0.18176,33655.22364254,6117.17344926807
1715040000,2024-05-07 00:00:00,ALGO/EUR,0.17929,0.18308,0.17799,0.17924,11553.40456835,2070.8322348310544
1715126400,2024-05-08 00:00:00,ALGO/EUR,0.17700,0.18028,0.17300,0.17358,42104.76946847,7308.545884337023
1715212800,2024-05-09 00:00:00,ALGO/EUR,0.17538,0.18000,0.17201,0.18000,39962.50008292,7193.250014925599
1715299200,2024-05-10 00:00:00,ALGO/EUR,0.17920,0.18031,0.16900,0.16923,45532.91343700,7705.53494094351
1715385600,2024-05-11 00:00:00,ALGO/EUR,0.16880,0.18000,0.16595,0.16595,37159.23431673,6166.574934861343
1715472000,2024-05-12 00:00:00,ALGO/EUR,0.16690,0.17269,0.16400,0.16493,24782.57971780,4087.3908728567535
1715558400,2024-05-13 00:00:00,ALGO/EUR,0.16300,0.16700,0.15900,0.16500,44029.03319749,7264.79047758585
1715644800,2024-05-14 00:00:00,ALGO/EUR,0.16266,0.17100,0.15800,0.15800,43298.81520553,6841.21280247374
1715731200,2024-05-15 00:00:00,ALGO/EUR,0.15742,0.16949,0.15742,0.16647,55841.05858827,9295.861023189307
1715817600,2024-05-16 00:00:00,ALGO/EUR,0.16367,0.16949,0.15706,0.16000,85659.93091767,13705.588946827202
1715904000,2024-05-17 00:00:00,ALGO/EUR,0.16052,0.17333,0.16007,0.16833,71986.60454621,12117.50514326353
1715990400,2024-05-18 00:00:00,ALGO/EUR,0.17127,0.17172,0.16786,0.16786,49278.56778067,8271.900387663267
1716076800,2024-05-19 00:00:00,ALGO/EUR,0.16712,0.16712,0.16095,0.16095,9726.23610383,1565.4377009114387
1716163200,2024-05-20 00:00:00,ALGO/EUR,0.16000,0.17334,0.15900,0.17324,31053.75830520,5379.753088792849
1716249600,2024-05-21 00:00:00,ALGO/EUR,0.17389,0.18000,0.17200,0.17403,154145.43213554,26825.929554548024
1716336000,2024-05-22 00:00:00,ALGO/EUR,0.17300,0.17350,0.16802,0.17059,41758.59230659,7123.598261581187
1716422400,2024-05-23 00:00:00,ALGO/EUR,0.17139,0.17549,0.16000,0.16810,63758.03973293,10717.726479105533
1716508800,2024-05-24 00:00:00,ALGO/EUR,0.16900,0.17418,0.16415,0.17418,130198.83352619,22678.032823591777
1716595200,2024-05-25 00:00:00,ALGO/EUR,0.17500,0.18000,0.17434,0.17856,52954.59750689,9455.572930830278
1716681600,2024-05-26 00:00:00,ALGO/EUR,0.17663,0.17742,0.17300,0.17300,7088.12463054,1226.24556108342
1716768000,2024-05-27 00:00:00,ALGO/EUR,0.17667,0.18412,0.17533,0.18079,56678.03180011,10246.821369141888
1716854400,2024-05-28 00:00:00,ALGO/EUR,0.17700,0.18013,0.17427,0.17949,96492.93750964,17319.517353605286
1716940800,2024-05-29 00:00:00,ALGO/EUR,0.17726,0.18011,0.17402,0.17402,89548.32549918,15583.199603367306
1717027200,2024-05-30 00:00:00,ALGO/EUR,0.17506,0.17987,0.17300,0.17516,36369.24745475,6370.437384174011
1717113600,2024-05-31 00:00:00,ALGO/EUR,0.17377,0.17516,0.17200,0.17422,101962.62270294,17763.928127306208
1717200000,2024-06-01 00:00:00,ALGO/EUR,0.17339,0.17431,0.17182,0.17431,11752.45902247,2048.571132206746
1717286400,2024-06-02 00:00:00,ALGO/EUR,0.17300,0.17574,0.16800,0.16827,12814.68320883,2156.326743549824
1717372800,2024-06-03 00:00:00,ALGO/EUR,0.16800,0.17374,0.16451,0.17086,59890.87312376,10232.954581925635
1717459200,2024-06-04 00:00:00,ALGO/EUR,0.16717,0.17500,0.16454,0.17110,52638.95446141,9006.525108347252
1717545600,2024-06-05 00:00:00,ALGO/EUR,0.17110,0.17461,0.17088,0.17271,11738.11275875,2027.2894545637125
1717632000,2024-06-06 00:00:00,ALGO/EUR,0.30,0.17273,0.16950,0.17099,60163.95566981,10287.434779980811
1717718400,2024-06-07 00:00:00,ALGO/EUR,0.17099,0.17099,0.17099,0.17099,0.00000000,0.0
