https://www.Saxcoin-b6.nl,AMP,AMP
unix,date,symbol,open,high,low,close,volume,total
1648425600,2022-03-28 00:00:00,AMP/EUR,0.02500,0.02600,0.02490,0.02490,504695.86403470,12566.927014464029
1648512000,2022-03-29 00:00:00,AMP/EUR,0.02548,0.02609,0.02420,0.02439,312647.44875950,7625.471275244205
1648598400,2022-03-30 00:00:00,AMP/EUR,0.02439,0.02600,0.02439,0.02497,6105665.05685199,152458.45646959418
1648684800,2022-03-31 00:00:00,AMP/EUR,0.02498,0.02656,0.02400,0.02465,219963.84367256,5422.108746528604
1648771200,2022-04-01 00:00:00,AMP/EUR,0.02430,0.02548,0.02400,0.02479,131051.30466939,3248.761842754178
1648857600,2022-04-02 00:00:00,AMP/EUR,0.02550,0.02644,0.02469,0.02475,179437.03222502,4441.066547569245
1648944000,2022-04-03 00:00:00,AMP/EUR,0.02530,0.02592,0.02500,0.02505,635832.48656271,15927.603788395885
1649030400,2022-04-04 00:00:00,AMP/EUR,0.02500,0.02789,0.02471,0.02559,611169.41863948,15639.825422984295
1649116800,2022-04-05 00:00:00,AMP/EUR,0.02600,0.02630,0.02559,0.02559,197952.23705612,5065.597746266111
1649203200,2022-04-06 00:00:00,AMP/EUR,0.02512,0.02512,0.02310,0.02310,355467.59754339,8211.301503252309
1649289600,2022-04-07 00:00:00,AMP/EUR,0.02300,0.02350,0.02300,0.02350,48363.17777899,1136.534677806265
1649376000,2022-04-08 00:00:00,AMP/EUR,0.02360,0.02360,0.02250,0.02250,94581.23246709,2128.077730509525
1649462400,2022-04-09 00:00:00,AMP/EUR,0.02305,0.02306,0.02283,0.02285,35199.05008635,804.2982944730974
1649548800,2022-04-10 00:00:00,AMP/EUR,0.02287,0.02287,0.02257,0.02268,186339.75216181,4226.1855790298505
1649635200,2022-04-11 00:00:00,AMP/EUR,0.02260,0.02260,0.02090,0.02176,252545.53509668,5495.390843703757
1649721600,2022-04-12 00:00:00,AMP/EUR,0.02123,0.02478,0.02123,0.02165,85147.02094850,1843.433003535025
1649808000,2022-04-13 00:00:00,AMP/EUR,0.02156,0.02194,0.02138,0.02139,41706.36824343,892.0992167269676
1649894400,2022-04-14 00:00:00,AMP/EUR,0.02185,0.02207,0.02090,0.02090,121714.53310125,2543.8337418161245
1649980800,2022-04-15 00:00:00,AMP/EUR,0.02090,0.02090,0.02090,0.02090,22191.62870813,463.80503999991697
1650067200,2022-04-16 00:00:00,AMP/EUR,0.02097,0.02097,0.02088,0.02088,20045.68533505,418.55390979584394
1650153600,2022-04-17 00:00:00,AMP/EUR,0.02139,0.02139,0.02060,0.02060,19178.79227053,395.083120772918
1650240000,2022-04-18 00:00:00,AMP/EUR,0.02050,0.02050,0.01927,0.01957,41869.81847154,819.3923474880378
1650326400,2022-04-19 00:00:00,AMP/EUR,0.02035,0.02073,0.02035,0.02073,14190.09945363,294.1607616737499
1650412800,2022-04-20 00:00:00,AMP/EUR,0.02058,0.02166,0.02058,0.02152,201885.21074410,4344.569735213033
1650499200,2022-04-21 00:00:00,AMP/EUR,0.02078,0.02266,0.02018,0.02266,196113.69471936,4443.936322340698
1650585600,2022-04-22 00:00:00,AMP/EUR,0.02123,0.02171,0.02105,0.02171,21934.91596031,476.20702549833015
1650672000,2022-04-23 00:00:00,AMP/EUR,0.02100,0.02100,0.02058,0.02058,5049.69853615,103.922795873967
1650758400,2022-04-24 00:00:00,AMP/EUR,0.02039,0.02039,0.02001,0.02001,21878.22905020,437.783363294502
1650844800,2022-04-25 00:00:00,AMP/EUR,0.02000,0.02150,0.02000,0.02031,108120.90037159,2195.935486546993
1650931200,2022-04-26 00:00:00,AMP/EUR,0.02034,0.02122,0.01954,0.02011,137369.56625410,2762.501977369951
1651017600,2022-04-27 00:00:00,AMP/EUR,0.02011,0.02100,0.01989,0.02085,30445.87990122,634.796595940437
1651104000,2022-04-28 00:00:00,AMP/EUR,0.02085,0.02085,0.01991,0.01995,40967.48880704,817.3014017004479
1651190400,2022-04-29 00:00:00,AMP/EUR,0.01995,0.01995,0.01909,0.01909,23149.94266403,441.9324054563327
1651276800,2022-04-30 00:00:00,AMP/EUR,0.01869,0.01869,0.01869,0.01869,1100.00000000,20.558999999999997
1651363200,2022-05-01 00:00:00,AMP/EUR,0.01813,0.01813,0.01800,0.01800,399677.69866347,7194.198575942459
1651449600,2022-05-02 00:00:00,AMP/EUR,0.01830,0.01830,0.01778,0.01778,48455.33098116,861.5357848450248
1651536000,2022-05-03 00:00:00,AMP/EUR,0.01725,0.01789,0.01725,0.01736,93844.58528870,1629.142000611832
1651622400,2022-05-04 00:00:00,AMP/EUR,0.01732,0.01839,0.01732,0.01800,60689.66463792,1092.41396348256
1651708800,2022-05-05 00:00:00,AMP/EUR,0.01892,0.02380,0.01690,0.01690,1118326.34267786,18899.715191255833
1651795200,2022-05-06 00:00:00,AMP/EUR,0.01733,0.01999,0.01670,0.01710,477219.93330577,8160.460859528667
1651881600,2022-05-07 00:00:00,AMP/EUR,0.01749,0.01749,0.01692,0.01729,351473.10999040,6076.970071734016
1651968000,2022-05-08 00:00:00,AMP/EUR,0.01748,0.01748,0.01670,0.01679,46482.70440208,780.4446069109232
1652054400,2022-05-09 00:00:00,AMP/EUR,0.01654,0.01719,0.01150,0.01290,575134.33890007,7419.232971810904
1652140800,2022-05-10 00:00:00,AMP/EUR,0.01448,0.01599,0.01168,0.01200,604169.49124566,7250.03389494792
1652227200,2022-05-11 00:00:00,AMP/EUR,0.01299,0.01299,0.01000,0.01000,192927.23088864,1929.2723088864002
1652313600,2022-05-12 00:00:00,AMP/EUR,0.01000,0.01249,0.00980,0.01184,202578.27123571,2398.5267314308066
1652400000,2022-05-13 00:00:00,AMP/EUR,0.01198,0.01599,0.01000,0.01255,880210.45279682,11046.641182600091
1652486400,2022-05-14 00:00:00,AMP/EUR,0.01388,0.01406,0.01250,0.01330,82633.18584336,1099.021371716688
1652572800,2022-05-15 00:00:00,AMP/EUR,0.01362,0.01599,0.01267,0.01501,378166.95728459,5676.286028841696
1652659200,2022-05-16 00:00:00,AMP/EUR,0.01502,0.01502,0.01305,0.01349,716249.67535107,9662.208120485935
1652745600,2022-05-17 00:00:00,AMP/EUR,0.01350,0.01589,0.01340,0.01574,209141.85701472,3291.892829411693
1652832000,2022-05-18 00:00:00,AMP/EUR,0.01574,0.01574,0.01250,0.01250,769326.59793797,9616.582474224624
1652918400,2022-05-19 00:00:00,AMP/EUR,0.01322,0.01488,0.01250,0.01309,315300.79154243,4127.287361290409
1653004800,2022-05-20 00:00:00,AMP/EUR,0.01309,0.01390,0.01249,0.01249,114786.24525753,1433.6802032665496
1653091200,2022-05-21 00:00:00,AMP/EUR,0.01249,0.01249,0.01245,0.01245,8792.60838390,109.467974379555
1653177600,2022-05-22 00:00:00,AMP/EUR,0.01249,0.01249,0.01249,0.01249,50000.00000000,624.5
1653264000,2022-05-23 00:00:00,AMP/EUR,0.01260,0.01276,0.01196,0.01196,45456.99886674,543.6657064462105
1653350400,2022-05-24 00:00:00,AMP/EUR,0.01221,0.01311,0.01192,0.01207,253210.30861111,3056.2484249360978
1653436800,2022-05-25 00:00:00,AMP/EUR,0.01245,0.01245,0.01209,0.01209,66841.96060193,808.1193036773336
1653523200,2022-05-26 00:00:00,AMP/EUR,0.01164,0.01186,0.01136,0.01180,81390.11348548,960.403339128664
1653609600,2022-05-27 00:00:00,AMP/EUR,0.01188,0.01188,0.01010,0.01069,183914.33318778,1966.0442217773682
1653696000,2022-05-28 00:00:00,AMP/EUR,0.01132,0.01186,0.01076,0.01186,156974.10921782,1861.7129353233452
1653782400,2022-05-29 00:00:00,AMP/EUR,0.01181,0.01197,0.01107,0.01107,17508.80560000,193.822477992
1653868800,2022-05-30 00:00:00,AMP/EUR,0.01196,0.01199,0.01111,0.01160,139598.92483986,1619.347528142376
1653955200,2022-05-31 00:00:00,AMP/EUR,0.01161,0.01259,0.01135,0.01187,175948.76526402,2088.5118436839175
1654041600,2022-06-01 00:00:00,AMP/EUR,0.01166,0.01247,0.01132,0.01132,241793.92058123,2737.1071809795235
1654128000,2022-06-02 00:00:00,AMP/EUR,0.01132,0.01132,0.01132,0.01132,883.39222615,10.000000000018002
1654214400,2022-06-03 00:00:00,AMP/EUR,0.01187,0.01189,0.01068,0.01068,414636.97911036,4428.322936898645
1654300800,2022-06-04 00:00:00,AMP/EUR,0.01183,0.01183,0.01183,0.01183,825.00000000,9.75975
1654387200,2022-06-05 00:00:00,AMP/EUR,0.01071,0.01141,0.01065,0.01065,159080.26124358,1694.2047822441268
1654473600,2022-06-06 00:00:00,AMP/EUR,0.01149,0.01149,0.01148,0.01148,59113.87543518,678.6272899958665
1654560000,2022-06-07 00:00:00,AMP/EUR,0.01085,0.01100,0.01056,0.01100,425481.04109924,4680.29145209164
1654646400,2022-06-08 00:00:00,AMP/EUR,0.01052,0.01098,0.01047,0.01047,150978.51655144,1580.7450682935769
1654732800,2022-06-09 00:00:00,AMP/EUR,0.01034,0.01081,0.01034,0.01081,12765.24630174,137.9923125218094
1654819200,2022-06-10 00:00:00,AMP/EUR,0.01061,0.01080,0.01042,0.01055,197199.59066198,2080.4556814838893
1654905600,2022-06-11 00:00:00,AMP/EUR,0.01038,0.01099,0.00999,0.01010,203427.94092417,2054.622203334117
1654992000,2022-06-12 00:00:00,AMP/EUR,0.00992,0.00992,0.00951,0.00953,69349.35784414,660.8993802546543
1655078400,2022-06-13 00:00:00,AMP/EUR,0.00940,0.01005,0.00777,0.00916,337252.86890076,3089.2362791309615
1655164800,2022-06-14 00:00:00,AMP/EUR,0.00849,0.00989,0.00799,0.00919,391049.12665769,3593.741473984171
1655251200,2022-06-15 00:00:00,AMP/EUR,0.00932,0.00932,0.00817,0.00924,547801.82773875,5061.68888830605
1655337600,2022-06-16 00:00:00,AMP/EUR,0.00919,0.00919,0.00859,0.00859,45783.91275987,393.2838106072833
1655424000,2022-06-17 00:00:00,AMP/EUR,0.00879,0.00899,0.00847,0.00899,154461.04124699,1388.60476081044
1655510400,2022-06-18 00:00:00,AMP/EUR,0.00843,0.00849,0.00717,0.00798,577206.32407105,4606.106466086979
1655596800,2022-06-19 00:00:00,AMP/EUR,0.00798,0.00798,0.00798,0.00798,0.00000000,0.0
1655683200,2022-06-20 00:00:00,AMP/EUR,0.00798,0.00798,0.00798,0.00798,0.00000000,0.0
1655769600,2022-06-21 00:00:00,AMP/EUR,0.00949,0.00950,0.00873,0.00899,219558.29401462,1973.8290631914338
1655856000,2022-06-22 00:00:00,AMP/EUR,0.00850,0.00899,0.00850,0.00855,79578.09506664,680.392712819772
1655942400,2022-06-23 00:00:00,AMP/EUR,0.00989,0.00999,0.00865,0.00999,126581.61364408,1264.5503203043593
1656028800,2022-06-24 00:00:00,AMP/EUR,0.00970,0.00970,0.00970,0.00970,2988.06268956,28.984208088732
1656115200,2022-06-25 00:00:00,AMP/EUR,0.00969,0.00969,0.00882,0.00959,375454.79742844,3600.6115073387396
1656201600,2022-06-26 00:00:00,AMP/EUR,0.00959,0.00959,0.00959,0.00959,0.00000000,0.0
1656288000,2022-06-27 00:00:00,AMP/EUR,0.00955,0.00955,0.00939,0.00939,185545.00000000,1742.2675500000003
1656374400,2022-06-28 00:00:00,AMP/EUR,0.00845,0.00929,0.00819,0.00929,451316.35157504,4192.728906132122
1656460800,2022-06-29 00:00:00,AMP/EUR,0.00929,0.00929,0.00819,0.00819,164700.68683243,1348.8986251576014
1656547200,2022-06-30 00:00:00,AMP/EUR,0.00821,0.01130,0.00795,0.01010,4394401.75430252,44383.45771845545
1656633600,2022-07-01 00:00:00,AMP/EUR,0.01011,0.01045,0.00916,0.00916,314335.43193579,2879.3125565318364
1656720000,2022-07-02 00:00:00,AMP/EUR,0.00916,0.00916,0.00877,0.00877,551805.57714810,4839.334911588837
1656806400,2022-07-03 00:00:00,AMP/EUR,0.00874,0.00970,0.00874,0.00949,173205.19662634,1643.7173159839667
1656892800,2022-07-04 00:00:00,AMP/EUR,0.00949,0.00949,0.00949,0.00949,0.00000000,0.0
1656979200,2022-07-05 00:00:00,AMP/EUR,0.00909,0.00939,0.00909,0.00939,1086237.86274699,10199.773531194238
1657065600,2022-07-06 00:00:00,AMP/EUR,0.00939,0.00939,0.00939,0.00939,0.00000000,0.0
1657152000,2022-07-07 00:00:00,AMP/EUR,0.00910,0.00929,0.00910,0.00929,54304.43605970,504.488210994613
1657238400,2022-07-08 00:00:00,AMP/EUR,0.00917,0.00917,0.00917,0.00917,1855.32897268,17.0133666794756
1657324800,2022-07-09 00:00:00,AMP/EUR,0.00917,0.00917,0.00912,0.00912,608147.06878770,5546.301267343824
1657411200,2022-07-10 00:00:00,AMP/EUR,0.00949,0.00949,0.00925,0.00925,613302.00000000,5673.0435
1657497600,2022-07-11 00:00:00,AMP/EUR,0.00918,0.00918,0.00918,0.00918,2764.41008481,25.377284578555802
1657584000,2022-07-12 00:00:00,AMP/EUR,0.00907,0.00907,0.00876,0.00876,18685.03891899,163.68094093035242
1657670400,2022-07-13 00:00:00,AMP/EUR,0.00872,0.00919,0.00852,0.00858,72037.89643780,618.085151436324
1657756800,2022-07-14 00:00:00,AMP/EUR,0.00865,0.00901,0.00858,0.00900,181419.38061497,1632.7744255347297
1657843200,2022-07-15 00:00:00,AMP/EUR,0.00896,0.00896,0.00896,0.00896,7115.36656270,63.75368440179199
1657929600,2022-07-16 00:00:00,AMP/EUR,0.00896,0.00896,0.00896,0.00896,5552.59417200,49.751243781119996
1658016000,2022-07-17 00:00:00,AMP/EUR,0.00896,0.00896,0.00890,0.00890,17137.15373737,152.520668262593
1658102400,2022-07-18 00:00:00,AMP/EUR,0.00890,0.00906,0.00881,0.00882,521711.58979707,4601.496222010157
1658188800,2022-07-19 00:00:00,AMP/EUR,0.00925,0.00991,0.00891,0.00991,204034.24585986,2021.9793764712128
1658275200,2022-07-20 00:00:00,AMP/EUR,0.00900,0.01040,0.00900,0.00950,612807.73140193,5821.6734483183345
1658361600,2022-07-21 00:00:00,AMP/EUR,0.00909,0.00910,0.00891,0.00905,162298.52930190,1468.8016901821952
1658448000,2022-07-22 00:00:00,AMP/EUR,0.00893,0.01234,0.00876,0.01197,189437.71823974,2267.569487329688
1658534400,2022-07-23 00:00:00,AMP/EUR,0.00968,0.00968,0.00870,0.00900,163922.72349059,1475.30451141531
1658620800,2022-07-24 00:00:00,AMP/EUR,0.00892,0.00892,0.00885,0.00891,58076.75387260,517.4638770048659
1658707200,2022-07-25 00:00:00,AMP/EUR,0.00824,0.00824,0.00824,0.00824,13646.18359792,112.44455284686082
1658793600,2022-07-26 00:00:00,AMP/EUR,0.00821,0.00821,0.00804,0.00814,67317.93016699,547.9679515592986
1658880000,2022-07-27 00:00:00,AMP/EUR,0.00815,0.00935,0.00806,0.00935,145502.71776342,1360.450411087977
1658966400,2022-07-28 00:00:00,AMP/EUR,0.00878,0.00934,0.00874,0.00881,124111.51414787,1093.4224396427346
1659052800,2022-07-29 00:00:00,AMP/EUR,0.00873,0.00894,0.00859,0.00867,1879322.37548656,16293.724995468476
1659139200,2022-07-30 00:00:00,AMP/EUR,0.00873,0.00903,0.00851,0.00881,336786.61488206,2967.0900771109486
1659225600,2022-07-31 00:00:00,AMP/EUR,0.00890,0.00915,0.00885,0.00885,250068.19216489,2213.1035006592765
1659312000,2022-08-01 00:00:00,AMP/EUR,0.00886,0.01070,0.00820,0.00821,2347497.94478964,19272.958126722948
1659398400,2022-08-02 00:00:00,AMP/EUR,0.00821,0.00835,0.00800,0.00812,3891930.76210880,31602.477788323456
1659484800,2022-08-03 00:00:00,AMP/EUR,0.00892,0.00900,0.00800,0.00827,530011.51068500,4383.19519336495
1659571200,2022-08-04 00:00:00,AMP/EUR,0.00818,0.00829,0.00800,0.00819,617942.80597301,5060.951580918952
1659657600,2022-08-05 00:00:00,AMP/EUR,0.00811,0.00829,0.00811,0.00829,186354.73275136,1544.8807345087744
1659744000,2022-08-06 00:00:00,AMP/EUR,0.00839,0.00839,0.00820,0.00820,55224.30634115,452.83931199743
1659830400,2022-08-07 00:00:00,AMP/EUR,0.00820,0.00920,0.00820,0.00825,790022.17231690,6517.682921614425
1659916800,2022-08-08 00:00:00,AMP/EUR,0.00821,0.00848,0.00817,0.00821,482232.03967021,3959.125045692424
1660003200,2022-08-09 00:00:00,AMP/EUR,0.00821,0.00821,0.00800,0.00810,3015001.82885448,24421.514813721285
1660089600,2022-08-10 00:00:00,AMP/EUR,0.00800,0.00800,0.00800,0.00800,55438.34771886,443.50678175088
1660176000,2022-08-11 00:00:00,AMP/EUR,0.00822,0.00834,0.00821,0.00834,105062.96379608,876.2251180593072
1660262400,2022-08-12 00:00:00,AMP/EUR,0.00834,0.00834,0.00834,0.00834,0.00000000,0.0
1660348800,2022-08-13 00:00:00,AMP/EUR,0.00834,0.00850,0.00801,0.00815,28467.99884246,232.014190566049
1660435200,2022-08-14 00:00:00,AMP/EUR,0.00870,0.00870,0.00814,0.00814,96155.89854044,782.7090141191816
1660521600,2022-08-15 00:00:00,AMP/EUR,0.00808,0.00815,0.00801,0.00815,313138.42092000,2552.0781304979996
1660608000,2022-08-16 00:00:00,AMP/EUR,0.00815,0.00815,0.00801,0.00815,191315.84023787,1559.2240979386404
1660694400,2022-08-17 00:00:00,AMP/EUR,0.00815,0.00815,0.00777,0.00777,55504.43667144,431.26947293708884
1660780800,2022-08-18 00:00:00,AMP/EUR,0.00787,0.00815,0.00777,0.00777,304455.22972953,2365.617134998448
1660867200,2022-08-19 00:00:00,AMP/EUR,0.00777,0.00810,0.00710,0.00810,126910.07951184,1027.971644045904
1660953600,2022-08-20 00:00:00,AMP/EUR,0.00810,0.00810,0.00810,0.00810,3370.00000000,27.296999999999997
1661040000,2022-08-21 00:00:00,AMP/EUR,0.00810,0.00810,0.00810,0.00810,0.00000000,0.0
1661126400,2022-08-22 00:00:00,AMP/EUR,0.00713,0.00799,0.00710,0.00710,1871098.41840592,13284.798770682033
1661212800,2022-08-23 00:00:00,AMP/EUR,0.00711,0.00789,0.00700,0.00704,1629164.02692363,11469.314749542355
1661299200,2022-08-24 00:00:00,AMP/EUR,0.00704,0.00775,0.00699,0.00711,304580.86899331,2165.5699785424345
1661385600,2022-08-25 00:00:00,AMP/EUR,0.00700,0.00707,0.00700,0.00707,219144.27157000,1549.3499999999
1661472000,2022-08-26 00:00:00,AMP/EUR,0.00703,0.00703,0.00668,0.00674,234148.57925349,1578.1614241685227
1661558400,2022-08-27 00:00:00,AMP/EUR,0.00674,0.00674,0.00674,0.00674,0.00000000,0.0
1661644800,2022-08-28 00:00:00,AMP/EUR,0.00697,0.00697,0.00657,0.00658,161107.19285022,1060.0853289544475
1661731200,2022-08-29 00:00:00,AMP/EUR,0.00634,0.00649,0.00634,0.00640,325234.46682729,2081.500587694656
1661817600,2022-08-30 00:00:00,AMP/EUR,0.00633,0.00633,0.00612,0.00625,432836.40287296,2705.227517956
1661904000,2022-08-31 00:00:00,AMP/EUR,0.00639,0.00639,0.00625,0.00625,782111.01941713,4888.193871357063
1661990400,2022-09-01 00:00:00,AMP/EUR,0.00652,0.00652,0.00611,0.00619,200639.38021049,1241.9577635029332
1662076800,2022-09-02 00:00:00,AMP/EUR,0.00610,0.00611,0.00605,0.00605,350658.85534014,2121.4860748078468
1662163200,2022-09-03 00:00:00,AMP/EUR,0.00605,0.00609,0.00601,0.00609,444450.51055375,2706.7036092723374
1662249600,2022-09-04 00:00:00,AMP/EUR,0.00609,0.00609,0.00609,0.00609,0.00000000,0.0
1662336000,2022-09-05 00:00:00,AMP/EUR,0.00605,0.00619,0.00605,0.00610,249248.02915420,1520.41297784062
1662422400,2022-09-06 00:00:00,AMP/EUR,0.00601,0.00704,0.00580,0.00580,565393.85822531,3279.284377706798
1662508800,2022-09-07 00:00:00,AMP/EUR,0.00557,0.00704,0.00555,0.00563,140858.55809897,793.0336820972011
1662595200,2022-09-08 00:00:00,AMP/EUR,0.00563,0.00618,0.00554,0.00560,774790.00253898,4338.824014218288
1662681600,2022-09-09 00:00:00,AMP/EUR,0.00600,0.00659,0.00579,0.00600,1424307.77602648,8545.84665615888
1662768000,2022-09-10 00:00:00,AMP/EUR,0.00600,0.00609,0.00574,0.00574,624364.77200531,3583.8537913104797
1662854400,2022-09-11 00:00:00,AMP/EUR,0.00623,0.00795,0.00617,0.00662,4706319.17505435,31155.832938859796
1662940800,2022-09-12 00:00:00,AMP/EUR,0.00612,0.00700,0.00591,0.00610,10343306.79567207,63094.17145359963
1663027200,2022-09-13 00:00:00,AMP/EUR,0.00601,0.00619,0.00567,0.00581,1487584.39796298,8642.865352164914
1663113600,2022-09-14 00:00:00,AMP/EUR,0.00581,0.00600,0.00547,0.00567,3054751.01326051,17320.43824518709
1663200000,2022-09-15 00:00:00,AMP/EUR,0.00566,0.00620,0.00539,0.00539,1160387.47675374,6254.488499702659
1663286400,2022-09-16 00:00:00,AMP/EUR,0.00546,0.00589,0.00524,0.00529,504255.78530547,2667.5131042659364
1663372800,2022-09-17 00:00:00,AMP/EUR,0.00579,0.00579,0.00538,0.00539,867478.56534263,4675.709467196776
1663459200,2022-09-18 00:00:00,AMP/EUR,0.00538,0.00564,0.00484,0.00500,1485870.19639958,7429.3509819979
1663545600,2022-09-19 00:00:00,AMP/EUR,0.00502,0.00543,0.00489,0.00500,1416300.52843133,7081.502642156651
1663632000,2022-09-20 00:00:00,AMP/EUR,0.00497,0.00497,0.00487,0.00487,715276.10163699,3483.3946149721414
1663718400,2022-09-21 00:00:00,AMP/EUR,0.00519,0.00542,0.00492,0.00492,1603649.77409054,7889.956888525456
1663804800,2022-09-22 00:00:00,AMP/EUR,0.00529,0.00530,0.00500,0.00501,404139.14780280,2024.737130492028
1663891200,2022-09-23 00:00:00,AMP/EUR,0.00528,0.00539,0.00504,0.00508,272763.74424870,1385.639820783396
1663977600,2022-09-24 00:00:00,AMP/EUR,0.00508,0.00514,0.00501,0.00510,611303.42393487,3117.6474620678373
1664064000,2022-09-25 00:00:00,AMP/EUR,0.00510,0.00510,0.00501,0.00501,1503132.53000105,7530.69397530526
1664150400,2022-09-26 00:00:00,AMP/EUR,0.00502,0.00503,0.00478,0.00503,109625.70679506,551.4173051791518
1664236800,2022-09-27 00:00:00,AMP/EUR,0.00503,0.00512,0.00500,0.00509,58881.62520180,299.707472277162
1664323200,2022-09-28 00:00:00,AMP/EUR,0.00500,0.00500,0.00479,0.00479,2108.55949896,10.1000000000184
1664409600,2022-09-29 00:00:00,AMP/EUR,0.00527,0.00537,0.00490,0.00490,332625.41736203,1629.864545073947
1664496000,2022-09-30 00:00:00,AMP/EUR,0.00491,0.00550,0.00491,0.00497,2191756.97013275,10893.032141559766
1664582400,2022-10-01 00:00:00,AMP/EUR,0.00504,0.00540,0.00504,0.00515,580750.48560016,2990.865000840824
1664668800,2022-10-02 00:00:00,AMP/EUR,0.00504,0.00504,0.00504,0.00504,58265.67915301,293.6590229311704
1664755200,2022-10-03 00:00:00,AMP/EUR,0.00508,0.00509,0.00508,0.00509,250000.00000000,1272.5
1664841600,2022-10-04 00:00:00,AMP/EUR,0.00529,0.00575,0.00505,0.00509,388253.83337968,1976.2120119025712
1664928000,2022-10-05 00:00:00,AMP/EUR,0.00509,0.00523,0.00509,0.00523,294544.52062870,1540.467842888101
1665014400,2022-10-06 00:00:00,AMP/EUR,0.00522,0.00524,0.00522,0.00524,186647.55463376,978.0331862809024
1665100800,2022-10-07 00:00:00,AMP/EUR,0.00522,0.00524,0.00522,0.00524,120000.00000000,628.8
1665187200,2022-10-08 00:00:00,AMP/EUR,0.00522,0.00524,0.00522,0.00524,57000.00000000,298.68
1665273600,2022-10-09 00:00:00,AMP/EUR,0.00523,0.00523,0.00523,0.00523,125000.00000000,653.75
1665360000,2022-10-10 00:00:00,AMP/EUR,0.00510,0.00510,0.00502,0.00502,1214940.55333714,6099.001577752443
1665446400,2022-10-11 00:00:00,AMP/EUR,0.00497,0.00510,0.00488,0.00510,574999.73545338,2932.4986508122383
1665532800,2022-10-12 00:00:00,AMP/EUR,0.00484,0.00567,0.00483,0.00509,3010747.56041998,15324.705082537697
1665619200,2022-10-13 00:00:00,AMP/EUR,0.00509,0.00509,0.00479,0.00496,1786252.00605091,8859.809950012514
1665705600,2022-10-14 00:00:00,AMP/EUR,0.00497,0.00512,0.00497,0.00512,285309.00000000,1460.7820800000002
1665792000,2022-10-15 00:00:00,AMP/EUR,0.00529,0.00529,0.00501,0.00502,353519.98183568,1774.6703088151137
1665878400,2022-10-16 00:00:00,AMP/EUR,0.00514,0.00514,0.00509,0.00509,282482.01988072,1437.8334811928648
1665964800,2022-10-17 00:00:00,AMP/EUR,0.00511,0.00531,0.00505,0.00510,394543.78220557,2012.1732892484072
1666051200,2022-10-18 00:00:00,AMP/EUR,0.00509,0.00550,0.00495,0.00504,258862.19480162,1304.6654618001648
1666137600,2022-10-19 00:00:00,AMP/EUR,0.00527,0.00527,0.00493,0.00499,323549.85514523,1614.5137771746977
1666224000,2022-10-20 00:00:00,AMP/EUR,0.00526,0.00530,0.00499,0.00505,330450.87858353,1668.7769368468266
1666310400,2022-10-21 00:00:00,AMP/EUR,0.00512,0.00528,0.00478,0.00505,716461.78477216,3618.1320130994077
1666396800,2022-10-22 00:00:00,AMP/EUR,0.00497,0.00601,0.00497,0.00500,1557389.83787182,7786.9491893591
1666483200,2022-10-23 00:00:00,AMP/EUR,0.00497,0.00502,0.00478,0.00502,356819.71980034,1791.2349933977068
1666569600,2022-10-24 00:00:00,AMP/EUR,0.00498,0.00547,0.00492,0.00493,878767.54979219,4332.324020475497
1666656000,2022-10-25 00:00:00,AMP/EUR,0.00485,0.00494,0.00482,0.00494,24103.74513387,119.0725009613178
1666742400,2022-10-26 00:00:00,AMP/EUR,0.00492,0.00499,0.00480,0.00489,276195.23621881,1350.594705109981
1666828800,2022-10-27 00:00:00,AMP/EUR,0.00488,0.00493,0.00488,0.00493,81179.46280990,400.214751652807
1666915200,2022-10-28 00:00:00,AMP/EUR,0.00486,0.00493,0.00486,0.00486,620000.00000000,3013.2
1667001600,2022-10-29 00:00:00,AMP/EUR,0.00493,0.00496,0.00486,0.00486,5613837.31897398,27283.24937021354
1667088000,2022-10-30 00:00:00,AMP/EUR,0.00493,0.00519,0.00493,0.00501,430873.33299265,2158.6753982931764
1667174400,2022-10-31 00:00:00,AMP/EUR,0.00491,0.00492,0.00490,0.00490,57722.41098911,282.839813846639
1667260800,2022-11-01 00:00:00,AMP/EUR,0.00487,0.00487,0.00487,0.00487,2145.00000000,10.446150000000001
1667347200,2022-11-02 00:00:00,AMP/EUR,0.00485,0.00492,0.00485,0.00488,167902.57037376,819.3645434239488
1667433600,2022-11-03 00:00:00,AMP/EUR,0.00503,0.00508,0.00501,0.00508,501933.03817334,2549.8198339205674
1667520000,2022-11-04 00:00:00,AMP/EUR,0.00503,0.00517,0.00503,0.00514,342579.97738118,1760.861083739265
1667606400,2022-11-05 00:00:00,AMP/EUR,0.00511,0.00522,0.00507,0.00522,535174.65128563,2793.611679710988
1667692800,2022-11-06 00:00:00,AMP/EUR,0.00522,0.00580,0.00522,0.00575,286277.15131686,1646.093620071945
1667779200,2022-11-07 00:00:00,AMP/EUR,0.00575,0.00575,0.00478,0.00478,723749.88167378,3459.5244344006687
1667865600,2022-11-08 00:00:00,AMP/EUR,0.00478,0.00519,0.00454,0.00454,472151.09407405,2143.565967096187
1667952000,2022-11-09 00:00:00,AMP/EUR,0.00494,0.00549,0.00378,0.00378,427299.51240689,1615.1921568980442
1668038400,2022-11-10 00:00:00,AMP/EUR,0.00449,0.00449,0.00411,0.00411,927295.53382335,3811.1846440139684
1668124800,2022-11-11 00:00:00,AMP/EUR,0.00399,0.00419,0.00378,0.00378,277457.61443279,1048.7897825559462
1668211200,2022-11-12 00:00:00,AMP/EUR,0.00378,0.00378,0.00378,0.00378,0.00000000,0.0
1668297600,2022-11-13 00:00:00,AMP/EUR,0.00389,0.00389,0.00375,0.00375,84357.63012014,316.34111295052503
1668384000,2022-11-14 00:00:00,AMP/EUR,0.00433,0.00499,0.00433,0.00450,273359.42958843,1230.117433147935
1668470400,2022-11-15 00:00:00,AMP/EUR,0.00487,0.00489,0.00352,0.00352,247502.58200000,871.20908864
1668556800,2022-11-16 00:00:00,AMP/EUR,0.00361,0.00444,0.00354,0.00444,371329.98427963,1648.7051302015573
1668643200,2022-11-17 00:00:00,AMP/EUR,0.00444,0.00444,0.00356,0.00429,117835.12432343,505.5126833475148
1668729600,2022-11-18 00:00:00,AMP/EUR,0.00409,0.00464,0.00360,0.00365,1150995.78815536,4201.134626767063
1668816000,2022-11-19 00:00:00,AMP/EUR,0.00365,0.00380,0.00360,0.00362,1318958.96404448,4774.6314498410175
1668902400,2022-11-20 00:00:00,AMP/EUR,0.00362,0.00362,0.00353,0.00353,30672.96348713,108.27556110956891
1668988800,2022-11-21 00:00:00,AMP/EUR,0.00353,0.00384,0.00351,0.00352,90640.77788797,319.0555381656544
1669075200,2022-11-22 00:00:00,AMP/EUR,0.00352,0.00379,0.00340,0.00359,653731.41033758,2346.8957631119124
1669161600,2022-11-23 00:00:00,AMP/EUR,0.00345,0.00375,0.00332,0.00346,347325.15579928,1201.7450390655088
1669248000,2022-11-24 00:00:00,AMP/EUR,0.00369,0.00370,0.00369,0.00370,7800.00000000,28.860000000000003
1669334400,2022-11-25 00:00:00,AMP/EUR,0.00340,0.00340,0.00324,0.00326,793323.17435671,2586.2335484028745
1669420800,2022-11-26 00:00:00,AMP/EUR,0.00325,0.00349,0.00325,0.00349,438864.10686166,1531.6357329471934
1669507200,2022-11-27 00:00:00,AMP/EUR,0.00348,0.00349,0.00348,0.00349,61000.00000000,212.89000000000001
1669593600,2022-11-28 00:00:00,AMP/EUR,0.00332,0.00348,0.00329,0.00348,241547.35874711,840.5848084399428
1669680000,2022-11-29 00:00:00,AMP/EUR,0.00378,0.00380,0.00350,0.00379,150000.00000000,568.5
1669766400,2022-11-30 00:00:00,AMP/EUR,0.00370,0.00390,0.00337,0.00337,90689.00000000,305.62193
1669852800,2022-12-01 00:00:00,AMP/EUR,0.00347,0.00350,0.00347,0.00349,444306.29479660,1550.6289688401341
1669939200,2022-12-02 00:00:00,AMP/EUR,0.00342,0.00350,0.00339,0.00350,145632.22400000,509.71278399999994
1670025600,2022-12-03 00:00:00,AMP/EUR,0.00350,0.00350,0.00350,0.00350,14285.71428571,49.999999999985
1670112000,2022-12-04 00:00:00,AMP/EUR,0.00350,0.00350,0.00336,0.00341,393808.15685004,1342.8858148586364
1670198400,2022-12-05 00:00:00,AMP/EUR,0.00350,0.00379,0.00334,0.00334,146193.83600000,488.28741224000004
1670284800,2022-12-06 00:00:00,AMP/EUR,0.00360,0.00480,0.00336,0.00337,1334463.68697156,4497.142625094157
1670371200,2022-12-07 00:00:00,AMP/EUR,0.00337,0.00393,0.00321,0.00325,463240.80097159,1505.5326031576674
1670457600,2022-12-08 00:00:00,AMP/EUR,0.00354,0.00379,0.00321,0.00321,376100.00000000,1207.2810000000002
1670544000,2022-12-09 00:00:00,AMP/EUR,0.00328,0.00339,0.00326,0.00326,520730.47830820,1697.5813592847321
1670630400,2022-12-10 00:00:00,AMP/EUR,0.00331,0.00370,0.00331,0.00340,619133.17540645,2105.05279638193
1670716800,2022-12-11 00:00:00,AMP/EUR,0.00340,0.00340,0.00340,0.00340,0.00000000,0.0
1670803200,2022-12-12 00:00:00,AMP/EUR,0.00330,0.00330,0.00329,0.00329,10928.03030303,35.9532196969687
1670889600,2022-12-13 00:00:00,AMP/EUR,0.00322,0.00335,0.00320,0.00320,304934.83131170,975.7914601974401
1670976000,2022-12-14 00:00:00,AMP/EUR,0.00329,0.00331,0.00329,0.00331,20236.51367781,66.9828602735511
1671062400,2022-12-15 00:00:00,AMP/EUR,0.00316,0.00347,0.00308,0.00309,714126.66913287,2206.6514076205685
1671148800,2022-12-16 00:00:00,AMP/EUR,0.00311,0.00311,0.00300,0.00300,530777.85823082,1592.3335746924602
1671235200,2022-12-17 00:00:00,AMP/EUR,0.00300,0.00351,0.00300,0.00328,1983655.77471183,6506.390941054802
1671321600,2022-12-18 00:00:00,AMP/EUR,0.00327,0.00334,0.00301,0.00306,1783581.86488485,5457.760506547641
1671408000,2022-12-19 00:00:00,AMP/EUR,0.00304,0.00304,0.00295,0.00299,249174.57735377,745.0319862877723
1671494400,2022-12-20 00:00:00,AMP/EUR,0.00301,0.00329,0.00301,0.00309,158735.72801914,490.49339957914253
1671580800,2022-12-21 00:00:00,AMP/EUR,0.00319,0.00331,0.00309,0.00331,375000.00000000,1241.25
1671667200,2022-12-22 00:00:00,AMP/EUR,0.00300,0.00300,0.00300,0.00300,145005.00000000,435.015
1671753600,2022-12-23 00:00:00,AMP/EUR,0.00315,0.00325,0.00300,0.00300,307681.11161020,923.0433348306001
1671840000,2022-12-24 00:00:00,AMP/EUR,0.00320,0.00321,0.00301,0.00301,160230.08469750,482.292554939475
1671926400,2022-12-25 00:00:00,AMP/EUR,0.00302,0.00302,0.00302,0.00302,48000.00000000,144.96
1672012800,2022-12-26 00:00:00,AMP/EUR,0.00303,0.00303,0.00295,0.00300,296281.98485749,888.84595457247
1672099200,2022-12-27 00:00:00,AMP/EUR,0.00300,0.00300,0.00300,0.00300,23001.32802124,69.00398406372
1672185600,2022-12-28 00:00:00,AMP/EUR,0.00299,0.00300,0.00299,0.00300,115200.00000000,345.6
1672272000,2022-12-29 00:00:00,AMP/EUR,0.00300,0.00300,0.00300,0.00300,4000.00000000,12.0
1672358400,2022-12-30 00:00:00,AMP/EUR,0.00300,0.00312,0.00294,0.00294,117190.00000000,344.5386
1672444800,2022-12-31 00:00:00,AMP/EUR,0.00294,0.00294,0.00294,0.00294,0.00000000,0.0
1672531200,2023-01-01 00:00:00,AMP/EUR,0.00294,0.00294,0.00294,0.00294,0.00000000,0.0
1672617600,2023-01-02 00:00:00,AMP/EUR,0.00321,0.00321,0.00321,0.00321,10000.00000000,32.1
1672704000,2023-01-03 00:00:00,AMP/EUR,0.00300,0.00300,0.00300,0.00300,67554.13839928,202.66241519784
1672790400,2023-01-04 00:00:00,AMP/EUR,0.00318,0.00321,0.00300,0.00300,212229.00000001,636.68700000003
1672876800,2023-01-05 00:00:00,AMP/EUR,0.00300,0.00310,0.00300,0.00310,21752.09853311,67.43150545264099
1672963200,2023-01-06 00:00:00,AMP/EUR,0.00300,0.00309,0.00299,0.00299,227621.94282668,680.5896090517732
1673049600,2023-01-07 00:00:00,AMP/EUR,0.00299,0.00299,0.00299,0.00299,0.00000000,0.0
1673136000,2023-01-08 00:00:00,AMP/EUR,0.00324,0.00324,0.00313,0.00314,109389.20402580,343.48210064101204
1673222400,2023-01-09 00:00:00,AMP/EUR,0.00313,0.00326,0.00313,0.00325,45329.61631375,147.32125301968748
1673308800,2023-01-10 00:00:00,AMP/EUR,0.00325,0.00341,0.00325,0.00338,643957.06594212,2176.5748828843657
1673395200,2023-01-11 00:00:00,AMP/EUR,0.00339,0.00340,0.00328,0.00328,908274.67632752,2979.140938354266
1673481600,2023-01-12 00:00:00,AMP/EUR,0.00328,0.00340,0.00323,0.00340,543109.93226358,1846.5737696961721
1673568000,2023-01-13 00:00:00,AMP/EUR,0.00327,0.00349,0.00327,0.00342,417104.53864321,1426.497522159778
1673654400,2023-01-14 00:00:00,AMP/EUR,0.00351,0.00387,0.00349,0.00385,535592.06787099,2062.0294613033116
1673740800,2023-01-15 00:00:00,AMP/EUR,0.00385,0.00385,0.00385,0.00385,0.00000000,0.0
1673827200,2023-01-16 00:00:00,AMP/EUR,0.00385,0.00555,0.00385,0.00555,7978474.93591740,44280.53589434157
1673913600,2023-01-17 00:00:00,AMP/EUR,0.00548,0.00555,0.00454,0.00484,6195299.64225552,29985.250268516716
1674000000,2023-01-18 00:00:00,AMP/EUR,0.00470,0.00484,0.00413,0.00425,2484668.62237626,10559.841645099104
1674086400,2023-01-19 00:00:00,AMP/EUR,0.00428,0.00428,0.00411,0.00425,791642.90836754,3364.4823605620454
1674172800,2023-01-20 00:00:00,AMP/EUR,0.00425,0.00460,0.00391,0.00456,4255181.01941120,19403.62544851507
1674259200,2023-01-21 00:00:00,AMP/EUR,0.00454,0.00479,0.00449,0.00453,1253466.80385723,5678.204621473253
1674345600,2023-01-22 00:00:00,AMP/EUR,0.00450,0.00460,0.00435,0.00441,1412831.03410751,6230.584860414119
1674432000,2023-01-23 00:00:00,AMP/EUR,0.00440,0.00470,0.00440,0.00458,926464.52753407,4243.207536106041
1674518400,2023-01-24 00:00:00,AMP/EUR,0.00457,0.00458,0.00444,0.00444,2021506.57085231,8975.489174584256
1674604800,2023-01-25 00:00:00,AMP/EUR,0.00441,0.00468,0.00437,0.00468,1082928.22402815,5068.104088451742
1674691200,2023-01-26 00:00:00,AMP/EUR,0.00446,0.00446,0.00438,0.00440,272843.75115418,1200.512505078392
1674777600,2023-01-27 00:00:00,AMP/EUR,0.00436,0.00448,0.00418,0.00448,576211.19882191,2581.4261707221563
1674864000,2023-01-28 00:00:00,AMP/EUR,0.00445,0.00445,0.00438,0.00438,508765.54254177,2228.3930763329527
1674950400,2023-01-29 00:00:00,AMP/EUR,0.00441,0.00445,0.00440,0.00445,150627.89013016,670.294111079212
1675036800,2023-01-30 00:00:00,AMP/EUR,0.00443,0.00443,0.00402,0.00421,693717.27093169,2920.549710622415
1675123200,2023-01-31 00:00:00,AMP/EUR,0.00425,0.00443,0.00422,0.00422,1417123.40591728,5980.260772970921
1675209600,2023-02-01 00:00:00,AMP/EUR,0.00419,0.00437,0.00407,0.00424,379465.90409442,1608.9354333603408
1675296000,2023-02-02 00:00:00,AMP/EUR,0.00430,0.00443,0.00426,0.00435,1032941.90022077,4493.297265960349
1675382400,2023-02-03 00:00:00,AMP/EUR,0.00436,0.00450,0.00430,0.00438,688069.84598769,3013.7459254260825
1675468800,2023-02-04 00:00:00,AMP/EUR,0.00440,0.00445,0.00431,0.00443,836554.55822435,3705.9366929338703
1675555200,2023-02-05 00:00:00,AMP/EUR,0.00443,0.00470,0.00437,0.00445,1100639.49860480,4897.845768791361
1675641600,2023-02-06 00:00:00,AMP/EUR,0.00447,0.00447,0.00437,0.00437,423532.46229868,1850.8368602452315
1675728000,2023-02-07 00:00:00,AMP/EUR,0.00442,0.00476,0.00442,0.00476,491795.10515483,2340.9447005369907
1675814400,2023-02-08 00:00:00,AMP/EUR,0.00483,0.00493,0.00452,0.00459,2363060.42150900,10846.44733472631
1675900800,2023-02-09 00:00:00,AMP/EUR,0.00464,0.00465,0.00419,0.00419,569700.99281932,2387.0471599129505
1675987200,2023-02-10 00:00:00,AMP/EUR,0.00427,0.00445,0.00427,0.00445,213027.12735353,947.9707167232085
1676073600,2023-02-11 00:00:00,AMP/EUR,0.00440,0.00441,0.00440,0.00441,17242.69662921,76.0402921348161
1676160000,2023-02-12 00:00:00,AMP/EUR,0.00436,0.00449,0.00417,0.00446,855712.64346834,3816.478389868797
1676246400,2023-02-13 00:00:00,AMP/EUR,0.00445,0.00445,0.00415,0.00415,456656.83205063,1895.1258530101145
1676332800,2023-02-14 00:00:00,AMP/EUR,0.00417,0.00433,0.00417,0.00433,762995.28590986,3303.7695879896937
1676419200,2023-02-15 00:00:00,AMP/EUR,0.00433,0.00473,0.00433,0.00473,95471.90563567,451.5821136567191
1676505600,2023-02-16 00:00:00,AMP/EUR,0.00451,0.00451,0.00451,0.00451,82609.00000000,372.56659
1676592000,2023-02-17 00:00:00,AMP/EUR,0.00450,0.00450,0.00442,0.00442,35216.78838750,155.65820467275
1676678400,2023-02-18 00:00:00,AMP/EUR,0.00446,0.00449,0.00431,0.00445,1299906.16498969,5784.582434204121
1676764800,2023-02-19 00:00:00,AMP/EUR,0.00452,0.00474,0.00449,0.00449,111110.01203757,498.88395404868936
1676851200,2023-02-20 00:00:00,AMP/EUR,0.00450,0.00506,0.00444,0.00483,1046871.92868429,5056.391415545121
1676937600,2023-02-21 00:00:00,AMP/EUR,0.00489,0.00590,0.00474,0.00510,2498712.25537439,12743.43250240939
1677024000,2023-02-22 00:00:00,AMP/EUR,0.00514,0.00601,0.00487,0.00578,2441420.92267925,14111.412933086067
1677110400,2023-02-23 00:00:00,AMP/EUR,0.00598,0.00829,0.00592,0.00641,4174650.76499920,26759.511403644872
1677196800,2023-02-24 00:00:00,AMP/EUR,0.00675,0.00724,0.00622,0.00660,2664254.14211096,17584.077337932336
1677283200,2023-02-25 00:00:00,AMP/EUR,0.00647,0.00649,0.00543,0.00578,2318200.73679239,13399.200258660014
1677369600,2023-02-26 00:00:00,AMP/EUR,0.00579,0.00599,0.00539,0.00560,969288.65686902,5428.016478466512
1677456000,2023-02-27 00:00:00,AMP/EUR,0.00580,0.00664,0.00522,0.00536,1689079.65195597,9053.466934484
1677542400,2023-02-28 00:00:00,AMP/EUR,0.00530,0.00548,0.00500,0.00500,1902844.96521722,9514.2248260861
1677628800,2023-03-01 00:00:00,AMP/EUR,0.00505,0.00533,0.00504,0.00504,586982.16023595,2958.390087589188
1677715200,2023-03-02 00:00:00,AMP/EUR,0.00518,0.00518,0.00488,0.00514,1058782.50610655,5442.1420813876675
1677801600,2023-03-03 00:00:00,AMP/EUR,0.00495,0.00500,0.00465,0.00473,1199596.20312738,5674.090040792507
1677888000,2023-03-04 00:00:00,AMP/EUR,0.00475,0.00496,0.00475,0.00490,365534.23994863,1791.117775748287
1677974400,2023-03-05 00:00:00,AMP/EUR,0.00485,0.00485,0.00474,0.00474,58580.19328965,277.670116192941
1678060800,2023-03-06 00:00:00,AMP/EUR,0.00465,0.00469,0.00450,0.00450,1018584.67277434,4583.63102748453
1678147200,2023-03-07 00:00:00,AMP/EUR,0.00456,0.00462,0.00435,0.00442,518677.55043771,2292.5547729346786
1678233600,2023-03-08 00:00:00,AMP/EUR,0.00443,0.00443,0.00400,0.00417,1760320.16559789,7340.5350905432015
1678320000,2023-03-09 00:00:00,AMP/EUR,0.00406,0.00470,0.00400,0.00411,1144989.23192980,4705.905743231478
1678406400,2023-03-10 00:00:00,AMP/EUR,0.00415,0.00415,0.00383,0.00394,906478.01869211,3571.523393646913
1678492800,2023-03-11 00:00:00,AMP/EUR,0.00392,0.00410,0.00388,0.00410,34532.71858306,141.58414619054602
1678579200,2023-03-12 00:00:00,AMP/EUR,0.00389,0.00389,0.00389,0.00389,241564.87900000,939.6873793099999
1678665600,2023-03-13 00:00:00,AMP/EUR,0.00389,0.00389,0.00389,0.00389,0.00000000,0.0
1678752000,2023-03-14 00:00:00,AMP/EUR,0.00398,0.00453,0.00398,0.00427,1315549.90169173,5617.398080223687
1678838400,2023-03-15 00:00:00,AMP/EUR,0.00427,0.00427,0.00386,0.00386,183160.09440458,706.9979644016789
1678924800,2023-03-16 00:00:00,AMP/EUR,0.00386,0.00401,0.00378,0.00399,980248.39048002,3911.1910780152793
1679011200,2023-03-17 00:00:00,AMP/EUR,0.00420,0.00420,0.00388,0.00388,414082.22563215,1606.639035452742
1679097600,2023-03-18 00:00:00,AMP/EUR,0.00409,0.00410,0.00388,0.00388,1433251.97104160,5561.017647641408
1679184000,2023-03-19 00:00:00,AMP/EUR,0.00388,0.00388,0.00388,0.00388,0.00000000,0.0
1679270400,2023-03-20 00:00:00,AMP/EUR,0.00389,0.00389,0.00384,0.00384,591753.15718740,2272.3321235996164
1679356800,2023-03-21 00:00:00,AMP/EUR,0.00384,0.00384,0.00368,0.00372,167836.80520008,624.3529153442977
1679443200,2023-03-22 00:00:00,AMP/EUR,0.00379,0.00398,0.00347,0.00347,170784.07908581,592.6207544277606
1679529600,2023-03-23 00:00:00,AMP/EUR,0.00382,0.00390,0.00375,0.00375,89469.14292022,335.50928595082496
1679616000,2023-03-24 00:00:00,AMP/EUR,0.00376,0.00389,0.00376,0.00389,131180.09327373,510.29056283480963
1679702400,2023-03-25 00:00:00,AMP/EUR,0.00395,0.00395,0.00348,0.00348,570585.74431351,1985.638390211015
1679788800,2023-03-26 00:00:00,AMP/EUR,0.00394,0.00448,0.00361,0.00361,298184.49368717,1076.4460222106836
1679875200,2023-03-27 00:00:00,AMP/EUR,0.00361,0.00361,0.00340,0.00344,361051.24653739,1242.0162880886216
1679961600,2023-03-28 00:00:00,AMP/EUR,0.00330,0.00400,0.00330,0.00400,780148.55140563,3120.59420562252
1680048000,2023-03-29 00:00:00,AMP/EUR,0.00342,0.00374,0.00342,0.00342,1505292.90279974,5148.10172757511
1680134400,2023-03-30 00:00:00,AMP/EUR,0.00345,0.00375,0.00330,0.00350,1506740.37178180,5273.5913012363
1680220800,2023-03-31 00:00:00,AMP/EUR,0.00353,0.00353,0.00338,0.00346,1200724.62844927,4154.507214434474
1680307200,2023-04-01 00:00:00,AMP/EUR,0.00349,0.00349,0.00345,0.00345,31452.92031354,108.512575081713
1680393600,2023-04-02 00:00:00,AMP/EUR,0.00354,0.00373,0.00341,0.00341,516552.40124005,1761.4436882285704
1680480000,2023-04-03 00:00:00,AMP/EUR,0.00341,0.00357,0.00338,0.00338,176520.85986760,596.640506352488
1680566400,2023-04-04 00:00:00,AMP/EUR,0.00348,0.00349,0.00340,0.00344,982434.25988870,3379.573854017128
1680652800,2023-04-05 00:00:00,AMP/EUR,0.00347,0.00350,0.00343,0.00346,503964.56754565,1743.717403707949
1680739200,2023-04-06 00:00:00,AMP/EUR,0.00343,0.00364,0.00341,0.00343,499194.71280205,1712.2378649110315
1680825600,2023-04-07 00:00:00,AMP/EUR,0.00341,0.00343,0.00340,0.00340,37905.19797734,128.877673122956
1680912000,2023-04-08 00:00:00,AMP/EUR,0.00342,0.00371,0.00342,0.00345,505931.74965143,1745.4645362974334
1680998400,2023-04-09 00:00:00,AMP/EUR,0.00341,0.00344,0.00338,0.00341,488762.75795404,1666.6810046232763
1681084800,2023-04-10 00:00:00,AMP/EUR,0.00342,0.00345,0.00340,0.00344,370667.02110780,1275.0945526108321
1681171200,2023-04-11 00:00:00,AMP/EUR,0.00348,0.00353,0.00344,0.00345,865474.29686285,2985.886324176832
1681257600,2023-04-12 00:00:00,AMP/EUR,0.00344,0.00344,0.00339,0.00343,750268.72874791,2573.4217396053314
1681344000,2023-04-13 00:00:00,AMP/EUR,0.00341,0.00370,0.00341,0.00369,745124.87184197,2749.5107770968693
1681430400,2023-04-14 00:00:00,AMP/EUR,0.00344,0.00349,0.00343,0.00349,536142.81461192,1871.1384229956009
1681516800,2023-04-15 00:00:00,AMP/EUR,0.00353,0.00382,0.00353,0.00369,825554.04927150,3046.294441811835
1681603200,2023-04-16 00:00:00,AMP/EUR,0.00367,0.00367,0.00363,0.00363,505476.64604078,1834.8802251280315
1681689600,2023-04-17 00:00:00,AMP/EUR,0.00363,0.00363,0.00352,0.00356,310132.34269355,1104.0711399890379
1681776000,2023-04-18 00:00:00,AMP/EUR,0.00352,0.00364,0.00352,0.00358,799654.18151929,2862.761969839058
1681862400,2023-04-19 00:00:00,AMP/EUR,0.00349,0.00359,0.00339,0.00349,838108.84047062,2924.999853242464
1681948800,2023-04-20 00:00:00,AMP/EUR,0.00343,0.00343,0.00339,0.00339,680722.85779492,2307.6504879247786
1682035200,2023-04-21 00:00:00,AMP/EUR,0.00333,0.00334,0.00319,0.00320,1459258.60320148,4669.627530244736
1682121600,2023-04-22 00:00:00,AMP/EUR,0.00318,0.00318,0.00315,0.00315,196090.33085740,617.68454220081
1682208000,2023-04-23 00:00:00,AMP/EUR,0.00324,0.00349,0.00324,0.00324,641596.48831754,2078.7726221488297
1682294400,2023-04-24 00:00:00,AMP/EUR,0.00324,0.00324,0.00324,0.00324,0.00000000,0.0
1682380800,2023-04-25 00:00:00,AMP/EUR,0.00360,0.00360,0.00319,0.00321,380415.22006631,1221.1328564128553
1682467200,2023-04-26 00:00:00,AMP/EUR,0.00319,0.00348,0.00319,0.00333,962450.72936120,3204.9609287727963
1682553600,2023-04-27 00:00:00,AMP/EUR,0.00322,0.00328,0.00322,0.00328,492854.20533535,1616.561793499948
1682640000,2023-04-28 00:00:00,AMP/EUR,0.00329,0.00329,0.00329,0.00329,333832.85302593,1098.3100864553096
1682726400,2023-04-29 00:00:00,AMP/EUR,0.00335,0.00348,0.00317,0.00317,510066.09941490,1616.9095351452331
1682812800,2023-04-30 00:00:00,AMP/EUR,0.00325,0.00326,0.00315,0.00315,294116.51282204,926.467015389426
1682899200,2023-05-01 00:00:00,AMP/EUR,0.00315,0.00348,0.00300,0.00301,777116.64699954,2339.1211074686157
1682985600,2023-05-02 00:00:00,AMP/EUR,0.00303,0.00339,0.00303,0.00308,430772.86641132,1326.7804285468656
1683072000,2023-05-03 00:00:00,AMP/EUR,0.00324,0.00324,0.00309,0.00309,355000.00000000,1096.95
1683158400,2023-05-04 00:00:00,AMP/EUR,0.00309,0.00309,0.00299,0.00299,83507.36028268,249.6870072452132
1683244800,2023-05-05 00:00:00,AMP/EUR,0.00299,0.00299,0.00299,0.00299,0.00000000,0.0
1683331200,2023-05-06 00:00:00,AMP/EUR,0.00303,0.00326,0.00303,0.00316,386776.54961254,1222.2138967756264
1683417600,2023-05-07 00:00:00,AMP/EUR,0.00304,0.00305,0.00300,0.00300,1369461.87377418,4108.38562132254
1683504000,2023-05-08 00:00:00,AMP/EUR,0.00299,0.00299,0.00273,0.00277,2026274.14432357,5612.779379776289
1683590400,2023-05-09 00:00:00,AMP/EUR,0.00278,0.00299,0.00278,0.00285,1416321.66548063,4036.516746619796
1683676800,2023-05-10 00:00:00,AMP/EUR,0.00304,0.00315,0.00299,0.00315,1013611.67540940,3192.87677753961
1683763200,2023-05-11 00:00:00,AMP/EUR,0.00303,0.00303,0.00275,0.00275,754730.83955820,2075.5098087850497
1683849600,2023-05-12 00:00:00,AMP/EUR,0.00289,0.00289,0.00273,0.00273,1210513.02623621,3304.700561624853
1683936000,2023-05-13 00:00:00,AMP/EUR,0.00275,0.00275,0.00267,0.00268,108228.46307228,290.0522810337104
1684022400,2023-05-14 00:00:00,AMP/EUR,0.00284,0.00284,0.00272,0.00272,987506.73798979,2686.018327332229
1684108800,2023-05-15 00:00:00,AMP/EUR,0.00272,0.00272,0.00272,0.00272,29189.54454716,79.39556116827521
1684195200,2023-05-16 00:00:00,AMP/EUR,0.00279,0.00300,0.00272,0.00274,1149017.90183395,3148.309051025023
1684281600,2023-05-17 00:00:00,AMP/EUR,0.00278,0.00299,0.00278,0.00299,358485.64781547,1071.8720869682554
1684368000,2023-05-18 00:00:00,AMP/EUR,0.00299,0.00299,0.00270,0.00272,1460203.89034705,3971.7545817439764
1684454400,2023-05-19 00:00:00,AMP/EUR,0.00271,0.00273,0.00268,0.00270,1257936.24597768,3396.427864139736
1684540800,2023-05-20 00:00:00,AMP/EUR,0.00276,0.00280,0.00273,0.00273,161692.87502816,441.42154882687674
1684627200,2023-05-21 00:00:00,AMP/EUR,0.00274,0.00276,0.00267,0.00267,1756391.91469685,4689.56641224059
1684713600,2023-05-22 00:00:00,AMP/EUR,0.00267,0.00267,0.00262,0.00266,1740945.43166956,4630.91484824103
1684800000,2023-05-23 00:00:00,AMP/EUR,0.00266,0.00267,0.00264,0.00265,172374.15852650,456.791520095225
1684886400,2023-05-24 00:00:00,AMP/EUR,0.00261,0.00261,0.00237,0.00244,3901573.90280603,9519.840322846712
1684972800,2023-05-25 00:00:00,AMP/EUR,0.00246,0.00249,0.00239,0.00242,1997457.16140300,4833.846330595259
1685059200,2023-05-26 00:00:00,AMP/EUR,0.00241,0.00244,0.00239,0.00241,1023753.82020724,2467.246706699448
1685145600,2023-05-27 00:00:00,AMP/EUR,0.00243,0.00244,0.00240,0.00241,1198209.38902165,2887.6846275421763
1685232000,2023-05-28 00:00:00,AMP/EUR,0.00240,0.00258,0.00240,0.00248,975563.26034745,2419.396885661676
1685318400,2023-05-29 00:00:00,AMP/EUR,0.00249,0.00249,0.00241,0.00243,1312188.17422151,3188.617263358269
1685404800,2023-05-30 00:00:00,AMP/EUR,0.00243,0.00255,0.00241,0.00248,1126573.53446223,2793.9023654663306
1685491200,2023-05-31 00:00:00,AMP/EUR,0.00250,0.00252,0.00237,0.00242,965156.55474533,2335.6788624836986
1685577600,2023-06-01 00:00:00,AMP/EUR,0.00243,0.00244,0.00238,0.00239,1512854.53901405,3615.7223482435797
1685664000,2023-06-02 00:00:00,AMP/EUR,0.00235,0.00244,0.00235,0.00244,741711.29653670,1809.775563549548
1685750400,2023-06-03 00:00:00,AMP/EUR,0.00246,0.00246,0.00236,0.00237,406710.13353941,963.9030164884018
1685836800,2023-06-04 00:00:00,AMP/EUR,0.00239,0.00245,0.00239,0.00240,214696.82831459,515.2723879550159
1685923200,2023-06-05 00:00:00,AMP/EUR,0.00236,0.00237,0.00217,0.00218,1791450.81789388,3905.3627830086584
1686009600,2023-06-06 00:00:00,AMP/EUR,0.00224,0.00226,0.00216,0.00223,1420939.03360141,3168.6940449311446
1686096000,2023-06-07 00:00:00,AMP/EUR,0.00222,0.00222,0.00214,0.00214,1388459.32412622,2971.302953630111
1686182400,2023-06-08 00:00:00,AMP/EUR,0.00207,0.00209,0.00202,0.00206,2289411.51110148,4716.187712869049
1686268800,2023-06-09 00:00:00,AMP/EUR,0.00203,0.00207,0.00201,0.00204,1543979.05822293,3149.7172787747772
1686355200,2023-06-10 00:00:00,AMP/EUR,0.00203,0.00203,0.00174,0.00184,2365631.57050524,4352.762089729642
1686441600,2023-06-11 00:00:00,AMP/EUR,0.00187,0.00193,0.00184,0.00188,1142123.62686869,2147.192418513137
1686528000,2023-06-12 00:00:00,AMP/EUR,0.00182,0.00190,0.00182,0.00190,1442904.95093633,2741.519406779027
1686614400,2023-06-13 00:00:00,AMP/EUR,0.00190,0.00195,0.00184,0.00185,2253809.86096973,4169.548242794001
1686700800,2023-06-14 00:00:00,AMP/EUR,0.00186,0.00192,0.00183,0.00183,694742.91039167,1271.379526016756
1686787200,2023-06-15 00:00:00,AMP/EUR,0.00185,0.00186,0.00182,0.00184,1572020.22298925,2892.51721030022
1686873600,2023-06-16 00:00:00,AMP/EUR,0.00185,0.00192,0.00183,0.00185,983016.04860451,1818.5796899183435
1686960000,2023-06-17 00:00:00,AMP/EUR,0.00184,0.00196,0.00167,0.00196,576765.22425974,1130.4598395490902
1687046400,2023-06-18 00:00:00,AMP/EUR,0.00192,0.00197,0.00185,0.00185,812928.48465920,1503.91769661952
1687132800,2023-06-19 00:00:00,AMP/EUR,0.00182,0.00185,0.00182,0.00185,98103.35763878,181.491211631743
1687219200,2023-06-20 00:00:00,AMP/EUR,0.00185,0.00206,0.00184,0.00195,1402322.99567539,2734.52984156701
1687305600,2023-06-21 00:00:00,AMP/EUR,0.00196,0.00215,0.00193,0.00200,3339439.96589870,6678.8799317974
1687392000,2023-06-22 00:00:00,AMP/EUR,0.00198,0.00198,0.00194,0.00196,936901.05010657,1836.3260582088772
1687478400,2023-06-23 00:00:00,AMP/EUR,0.00195,0.00202,0.00193,0.00195,1905791.86913615,3716.2941448154925
1687564800,2023-06-24 00:00:00,AMP/EUR,0.00198,0.00198,0.00196,0.00196,715702.11622558,1402.7761478021366
1687651200,2023-06-25 00:00:00,AMP/EUR,0.00196,0.00205,0.00196,0.00205,31425.64154374,64.422565164667
1687737600,2023-06-26 00:00:00,AMP/EUR,0.00195,0.00202,0.00195,0.00195,12226701.77323473,23842.068457807723
1687824000,2023-06-27 00:00:00,AMP/EUR,0.00195,0.00197,0.00192,0.00194,6938522.71249675,13460.734062243695
1687910400,2023-06-28 00:00:00,AMP/EUR,0.00190,0.00207,0.00186,0.00187,1087707.59692969,2034.0132062585203
1687996800,2023-06-29 00:00:00,AMP/EUR,0.00184,0.00194,0.00184,0.00187,4694364.56150044,8778.461730005823
1688083200,2023-06-30 00:00:00,AMP/EUR,0.00186,0.00195,0.00177,0.00189,12532971.75300218,23687.31661317412
1688169600,2023-07-01 00:00:00,AMP/EUR,0.00184,0.00189,0.00184,0.00188,1601281.16816482,3010.4085961498613
1688256000,2023-07-02 00:00:00,AMP/EUR,0.00189,0.00189,0.00185,0.00187,1299801.06719012,2430.627995645524
1688342400,2023-07-03 00:00:00,AMP/EUR,0.00188,0.00195,0.00188,0.00194,1422323.05715054,2759.3067308720474
1688428800,2023-07-04 00:00:00,AMP/EUR,0.00194,0.00198,0.00189,0.00193,2109299.18356843,4070.94742428707
1688515200,2023-07-05 00:00:00,AMP/EUR,0.00193,0.00205,0.00187,0.00192,725290.63235085,1392.558014113632
1688601600,2023-07-06 00:00:00,AMP/EUR,0.00191,0.00210,0.00187,0.00187,562380.39486631,1051.6513383999995
1688688000,2023-07-07 00:00:00,AMP/EUR,0.00184,0.00188,0.00183,0.00183,849275.74367120,1554.1746109182961
1688774400,2023-07-08 00:00:00,AMP/EUR,0.00183,0.00230,0.00183,0.00187,1495087.55743130,2795.8137323965307
1688860800,2023-07-09 00:00:00,AMP/EUR,0.00185,0.00189,0.00185,0.00185,264577.20820945,489.46783518748254
1688947200,2023-07-10 00:00:00,AMP/EUR,0.00185,0.00185,0.00182,0.00185,1264146.28572026,2338.670628582481
1689033600,2023-07-11 00:00:00,AMP/EUR,0.00185,0.00191,0.00183,0.00187,1068160.30257404,1997.4597658134546
1689120000,2023-07-12 00:00:00,AMP/EUR,0.00183,0.00184,0.00183,0.00183,667609.26463545,1221.7249542828736
1689206400,2023-07-13 00:00:00,AMP/EUR,0.00182,0.00206,0.00182,0.00192,1994733.63247155,3829.888574345376
1689292800,2023-07-14 00:00:00,AMP/EUR,0.00193,0.00196,0.00185,0.00190,4683377.80064353,8898.417821222707
1689379200,2023-07-15 00:00:00,AMP/EUR,0.00191,0.00195,0.00188,0.00191,1409287.44397049,2691.739017983636
1689465600,2023-07-16 00:00:00,AMP/EUR,0.00190,0.00192,0.00186,0.00186,288672.44608912,536.9307497257632
1689552000,2023-07-17 00:00:00,AMP/EUR,0.00188,0.00189,0.00183,0.00185,3360576.17131236,6217.065916927866
1689638400,2023-07-18 00:00:00,AMP/EUR,0.00187,0.00220,0.00180,0.00183,1409816.53923950,2579.964266808285
1689724800,2023-07-19 00:00:00,AMP/EUR,0.00183,0.00183,0.00181,0.00182,1131414.88911668,2059.175098192358
1689811200,2023-07-20 00:00:00,AMP/EUR,0.00181,0.00204,0.00180,0.00199,3171196.26499788,6310.680567345781
1689897600,2023-07-21 00:00:00,AMP/EUR,0.00218,0.00218,0.00192,0.00192,3233479.05986423,6208.279794939322
1689984000,2023-07-22 00:00:00,AMP/EUR,0.00191,0.00195,0.00188,0.00188,1409221.23668340,2649.335924964792
1690070400,2023-07-23 00:00:00,AMP/EUR,0.00188,0.00188,0.00188,0.00188,200000.00000000,376.0
1690156800,2023-07-24 00:00:00,AMP/EUR,0.00187,0.00224,0.00181,0.00208,3544676.80952296,7372.927763807756
1690243200,2023-07-25 00:00:00,AMP/EUR,0.00204,0.00260,0.00189,0.00240,11016020.65334947,26438.449568038726
1690329600,2023-07-26 00:00:00,AMP/EUR,0.00238,0.00253,0.00209,0.00217,11231783.86975463,24372.970997367545
1690416000,2023-07-27 00:00:00,AMP/EUR,0.00217,0.00234,0.00211,0.00215,7599410.81376795,16338.733249601093
1690502400,2023-07-28 00:00:00,AMP/EUR,0.00216,0.00218,0.00209,0.00214,6790352.91168546,14531.355231006884
1690588800,2023-07-29 00:00:00,AMP/EUR,0.00214,0.00218,0.00212,0.00214,3226387.04252223,6904.468270997572
1690675200,2023-07-30 00:00:00,AMP/EUR,0.00215,0.00216,0.00204,0.00204,1876922.42071067,3828.9217382497673
1690761600,2023-07-31 00:00:00,AMP/EUR,0.00206,0.00207,0.00201,0.00201,4967714.53827178,9985.106221926279
1690848000,2023-08-01 00:00:00,AMP/EUR,0.00202,0.00256,0.00202,0.00238,11231276.43367075,26730.437912136385
1690934400,2023-08-02 00:00:00,AMP/EUR,0.00242,0.00264,0.00225,0.00236,7881007.82400233,18599.1784646455
1691020800,2023-08-03 00:00:00,AMP/EUR,0.00236,0.00252,0.00233,0.00237,3236802.75423674,7671.222527541075
1691107200,2023-08-04 00:00:00,AMP/EUR,0.00236,0.00237,0.00231,0.00231,1210060.62167821,2795.240036076665
1691193600,2023-08-05 00:00:00,AMP/EUR,0.00226,0.00226,0.00216,0.00218,2109913.60000846,4599.611648018444
1691280000,2023-08-06 00:00:00,AMP/EUR,0.00220,0.00237,0.00220,0.00222,3829280.09171370,8501.001803604415
1691366400,2023-08-07 00:00:00,AMP/EUR,0.00224,0.00226,0.00213,0.00214,4269937.87583430,9137.667054285403
1691452800,2023-08-08 00:00:00,AMP/EUR,0.00216,0.00222,0.00216,0.00219,1387090.40105306,3037.7279783062017
1691539200,2023-08-09 00:00:00,AMP/EUR,0.00216,0.00232,0.00216,0.00222,1374695.53759629,3051.8240934637643
1691625600,2023-08-10 00:00:00,AMP/EUR,0.00226,0.00237,0.00223,0.00225,1279164.85312273,2878.120919526142
1691712000,2023-08-11 00:00:00,AMP/EUR,0.00224,0.00225,0.00222,0.00225,629554.37619029,1416.4973464281522
1691798400,2023-08-12 00:00:00,AMP/EUR,0.00224,0.00224,0.00221,0.00224,752543.67201563,1685.6978253150112
1691884800,2023-08-13 00:00:00,AMP/EUR,0.00223,0.00224,0.00223,0.00223,39114.20632724,87.22468010974521
1691971200,2023-08-14 00:00:00,AMP/EUR,0.00222,0.00222,0.00219,0.00221,570309.27297650,1260.383493278065
1692057600,2023-08-15 00:00:00,AMP/EUR,0.00220,0.00220,0.00215,0.00215,174242.00509688,374.620310958292
1692144000,2023-08-16 00:00:00,AMP/EUR,0.00217,0.00220,0.00201,0.00203,1638899.98882919,3326.966977323256
1692230400,2023-08-17 00:00:00,AMP/EUR,0.00201,0.00205,0.00189,0.00189,1696292.15888584,3205.9921802942376
1692316800,2023-08-18 00:00:00,AMP/EUR,0.00190,0.00198,0.00188,0.00197,1289276.17388869,2539.8740625607193
1692403200,2023-08-19 00:00:00,AMP/EUR,0.00197,0.00197,0.00197,0.00197,0.00000000,0.0
1692489600,2023-08-20 00:00:00,AMP/EUR,0.00193,0.00193,0.00192,0.00192,698740.89482674,1341.582518067341
1692576000,2023-08-21 00:00:00,AMP/EUR,0.00191,0.00191,0.00185,0.00186,1630684.70654063,3033.0735541655717
1692662400,2023-08-22 00:00:00,AMP/EUR,0.00183,0.00185,0.00181,0.00181,1810851.04482710,3277.6403911370508
1692748800,2023-08-23 00:00:00,AMP/EUR,0.00187,0.00188,0.00183,0.00188,620971.89944470,1167.427170956036
1692835200,2023-08-24 00:00:00,AMP/EUR,0.00184,0.00187,0.00184,0.00184,613406.74286529,1128.6684068721336
1692921600,2023-08-25 00:00:00,AMP/EUR,0.00181,0.00181,0.00179,0.00181,815200.04469606,1475.5120808998686
1693008000,2023-08-26 00:00:00,AMP/EUR,0.00180,0.00181,0.00180,0.00180,1236717.97441644,2226.0923539495916
1693094400,2023-08-27 00:00:00,AMP/EUR,0.00180,0.00181,0.00180,0.00181,600786.77114917,1087.4240557799976
1693180800,2023-08-28 00:00:00,AMP/EUR,0.00179,0.00179,0.00177,0.00179,2255537.45589261,4037.4120460477716
1693267200,2023-08-29 00:00:00,AMP/EUR,0.00179,0.00179,0.00177,0.00179,660445.34999615,1182.1971764931084
1693353600,2023-08-30 00:00:00,AMP/EUR,0.00175,0.00176,0.00175,0.00175,750837.07118917,1313.9648745810475
1693440000,2023-08-31 00:00:00,AMP/EUR,0.00177,0.00213,0.00177,0.00185,2301239.68866612,4257.293424032323
1693526400,2023-09-01 00:00:00,AMP/EUR,0.00176,0.00185,0.00176,0.00178,627895.08144383,1117.6532449700173
1693612800,2023-09-02 00:00:00,AMP/EUR,0.00177,0.00177,0.00170,0.00170,1225953.55313862,2084.121040335654
1693699200,2023-09-03 00:00:00,AMP/EUR,0.00172,0.00172,0.00171,0.00171,1204127.65568831,2059.05829122701
1693785600,2023-09-04 00:00:00,AMP/EUR,0.00171,0.00171,0.00168,0.00171,1648516.40115009,2818.9630459666537
1693872000,2023-09-05 00:00:00,AMP/EUR,0.00170,0.00172,0.00170,0.00172,1173625.80582302,2018.6363860155943
1693958400,2023-09-06 00:00:00,AMP/EUR,0.00170,0.00170,0.00170,0.00170,389500.65523432,662.151113898344
1694044800,2023-09-07 00:00:00,AMP/EUR,0.00171,0.00171,0.00171,0.00171,1650000.00000000,2821.5
1694131200,2023-09-08 00:00:00,AMP/EUR,0.00170,0.00170,0.00170,0.00170,250000.00000000,425.0
1694217600,2023-09-09 00:00:00,AMP/EUR,0.00172,0.00173,0.00170,0.00170,2877334.69459915,4891.468980818555
1694304000,2023-09-10 00:00:00,AMP/EUR,0.00170,0.00170,0.00161,0.00161,1177968.57907830,1896.529412316063
1694390400,2023-09-11 00:00:00,AMP/EUR,0.00161,0.00162,0.00154,0.00155,5376120.89087267,8332.987380852639
1694476800,2023-09-12 00:00:00,AMP/EUR,0.00158,0.00173,0.00158,0.00173,439038.36806300,759.5363767489899
1694563200,2023-09-13 00:00:00,AMP/EUR,0.00157,0.00159,0.00156,0.00159,9956987.99714127,15831.61091545462
1694649600,2023-09-14 00:00:00,AMP/EUR,0.00158,0.00160,0.00158,0.00160,310804.47894568,497.28716631308805
1694736000,2023-09-15 00:00:00,AMP/EUR,0.00160,0.00160,0.00160,0.00160,0.00000000,0.0
1694822400,2023-09-16 00:00:00,AMP/EUR,0.00162,0.00162,0.00162,0.00162,813580.24691358,1317.9999999999995
1694908800,2023-09-17 00:00:00,AMP/EUR,0.00158,0.00158,0.00158,0.00158,115114.36918350,181.88070330993003
1694995200,2023-09-18 00:00:00,AMP/EUR,0.00159,0.00160,0.00158,0.00159,2635651.25235439,4190.68549124348
1695081600,2023-09-19 00:00:00,AMP/EUR,0.00160,0.00162,0.00160,0.00160,1342530.81956958,2148.049311311328
1695168000,2023-09-20 00:00:00,AMP/EUR,0.00160,0.00160,0.00160,0.00160,113483.86968647,181.574191498352
1695254400,2023-09-21 00:00:00,AMP/EUR,0.00161,0.00171,0.00159,0.00171,1056823.44852871,1807.168096984094
1695340800,2023-09-22 00:00:00,AMP/EUR,0.00160,0.00160,0.00158,0.00158,786634.95321140,1242.8832260740119
1695427200,2023-09-23 00:00:00,AMP/EUR,0.00161,0.00161,0.00161,0.00161,50379.92200000,81.11167442
1695513600,2023-09-24 00:00:00,AMP/EUR,0.00157,0.00157,0.00156,0.00156,803717.94871794,1253.7999999999863
1695600000,2023-09-25 00:00:00,AMP/EUR,0.00156,0.00156,0.00156,0.00156,496886.16427239,775.1424162649284
1695686400,2023-09-26 00:00:00,AMP/EUR,0.00156,0.00165,0.00155,0.00156,3380705.46190625,5273.90052057375
1695772800,2023-09-27 00:00:00,AMP/EUR,0.00155,0.00157,0.00155,0.00157,635835.40355103,998.261583575117
1695859200,2023-09-28 00:00:00,AMP/EUR,0.00156,0.00156,0.00155,0.00155,500000.00000000,775.0
1695945600,2023-09-29 00:00:00,AMP/EUR,0.00154,0.00155,0.00154,0.00155,413153.65184423,640.3881603585565
1696032000,2023-09-30 00:00:00,AMP/EUR,0.00156,0.00156,0.00156,0.00156,153010.99335989,238.6971496414284
1696118400,2023-10-01 00:00:00,AMP/EUR,0.00154,0.00157,0.00154,0.00157,1620000.00000000,2543.4
1696204800,2023-10-02 00:00:00,AMP/EUR,0.00157,0.00157,0.00156,0.00156,409400.00000000,638.664
1696291200,2023-10-03 00:00:00,AMP/EUR,0.00156,0.00157,0.00155,0.00156,1988310.01273885,3101.763619872606
1696377600,2023-10-04 00:00:00,AMP/EUR,0.00155,0.00155,0.00153,0.00154,1766943.14551548,2721.0924440938393
1696464000,2023-10-05 00:00:00,AMP/EUR,0.00151,0.00151,0.00150,0.00150,242803.62308530,364.20543462795
1696550400,2023-10-06 00:00:00,AMP/EUR,0.00153,0.00153,0.00153,0.00153,30180.71504830,46.176494023899
1696636800,2023-10-07 00:00:00,AMP/EUR,0.00153,0.00153,0.00153,0.00153,0.00000000,0.0
1696723200,2023-10-08 00:00:00,AMP/EUR,0.00151,0.00152,0.00151,0.00152,1091000.00000000,1658.3200000000002
1696809600,2023-10-09 00:00:00,AMP/EUR,0.00150,0.00151,0.00145,0.00151,203087.43378994,306.6620250228094
1696896000,2023-10-10 00:00:00,AMP/EUR,0.00143,0.00144,0.00142,0.00142,1687410.37573050,2396.12273353731
1696982400,2023-10-11 00:00:00,AMP/EUR,0.00141,0.00141,0.00136,0.00137,3464991.71077874,4747.038643766873
1697068800,2023-10-12 00:00:00,AMP/EUR,0.00137,0.00137,0.00134,0.00136,982626.73818896,1336.3723639369857
1697155200,2023-10-13 00:00:00,AMP/EUR,0.00136,0.00138,0.00135,0.00137,567145.32929115,776.9891011288754
1697241600,2023-10-14 00:00:00,AMP/EUR,0.00137,0.00139,0.00137,0.00139,245339.21596751,341.0215101948389
1697328000,2023-10-15 00:00:00,AMP/EUR,0.00140,0.00147,0.00138,0.00141,1063244.01527887,1499.1740615432068
1697414400,2023-10-16 00:00:00,AMP/EUR,0.00142,0.00142,0.00141,0.00142,581861.82491887,826.2437913847954
1697500800,2023-10-17 00:00:00,AMP/EUR,0.00141,0.00141,0.00136,0.00136,909388.32367014,1236.7681201913904
1697587200,2023-10-18 00:00:00,AMP/EUR,0.00138,0.00138,0.00137,0.00137,731471.20882341,1002.1155560880716
1697673600,2023-10-19 00:00:00,AMP/EUR,0.00136,0.00136,0.00134,0.00136,6965968.85968853,9473.7176491764
1697760000,2023-10-20 00:00:00,AMP/EUR,0.00135,0.00137,0.00135,0.00137,385195.45237303,527.717769751051
1697846400,2023-10-21 00:00:00,AMP/EUR,0.00139,0.00139,0.00139,0.00139,676715.23881592,940.6341819541287
1697932800,2023-10-22 00:00:00,AMP/EUR,0.00139,0.00139,0.00137,0.00137,2223649.41147779,3046.3996937245724
1698019200,2023-10-23 00:00:00,AMP/EUR,0.00141,0.00141,0.00139,0.00139,177254.93852506,246.38436454983338
1698105600,2023-10-24 00:00:00,AMP/EUR,0.00143,0.00147,0.00143,0.00146,1264272.37164411,1845.8376626004003
1698192000,2023-10-25 00:00:00,AMP/EUR,0.00145,0.00154,0.00145,0.00151,2013325.72162748,3040.1218396574945
1698278400,2023-10-26 00:00:00,AMP/EUR,0.00152,0.00153,0.00149,0.00150,197167.41279849,295.751119197735
1698364800,2023-10-27 00:00:00,AMP/EUR,0.00150,0.00153,0.00149,0.00153,3963897.91997820,6064.763817566645
1698451200,2023-10-28 00:00:00,AMP/EUR,0.00153,0.00155,0.00153,0.00155,55396.76113095,85.8649797529725
1698537600,2023-10-29 00:00:00,AMP/EUR,0.00155,0.00155,0.00155,0.00155,167175.51436127,259.1220472599685
1698624000,2023-10-30 00:00:00,AMP/EUR,0.00155,0.00157,0.00154,0.00156,942405.65676466,1470.1528245528696
1698710400,2023-10-31 00:00:00,AMP/EUR,0.00154,0.00155,0.00151,0.00153,1583275.06692431,2422.410852394194
1698796800,2023-11-01 00:00:00,AMP/EUR,0.00154,0.00173,0.00154,0.00165,4648318.38597904,7669.725336865416
1698883200,2023-11-02 00:00:00,AMP/EUR,0.00167,0.00168,0.00164,0.00164,2554235.46886636,4188.94616894083
1698969600,2023-11-03 00:00:00,AMP/EUR,0.00180,0.00180,0.00158,0.00158,15146853.54891930,23932.028607292494
1699056000,2023-11-04 00:00:00,AMP/EUR,0.00161,0.00162,0.00161,0.00162,1061265.90285074,1719.2507626181985
1699142400,2023-11-05 00:00:00,AMP/EUR,0.00162,0.00168,0.00162,0.00164,2123129.73509713,3481.932765559293
1699228800,2023-11-06 00:00:00,AMP/EUR,0.00163,0.00172,0.00163,0.00171,3771380.28166441,6449.060281646141
1699315200,2023-11-07 00:00:00,AMP/EUR,0.00180,0.00181,0.00168,0.00174,1580423.70030424,2749.9372385293777
1699401600,2023-11-08 00:00:00,AMP/EUR,0.00174,0.00177,0.00172,0.00176,6346640.65081828,11170.087545440174
1699488000,2023-11-09 00:00:00,AMP/EUR,0.00176,0.00180,0.00171,0.00174,5977681.07918709,10401.165077785536
1699574400,2023-11-10 00:00:00,AMP/EUR,0.00179,0.00182,0.00175,0.00182,489510.78724546,890.9096327867371
1699660800,2023-11-11 00:00:00,AMP/EUR,0.00183,0.00200,0.00181,0.00198,1557560.96361029,3083.970707948374
1699747200,2023-11-12 00:00:00,AMP/EUR,0.00202,0.00202,0.00192,0.00196,857779.95568814,1681.2487131487544
1699833600,2023-11-13 00:00:00,AMP/EUR,0.00199,0.00199,0.00187,0.00187,6483072.75563885,12123.346053044648
1699920000,2023-11-14 00:00:00,AMP/EUR,0.00184,0.00187,0.00183,0.00184,3663205.59052138,6740.298286559339
1700006400,2023-11-15 00:00:00,AMP/EUR,0.00184,0.00240,0.00184,0.00223,6855481.79756532,15287.724408570664
1700092800,2023-11-16 00:00:00,AMP/EUR,0.00221,0.00226,0.00209,0.00211,635801.36085148,1341.5408713966228
1700179200,2023-11-17 00:00:00,AMP/EUR,0.00211,0.00217,0.00198,0.00199,1658207.31285695,3299.8325525853306
1700265600,2023-11-18 00:00:00,AMP/EUR,0.00200,0.00260,0.00193,0.00246,10346478.42958930,25452.336936789678
1700352000,2023-11-19 00:00:00,AMP/EUR,0.00239,0.00249,0.00220,0.00232,8668098.26451436,20109.987973673316
1700438400,2023-11-20 00:00:00,AMP/EUR,0.00234,0.00234,0.00224,0.00224,852560.63719806,1909.7358273236543
1700524800,2023-11-21 00:00:00,AMP/EUR,0.00220,0.00220,0.00205,0.00205,316796.92455554,649.4336953388571
1700611200,2023-11-22 00:00:00,AMP/EUR,0.00209,0.00237,0.00209,0.00233,4752717.41762606,11073.831583068719
1700697600,2023-11-23 00:00:00,AMP/EUR,0.00220,0.00225,0.00220,0.00224,870220.72349128,1949.294420620467
1700784000,2023-11-24 00:00:00,AMP/EUR,0.00228,0.00230,0.00228,0.00230,3329280.50242933,7657.345155587458
1700870400,2023-11-25 00:00:00,AMP/EUR,0.00231,0.00231,0.00230,0.00230,1763769.33400000,4056.6694682
1700956800,2023-11-26 00:00:00,AMP/EUR,0.00235,0.00249,0.00235,0.00249,61718.01992660,153.677869617234
1701043200,2023-11-27 00:00:00,AMP/EUR,0.00235,0.00235,0.00235,0.00235,134629.84809828,316.380143030958
1701129600,2023-11-28 00:00:00,AMP/EUR,0.00235,0.00243,0.00225,0.00225,2343663.88252604,5273.24373568359
1701216000,2023-11-29 00:00:00,AMP/EUR,0.00225,0.00231,0.00225,0.00231,1075547.13786464,2484.5138884673183
1701302400,2023-11-30 00:00:00,AMP/EUR,0.00231,0.00231,0.00231,0.00231,0.00000000,0.0
1701388800,2023-12-01 00:00:00,AMP/EUR,0.00240,0.00240,0.00237,0.00237,305220.85400000,723.37342398
1701475200,2023-12-02 00:00:00,AMP/EUR,0.00237,0.00239,0.00237,0.00239,3370314.63967630,8055.051988826357
1701561600,2023-12-03 00:00:00,AMP/EUR,0.00239,0.00244,0.00207,0.00244,2931448.79508196,7152.735059999982
1701648000,2023-12-04 00:00:00,AMP/EUR,0.00244,0.00244,0.00238,0.00239,1137469.24313413,2718.551491090571
1701734400,2023-12-05 00:00:00,AMP/EUR,0.00239,0.00295,0.00239,0.00295,3361787.54896176,9917.273269437192
1701820800,2023-12-06 00:00:00,AMP/EUR,0.00246,0.00344,0.00224,0.00336,11779448.31747447,39578.94634671422
1701907200,2023-12-07 00:00:00,AMP/EUR,0.00300,0.00388,0.00300,0.00325,10418833.64536273,33861.20934742887
1701993600,2023-12-08 00:00:00,AMP/EUR,0.00342,0.00385,0.00319,0.00349,6677707.81473992,23305.200273442322
1702080000,2023-12-09 00:00:00,AMP/EUR,0.00351,0.00351,0.00310,0.00329,1325546.89316473,4361.049278511961
1702166400,2023-12-10 00:00:00,AMP/EUR,0.00329,0.00363,0.00300,0.00362,5888537.91600903,21316.50725595269
1702252800,2023-12-11 00:00:00,AMP/EUR,0.00341,0.00405,0.00319,0.00389,13554103.12746663,52725.46116584519
1702339200,2023-12-12 00:00:00,AMP/EUR,0.00389,0.00429,0.00347,0.00369,8238636.69323883,30400.569398051284
1702425600,2023-12-13 00:00:00,AMP/EUR,0.00360,0.00370,0.00329,0.00365,1278062.60464702,4664.9285069616235
1702512000,2023-12-14 00:00:00,AMP/EUR,0.00356,0.00368,0.00341,0.00360,2551298.53113266,9184.674712077574
1702598400,2023-12-15 00:00:00,AMP/EUR,0.00359,0.00391,0.00341,0.00391,3295647.09455229,12885.980139699455
1702684800,2023-12-16 00:00:00,AMP/EUR,0.00364,0.00384,0.00361,0.00375,776656.47114523,2912.4617667946122
1702771200,2023-12-17 00:00:00,AMP/EUR,0.00377,0.00378,0.00346,0.00346,2018182.57559152,6982.911711546659
1702857600,2023-12-18 00:00:00,AMP/EUR,0.00344,0.00366,0.00333,0.00358,2696849.40411298,9654.720866724467
1702944000,2023-12-19 00:00:00,AMP/EUR,0.00365,0.00365,0.00239,0.00342,1711780.87167680,5854.290581134656
1703030400,2023-12-20 00:00:00,AMP/EUR,0.00340,0.00351,0.00326,0.00346,774766.98338050,2680.69376249653
1703116800,2023-12-21 00:00:00,AMP/EUR,0.00348,0.00357,0.00344,0.00345,162373.69982387,560.1892643923514
1703203200,2023-12-22 00:00:00,AMP/EUR,0.00349,0.00351,0.00311,0.00311,540247.82503393,1680.1707358555223
1703289600,2023-12-23 00:00:00,AMP/EUR,0.00333,0.00356,0.00320,0.00356,1309607.02382323,4662.201004810699
1703376000,2023-12-24 00:00:00,AMP/EUR,0.00355,0.00377,0.00355,0.00359,1015097.27749816,3644.1992262183944
1703462400,2023-12-25 00:00:00,AMP/EUR,0.00363,0.00363,0.00341,0.00341,2768213.71700428,9439.608774984594
1703548800,2023-12-26 00:00:00,AMP/EUR,0.00314,0.00353,0.00281,0.00340,5473369.08433540,18609.454886740357
1703635200,2023-12-27 00:00:00,AMP/EUR,0.00340,0.00340,0.00340,0.00340,29294.58636044,99.601593625496
1703721600,2023-12-28 00:00:00,AMP/EUR,0.00293,0.00335,0.00290,0.00290,1902608.82753249,5517.565599844221
1703808000,2023-12-29 00:00:00,AMP/EUR,0.00293,0.00352,0.00293,0.00330,1705374.09977632,5627.734529261856
1703894400,2023-12-30 00:00:00,AMP/EUR,0.00330,0.00330,0.00330,0.00330,60364.60219727,199.203187250991
1703980800,2023-12-31 00:00:00,AMP/EUR,0.00316,0.00359,0.00316,0.00350,3270811.20114410,11447.83920400435
1704067200,2024-01-01 00:00:00,AMP/EUR,0.00350,0.00358,0.00350,0.00358,900300.00000000,3223.074
1704153600,2024-01-02 00:00:00,AMP/EUR,0.00350,0.00376,0.00350,0.00376,1212799.02397837,4560.124330158671
1704240000,2024-01-03 00:00:00,AMP/EUR,0.00339,0.00355,0.00310,0.00310,1224258.77348594,3795.2021978064136
1704326400,2024-01-04 00:00:00,AMP/EUR,0.00347,0.00347,0.00329,0.00329,332109.38065918,1092.639862368702
1704412800,2024-01-05 00:00:00,AMP/EUR,0.00311,0.00313,0.00310,0.00310,259142.99887773,803.3432965209629
1704499200,2024-01-06 00:00:00,AMP/EUR,0.00290,0.00355,0.00281,0.00334,2806918.85475568,9375.108974883971
1704585600,2024-01-07 00:00:00,AMP/EUR,0.00338,0.00355,0.00328,0.00333,2976684.26215513,9912.358592976583
1704672000,2024-01-08 00:00:00,AMP/EUR,0.00306,0.00329,0.00289,0.00329,1566300.62102070,5153.129043158103
1704758400,2024-01-09 00:00:00,AMP/EUR,0.00315,0.00315,0.00294,0.00294,647636.56721696,1904.0515076178624
1704844800,2024-01-10 00:00:00,AMP/EUR,0.00309,0.00314,0.00309,0.00313,256492.62456978,802.8219149034113
1704931200,2024-01-11 00:00:00,AMP/EUR,0.00314,0.00353,0.00313,0.00329,897605.27247140,2953.1213464309058
1705017600,2024-01-12 00:00:00,AMP/EUR,0.00314,0.00323,0.00301,0.00301,246948.94831514,743.3163344285714
1705104000,2024-01-13 00:00:00,AMP/EUR,0.00304,0.00305,0.00303,0.00305,115449.74878963,352.1217338083715
1705190400,2024-01-14 00:00:00,AMP/EUR,0.00311,0.00341,0.00310,0.00341,289707.27192489,987.9017972638749
1705276800,2024-01-15 00:00:00,AMP/EUR,0.00320,0.00325,0.00320,0.00325,76416.55145008,248.35379221276
1705363200,2024-01-16 00:00:00,AMP/EUR,0.00310,0.00316,0.00301,0.00310,472761.40380820,1465.56035180542
1705449600,2024-01-17 00:00:00,AMP/EUR,0.00319,0.00319,0.00306,0.00310,1054741.10276582,3269.697418574042
1705536000,2024-01-18 00:00:00,AMP/EUR,0.00301,0.00304,0.00289,0.00289,517882.87562448,1496.6815105547473
1705622400,2024-01-19 00:00:00,AMP/EUR,0.00300,0.00380,0.00286,0.00320,2350473.83585580,7521.516274738561
1705708800,2024-01-20 00:00:00,AMP/EUR,0.00314,0.00315,0.00314,0.00315,45170.67899686,142.287638840109
1705795200,2024-01-21 00:00:00,AMP/EUR,0.00328,0.00328,0.00307,0.00316,250492.33519059,791.5557792022644
1705881600,2024-01-22 00:00:00,AMP/EUR,0.00311,0.00370,0.00308,0.00346,973120.92981616,3366.9984171639135
1705968000,2024-01-23 00:00:00,AMP/EUR,0.00308,0.00308,0.00298,0.00298,517353.59142141,1541.7137024358017
1706054400,2024-01-24 00:00:00,AMP/EUR,0.00298,0.00298,0.00298,0.00298,6181.22697608,18.4200563887184
1706140800,2024-01-25 00:00:00,AMP/EUR,0.00298,0.00298,0.00298,0.00298,128288.08846016,382.2985036112768
1706227200,2024-01-26 00:00:00,AMP/EUR,0.00308,0.00320,0.00308,0.00317,490851.57338899,1555.9994876430983
1706313600,2024-01-27 00:00:00,AMP/EUR,0.00311,0.00329,0.00311,0.00329,969003.32063301,3188.0209248826027
1706400000,2024-01-28 00:00:00,AMP/EUR,0.00328,0.00330,0.00328,0.00330,111668.94111641,368.507505684153
1706486400,2024-01-29 00:00:00,AMP/EUR,0.00330,0.00330,0.00330,0.00330,0.00000000,0.0
1706572800,2024-01-30 00:00:00,AMP/EUR,0.00330,0.00336,0.00330,0.00336,825867.12223502,2774.9135307096676
1706659200,2024-01-31 00:00:00,AMP/EUR,0.00335,0.00335,0.00327,0.00327,581073.08710579,1900.1089948359333
1706745600,2024-02-01 00:00:00,AMP/EUR,0.00319,0.00319,0.00312,0.00312,108824.70484705,339.533079122796
1706832000,2024-02-02 00:00:00,AMP/EUR,0.00314,0.00339,0.00313,0.00324,860651.39992321,2788.5105357512
1706918400,2024-02-03 00:00:00,AMP/EUR,0.00329,0.00344,0.00327,0.00344,898241.95744346,3089.952333605502
1707004800,2024-02-04 00:00:00,AMP/EUR,0.00329,0.00329,0.00329,0.00329,41185.86199322,135.5014859576938
1707091200,2024-02-05 00:00:00,AMP/EUR,0.00329,0.00329,0.00329,0.00329,0.00000000,0.0
1707177600,2024-02-06 00:00:00,AMP/EUR,0.00329,0.00329,0.00311,0.00325,1260689.79121860,4097.2418214604495
1707264000,2024-02-07 00:00:00,AMP/EUR,0.00324,0.00325,0.00322,0.00325,165110.40565333,536.6088183733225
1707350400,2024-02-08 00:00:00,AMP/EUR,0.00328,0.00330,0.00328,0.00330,83495.93894031,275.536598503023
1707436800,2024-02-09 00:00:00,AMP/EUR,0.00326,0.00350,0.00326,0.00336,675924.68470912,2271.1069406226434
1707523200,2024-02-10 00:00:00,AMP/EUR,0.00358,0.00360,0.00358,0.00360,82404.38680885,296.65579251186
1707609600,2024-02-11 00:00:00,AMP/EUR,0.00345,0.00345,0.00335,0.00335,682980.10988738,2287.9833681227233
1707696000,2024-02-12 00:00:00,AMP/EUR,0.00341,0.00357,0.00335,0.00345,589528.54184684,2033.8734693715978
1707782400,2024-02-13 00:00:00,AMP/EUR,0.00340,0.00347,0.00336,0.00345,450547.90318942,1554.390266003499
1707868800,2024-02-14 00:00:00,AMP/EUR,0.00342,0.00351,0.00341,0.00346,1220219.47850797,4221.959395637577
1707955200,2024-02-15 00:00:00,AMP/EUR,0.00345,0.00355,0.00340,0.00341,461867.33618682,1574.9676163970562
1708041600,2024-02-16 00:00:00,AMP/EUR,0.00352,0.00352,0.00352,0.00352,329158.64171040,1158.638418820608
1708128000,2024-02-17 00:00:00,AMP/EUR,0.00351,0.00352,0.00351,0.00351,853588.59829059,2996.095979999971
1708214400,2024-02-18 00:00:00,AMP/EUR,0.00350,0.00377,0.00350,0.00377,1711643.69323214,6452.896723485168
1708300800,2024-02-19 00:00:00,AMP/EUR,0.00376,0.00380,0.00367,0.00367,325191.49311520,1193.4527797327842
1708387200,2024-02-20 00:00:00,AMP/EUR,0.00358,0.00390,0.00358,0.00369,1283509.98408394,4736.151841269739
1708473600,2024-02-21 00:00:00,AMP/EUR,0.00369,0.00429,0.00368,0.00380,4038983.88332011,15348.138756616418
1708560000,2024-02-22 00:00:00,AMP/EUR,0.00420,0.00549,0.00420,0.00496,5772633.90966321,28632.26419192952
1708646400,2024-02-23 00:00:00,AMP/EUR,0.00496,0.00496,0.00400,0.00428,352389.66469400,1508.2277648903198
1708732800,2024-02-24 00:00:00,AMP/EUR,0.00430,0.00454,0.00400,0.00400,2554692.23047669,10218.76892190676
1708819200,2024-02-25 00:00:00,AMP/EUR,0.00460,0.00493,0.00442,0.00451,880599.97503812,3971.5058874219217
1708905600,2024-02-26 00:00:00,AMP/EUR,0.00451,0.00480,0.00421,0.00480,2175919.96502355,10444.41583211304
1708992000,2024-02-27 00:00:00,AMP/EUR,0.00480,0.00493,0.00447,0.00453,3521647.79344874,15953.064504322794
1709078400,2024-02-28 00:00:00,AMP/EUR,0.00453,0.00471,0.00430,0.00432,7065487.65883007,30522.906686145903
1709164800,2024-02-29 00:00:00,AMP/EUR,0.00443,0.00471,0.00443,0.00470,1749625.20836408,8223.238479311176
1709251200,2024-03-01 00:00:00,AMP/EUR,0.00469,0.00478,0.00458,0.00465,3064813.73585108,14251.383871707521
1709337600,2024-03-02 00:00:00,AMP/EUR,0.00459,0.00529,0.00457,0.00488,1135267.38929632,5540.104859766042
1709424000,2024-03-03 00:00:00,AMP/EUR,0.00529,0.00529,0.00476,0.00490,708934.11617832,3473.777169273768
1709510400,2024-03-04 00:00:00,AMP/EUR,0.00499,0.00539,0.00469,0.00500,4176323.34622152,20881.616731107602
1709596800,2024-03-05 00:00:00,AMP/EUR,0.00471,0.00499,0.00400,0.00420,6692647.89588317,28109.12116270931
1709683200,2024-03-06 00:00:00,AMP/EUR,0.00456,0.00499,0.00433,0.00467,4630879.14461167,21626.205605336498
1709769600,2024-03-07 00:00:00,AMP/EUR,0.00497,0.00497,0.00466,0.00471,4135846.06847241,19479.83498250505
1709856000,2024-03-08 00:00:00,AMP/EUR,0.00477,0.00490,0.00462,0.00462,2583379.31253778,11935.212423924544
1709942400,2024-03-09 00:00:00,AMP/EUR,0.00489,0.00503,0.00485,0.00490,901934.17670790,4419.47746586871
1710028800,2024-03-10 00:00:00,AMP/EUR,0.00490,0.00530,0.00477,0.00479,2199769.62497894,10536.896503649123
1710115200,2024-03-11 00:00:00,AMP/EUR,0.00479,0.00660,0.00479,0.00646,7303260.14666872,47179.06054747993
1710201600,2024-03-12 00:00:00,AMP/EUR,0.00666,0.01717,0.00666,0.01168,35378782.21978825,413224.1763271268
1710288000,2024-03-13 00:00:00,AMP/EUR,0.01166,0.01400,0.01121,0.01180,17223249.22744232,203234.3408838194
1710374400,2024-03-14 00:00:00,AMP/EUR,0.01180,0.01235,0.00999,0.01113,8055985.53307325,89663.11898310528
1710460800,2024-03-15 00:00:00,AMP/EUR,0.01083,0.01083,0.00900,0.00965,4333436.17690251,41817.659107109226
1710547200,2024-03-16 00:00:00,AMP/EUR,0.00945,0.01277,0.00945,0.01070,6051415.70000704,64750.147990075326
1710633600,2024-03-17 00:00:00,AMP/EUR,0.01113,0.01194,0.01002,0.01083,10579178.94386092,114572.50796201375
1710720000,2024-03-18 00:00:00,AMP/EUR,0.01073,0.01096,0.00969,0.00972,2673460.54802204,25986.036526774227
1710806400,2024-03-19 00:00:00,AMP/EUR,0.00938,0.01094,0.00815,0.01004,4090565.33905041,41069.276004066116
1710892800,2024-03-20 00:00:00,AMP/EUR,0.00995,0.01045,0.00900,0.01005,4562871.29729433,45856.85653780802
1710979200,2024-03-21 00:00:00,AMP/EUR,0.01005,0.01005,0.00953,0.00954,1827203.31586590,17431.519633360684
1711065600,2024-03-22 00:00:00,AMP/EUR,0.00953,0.01044,0.00934,0.00977,478739.38921189,4677.283832600165
1711152000,2024-03-23 00:00:00,AMP/EUR,0.00977,0.01000,0.00950,0.00950,226249.52733263,2149.370509659985
1711238400,2024-03-24 00:00:00,AMP/EUR,0.00942,0.01200,0.00942,0.01009,1361925.30657539,13741.826343345685
1711324800,2024-03-25 00:00:00,AMP/EUR,0.01006,0.01019,0.00975,0.01015,1279548.08903450,12987.413103700175
1711411200,2024-03-26 00:00:00,AMP/EUR,0.01006,0.01184,0.01003,0.01011,965812.10061754,9764.360337243328
1711497600,2024-03-27 00:00:00,AMP/EUR,0.01011,0.01110,0.00964,0.01050,1401176.40345149,14712.352236240646
1711584000,2024-03-28 00:00:00,AMP/EUR,0.00997,0.01089,0.00980,0.00982,650982.81365806,6392.65123012215
1711670400,2024-03-29 00:00:00,AMP/EUR,0.01057,0.01060,0.00984,0.00984,179346.29743021,1764.7675667132662
1711756800,2024-03-30 00:00:00,AMP/EUR,0.01024,0.01056,0.00965,0.00965,762610.12428735,7359.187699372927
1711843200,2024-03-31 00:00:00,AMP/EUR,0.01024,0.01028,0.00980,0.01028,121964.06311767,1253.7905688496476
1711929600,2024-04-01 00:00:00,AMP/EUR,0.01028,0.01028,0.00933,0.00933,1038458.91629825,9688.821689062672
1712016000,2024-04-02 00:00:00,AMP/EUR,0.00933,0.01012,0.00826,0.00830,662305.59859356,5497.136468326548
1712102400,2024-04-03 00:00:00,AMP/EUR,0.00830,0.01012,0.00829,0.00897,6309412.71444138,56595.43204853919
1712188800,2024-04-04 00:00:00,AMP/EUR,0.00901,0.01029,0.00865,0.00878,2071678.98256037,18189.341466880047
1712275200,2024-04-05 00:00:00,AMP/EUR,0.00878,0.00899,0.00831,0.00832,845029.90182622,7030.6487831941495
1712361600,2024-04-06 00:00:00,AMP/EUR,0.00855,0.00856,0.00854,0.00855,1624210.83714231,13887.002657566753
1712448000,2024-04-07 00:00:00,AMP/EUR,0.00874,0.00886,0.00864,0.00886,656636.61381562,5817.800398406393
1712534400,2024-04-08 00:00:00,AMP/EUR,0.00886,0.00886,0.00870,0.00879,353447.55849669,3106.804039185905
1712620800,2024-04-09 00:00:00,AMP/EUR,0.00870,0.00919,0.00846,0.00919,395754.55346684,3636.9843463602597
1712707200,2024-04-10 00:00:00,AMP/EUR,0.00858,0.00858,0.00826,0.00858,609586.09335141,5230.248680955098
1712793600,2024-04-11 00:00:00,AMP/EUR,0.00858,0.00958,0.00827,0.00830,489072.91457785,4059.305190996155
1712880000,2024-04-12 00:00:00,AMP/EUR,0.00830,0.00949,0.00680,0.00771,2628072.09801606,20262.43587570382
1712966400,2024-04-13 00:00:00,AMP/EUR,0.00770,0.00919,0.00573,0.00603,647162.60142603,3902.390486598961
1713052800,2024-04-14 00:00:00,AMP/EUR,0.00653,0.00679,0.00632,0.00657,1886768.92857833,12396.071860759628
1713139200,2024-04-15 00:00:00,AMP/EUR,0.00654,0.00720,0.00645,0.00676,2489881.13007693,16831.59643932005
1713225600,2024-04-16 00:00:00,AMP/EUR,0.00626,0.00795,0.00626,0.00769,1505965.32575836,11580.873355081789
1713312000,2024-04-17 00:00:00,AMP/EUR,0.00754,0.00860,0.00700,0.00700,985283.72845371,6896.98609917597
1713398400,2024-04-18 00:00:00,AMP/EUR,0.00700,0.00817,0.00696,0.00817,297231.86813235,2428.3843626412995
1713484800,2024-04-19 00:00:00,AMP/EUR,0.00720,0.00727,0.00645,0.00680,837613.81121228,5695.773916243504
1713571200,2024-04-20 00:00:00,AMP/EUR,0.00700,0.00717,0.00690,0.00717,996888.01432474,7147.687062708386
1713657600,2024-04-21 00:00:00,AMP/EUR,0.00736,0.00747,0.00730,0.00747,118526.24754923,885.3910691927481
1713744000,2024-04-22 00:00:00,AMP/EUR,0.00799,0.00799,0.00736,0.00763,596979.22498190,4554.951486611896
1713830400,2024-04-23 00:00:00,AMP/EUR,0.00737,0.00742,0.00731,0.00739,262715.95912345,1941.4709379222954
1713916800,2024-04-24 00:00:00,AMP/EUR,0.00733,0.00734,0.00712,0.00712,374301.39124881,2665.025905691527
1714003200,2024-04-25 00:00:00,AMP/EUR,0.00702,0.00713,0.00690,0.00713,431074.99959029,3073.5647470787676
1714089600,2024-04-26 00:00:00,AMP/EUR,0.00781,0.00820,0.00688,0.00688,735541.72065876,5060.527038132269
1714176000,2024-04-27 00:00:00,AMP/EUR,0.00668,0.00680,0.00668,0.00679,526923.42476346,3577.810054143893
1714262400,2024-04-28 00:00:00,AMP/EUR,0.00679,0.00679,0.00679,0.00679,0.00000000,0.0
1714348800,2024-04-29 00:00:00,AMP/EUR,0.00661,0.00820,0.00650,0.00820,602322.54303866,4939.044852917012
1714435200,2024-04-30 00:00:00,AMP/EUR,0.00820,0.00825,0.00651,0.00690,445820.96107993,3076.164631451517
1714521600,2024-05-01 00:00:00,AMP/EUR,0.00668,0.00773,0.00666,0.00725,1090152.75097986,7903.607444603986
1714608000,2024-05-02 00:00:00,AMP/EUR,0.00715,0.00740,0.00701,0.00728,775986.31804201,5649.180395345832
1714694400,2024-05-03 00:00:00,AMP/EUR,0.00719,0.00750,0.00719,0.00747,1010993.64729820,7552.122545317555
1714780800,2024-05-04 00:00:00,AMP/EUR,0.00747,0.00747,0.00715,0.00746,414446.37454501,3091.769954105774
1714867200,2024-05-05 00:00:00,AMP/EUR,0.00716,0.00716,0.00716,0.00716,4951.83537142,35.4551412593672
1714953600,2024-05-06 00:00:00,AMP/EUR,0.00715,0.00735,0.00709,0.00710,1217436.92662111,8643.802179009881
1715040000,2024-05-07 00:00:00,AMP/EUR,0.00709,0.00720,0.00700,0.00700,153437.77280810,1074.0644096567
1715126400,2024-05-08 00:00:00,AMP/EUR,0.00689,0.00695,0.00684,0.00695,23442.80040060,162.92746278417
1715212800,2024-05-09 00:00:00,AMP/EUR,0.00697,0.00730,0.00697,0.00697,210545.84496324,1467.5045393937828
1715299200,2024-05-10 00:00:00,AMP/EUR,0.00698,0.00698,0.00698,0.00698,5000.00000000,34.9
1715385600,2024-05-11 00:00:00,AMP/EUR,0.00693,0.00696,0.00693,0.00696,107944.67860307,751.2949630773672
1715472000,2024-05-12 00:00:00,AMP/EUR,0.00695,0.00695,0.00695,0.00695,2142.85714285,14.892857142807499
1715558400,2024-05-13 00:00:00,AMP/EUR,0.00652,0.00679,0.00644,0.00679,361827.19876412,2456.806679608375
1715644800,2024-05-14 00:00:00,AMP/EUR,0.00651,0.00652,0.00644,0.00644,98749.41663031,635.9462430991965
1715731200,2024-05-15 00:00:00,AMP/EUR,0.00644,0.00644,0.00641,0.00641,39008.01499297,250.04137610493768
1715817600,2024-05-16 00:00:00,AMP/EUR,0.00643,0.00652,0.00632,0.00632,2455989.34961229,15521.852689549673
1715904000,2024-05-17 00:00:00,AMP/EUR,0.00645,0.00657,0.00632,0.00657,433543.45487804,2848.380498548723
1715990400,2024-05-18 00:00:00,AMP/EUR,0.00674,0.00700,0.00674,0.00700,560298.85696051,3922.09199872357
1716076800,2024-05-19 00:00:00,AMP/EUR,0.00676,0.00676,0.00676,0.00676,7370.40088757,49.8239099999732
1716163200,2024-05-20 00:00:00,AMP/EUR,0.00644,0.00651,0.00632,0.00649,1050380.85687421,6816.971761113623
1716249600,2024-05-21 00:00:00,AMP/EUR,0.00655,0.00674,0.00649,0.00674,498155.73167221,3357.5696314706956
1716336000,2024-05-22 00:00:00,AMP/EUR,0.00672,0.00700,0.00659,0.00665,480456.77472310,3195.037551908615
1716422400,2024-05-23 00:00:00,AMP/EUR,0.00653,0.00653,0.00644,0.00644,28141.82174578,181.2333320428232
1716508800,2024-05-24 00:00:00,AMP/EUR,0.00643,0.00645,0.00632,0.00645,197160.48416090,1271.685122837805
1716595200,2024-05-25 00:00:00,AMP/EUR,0.00650,0.00700,0.00650,0.00699,256511.19511140,1793.013253828686
1716681600,2024-05-26 00:00:00,AMP/EUR,0.00656,0.00700,0.00640,0.00640,59515.23913677,380.897530475328
1716768000,2024-05-27 00:00:00,AMP/EUR,0.00640,0.00689,0.00640,0.00689,139016.71480704,957.8251650205057
1716854400,2024-05-28 00:00:00,AMP/EUR,0.00679,0.00681,0.00640,0.00644,74359.45285226,478.87487636855445
1716940800,2024-05-29 00:00:00,AMP/EUR,0.00644,0.00644,0.00644,0.00644,0.00000000,0.0
1717027200,2024-05-30 00:00:00,AMP/EUR,0.00641,0.00740,0.00641,0.00657,289581.07206770,1902.547643484789
1717113600,2024-05-31 00:00:00,AMP/EUR,0.00657,0.00679,0.00654,0.00673,557781.23368322,3753.8677026880705
1717200000,2024-06-01 00:00:00,AMP/EUR,0.00678,0.00678,0.00642,0.00642,476508.76067896,3059.1862435589233
1717286400,2024-06-02 00:00:00,AMP/EUR,0.00638,0.00663,0.00630,0.00639,519239.57238762,3317.9408675568916
1717372800,2024-06-03 00:00:00,AMP/EUR,0.00688,0.00688,0.00635,0.00635,353250.71034830,2243.142010711705
1717459200,2024-06-04 00:00:00,AMP/EUR,0.00638,0.00638,0.00635,0.00635,383195.18812444,2433.2894445901943
1717545600,2024-06-05 00:00:00,AMP/EUR,0.00689,0.00689,0.00628,0.00628,1948617.40662879,12237.317313628802
1717632000,2024-06-06 00:00:00,AMP/EUR,0.00628,0.00683,0.00628,0.00630,1885400.99010842,11878.026237683045
1717718400,2024-06-07 00:00:00,AMP/EUR,0.00630,0.00630,0.00630,0.00630,0.00000000,0.0
