https://www.Saxcoin-b6.nl,AVAX,Avalanche
unix,date,symbol,open,high,low,close,volume,total
1648425600,2022-03-28 00:00:00,AVAX/EUR,82.00000,87.49000,81.12000,81.68000,1143.40935792,93393.6763549056
1648512000,2022-03-29 00:00:00,AVAX/EUR,81.89710,86.61746,81.82310,82.88700,541.20323411,44858.71246567558
1648598400,2022-03-30 00:00:00,AVAX/EUR,83.21388,90.00000,81.79323,85.62000,1306.09472022,111827.8299452364
1648684800,2022-03-31 00:00:00,AVAX/EUR,87.46000,90.94190,85.30000,86.58200,1119.67308568,96943.53510434575
1648771200,2022-04-01 00:00:00,AVAX/EUR,85.00000,90.14049,83.27000,87.28937,337.97731233,29501.826667578935
1648857600,2022-04-02 00:00:00,AVAX/EUR,88.77000,93.62763,87.16000,87.16000,455.13853487,39669.874699269196
1648944000,2022-04-03 00:00:00,AVAX/EUR,88.21000,90.22000,86.06000,88.63000,297.61116825,26377.277841997497
1649030400,2022-04-04 00:00:00,AVAX/EUR,88.66312,88.66312,83.00000,86.95156,1505.35200554,130892.70523083163
1649116800,2022-04-05 00:00:00,AVAX/EUR,87.75318,89.18543,83.25000,83.25000,5473.10396965,455635.90547336254
1649203200,2022-04-06 00:00:00,AVAX/EUR,83.30000,83.67999,75.43811,76.08322,2594.62270102,197407.24977869887
1649289600,2022-04-07 00:00:00,AVAX/EUR,76.00000,81.15408,74.80000,81.07469,1414.05311879,114643.91824943243
1649376000,2022-04-08 00:00:00,AVAX/EUR,80.51000,83.17008,76.19700,77.12208,1277.71761298,98540.2399656526
1649462400,2022-04-09 00:00:00,AVAX/EUR,77.13000,78.63408,75.69000,77.89087,611.19290658,47606.34723134493
1649548800,2022-04-10 00:00:00,AVAX/EUR,77.94703,78.77540,74.28653,74.28653,361.68826512,26868.56615748483
1649635200,2022-04-11 00:00:00,AVAX/EUR,74.24381,74.73999,66.99000,68.34322,1634.35034623,111696.76526947306
1649721600,2022-04-12 00:00:00,AVAX/EUR,68.01000,73.08854,68.01000,70.57659,1220.35769964,86128.68502083542
1649808000,2022-04-13 00:00:00,AVAX/EUR,70.92747,74.00000,70.51000,73.19000,408.46252252,29895.372023238797
1649894400,2022-04-14 00:00:00,AVAX/EUR,73.95597,75.00000,70.51000,70.96113,980.95173927,69609.44389406456
1649980800,2022-04-15 00:00:00,AVAX/EUR,70.92042,72.80276,69.26000,71.59973,1110.76263844,79530.30500639162
1650067200,2022-04-16 00:00:00,AVAX/EUR,71.66859,72.39906,70.93421,72.03000,1299.20951562,93582.06141010861
1650153600,2022-04-17 00:00:00,AVAX/EUR,71.88717,72.92192,69.50000,70.08979,1275.56146325,89403.83509128522
1650240000,2022-04-18 00:00:00,AVAX/EUR,69.78334,72.23602,66.94730,72.08217,994.89501025,71714.19126099224
1650326400,2022-04-19 00:00:00,AVAX/EUR,72.13000,75.30821,71.46000,74.38508,755.15420207,56172.205733313116
1650412800,2022-04-20 00:00:00,AVAX/EUR,73.70319,75.01000,71.36433,72.06751,409.38993156,29503.712986599614
1650499200,2022-04-21 00:00:00,AVAX/EUR,73.01000,73.39590,68.73000,69.19000,778.15871669,53840.8016077811
1650585600,2022-04-22 00:00:00,AVAX/EUR,69.20000,71.01533,67.99015,68.64844,5215.79436335,358056.1464047706
1650672000,2022-04-23 00:00:00,AVAX/EUR,68.64844,68.92000,67.90000,68.45759,115.31457495,7894.15789295137
1650758400,2022-04-24 00:00:00,AVAX/EUR,67.98762,68.00000,65.78721,66.20000,1286.98173941,85198.191148942
1650844800,2022-04-25 00:00:00,AVAX/EUR,66.01970,68.04025,62.71720,68.04025,1916.05862872,130369.10811276597
1650931200,2022-04-26 00:00:00,AVAX/EUR,68.10903,68.10903,62.00000,64.04926,2068.72894699,132500.55819528876
1651017600,2022-04-27 00:00:00,AVAX/EUR,65.00204,67.36805,64.90644,66.02002,485.24479304,32035.87094139666
1651104000,2022-04-28 00:00:00,AVAX/EUR,66.28071,67.11188,63.62000,63.86480,208.45883959,13313.182098647432
1651190400,2022-04-29 00:00:00,AVAX/EUR,64.17020,64.24949,59.12315,59.90602,410.02143862,24562.752502398493
1651276800,2022-04-30 00:00:00,AVAX/EUR,60.25000,61.03362,52.57000,54.42191,940.51258902,51184.49147351342
1651363200,2022-05-01 00:00:00,AVAX/EUR,54.69000,57.75000,54.00000,56.14710,718.80675603,40358.91481149201
1651449600,2022-05-02 00:00:00,AVAX/EUR,56.36296,59.17000,54.05000,57.54001,725.99360291,41773.67917137744
1651536000,2022-05-03 00:00:00,AVAX/EUR,57.38802,59.25678,55.55002,56.78002,752.94407546,42752.17966350031
1651622400,2022-05-04 00:00:00,AVAX/EUR,56.47592,64.16946,56.05000,62.68523,1091.45248838,68417.95026817263
1651708800,2022-05-05 00:00:00,AVAX/EUR,63.21520,65.16518,54.35967,56.09608,2997.82920964,168166.4671703022
1651795200,2022-05-06 00:00:00,AVAX/EUR,56.09569,56.18857,52.34000,54.17225,1327.86219925,71933.28302332081
1651881600,2022-05-07 00:00:00,AVAX/EUR,54.05652,54.39538,51.13395,52.58281,292.20156166,15364.779198471064
1651968000,2022-05-08 00:00:00,AVAX/EUR,51.87999,52.13000,48.10000,48.51182,797.09702686,38668.62748956749
1652054400,2022-05-09 00:00:00,AVAX/EUR,49.98173,49.98173,39.22000,39.22000,2829.01908552,110954.12853409439
1652140800,2022-05-10 00:00:00,AVAX/EUR,39.02131,47.22968,38.09885,40.88333,3207.04363062,131114.62307503558
1652227200,2022-05-11 00:00:00,AVAX/EUR,42.90940,43.58004,25.31291,29.05359,12205.13441936,354602.9713149735
1652313600,2022-05-12 00:00:00,AVAX/EUR,29.39670,32.72671,21.10000,29.71480,5938.44036873,176459.5678687382
1652400000,2022-05-13 00:00:00,AVAX/EUR,29.91122,36.35999,29.25095,30.94713,6423.74094343,198796.34606265085
1652486400,2022-05-14 00:00:00,AVAX/EUR,30.75050,32.81000,28.21000,32.59654,4099.47268673,133628.62541190188
1652572800,2022-05-15 00:00:00,AVAX/EUR,32.79000,35.39000,31.08425,34.49346,2983.17742847,102900.1113018328
1652659200,2022-05-16 00:00:00,AVAX/EUR,34.73816,34.73816,30.16000,31.21000,1399.58383090,43681.01136238901
1652745600,2022-05-17 00:00:00,AVAX/EUR,31.65925,33.79118,31.05334,32.83551,1170.08074800,38420.19810176148
1652832000,2022-05-18 00:00:00,AVAX/EUR,32.21000,32.21000,28.21000,28.21000,2351.71179910,66341.78985261101
1652918400,2022-05-19 00:00:00,AVAX/EUR,28.34495,30.04456,26.21000,27.83000,3118.34269440,86783.47718515199
1653004800,2022-05-20 00:00:00,AVAX/EUR,28.62238,30.00541,26.47258,27.54507,1799.22567792,49559.79724410385
1653091200,2022-05-21 00:00:00,AVAX/EUR,26.97197,28.74795,26.97197,27.92967,833.58023140,23281.62078152564
1653177600,2022-05-22 00:00:00,AVAX/EUR,28.00000,30.73868,27.40000,30.03054,1561.42426321,46890.41379329843
1653264000,2022-05-23 00:00:00,AVAX/EUR,29.80000,30.73868,27.00000,27.10417,2031.01261303,55048.911135709335
1653350400,2022-05-24 00:00:00,AVAX/EUR,27.00000,27.65638,24.56670,26.94796,1383.50840776,37282.72923198016
1653436800,2022-05-25 00:00:00,AVAX/EUR,26.94796,27.50000,25.40000,25.40000,814.98292072,20700.566186288
1653523200,2022-05-26 00:00:00,AVAX/EUR,25.63934,25.81469,21.39883,21.99755,2041.99167570,44918.813985794535
1653609600,2022-05-27 00:00:00,AVAX/EUR,21.50000,22.20000,19.99990,20.84809,3225.39127505,67243.24758745715
1653696000,2022-05-28 00:00:00,AVAX/EUR,21.43042,23.92295,20.94163,23.50000,2617.00183315,61499.543079025
1653782400,2022-05-29 00:00:00,AVAX/EUR,23.03000,25.16667,22.13509,24.55292,2414.71531821,59288.31203078468
1653868800,2022-05-30 00:00:00,AVAX/EUR,24.55292,26.32767,24.39365,25.56368,896.40236186,22915.343129833247
1653955200,2022-05-31 00:00:00,AVAX/EUR,26.41771,27.04077,24.06486,24.91024,3106.74428916,77389.745861605
1654041600,2022-06-01 00:00:00,AVAX/EUR,25.11788,25.14572,21.86652,22.50290,2183.64945824,49138.4453938289
1654128000,2022-06-02 00:00:00,AVAX/EUR,22.02864,23.10000,21.34740,22.86503,841.17286382,19233.442766430213
1654214400,2022-06-03 00:00:00,AVAX/EUR,22.69881,22.69881,21.11112,21.50075,454.87892360,9780.2380165927
1654300800,2022-06-04 00:00:00,AVAX/EUR,21.00000,22.75646,20.87000,22.67930,623.24383816,14134.73397878209
1654387200,2022-06-05 00:00:00,AVAX/EUR,22.89620,23.32028,22.39434,22.54435,452.22567791,10195.133961790309
1654473600,2022-06-06 00:00:00,AVAX/EUR,22.88000,25.81603,22.88000,24.11801,1194.60302295,28811.44765353833
1654560000,2022-06-07 00:00:00,AVAX/EUR,23.07785,24.18859,21.94757,22.79860,2243.17206137,51141.18255835008
1654646400,2022-06-08 00:00:00,AVAX/EUR,23.26104,23.27546,22.20800,22.97098,784.29534726,18016.032736002515
1654732800,2022-06-09 00:00:00,AVAX/EUR,22.43260,23.74498,22.21000,22.95374,389.10234097,8931.353968016727
1654819200,2022-06-10 00:00:00,AVAX/EUR,22.83542,23.25756,21.00000,21.00000,655.87361318,13773.34587678
1654905600,2022-06-11 00:00:00,AVAX/EUR,21.38088,21.89005,18.85005,18.88355,2354.05261324,44452.8702247482
1654992000,2022-06-12 00:00:00,AVAX/EUR,18.98450,18.98450,16.68559,16.68559,2166.01942927,36141.31212883322
1655078400,2022-06-13 00:00:00,AVAX/EUR,16.18033,16.65244,14.01390,14.97647,3624.98423513,54289.46764789739
1655164800,2022-06-14 00:00:00,AVAX/EUR,14.56607,16.44895,14.10000,16.00000,1472.02928458,23552.46855328
1655251200,2022-06-15 00:00:00,AVAX/EUR,15.20528,17.54999,13.81000,17.11435,3616.31440554,61890.870446453504
1655337600,2022-06-16 00:00:00,AVAX/EUR,17.52863,17.55603,14.79170,14.87374,2428.95013822,36127.572828848344
1655424000,2022-06-17 00:00:00,AVAX/EUR,14.81459,15.81987,14.77739,15.36352,826.78689222,12702.356954359815
1655510400,2022-06-18 00:00:00,AVAX/EUR,15.27352,15.27352,13.26293,14.30647,1390.26454978,19889.778073491074
1655596800,2022-06-19 00:00:00,AVAX/EUR,13.79976,15.64001,13.26130,15.44485,1712.00748333,26441.69877890935
1655683200,2022-06-20 00:00:00,AVAX/EUR,14.79258,16.79398,14.74000,16.37470,1287.00959129,21074.39595449636
1655769600,2022-06-21 00:00:00,AVAX/EUR,16.43297,17.45069,15.83771,16.36081,2219.00452749,36304.71146340367
1655856000,2022-06-22 00:00:00,AVAX/EUR,15.74271,16.36232,15.22043,15.47065,2509.02347586,38816.2240368135
1655942400,2022-06-23 00:00:00,AVAX/EUR,16.03531,27.11654,16.03531,17.23331,1538.31804216,26510.31169913635
1656028800,2022-06-24 00:00:00,AVAX/EUR,17.09356,19.84000,17.09356,19.70054,1487.94931086,29313.404916569863
1656115200,2022-06-25 00:00:00,AVAX/EUR,19.49344,20.51000,18.86741,20.15147,2620.00012061,52796.8538304688
1656201600,2022-06-26 00:00:00,AVAX/EUR,20.36000,20.65999,18.62790,18.62790,1286.08529363,23957.06824121028
1656288000,2022-06-27 00:00:00,AVAX/EUR,19.02544,20.02923,18.22528,18.59276,1925.58336845,35801.90942958242
1656374400,2022-06-28 00:00:00,AVAX/EUR,18.28449,19.26423,17.48610,17.51641,1110.19166455,19446.572374840267
1656460800,2022-06-29 00:00:00,AVAX/EUR,17.47918,17.61406,16.43000,17.06531,1168.36088352,19938.440669142692
1656547200,2022-06-30 00:00:00,AVAX/EUR,17.01382,17.01382,15.30470,16.11345,3679.55427756,59290.31387374918
1656633600,2022-07-01 00:00:00,AVAX/EUR,16.60813,16.74000,15.13606,15.85000,1735.69457512,27510.759015652002
1656720000,2022-07-02 00:00:00,AVAX/EUR,15.46371,15.89338,15.30131,15.89338,2266.05259527,36015.234996612315
1656806400,2022-07-03 00:00:00,AVAX/EUR,15.46593,16.05000,15.29352,15.81876,976.18986718,15442.113223352295
1656892800,2022-07-04 00:00:00,AVAX/EUR,15.98434,17.19221,15.64976,17.19221,1581.38044489,27187.424698442308
1656979200,2022-07-05 00:00:00,AVAX/EUR,17.15310,18.07050,16.18171,17.66576,2146.04385681,37911.49572387982
1657065600,2022-07-06 00:00:00,AVAX/EUR,17.79173,18.92379,17.44830,18.92379,2964.74971279,56104.300967398274
1657152000,2022-07-07 00:00:00,AVAX/EUR,18.73669,20.17050,18.48588,19.80306,3158.42482785,62546.476371403216
1657238400,2022-07-08 00:00:00,AVAX/EUR,19.63241,20.64999,18.50199,19.39722,1358.74481075,26355.872017976115
1657324800,2022-07-09 00:00:00,AVAX/EUR,19.61975,19.85351,19.31164,19.67629,432.18262999,8503.750760645938
1657411200,2022-07-10 00:00:00,AVAX/EUR,19.49454,19.49454,18.44095,18.88497,259.65942554,4903.660461540133
1657497600,2022-07-11 00:00:00,AVAX/EUR,18.44175,18.49258,17.48537,17.52068,1168.59938274,20474.65583318506
1657584000,2022-07-12 00:00:00,AVAX/EUR,17.21000,17.91901,16.83806,16.83806,498.71394790,8397.375377577073
1657670400,2022-07-13 00:00:00,AVAX/EUR,16.78174,18.69000,16.43074,18.66588,1997.64937351,37287.88348801284
1657756800,2022-07-14 00:00:00,AVAX/EUR,18.46644,19.72298,17.87443,19.69211,3195.39573175,62924.08424315149
1657843200,2022-07-15 00:00:00,AVAX/EUR,19.55188,20.05562,18.95286,19.48109,1409.78063410,27464.06341315917
1657929600,2022-07-16 00:00:00,AVAX/EUR,19.16919,21.22000,18.55000,21.05743,1748.32292168,36815.18754067209
1658016000,2022-07-17 00:00:00,AVAX/EUR,21.10539,21.77029,20.40000,20.40000,1002.58431950,20452.7201178
1658102400,2022-07-18 00:00:00,AVAX/EUR,21.09966,24.35798,21.09966,23.67000,2435.25817933,57642.56110474111
1658188800,2022-07-19 00:00:00,AVAX/EUR,24.26319,25.60071,22.67234,23.97376,2399.63470646,57528.26654034248
1658275200,2022-07-20 00:00:00,AVAX/EUR,24.26728,25.44420,23.10084,23.14325,3495.64432592,80900.57054584804
1658361600,2022-07-21 00:00:00,AVAX/EUR,22.99000,24.91000,22.17029,24.31920,1663.38490694,40452.190228855245
1658448000,2022-07-22 00:00:00,AVAX/EUR,24.69536,25.06000,23.16067,23.16067,1654.79769194,38326.223259784
1658534400,2022-07-23 00:00:00,AVAX/EUR,23.41228,24.12000,22.58456,23.17555,2154.63509219,49934.853310803956
1658620800,2022-07-24 00:00:00,AVAX/EUR,23.36873,23.88365,22.92239,23.39197,142.81819951,3340.7990383919346
1658707200,2022-07-25 00:00:00,AVAX/EUR,22.86124,22.86124,20.57905,20.57905,1564.56295100,32197.21919677655
1658793600,2022-07-26 00:00:00,AVAX/EUR,20.44485,20.50406,19.33473,20.35119,900.26498420,18321.463743801196
1658880000,2022-07-27 00:00:00,AVAX/EUR,20.33269,22.93049,20.18469,22.93049,2011.00188823,46113.25868803913
1658966400,2022-07-28 00:00:00,AVAX/EUR,22.69341,24.19015,22.22677,23.80349,3601.50743429,85728.44619704768
1659052800,2022-07-29 00:00:00,AVAX/EUR,23.65934,24.86477,23.20000,24.26892,3571.12964425,86667.45964593173
1659139200,2022-07-30 00:00:00,AVAX/EUR,24.22129,25.18838,23.61467,23.65524,1143.59794311,27052.083807773393
1659225600,2022-07-31 00:00:00,AVAX/EUR,23.81490,24.58993,23.26074,23.26074,1050.00014259,24423.780316748915
1659312000,2022-08-01 00:00:00,AVAX/EUR,23.51090,23.71428,22.44250,23.03970,1795.89835908,41376.95942369548
1659398400,2022-08-02 00:00:00,AVAX/EUR,22.43172,23.59009,21.76264,22.55820,1023.68680961,23092.5317885443
1659484800,2022-08-03 00:00:00,AVAX/EUR,22.42662,23.72278,20.00000,22.70291,3398.68275697,77159.98875004178
1659571200,2022-08-04 00:00:00,AVAX/EUR,23.12294,23.56956,22.40390,22.70796,598.05572425,13580.625464040031
1659657600,2022-08-05 00:00:00,AVAX/EUR,23.11335,24.45000,23.11335,24.45000,1532.89427163,37479.264941353504
1659744000,2022-08-06 00:00:00,AVAX/EUR,24.43850,26.30000,24.43850,26.12093,983.61727341,25692.997945533472
1659830400,2022-08-07 00:00:00,AVAX/EUR,25.75833,27.90000,25.17000,27.36845,4629.59832461,126704.93026717256
1659916800,2022-08-08 00:00:00,AVAX/EUR,27.72050,30.22000,27.42426,27.49247,5346.43717636,146986.763677962
1660003200,2022-08-09 00:00:00,AVAX/EUR,27.30000,28.21213,26.46000,26.94408,3492.94331876,94114.14421613494
1660089600,2022-08-10 00:00:00,AVAX/EUR,26.54815,29.24401,26.21000,28.15956,4393.02830299,123705.74407974508
1660176000,2022-08-11 00:00:00,AVAX/EUR,28.34050,29.15000,27.61606,27.73654,2712.30606611,75229.98569490266
1660262400,2022-08-12 00:00:00,AVAX/EUR,27.87629,28.62961,27.64282,28.62961,1678.60212888,48057.72429500413
1660348800,2022-08-13 00:00:00,AVAX/EUR,28.36973,29.40076,28.21000,28.35483,847.17645279,24021.544298863475
1660435200,2022-08-14 00:00:00,AVAX/EUR,28.47128,29.14090,27.22985,27.68822,763.08313044,21128.413593911417
1660521600,2022-08-15 00:00:00,AVAX/EUR,27.29558,28.53052,26.69361,27.40537,1329.37247401,36431.944518059434
1660608000,2022-08-16 00:00:00,AVAX/EUR,27.34173,27.98079,26.61362,26.61969,1264.79220342,33668.37636945734
1660694400,2022-08-17 00:00:00,AVAX/EUR,27.01115,27.71403,25.01000,25.10316,3708.40566203,93092.70067884501
1660780800,2022-08-18 00:00:00,AVAX/EUR,25.27662,25.75730,24.00000,24.00000,2682.93407743,64390.41785832
1660867200,2022-08-19 00:00:00,AVAX/EUR,23.91313,23.91313,21.38011,22.29194,5644.51949363,125827.28988083036
1660953600,2022-08-20 00:00:00,AVAX/EUR,22.77751,23.28103,21.56674,22.00000,3749.45623850,82488.037247
1661040000,2022-08-21 00:00:00,AVAX/EUR,22.28961,23.41293,22.24798,22.93940,1156.35062558,26525.98954042985
1661126400,2022-08-22 00:00:00,AVAX/EUR,22.62579,22.73669,21.70000,22.58051,990.35129333,22362.637282550997
1661212800,2022-08-23 00:00:00,AVAX/EUR,22.69671,23.61451,22.01278,23.61451,3375.27712488,79705.51541825001
1661299200,2022-08-24 00:00:00,AVAX/EUR,23.61285,23.69590,22.98124,23.10585,1146.66222546,26494.60538214494
1661385600,2022-08-25 00:00:00,AVAX/EUR,23.47790,23.59472,22.88926,23.06063,851.97111920,19646.990750557095
1661472000,2022-08-26 00:00:00,AVAX/EUR,23.00267,23.15963,20.49796,20.55000,4671.83600667,96006.22993706849
1661558400,2022-08-27 00:00:00,AVAX/EUR,20.78280,20.89408,19.89635,20.31384,1293.85329277,26283.12877280294
1661644800,2022-08-28 00:00:00,AVAX/EUR,20.09605,20.31827,18.21000,18.66011,1618.81400062,30207.247321109266
1661731200,2022-08-29 00:00:00,AVAX/EUR,18.51335,19.37569,17.69821,19.36328,4335.26664684,83944.98195742404
1661817600,2022-08-30 00:00:00,AVAX/EUR,19.23256,20.45940,18.92850,19.22646,2599.57566713,49980.63758104826
1661904000,2022-08-31 00:00:00,AVAX/EUR,19.84428,19.90114,18.94977,19.03385,2711.23475868,51605.23571150132
1661990400,2022-09-01 00:00:00,AVAX/EUR,19.26370,19.55422,18.52857,19.40806,2462.00648604,47782.769601453474
1662076800,2022-09-02 00:00:00,AVAX/EUR,19.38854,19.55807,18.81399,18.92114,2765.78189189,52331.74638591556
1662163200,2022-09-03 00:00:00,AVAX/EUR,18.93126,19.03300,18.68186,18.92915,335.38017904,6348.461716075016
1662249600,2022-09-04 00:00:00,AVAX/EUR,18.98021,19.22457,18.90632,19.13840,2865.63952910,54843.75556372744
1662336000,2022-09-05 00:00:00,AVAX/EUR,19.27491,19.27491,18.60374,19.24016,4562.57104655,87784.59694698943
1662422400,2022-09-06 00:00:00,AVAX/EUR,19.66950,20.51762,18.42388,18.48430,8490.94144606,156949.10897140688
1662508800,2022-09-07 00:00:00,AVAX/EUR,18.33058,19.21193,18.09784,19.14775,2010.65390668,38499.49834163197
1662595200,2022-09-08 00:00:00,AVAX/EUR,18.96629,19.17208,18.65993,19.06506,493.87584383,9415.77259516958
1662681600,2022-09-09 00:00:00,AVAX/EUR,19.47424,20.49558,19.47424,20.49558,3367.36054716,69016.00748316155
1662768000,2022-09-10 00:00:00,AVAX/EUR,20.22378,20.96788,20.00229,20.52627,694.74771330,14260.57914507839
1662854400,2022-09-11 00:00:00,AVAX/EUR,20.31527,20.77960,19.86177,20.47383,2789.96265138,57121.22103070338
1662940800,2022-09-12 00:00:00,AVAX/EUR,20.02738,21.63467,19.95487,21.03891,1041.25441293,21906.857880737105
1663027200,2022-09-13 00:00:00,AVAX/EUR,20.65274,21.31777,18.91599,18.94898,1733.72778983,32852.37321493287
1663113600,2022-09-14 00:00:00,AVAX/EUR,18.95508,19.28959,18.56704,19.09043,2590.45184937,49452.839698768534
1663200000,2022-09-15 00:00:00,AVAX/EUR,18.73000,19.33295,18.19978,18.19978,989.55795838,18009.737139765155
1663286400,2022-09-16 00:00:00,AVAX/EUR,18.10000,18.31327,17.65454,18.09177,2846.36712356,51495.8193350091
1663372800,2022-09-17 00:00:00,AVAX/EUR,18.24516,18.48399,18.05810,18.48399,5826.01534019,107688.00928791854
1663459200,2022-09-18 00:00:00,AVAX/EUR,18.38954,18.67814,16.49626,16.67326,758.64760167,12649.128711020343
1663545600,2022-09-19 00:00:00,AVAX/EUR,16.74874,17.34841,16.44729,17.21046,1528.54345479,26306.935986925106
1663632000,2022-09-20 00:00:00,AVAX/EUR,17.06633,17.24655,16.74301,16.83284,594.80782599,10012.304965637511
1663718400,2022-09-21 00:00:00,AVAX/EUR,16.78173,18.07050,16.50000,16.67773,1716.29433010,28623.893437938674
1663804800,2022-09-22 00:00:00,AVAX/EUR,16.82624,18.14990,16.82624,18.14990,2860.92377985,51925.48051189951
1663891200,2022-09-23 00:00:00,AVAX/EUR,18.10391,18.54212,17.62872,18.49856,3452.66088875,63869.25461019521
1663977600,2022-09-24 00:00:00,AVAX/EUR,18.48142,18.59912,18.26381,18.26381,147.82746439,2699.8927224007257
1664064000,2022-09-25 00:00:00,AVAX/EUR,18.36454,18.36734,17.92601,17.99640,656.30561340,11811.13834099176
1664150400,2022-09-26 00:00:00,AVAX/EUR,17.88505,18.27674,17.67533,18.07081,570.12709311,10302.658375443121
1664236800,2022-09-27 00:00:00,AVAX/EUR,18.20938,19.12050,17.80000,18.01096,793.47436745,14291.235093167254
1664323200,2022-09-28 00:00:00,AVAX/EUR,17.85156,17.90073,17.61261,17.82250,1832.90093126,32666.876847381354
1664409600,2022-09-29 00:00:00,AVAX/EUR,17.86956,17.87044,17.41022,17.52971,1117.74749501,19593.78944075175
1664496000,2022-09-30 00:00:00,AVAX/EUR,17.69287,17.99621,17.52247,17.54378,2525.93183405,44314.39239156971
1664582400,2022-10-01 00:00:00,AVAX/EUR,17.50424,17.61986,17.30106,17.37167,576.67946651,10017.885387987773
1664668800,2022-10-02 00:00:00,AVAX/EUR,17.31887,17.40683,16.87094,16.87094,384.47823602,6486.509251199259
1664755200,2022-10-03 00:00:00,AVAX/EUR,16.86494,17.44565,16.79868,17.34821,3596.35380528,62390.301048296555
1664841600,2022-10-04 00:00:00,AVAX/EUR,17.45926,17.60540,17.33469,17.47181,2420.01576922,42282.055716815696
1664928000,2022-10-05 00:00:00,AVAX/EUR,17.44871,17.52079,17.22360,17.46046,3274.30511133,57170.87342417301
1665014400,2022-10-06 00:00:00,AVAX/EUR,17.53816,17.72429,17.40316,17.40316,1241.96529741,21614.120785273815
1665100800,2022-10-07 00:00:00,AVAX/EUR,17.41140,17.49798,17.10556,17.36527,2630.91468062,45686.54377593007
1665187200,2022-10-08 00:00:00,AVAX/EUR,17.38186,17.40629,17.12786,17.12786,801.95059847,13735.697577510373
1665273600,2022-10-09 00:00:00,AVAX/EUR,17.24713,17.42008,17.24713,17.34506,844.83238752,14653.668451477652
1665360000,2022-10-10 00:00:00,AVAX/EUR,17.34899,17.51134,16.76738,16.78241,5281.10546631,88629.67718885561
1665446400,2022-10-11 00:00:00,AVAX/EUR,16.67773,16.67773,16.10000,16.46060,5589.07730069,91999.5658157378
1665532800,2022-10-12 00:00:00,AVAX/EUR,16.40000,16.57033,16.38809,16.47271,2696.25541455,44414.63352981192
1665619200,2022-10-13 00:00:00,AVAX/EUR,16.28529,16.28529,14.98550,16.06990,14675.86272448,235839.64639612118
1665705600,2022-10-14 00:00:00,AVAX/EUR,16.07512,16.70000,16.02055,16.02055,2785.66726745,44627.921741546095
1665792000,2022-10-15 00:00:00,AVAX/EUR,16.16362,16.18517,15.92952,15.94366,1760.72547897,28072.40839003483
1665878400,2022-10-16 00:00:00,AVAX/EUR,16.00884,16.25077,15.99265,16.24172,1480.84528314,24051.4744520806
1665964800,2022-10-17 00:00:00,AVAX/EUR,16.12254,16.55629,16.08553,16.34496,2524.07285183,41255.86980024728
1666051200,2022-10-18 00:00:00,AVAX/EUR,16.49132,16.49648,15.83099,16.09586,4914.71552975,79106.57310668183
1666137600,2022-10-19 00:00:00,AVAX/EUR,15.97866,15.97866,15.40617,15.40617,822.63749737,12673.693132856773
1666224000,2022-10-20 00:00:00,AVAX/EUR,15.46568,15.76178,15.23725,15.59481,1572.37576736,24520.901340583405
1666310400,2022-10-21 00:00:00,AVAX/EUR,15.41337,15.85906,15.18758,15.85906,4682.37252251,74258.02677683743
1666396800,2022-10-22 00:00:00,AVAX/EUR,15.98566,16.11780,15.78945,15.90876,2879.73618143,45813.03177368633
1666483200,2022-10-23 00:00:00,AVAX/EUR,15.92876,16.64931,15.85554,16.64931,8850.24454266,147350.46496655457
1666569600,2022-10-24 00:00:00,AVAX/EUR,16.62774,16.62774,15.87989,15.96110,4446.09350223,70964.54299844326
1666656000,2022-10-25 00:00:00,AVAX/EUR,15.98092,17.07298,15.87544,16.71204,2396.08639856,40043.491736190656
1666742400,2022-10-26 00:00:00,AVAX/EUR,16.80464,17.17132,16.75926,16.86796,3281.39937433,55350.51339022347
1666828800,2022-10-27 00:00:00,AVAX/EUR,16.95866,17.35611,16.87501,16.89858,1588.15181450,26837.510489473407
1666915200,2022-10-28 00:00:00,AVAX/EUR,16.84026,18.40000,16.84026,18.38711,4956.50479200,91135.79882603111
1667001600,2022-10-29 00:00:00,AVAX/EUR,18.45958,18.87518,18.21165,18.36685,2239.57214752,41133.88569767771
1667088000,2022-10-30 00:00:00,AVAX/EUR,18.40951,18.83561,18.10000,18.34156,2192.42039177,40212.41016087297
1667174400,2022-10-31 00:00:00,AVAX/EUR,18.39007,19.92000,18.39007,19.56602,3338.32725546,65317.77784687547
1667260800,2022-11-01 00:00:00,AVAX/EUR,19.45216,19.58938,18.85919,18.92526,5363.62811362,101508.05659356804
1667347200,2022-11-02 00:00:00,AVAX/EUR,18.71000,18.75359,17.76000,18.12665,7005.34176737,126983.37834749742
1667433600,2022-11-03 00:00:00,AVAX/EUR,18.37395,19.24894,18.37395,18.50000,2850.77421208,52739.322923479995
1667520000,2022-11-04 00:00:00,AVAX/EUR,18.50300,19.76088,18.33466,19.36180,2848.71562975,55156.26228009355
1667606400,2022-11-05 00:00:00,AVAX/EUR,19.71845,20.66348,19.27320,19.65927,3210.29149512,63111.987281267764
1667692800,2022-11-06 00:00:00,AVAX/EUR,19.34110,19.65959,18.46776,18.52024,7259.45852708,134446.9141915681
1667779200,2022-11-07 00:00:00,AVAX/EUR,18.43585,18.74657,17.84069,17.97145,1375.97024032,24728.180375398864
1667865600,2022-11-08 00:00:00,AVAX/EUR,17.91031,17.91031,15.00000,15.91350,41776.33152750,664807.6517628713
1667952000,2022-11-09 00:00:00,AVAX/EUR,15.92073,15.92665,12.00000,12.88279,11349.72856288,146216.16963258485
1668038400,2022-11-10 00:00:00,AVAX/EUR,13.05452,15.76068,13.05452,14.90000,6150.48305591,91642.197533059
1668124800,2022-11-11 00:00:00,AVAX/EUR,14.85853,14.87568,13.14887,13.42012,2485.95840711,33361.86013842505
1668211200,2022-11-12 00:00:00,AVAX/EUR,13.33804,13.33804,12.46813,12.53256,656.47397758,8227.299512460006
1668297600,2022-11-13 00:00:00,AVAX/EUR,12.76043,12.76095,12.30143,12.62490,3053.42659933,38549.20547388132
1668384000,2022-11-14 00:00:00,AVAX/EUR,12.57791,13.14999,11.71683,12.53857,4505.39918558,56491.26306633783
1668470400,2022-11-15 00:00:00,AVAX/EUR,12.70146,13.68679,12.70146,13.27776,1743.84278034,23154.32591508724
1668556800,2022-11-16 00:00:00,AVAX/EUR,12.95514,13.19674,12.45668,12.54506,551.39226500,6917.249047960899
1668643200,2022-11-17 00:00:00,AVAX/EUR,12.63037,12.78754,12.26949,12.42270,591.02357009,7342.108504157044
1668729600,2022-11-18 00:00:00,AVAX/EUR,12.62114,12.78290,12.50000,12.53836,621.22396593,7789.129725458075
1668816000,2022-11-19 00:00:00,AVAX/EUR,12.39170,12.46752,12.11764,12.46752,1522.99434969,18987.962514647068
1668902400,2022-11-20 00:00:00,AVAX/EUR,12.61397,12.68445,11.70000,11.84777,2567.40980156,30418.08082462852
1668988800,2022-11-21 00:00:00,AVAX/EUR,11.73268,12.21668,11.34627,11.61676,2456.64878136,28538.299297351594
1669075200,2022-11-22 00:00:00,AVAX/EUR,11.69491,12.15998,11.18990,11.91275,2100.93475878,25027.910547656444
1669161600,2022-11-23 00:00:00,AVAX/EUR,11.99605,12.50000,11.99604,12.50000,237.39363723,2967.420465375
1669248000,2022-11-24 00:00:00,AVAX/EUR,12.55826,12.79503,12.30600,12.39523,292.93525232,3630.999827614434
1669334400,2022-11-25 00:00:00,AVAX/EUR,12.26509,12.48149,12.04138,12.41281,1518.47408775,18848.530341164078
1669420800,2022-11-26 00:00:00,AVAX/EUR,12.34499,12.60694,12.10366,12.10366,741.01659866,8969.012964537096
1669507200,2022-11-27 00:00:00,AVAX/EUR,12.28696,12.71319,12.28696,12.45251,350.82823922,4368.692157169442
1669593600,2022-11-28 00:00:00,AVAX/EUR,12.41545,12.48885,11.64610,12.04530,3250.83069159,39157.23092940902
1669680000,2022-11-29 00:00:00,AVAX/EUR,11.89658,12.21934,11.87342,12.09687,1100.25476892,13309.63890650528
1669766400,2022-11-30 00:00:00,AVAX/EUR,12.26023,12.91000,11.82037,12.64406,3572.04255560,45165.12039555974
1669852800,2022-12-01 00:00:00,AVAX/EUR,12.65558,12.65570,12.07963,12.19774,664.85472878,8109.7251194289565
1669939200,2022-12-02 00:00:00,AVAX/EUR,12.34366,12.95000,12.28552,12.94664,875.45170853,11334.15810772284
1670025600,2022-12-03 00:00:00,AVAX/EUR,12.65569,13.16181,12.65569,12.81612,202.81172236,2599.259371172443
1670112000,2022-12-04 00:00:00,AVAX/EUR,13.05735,13.20791,12.31013,13.20791,2951.57437270,38984.128672928055
1670198400,2022-12-05 00:00:00,AVAX/EUR,13.19384,13.59999,12.86174,12.90350,2605.87797094,33624.94639802429
1670284800,2022-12-06 00:00:00,AVAX/EUR,13.05549,13.05549,12.84874,12.94715,683.73655884,8852.439787785306
1670371200,2022-12-07 00:00:00,AVAX/EUR,13.07404,13.07404,12.37811,12.60703,973.90683262,12278.072656045319
1670457600,2022-12-08 00:00:00,AVAX/EUR,12.59086,12.79478,12.45754,12.72005,1196.76711717,15222.937568758258
1670544000,2022-12-09 00:00:00,AVAX/EUR,12.66021,12.88696,12.45890,12.71530,589.68947279,7498.078553366686
1670630400,2022-12-10 00:00:00,AVAX/EUR,12.77218,13.01473,12.68963,12.79215,333.79287235,4269.928492032052
1670716800,2022-12-11 00:00:00,AVAX/EUR,12.79349,12.82855,12.30000,12.30000,127.44608541,1567.586850543
1670803200,2022-12-12 00:00:00,AVAX/EUR,12.31431,12.37920,11.88027,12.30670,621.71373455,7651.244416986485
1670889600,2022-12-13 00:00:00,AVAX/EUR,12.17994,13.18282,11.98681,12.88028,2109.82820648,27175.178051360217
1670976000,2022-12-14 00:00:00,AVAX/EUR,12.97178,13.25449,12.74345,12.87999,457.50725400,5892.688856447459
1671062400,2022-12-15 00:00:00,AVAX/EUR,12.88160,12.88160,12.40597,12.47359,586.16321534,7311.55962123287
1671148800,2022-12-16 00:00:00,AVAX/EUR,12.45283,12.45283,11.00000,11.24479,1492.15645020,16778.98592964446
1671235200,2022-12-17 00:00:00,AVAX/EUR,11.19167,11.28514,10.91593,11.17253,2005.96008367,22411.649213605586
1671321600,2022-12-18 00:00:00,AVAX/EUR,11.28349,11.33339,11.14452,11.28263,1367.25704484,15426.255351823127
1671408000,2022-12-19 00:00:00,AVAX/EUR,11.35047,11.41212,10.56000,10.79141,3154.38391439,34040.25011758739
1671494400,2022-12-20 00:00:00,AVAX/EUR,10.82325,11.29156,10.82325,11.22866,826.66155704,9282.301559072766
1671580800,2022-12-21 00:00:00,AVAX/EUR,11.03043,11.19061,10.99340,10.99340,495.62177795,5448.56845371553
1671667200,2022-12-22 00:00:00,AVAX/EUR,11.00138,11.07814,10.70001,11.07701,258.76937853,2866.390993670595
1671753600,2022-12-23 00:00:00,AVAX/EUR,11.17010,11.17076,11.00001,11.08250,663.51484702,7353.40329209915
1671840000,2022-12-24 00:00:00,AVAX/EUR,11.02900,11.02900,10.94744,10.99708,428.31722330,4710.238770007964
1671926400,2022-12-25 00:00:00,AVAX/EUR,10.97339,11.00741,10.84187,10.99833,893.07875091,9822.37481849598
1672012800,2022-12-26 00:00:00,AVAX/EUR,10.98225,11.06133,10.88639,10.93881,667.82046308,7305.161159744134
1672099200,2022-12-27 00:00:00,AVAX/EUR,11.02622,11.10049,10.87180,10.90528,1266.48551419,13811.379148185923
1672185600,2022-12-28 00:00:00,AVAX/EUR,10.99520,10.99836,10.49127,10.54203,849.51390915,8955.601115676574
1672272000,2022-12-29 00:00:00,AVAX/EUR,10.49000,10.72603,10.00000,10.12364,2534.27508485,25656.088619990853
1672358400,2022-12-30 00:00:00,AVAX/EUR,10.17572,10.24196,9.90593,10.20786,695.61613242,7100.752093484821
1672444800,2022-12-31 00:00:00,AVAX/EUR,10.16441,10.27637,10.14636,10.25312,2651.16942436,27182.758248294
1672531200,2023-01-01 00:00:00,AVAX/EUR,10.15911,10.20853,9.97229,10.19795,1620.10773230,16521.777648608786
1672617600,2023-01-02 00:00:00,AVAX/EUR,10.13587,10.51093,10.03170,10.50460,11656.43780030,122446.21651703138
1672704000,2023-01-03 00:00:00,AVAX/EUR,10.44945,11.03004,10.39362,10.85683,3997.53720922,43400.58189917597
1672790400,2023-01-04 00:00:00,AVAX/EUR,10.80215,11.58031,10.80215,11.38518,3413.45895368,38862.844610258464
1672876800,2023-01-05 00:00:00,AVAX/EUR,11.32084,11.41726,10.96702,11.16665,798.34750150,8914.867127624975
1672963200,2023-01-06 00:00:00,AVAX/EUR,11.13860,11.18867,10.72691,11.03075,2926.28700865,32279.140420665986
1673049600,2023-01-07 00:00:00,AVAX/EUR,11.05540,11.06945,10.94495,11.02056,1192.70648105,13144.293336800389
1673136000,2023-01-08 00:00:00,AVAX/EUR,10.91006,11.44124,10.88207,11.29355,3860.54524161,43599.26071338462
1673222400,2023-01-09 00:00:00,AVAX/EUR,11.36657,11.94558,11.28013,11.37794,6261.93151064,71247.88101217129
1673308800,2023-01-10 00:00:00,AVAX/EUR,11.43094,12.02506,11.38171,11.84000,1671.40517540,19789.437276736
1673395200,2023-01-11 00:00:00,AVAX/EUR,11.81549,15.14545,11.42340,14.77151,7527.86391286,111197.91706745062
1673481600,2023-01-12 00:00:00,AVAX/EUR,14.71783,15.48399,13.75529,14.24486,7675.25085759,109332.87393124949
1673568000,2023-01-13 00:00:00,AVAX/EUR,14.15452,15.31977,13.75215,14.68813,2844.00757306,41773.152954089775
1673654400,2023-01-14 00:00:00,AVAX/EUR,14.86934,17.06833,10.50000,15.63643,9424.95253503,147372.61056731915
1673740800,2023-01-15 00:00:00,AVAX/EUR,15.61122,16.05394,14.85705,15.59140,2513.37338648,39187.009817964274
1673827200,2023-01-16 00:00:00,AVAX/EUR,15.47017,15.83021,14.87336,15.45363,18266.34825640,282281.38740555075
1673913600,2023-01-17 00:00:00,AVAX/EUR,15.73138,16.80000,15.38221,15.81204,2763.69932379,43699.72425574043
1674000000,2023-01-18 00:00:00,AVAX/EUR,15.87108,16.14381,14.00000,14.61673,6243.81075795,91264.0960200505
1674086400,2023-01-19 00:00:00,AVAX/EUR,14.68281,15.22878,14.55700,14.90678,900.72147888,13426.856926938804
1674172800,2023-01-20 00:00:00,AVAX/EUR,14.81393,16.13410,14.67851,16.11000,1866.50659457,30069.4212385227
1674259200,2023-01-21 00:00:00,AVAX/EUR,15.89683,16.98000,15.43297,15.65984,1280.78604238,20056.90449790402
1674345600,2023-01-22 00:00:00,AVAX/EUR,15.75790,16.96095,15.27081,16.13175,1577.27857380,25444.26363289815
1674432000,2023-01-23 00:00:00,AVAX/EUR,16.25419,16.76521,15.87591,16.71218,1703.09754956,28462.472805805643
1674518400,2023-01-24 00:00:00,AVAX/EUR,16.36604,17.38887,15.68048,15.68048,1185.12616821,18583.34717809354
1674604800,2023-01-25 00:00:00,AVAX/EUR,15.58000,16.77788,14.00000,16.37772,2535.52437853,41526.10832473835
1674691200,2023-01-26 00:00:00,AVAX/EUR,16.27798,17.27432,15.79798,16.60743,1345.29975043,22341.971434283696
1674777600,2023-01-27 00:00:00,AVAX/EUR,16.46034,19.89587,16.10201,19.56476,2638.54583416,51622.5159943402
1674864000,2023-01-28 00:00:00,AVAX/EUR,19.34563,20.00000,17.68712,18.91610,2278.37825452,43098.03090032577
1674950400,2023-01-29 00:00:00,AVAX/EUR,18.80619,19.55941,18.66442,19.55941,915.01608790,17897.17481983214
1675036800,2023-01-30 00:00:00,AVAX/EUR,19.46511,19.55941,17.84800,17.84800,3734.25289821,66648.94572725207
1675123200,2023-01-31 00:00:00,AVAX/EUR,18.23701,18.66746,17.74830,18.18182,1774.85071552,32270.016236455842
1675209600,2023-02-01 00:00:00,AVAX/EUR,18.12254,19.90000,17.00000,18.29079,2620.89443898,47938.22979555099
1675296000,2023-02-02 00:00:00,AVAX/EUR,19.22247,20.78712,18.94855,19.50882,4052.14175936,79052.50419783755
1675382400,2023-02-03 00:00:00,AVAX/EUR,19.24792,20.90999,18.20000,19.90595,2608.97924056,51934.210313625335
1675468800,2023-02-04 00:00:00,AVAX/EUR,19.83796,20.39998,19.36897,19.50000,695.61824642,13564.55580519
1675555200,2023-02-05 00:00:00,AVAX/EUR,19.50000,19.51544,18.36477,18.73144,789.36887119,14786.015648563214
1675641600,2023-02-06 00:00:00,AVAX/EUR,18.80038,19.24574,18.00001,18.12727,1300.09555086,23567.18307623795
1675728000,2023-02-07 00:00:00,AVAX/EUR,18.88986,19.65999,18.12001,19.32554,1105.89353788,21371.989802041455
1675814400,2023-02-08 00:00:00,AVAX/EUR,19.52271,19.55705,18.43371,18.84958,2474.50977484,46643.469961628565
1675900800,2023-02-09 00:00:00,AVAX/EUR,18.78592,18.80533,16.30000,16.66500,2544.20074426,42399.1054030929
1675987200,2023-02-10 00:00:00,AVAX/EUR,16.64738,17.03752,16.38048,16.61085,1106.21660846,18375.198150637792
1676073600,2023-02-11 00:00:00,AVAX/EUR,16.64342,16.92957,16.62729,16.92957,903.60734458,15297.683792581229
1676160000,2023-02-12 00:00:00,AVAX/EUR,16.83873,17.36345,16.46817,16.55018,287.45430999,4757.420572110299
1676246400,2023-02-13 00:00:00,AVAX/EUR,16.66491,16.66491,15.86939,16.39957,1034.04757239,16957.93554673987
1676332800,2023-02-14 00:00:00,AVAX/EUR,16.29321,16.96528,16.19843,16.93389,1009.83532033,17100.440232582983
1676419200,2023-02-15 00:00:00,AVAX/EUR,16.77014,18.57288,16.72466,18.57288,2925.90211086,54342.42879674948
1676505600,2023-02-16 00:00:00,AVAX/EUR,18.79998,18.99112,17.41654,17.42296,2555.20174117,44519.177728335264
1676592000,2023-02-17 00:00:00,AVAX/EUR,17.58356,18.37350,17.58356,18.22435,2179.02969527,39711.39982699383
1676678400,2023-02-18 00:00:00,AVAX/EUR,18.28757,18.71419,18.10500,18.23334,758.15168780,13823.63749523125
1676764800,2023-02-19 00:00:00,AVAX/EUR,18.34972,19.07155,18.17523,18.67223,775.90648223,14487.904294689473
1676851200,2023-02-20 00:00:00,AVAX/EUR,18.54243,19.90000,17.91069,19.36525,2821.41806045,54637.46609512936
1676937600,2023-02-21 00:00:00,AVAX/EUR,19.42365,20.16958,18.79920,19.65075,1916.76114555,37665.79408091666
1677024000,2023-02-22 00:00:00,AVAX/EUR,20.04425,20.04584,18.47084,19.00013,2021.82776478,38414.99036842942
1677110400,2023-02-23 00:00:00,AVAX/EUR,19.24460,19.44255,18.10000,18.61428,1231.18721691,22917.663587983476
1677196800,2023-02-24 00:00:00,AVAX/EUR,18.64981,18.64981,17.25000,17.33382,2411.74704967,41804.78924451084
1677283200,2023-02-25 00:00:00,AVAX/EUR,17.39361,17.40999,16.65371,17.04544,977.24255206,16657.529286585606
1677369600,2023-02-26 00:00:00,AVAX/EUR,16.95052,17.64025,16.95052,17.31786,503.66403513,8722.383247416421
1677456000,2023-02-27 00:00:00,AVAX/EUR,17.49540,17.53468,16.78080,16.98997,1830.79071843,31105.079382404147
1677542400,2023-02-28 00:00:00,AVAX/EUR,16.77933,16.84834,16.14396,16.20594,1633.60350935,26474.080456315536
1677628800,2023-03-01 00:00:00,AVAX/EUR,16.11837,16.72810,16.11837,16.51337,1928.99838306,31854.26402887151
1677715200,2023-03-02 00:00:00,AVAX/EUR,16.67634,16.67634,16.17626,16.44869,1332.47386444,21917.449529275582
1677801600,2023-03-03 00:00:00,AVAX/EUR,16.00341,16.00341,14.95000,15.66168,3557.77830375,55720.7853042753
1677888000,2023-03-04 00:00:00,AVAX/EUR,15.76389,15.82867,14.89472,14.97153,1223.47901537,18317.352782982416
1677974400,2023-03-05 00:00:00,AVAX/EUR,15.14302,15.51345,15.13904,15.22029,1355.61698982,20632.88371398745
1678060800,2023-03-06 00:00:00,AVAX/EUR,15.17211,15.52110,14.93100,15.45625,1623.61322015,25094.971833943437
1678147200,2023-03-07 00:00:00,AVAX/EUR,15.41601,15.63839,15.15548,15.27227,1185.06344892,18098.608959037447
1678233600,2023-03-08 00:00:00,AVAX/EUR,15.38069,15.38069,14.30123,14.35000,1413.65254200,20285.913977700002
1678320000,2023-03-09 00:00:00,AVAX/EUR,14.38983,14.79469,13.47353,13.59801,4909.59268527,66760.69043022832
1678406400,2023-03-10 00:00:00,AVAX/EUR,13.57524,14.19735,13.11100,13.98636,5292.61259078,74024.38503518175
1678492800,2023-03-11 00:00:00,AVAX/EUR,13.96921,14.30652,13.15723,13.54763,10912.78974900,147842.43778724485
1678579200,2023-03-12 00:00:00,AVAX/EUR,13.59927,15.26350,13.40683,15.16706,6159.15891548,93416.3328206201
1678665600,2023-03-13 00:00:00,AVAX/EUR,15.44466,15.68327,14.58936,15.29361,7152.17034860,109382.50396505244
1678752000,2023-03-14 00:00:00,AVAX/EUR,15.22944,16.57163,14.74782,15.76951,3081.05451816,48586.720034669306
1678838400,2023-03-15 00:00:00,AVAX/EUR,15.87725,16.20012,14.56974,14.70180,1304.63464706,19180.477654146707
1678924800,2023-03-16 00:00:00,AVAX/EUR,14.79942,15.12094,14.45510,14.91540,1551.84570242,23146.399389875267
1679011200,2023-03-17 00:00:00,AVAX/EUR,14.88772,16.63577,14.88772,16.49880,2502.86975263,41294.347474691844
1679097600,2023-03-18 00:00:00,AVAX/EUR,16.35923,17.00000,15.90561,16.00168,3035.95795502,48580.42768968444
1679184000,2023-03-19 00:00:00,AVAX/EUR,16.06546,16.88776,16.06270,16.43364,1148.60845452,18875.81784253805
1679270400,2023-03-20 00:00:00,AVAX/EUR,16.46966,16.64500,15.58126,15.61130,6060.22463379,94607.98482548582
1679356800,2023-03-21 00:00:00,AVAX/EUR,15.60063,16.24816,15.28644,16.23911,2809.17642805,45618.52502451104
1679443200,2023-03-22 00:00:00,AVAX/EUR,16.10906,16.63968,15.06353,15.41514,2582.62863603,39811.58199241149
1679529600,2023-03-23 00:00:00,AVAX/EUR,15.53211,16.37033,15.32029,16.16835,1200.71238295,19413.53805686963
1679616000,2023-03-24 00:00:00,AVAX/EUR,16.22647,16.27787,15.53000,15.82844,2242.65562243,35497.73996029591
1679702400,2023-03-25 00:00:00,AVAX/EUR,15.74274,15.92883,15.29059,15.68057,1141.78874731,17903.898377406764
1679788800,2023-03-26 00:00:00,AVAX/EUR,15.72589,16.03878,15.72589,15.91022,2247.25151589,35754.266013143395
1679875200,2023-03-27 00:00:00,AVAX/EUR,15.80000,15.80000,14.97775,15.26603,829.82174298,12668.08362298497
1679961600,2023-03-28 00:00:00,AVAX/EUR,15.24361,15.47651,15.10355,15.42936,1486.65508104,22938.136441195333
1680048000,2023-03-29 00:00:00,AVAX/EUR,15.44690,16.04242,15.44690,15.94570,1575.91472644,25129.06345339431
1680134400,2023-03-30 00:00:00,AVAX/EUR,15.96358,16.18344,15.74662,15.75047,1454.41379622,22907.700864949224
1680220800,2023-03-31 00:00:00,AVAX/EUR,15.74351,16.36021,15.73944,16.36021,2458.57320185,40222.77388263838
1680307200,2023-04-01 00:00:00,AVAX/EUR,16.37830,16.41818,16.22754,16.38616,623.14305108,10210.921737885052
1680393600,2023-04-02 00:00:00,AVAX/EUR,16.34633,16.39067,15.79000,15.87470,797.84578428,12665.562471709716
1680480000,2023-04-03 00:00:00,AVAX/EUR,15.91418,16.03002,15.33368,15.73099,2193.12754540,34500.06748541195
1680566400,2023-04-04 00:00:00,AVAX/EUR,15.73082,16.11632,15.64150,16.11632,1145.72060328,18464.799873053533
1680652800,2023-04-05 00:00:00,AVAX/EUR,16.24612,16.67608,16.21110,16.52858,898.08128995,14844.008447441773
1680739200,2023-04-06 00:00:00,AVAX/EUR,16.43878,16.69924,16.22862,16.55229,508.17309594,8411.428454196703
1680825600,2023-04-07 00:00:00,AVAX/EUR,16.48449,16.54928,16.02628,16.13851,368.73281408,5950.798207358222
1680912000,2023-04-08 00:00:00,AVAX/EUR,16.13851,16.27602,15.98772,15.98772,382.66330226,6117.913730808247
1680998400,2023-04-09 00:00:00,AVAX/EUR,16.02795,16.06017,15.86604,16.03944,466.10862564,7476.121334435242
1681084800,2023-04-10 00:00:00,AVAX/EUR,16.04878,16.46216,16.04878,16.45293,889.71778189,14638.464385191435
1681171200,2023-04-11 00:00:00,AVAX/EUR,16.53691,17.00463,16.52351,16.64867,1658.12921323,27605.646088425903
1681257600,2023-04-12 00:00:00,AVAX/EUR,16.64482,17.01747,16.22618,16.46536,2259.48260129,37203.19444397631
1681344000,2023-04-13 00:00:00,AVAX/EUR,16.80280,17.22451,16.77653,17.12646,2217.20440752,37972.86259721498
1681430400,2023-04-14 00:00:00,AVAX/EUR,17.03739,17.50325,16.88528,17.49220,1923.41785871,33644.809868127064
1681516800,2023-04-15 00:00:00,AVAX/EUR,17.43906,17.75864,17.31733,17.41574,1922.29976495,33478.272908430314
1681603200,2023-04-16 00:00:00,AVAX/EUR,17.53764,18.61873,17.34714,18.29950,1249.43832811,22864.09668524894
1681689600,2023-04-17 00:00:00,AVAX/EUR,18.39123,19.33207,18.26066,18.86918,4438.66999416,83754.06308040398
1681776000,2023-04-18 00:00:00,AVAX/EUR,18.77846,19.59867,18.77846,19.25817,797.02441337,15349.231646829734
1681862400,2023-04-19 00:00:00,AVAX/EUR,19.18343,19.80000,16.91403,16.91403,4154.53971449,70270.0093670753
1681948800,2023-04-20 00:00:00,AVAX/EUR,17.26199,17.63044,16.67631,16.71850,2103.88688411,35173.832871993036
1682035200,2023-04-21 00:00:00,AVAX/EUR,16.80222,16.80222,15.18076,15.34113,2649.01967929,40638.9552725462
1682121600,2023-04-22 00:00:00,AVAX/EUR,15.38643,15.80928,15.38643,15.74733,1244.17136641,19592.377083409185
1682208000,2023-04-23 00:00:00,AVAX/EUR,15.71480,15.71480,15.10000,15.32354,1211.24432898,18560.55092489819
1682294400,2023-04-24 00:00:00,AVAX/EUR,15.42833,15.62761,15.11114,15.41043,3142.77754484,48431.553360328675
1682380800,2023-04-25 00:00:00,AVAX/EUR,15.28383,16.16249,15.23052,16.06529,2652.14026066,42607.402408178496
1682467200,2023-04-26 00:00:00,AVAX/EUR,16.06394,16.48706,14.88000,15.49913,1313.07816590,20351.569193445666
1682553600,2023-04-27 00:00:00,AVAX/EUR,15.90548,16.21554,15.69872,16.09386,1263.48779381,20334.395665287007
1682640000,2023-04-28 00:00:00,AVAX/EUR,16.02944,16.14818,15.75184,15.91061,626.26983057,9964.335028965346
1682726400,2023-04-29 00:00:00,AVAX/EUR,15.88695,16.09274,15.75706,15.81916,325.88716573,5155.261216629387
1682812800,2023-04-30 00:00:00,AVAX/EUR,15.69547,16.13351,15.55000,15.56000,685.00463622,10658.6721395832
1682899200,2023-05-01 00:00:00,AVAX/EUR,15.59930,15.59930,15.07176,15.18032,3818.04863488,57959.20005304156
1682985600,2023-05-02 00:00:00,AVAX/EUR,15.11951,15.42100,15.04694,15.30782,2054.87465594,31455.65135569145
1683072000,2023-05-03 00:00:00,AVAX/EUR,15.15830,15.61658,14.86380,15.51947,2084.82969200,32355.451860103236
1683158400,2023-05-04 00:00:00,AVAX/EUR,15.50306,15.50306,15.25897,15.34652,2400.95294968,36846.27246132311
1683244800,2023-05-05 00:00:00,AVAX/EUR,15.34652,15.79182,15.34131,15.77821,2275.46652154,35902.78862482764
1683331200,2023-05-06 00:00:00,AVAX/EUR,15.84765,15.84765,15.00000,15.16077,491.57938046,7452.721923896554
1683417600,2023-05-07 00:00:00,AVAX/EUR,15.07772,15.15356,15.03083,15.10136,253.34666267,3825.8791577782313
1683504000,2023-05-08 00:00:00,AVAX/EUR,14.83387,14.83387,13.60905,13.95518,6602.99257061,92145.94986152527
1683590400,2023-05-09 00:00:00,AVAX/EUR,14.11522,14.16048,13.94191,14.01060,1580.78290638,22147.716988127628
1683676800,2023-05-10 00:00:00,AVAX/EUR,13.99884,14.24777,13.50000,14.12340,1733.03716606,24476.377111131802
1683763200,2023-05-11 00:00:00,AVAX/EUR,14.12340,14.12340,13.63575,13.65401,541.26915203,7390.4944145091395
1683849600,2023-05-12 00:00:00,AVAX/EUR,13.54222,13.93569,13.47536,13.93569,2607.08623597,36331.54558774477
1683936000,2023-05-13 00:00:00,AVAX/EUR,13.95470,13.96407,13.76123,13.77729,85.84068302,1182.6519837646158
1684022400,2023-05-14 00:00:00,AVAX/EUR,13.72466,13.89537,13.72466,13.85309,2586.64039275,35832.9621584011
1684108800,2023-05-15 00:00:00,AVAX/EUR,13.73943,14.12722,13.73943,13.86328,2790.31174962,38682.87307227195
1684195200,2023-05-16 00:00:00,AVAX/EUR,13.84969,13.84969,13.60000,13.72038,2981.40260416,40905.97666206478
1684281600,2023-05-17 00:00:00,AVAX/EUR,13.71209,14.11279,13.53611,14.02865,499.55624100,7008.099660304651
1684368000,2023-05-18 00:00:00,AVAX/EUR,13.97663,13.97663,13.48210,13.71377,874.11168252,11987.3665683923
1684454400,2023-05-19 00:00:00,AVAX/EUR,13.61129,13.63753,13.53819,13.58173,221.03921140,3002.094888647722
1684540800,2023-05-20 00:00:00,AVAX/EUR,13.48186,13.57193,13.47480,13.49782,217.69650764,2938.428274753345
1684627200,2023-05-21 00:00:00,AVAX/EUR,13.52882,13.56175,13.20000,13.23000,228.80719789,3027.1192280847
1684713600,2023-05-22 00:00:00,AVAX/EUR,13.05000,13.62220,13.05000,13.62220,5510.07304936,75059.3170929918
1684800000,2023-05-23 00:00:00,AVAX/EUR,13.66055,13.76569,13.55965,13.63351,8901.77394181,121362.42405340607
1684886400,2023-05-24 00:00:00,AVAX/EUR,13.56271,13.56271,13.00001,13.12850,1090.33133335,14314.414909885476
1684972800,2023-05-25 00:00:00,AVAX/EUR,13.13654,13.26308,12.86000,13.15559,5778.92691086,76025.19307924071
1685059200,2023-05-26 00:00:00,AVAX/EUR,13.09954,13.40268,13.06142,13.36541,1186.23964974,15854.579277031495
1685145600,2023-05-27 00:00:00,AVAX/EUR,13.36009,13.52271,13.36009,13.52271,1480.42253812,20019.324660460705
1685232000,2023-05-28 00:00:00,AVAX/EUR,13.64056,13.98050,13.46816,13.91792,3327.32367378,46309.42470577614
1685318400,2023-05-29 00:00:00,AVAX/EUR,13.88765,13.88765,13.45135,13.54964,1863.86303440,25254.673125427616
1685404800,2023-05-30 00:00:00,AVAX/EUR,13.43608,13.65273,13.43608,13.46129,3227.43239837,43445.4034698541
1685491200,2023-05-31 00:00:00,AVAX/EUR,13.35842,13.35842,13.12467,13.18817,542.66148296,7156.711889728582
1685577600,2023-06-01 00:00:00,AVAX/EUR,13.16921,13.26804,13.10000,13.12363,664.18989729,8716.582461771963
1685664000,2023-06-02 00:00:00,AVAX/EUR,13.24500,13.60834,13.24500,13.55014,605.69796323,8207.292199481353
1685750400,2023-06-03 00:00:00,AVAX/EUR,13.51566,13.63901,13.51566,13.55687,299.37095820,4058.533162092834
1685836800,2023-06-04 00:00:00,AVAX/EUR,13.60109,13.93105,13.60109,13.93105,187.94021667,2618.2045554406036
1685923200,2023-06-05 00:00:00,AVAX/EUR,13.85679,13.88398,12.62555,12.96500,1811.74999143,23489.33863888995
1686009600,2023-06-06 00:00:00,AVAX/EUR,13.06600,13.70758,12.98648,13.70136,1183.08085151,16209.816655645052
1686096000,2023-06-07 00:00:00,AVAX/EUR,13.64083,13.71448,13.08267,13.09467,2156.80447992,28242.64291907403
1686182400,2023-06-08 00:00:00,AVAX/EUR,13.09453,13.11878,12.88111,12.96633,1022.62849459,13259.738528257154
1686268800,2023-06-09 00:00:00,AVAX/EUR,12.90894,13.15321,12.75530,12.88128,286.60452910,3691.833188605248
1686355200,2023-06-10 00:00:00,AVAX/EUR,12.75000,12.75000,9.32160,10.92017,8662.06895329,94591.26552164886
1686441600,2023-06-11 00:00:00,AVAX/EUR,10.87322,10.95691,10.71000,10.72524,800.30502142,8583.463427934641
1686528000,2023-06-12 00:00:00,AVAX/EUR,10.60000,10.73593,10.45753,10.72894,1275.04864171,13679.920373988089
1686614400,2023-06-13 00:00:00,AVAX/EUR,10.73460,11.07256,10.68636,10.83446,3813.33850326,41315.46348003034
1686700800,2023-06-14 00:00:00,AVAX/EUR,10.93793,11.02245,10.45916,10.50063,958.29076004,10062.656703598825
1686787200,2023-06-15 00:00:00,AVAX/EUR,10.51027,10.68644,10.16635,10.41183,1218.29030070,12684.63150153728
1686873600,2023-06-16 00:00:00,AVAX/EUR,10.46982,10.70704,10.28461,10.54180,1346.41942167,14193.684259360807
1686960000,2023-06-17 00:00:00,AVAX/EUR,10.57709,10.76717,10.56501,10.66560,504.68805173,5382.800884531488
1687046400,2023-06-18 00:00:00,AVAX/EUR,10.58409,10.60061,10.42984,10.42984,199.30256959,2078.6939124125656
1687132800,2023-06-19 00:00:00,AVAX/EUR,10.38991,10.52273,10.28762,10.52273,839.95274791,8838.595979014994
1687219200,2023-06-20 00:00:00,AVAX/EUR,10.49631,11.07635,10.27184,11.07635,630.16334704,6979.909788986503
1687305600,2023-06-21 00:00:00,AVAX/EUR,11.06955,11.83821,11.05993,11.78872,2383.22449835,28095.16630818861
1687392000,2023-06-22 00:00:00,AVAX/EUR,11.96244,11.98721,11.47881,11.59905,4553.43693220,52815.54264843441
1687478400,2023-06-23 00:00:00,AVAX/EUR,11.67178,12.37111,11.65493,12.15239,3082.02365268,37453.9534165919
1687564800,2023-06-24 00:00:00,AVAX/EUR,12.13382,12.16834,11.72993,11.85257,222.04853834,2631.8458440725335
1687651200,2023-06-25 00:00:00,AVAX/EUR,12.16800,12.49386,12.16800,12.38726,523.04661475,6479.114409028085
1687737600,2023-06-26 00:00:00,AVAX/EUR,12.24793,12.45492,11.86556,11.99571,1435.78725988,17223.287591215114
1687824000,2023-06-27 00:00:00,AVAX/EUR,12.06356,12.24698,12.03178,12.06761,2308.68800523,27860.3464587936
1687910400,2023-06-28 00:00:00,AVAX/EUR,11.99571,12.24470,11.14778,11.35074,6086.44611896,69085.66742032403
1687996800,2023-06-29 00:00:00,AVAX/EUR,11.35631,11.83517,11.33584,11.67000,1232.13313097,14378.993638419899
1688083200,2023-06-30 00:00:00,AVAX/EUR,11.68731,12.19812,11.17138,11.90340,2925.56628848,34824.18575829283
1688169600,2023-07-01 00:00:00,AVAX/EUR,11.98479,12.02492,11.82691,11.87008,301.13138777,3574.4536633409216
1688256000,2023-07-02 00:00:00,AVAX/EUR,11.83820,12.01753,11.67161,12.01753,355.72222643,4274.902527789318
1688342400,2023-07-03 00:00:00,AVAX/EUR,12.10696,12.25763,12.00706,12.09314,1353.98108005,16373.882758395855
1688428800,2023-07-04 00:00:00,AVAX/EUR,12.11580,12.22061,12.01506,12.03857,1135.40787647,13668.687199435448
1688515200,2023-07-05 00:00:00,AVAX/EUR,12.02610,12.07541,11.51520,11.65743,843.71398979,9835.53677599764
1688601600,2023-07-06 00:00:00,AVAX/EUR,11.65323,12.02088,11.39215,11.43508,2902.85905791,33194.42555592548
1688688000,2023-07-07 00:00:00,AVAX/EUR,11.57621,11.68201,11.51279,11.63183,3780.78733596,43977.47555803961
1688774400,2023-07-08 00:00:00,AVAX/EUR,11.83177,12.62316,11.82319,12.44595,3051.83743270,37983.01609551257
1688860800,2023-07-09 00:00:00,AVAX/EUR,12.82201,12.91437,12.42136,12.42136,397.44180313,4936.767715726856
1688947200,2023-07-10 00:00:00,AVAX/EUR,12.18497,12.40731,12.08181,12.15628,6651.17653003,80853.5642284731
1689033600,2023-07-11 00:00:00,AVAX/EUR,12.37509,12.39175,12.00000,12.00000,8578.25475308,102939.05703696
1689120000,2023-07-12 00:00:00,AVAX/EUR,12.02829,12.05467,11.58275,11.66261,944.37659669,11013.895940322762
1689206400,2023-07-13 00:00:00,AVAX/EUR,11.78343,12.67115,11.75533,12.56762,3409.48165671,42849.06985850173
1689292800,2023-07-14 00:00:00,AVAX/EUR,12.84499,14.14526,12.56589,12.95120,5312.06780785,68797.65259302691
1689379200,2023-07-15 00:00:00,AVAX/EUR,13.03493,13.62509,12.90041,13.25360,2731.46055075,36201.685555420205
1689465600,2023-07-16 00:00:00,AVAX/EUR,13.26643,13.26643,12.67609,12.67609,738.93937346,9366.862002522572
1689552000,2023-07-17 00:00:00,AVAX/EUR,12.85499,13.01422,12.37373,12.58986,653.11650614,8222.64537599174
1689638400,2023-07-18 00:00:00,AVAX/EUR,12.68665,12.73543,12.21125,12.21125,1775.49714791,21681.039547415985
1689724800,2023-07-19 00:00:00,AVAX/EUR,12.33728,12.70173,12.31962,12.52851,6071.60700814,76068.18911755207
1689811200,2023-07-20 00:00:00,AVAX/EUR,12.49990,12.84642,12.33894,12.45000,1057.67445833,13168.0470062085
1689897600,2023-07-21 00:00:00,AVAX/EUR,12.40000,12.61368,12.37000,12.59772,4114.53609988,51833.77371618027
1689984000,2023-07-22 00:00:00,AVAX/EUR,12.54180,12.54379,12.00000,12.07452,348.79533274,4211.536221075785
1690070400,2023-07-23 00:00:00,AVAX/EUR,12.21029,12.35596,12.13000,12.19469,816.99428971,9962.99209478364
1690156800,2023-07-24 00:00:00,AVAX/EUR,12.07452,12.15430,11.65152,11.82236,2196.83385023,25971.76063760514
1690243200,2023-07-25 00:00:00,AVAX/EUR,11.85035,12.18958,11.85035,12.08348,808.01650390,9763.651264545571
1690329600,2023-07-26 00:00:00,AVAX/EUR,11.96230,12.13674,11.87985,11.97002,893.93902893,10700.468055072677
1690416000,2023-07-27 00:00:00,AVAX/EUR,11.97504,12.11589,11.89377,11.96073,2263.22432492,27069.81507980039
1690502400,2023-07-28 00:00:00,AVAX/EUR,11.99907,11.99907,11.87483,11.97352,438.90656967,5255.256590075139
1690588800,2023-07-29 00:00:00,AVAX/EUR,12.02534,12.03575,11.93882,12.01920,386.95946228,4650.943169035776
1690675200,2023-07-30 00:00:00,AVAX/EUR,12.02172,12.14173,11.75000,11.85849,866.61996965,10276.804243894829
1690761600,2023-07-31 00:00:00,AVAX/EUR,11.90329,11.91236,11.60000,11.63500,2457.64857666,28594.741189439097
1690848000,2023-08-01 00:00:00,AVAX/EUR,11.63626,11.65647,11.36947,11.60186,836.36340468,9703.371130220705
1690934400,2023-08-02 00:00:00,AVAX/EUR,11.70990,11.70990,11.35000,11.43662,949.17147877,10855.313517530558
1691020800,2023-08-03 00:00:00,AVAX/EUR,11.41046,11.48968,11.35000,11.35000,220.64217615,2504.2886993025
1691107200,2023-08-04 00:00:00,AVAX/EUR,11.40162,11.41075,11.15000,11.26328,420.87266675,4740.40668995194
1691193600,2023-08-05 00:00:00,AVAX/EUR,11.21787,11.26816,11.16746,11.26816,480.27427308,5411.807352949133
1691280000,2023-08-06 00:00:00,AVAX/EUR,11.41101,11.48636,11.39348,11.40000,2511.19388135,28627.610247390003
1691366400,2023-08-07 00:00:00,AVAX/EUR,11.45661,11.57186,11.15808,11.29602,2186.53545140,24699.14818972343
1691452800,2023-08-08 00:00:00,AVAX/EUR,11.26947,11.60477,11.26947,11.60477,924.85669644,10732.749245146018
1691539200,2023-08-09 00:00:00,AVAX/EUR,11.48797,11.59814,11.43044,11.43044,239.10673903,2733.095234078073
1691625600,2023-08-10 00:00:00,AVAX/EUR,11.50776,11.50776,11.31088,11.40908,596.75593651,6808.43622011751
1691712000,2023-08-11 00:00:00,AVAX/EUR,11.32577,11.37869,11.29028,11.34703,275.29046909,3123.7292114783027
1691798400,2023-08-12 00:00:00,AVAX/EUR,11.34603,11.40081,11.28797,11.28797,147.02682696,1659.634411919671
1691884800,2023-08-13 00:00:00,AVAX/EUR,11.24075,11.35323,11.17000,11.17301,281.88054458,3149.4541433977856
1691971200,2023-08-14 00:00:00,AVAX/EUR,11.15313,11.38114,11.15000,11.31055,266.59034109,3015.283382415499
1692057600,2023-08-15 00:00:00,AVAX/EUR,11.27578,11.27578,10.49210,10.83688,579.72133805,6282.370573887284
1692144000,2023-08-16 00:00:00,AVAX/EUR,10.86532,10.86532,10.20000,10.42033,3096.43358941,32265.859824736704
1692230400,2023-08-17 00:00:00,AVAX/EUR,10.45682,10.54208,9.23762,9.77994,2350.72874660,22989.9860980232
1692316800,2023-08-18 00:00:00,AVAX/EUR,9.82745,10.11717,9.73959,9.93484,9623.05725281,95603.53411750689
1692403200,2023-08-19 00:00:00,AVAX/EUR,9.95107,9.95706,9.73857,9.94088,700.01266050,6958.74185651124
1692489600,2023-08-20 00:00:00,AVAX/EUR,9.96847,10.05123,9.92761,10.01458,658.05958255,6590.190334213579
1692576000,2023-08-21 00:00:00,AVAX/EUR,10.00000,10.00000,9.40000,9.50567,1653.00573948,15712.927067602854
1692662400,2023-08-22 00:00:00,AVAX/EUR,9.47941,9.47941,8.98000,9.32140,1725.05842454,16079.959598507157
1692748800,2023-08-23 00:00:00,AVAX/EUR,9.32575,9.58574,9.31987,9.51594,2184.76631557,20790.10517298519
1692835200,2023-08-24 00:00:00,AVAX/EUR,9.50492,9.51354,9.22835,9.38401,614.64747970,5767.858095979596
1692921600,2023-08-25 00:00:00,AVAX/EUR,9.32954,9.32954,9.17726,9.31614,6413.36979596,59747.8508909348
1693008000,2023-08-26 00:00:00,AVAX/EUR,9.30691,9.36965,9.27790,9.35900,503.18492204,4709.30768537236
1693094400,2023-08-27 00:00:00,AVAX/EUR,9.36202,9.50000,9.35388,9.46065,184.76076529,1747.9569341408383
1693180800,2023-08-28 00:00:00,AVAX/EUR,9.31577,9.61625,9.22901,9.55616,613.22518649,5860.077998128279
1693267200,2023-08-29 00:00:00,AVAX/EUR,9.63265,10.30068,9.57020,9.92642,345.80178317,3432.5737364943516
1693353600,2023-08-30 00:00:00,AVAX/EUR,9.91751,9.91751,9.45098,9.52695,554.69491992,5284.550767331843
1693440000,2023-08-31 00:00:00,AVAX/EUR,9.41705,9.68866,9.15000,9.18271,2390.09196628,21947.521399679023
1693526400,2023-09-01 00:00:00,AVAX/EUR,9.23173,9.24684,9.10423,9.19168,298.47442450,2743.48139818816
1693612800,2023-09-02 00:00:00,AVAX/EUR,9.25141,9.25141,9.14972,9.22234,236.96778141,2185.3974492086995
1693699200,2023-09-03 00:00:00,AVAX/EUR,9.20008,9.25208,9.17595,9.20494,457.94086271,4215.318164793787
1693785600,2023-09-04 00:00:00,AVAX/EUR,9.25707,9.25707,8.98000,8.98000,917.38706770,8238.135867946
1693872000,2023-09-05 00:00:00,AVAX/EUR,9.02606,9.24961,9.02606,9.24961,488.41342779,4517.633725820662
1693958400,2023-09-06 00:00:00,AVAX/EUR,9.27589,9.34993,9.14085,9.26336,6554.80356949,60719.50519347089
1694044800,2023-09-07 00:00:00,AVAX/EUR,9.26509,9.43857,9.21694,9.41509,269.72246883,2539.4613190566447
1694131200,2023-09-08 00:00:00,AVAX/EUR,9.38843,9.40957,9.23384,9.24121,742.36567440,6860.357093922024
1694217600,2023-09-09 00:00:00,AVAX/EUR,9.24784,9.26578,9.21255,9.21895,128.42092145,1183.9060538014776
1694304000,2023-09-10 00:00:00,AVAX/EUR,9.15886,9.15886,8.77146,8.88837,1135.59504792,10093.588956080692
1694390400,2023-09-11 00:00:00,AVAX/EUR,8.84580,8.84580,8.43330,8.58552,6122.90152588,52568.29350847326
1694476800,2023-09-12 00:00:00,AVAX/EUR,8.58668,8.87740,8.58668,8.65755,1081.64313006,9364.379480650954
1694563200,2023-09-13 00:00:00,AVAX/EUR,8.61316,8.69952,8.50800,8.69952,741.88238114,6454.020612375052
1694649600,2023-09-14 00:00:00,AVAX/EUR,8.71164,8.83794,8.63665,8.82313,369.65336922,3261.499731566059
1694736000,2023-09-15 00:00:00,AVAX/EUR,8.93697,8.93697,8.64754,8.71648,258.85738872,2256.325251630106
1694822400,2023-09-16 00:00:00,AVAX/EUR,8.94615,8.95695,8.79599,8.79599,850.13983799,7477.82151356166
1694908800,2023-09-17 00:00:00,AVAX/EUR,8.70556,8.71951,8.47188,8.47188,778.96774915,6599.321294668903
1694995200,2023-09-18 00:00:00,AVAX/EUR,8.48681,8.72890,8.29002,8.54667,5536.38537317,47317.65877731085
1695081600,2023-09-19 00:00:00,AVAX/EUR,8.51962,8.68913,8.51962,8.60758,1452.55444402,12502.978581257672
1695168000,2023-09-20 00:00:00,AVAX/EUR,8.58493,8.58493,8.38440,8.49125,1467.61248447,12461.864508755889
1695254400,2023-09-21 00:00:00,AVAX/EUR,8.53252,8.53252,8.26244,8.30423,4269.74451021,35456.94045402119
1695340800,2023-09-22 00:00:00,AVAX/EUR,8.22290,8.37323,8.22290,8.33777,1181.18314491,9848.433390136252
1695427200,2023-09-23 00:00:00,AVAX/EUR,8.36901,8.43424,8.35633,8.36809,639.49116495,5351.319622506446
1695513600,2023-09-24 00:00:00,AVAX/EUR,8.35162,8.48404,8.22151,8.26020,795.77904553,6573.294071886905
1695600000,2023-09-25 00:00:00,AVAX/EUR,8.21083,8.42969,8.16044,8.42311,620.82090980,5229.2428135454775
1695686400,2023-09-26 00:00:00,AVAX/EUR,8.52645,8.52645,8.43556,8.48169,1248.09332557,10585.940678553814
1695772800,2023-09-27 00:00:00,AVAX/EUR,8.58495,8.69581,8.43069,8.45516,2052.05233513,17350.430821897768
1695859200,2023-09-28 00:00:00,AVAX/EUR,8.48181,8.86451,8.48181,8.76079,871.29093587,7633.196918060537
1695945600,2023-09-29 00:00:00,AVAX/EUR,8.79165,8.82885,8.63116,8.68061,1431.40858570,12425.499683113276
1696032000,2023-09-30 00:00:00,AVAX/EUR,8.64169,8.78349,8.64169,8.77401,561.30090173,4924.859724788037
1696118400,2023-10-01 00:00:00,AVAX/EUR,8.78944,9.28955,8.77286,9.28955,1670.16586805,15515.089339543878
1696204800,2023-10-02 00:00:00,AVAX/EUR,9.24735,9.27915,8.72047,8.81448,2542.73506136,22412.887343656494
1696291200,2023-10-03 00:00:00,AVAX/EUR,8.86785,8.99457,8.86291,8.99457,671.90827386,6043.52600281294
1696377600,2023-10-04 00:00:00,AVAX/EUR,8.94000,9.69681,8.81000,9.69681,3783.62268094,36689.0702487658
1696464000,2023-10-05 00:00:00,AVAX/EUR,9.71869,9.82074,9.36332,9.60883,3880.90237408,37290.93115913112
1696550400,2023-10-06 00:00:00,AVAX/EUR,9.69767,10.25000,9.69767,10.08283,3697.94773783,37285.77838942446
1696636800,2023-10-07 00:00:00,AVAX/EUR,10.21593,11.15041,9.72320,9.81242,3844.87842155,37727.56192118565
1696723200,2023-10-08 00:00:00,AVAX/EUR,9.84106,9.88209,9.42365,9.60047,1678.76271700,16116.91110167699
1696809600,2023-10-09 00:00:00,AVAX/EUR,9.42756,9.46831,8.89703,8.99567,6139.02492041,55224.642305784626
1696896000,2023-10-10 00:00:00,AVAX/EUR,8.97463,9.28413,8.93132,9.00531,1664.36096375,14988.086430467512
1696982400,2023-10-11 00:00:00,AVAX/EUR,8.81518,8.89207,8.73177,8.74768,3801.79588285,33256.893808489294
1697068800,2023-10-12 00:00:00,AVAX/EUR,8.64526,8.67741,8.44300,8.66125,1597.87411538,13839.587181835026
1697155200,2023-10-13 00:00:00,AVAX/EUR,8.67740,8.85660,8.64970,8.79099,668.68324000,5878.3876760076
1697241600,2023-10-14 00:00:00,AVAX/EUR,8.75535,8.78588,8.71552,8.72231,377.11907380,3289.3494685964783
1697328000,2023-10-15 00:00:00,AVAX/EUR,8.81242,8.81242,8.64731,8.73314,1464.10598531,12786.242544550174
1697414400,2023-10-16 00:00:00,AVAX/EUR,8.88606,9.27405,8.84134,8.93780,2551.20457640,22802.15626294792
1697500800,2023-10-17 00:00:00,AVAX/EUR,8.87902,8.89695,8.58540,8.62619,2172.56264532,18740.938165432926
1697587200,2023-10-18 00:00:00,AVAX/EUR,8.61685,8.69124,8.40661,8.49896,1183.07543229,10054.910776015418
1697673600,2023-10-19 00:00:00,AVAX/EUR,8.25000,8.60417,8.25000,8.53659,1628.26612540,13899.840323428387
1697760000,2023-10-20 00:00:00,AVAX/EUR,8.68376,8.83773,8.61524,8.71330,1386.16026222,12078.030212801526
1697846400,2023-10-21 00:00:00,AVAX/EUR,8.70943,9.21818,8.70774,9.09167,1742.82553170,15845.194601790941
1697932800,2023-10-22 00:00:00,AVAX/EUR,9.04498,9.49564,9.04498,9.49564,4721.64533768,44835.04433428771
1698019200,2023-10-23 00:00:00,AVAX/EUR,9.52140,9.98060,9.33570,9.85206,6856.59811135,67551.61598890688
1698105600,2023-10-24 00:00:00,AVAX/EUR,9.97905,10.16603,9.58698,9.75184,6052.96673011,59027.563077355895
1698192000,2023-10-25 00:00:00,AVAX/EUR,9.75683,10.05479,9.65382,9.94642,3731.96374848,37119.67886715644
1698278400,2023-10-26 00:00:00,AVAX/EUR,10.01492,10.82000,9.87909,10.49359,5189.32831237,54454.683685402706
1698364800,2023-10-27 00:00:00,AVAX/EUR,10.26360,10.28643,9.88994,10.02478,2293.07904044,22987.6129030221
1698451200,2023-10-28 00:00:00,AVAX/EUR,10.07203,10.42602,10.00557,10.38221,2140.68979255,22225.090971110538
1698537600,2023-10-29 00:00:00,AVAX/EUR,10.40610,10.83397,10.22914,10.73898,1416.56978903,15212.514632997389
1698624000,2023-10-30 00:00:00,AVAX/EUR,10.67665,10.97426,10.51616,10.76674,2411.12576992,25959.96427202846
1698710400,2023-10-31 00:00:00,AVAX/EUR,10.89132,11.03754,10.41727,10.67412,2112.35923669,22547.575975537467
1698796800,2023-11-01 00:00:00,AVAX/EUR,10.70398,11.66747,10.35183,11.53915,5797.59056522,66899.26717065836
1698883200,2023-11-02 00:00:00,AVAX/EUR,11.60047,11.60728,10.89000,11.20000,5442.62133146,60957.35891235199
1698969600,2023-11-03 00:00:00,AVAX/EUR,10.90296,11.36139,10.90296,11.31448,2278.49702252,25780.008991362087
1699056000,2023-11-04 00:00:00,AVAX/EUR,11.27603,11.41029,11.15331,11.39836,1818.71233016,20730.337875602538
1699142400,2023-11-05 00:00:00,AVAX/EUR,11.35856,11.77116,11.35856,11.55120,2132.13154577,24628.67791149842
1699228800,2023-11-06 00:00:00,AVAX/EUR,11.61313,12.20876,11.52648,12.17845,5212.52579273,63480.48474047267
1699315200,2023-11-07 00:00:00,AVAX/EUR,12.05982,12.19099,11.60766,11.98659,2799.65564606,33558.324370506336
1699401600,2023-11-08 00:00:00,AVAX/EUR,11.90000,12.23950,11.90000,12.21528,1805.03754059,22049.038968818215
1699488000,2023-11-09 00:00:00,AVAX/EUR,12.12694,13.02654,10.96000,12.09800,13656.68056141,165218.5214319382
1699574400,2023-11-10 00:00:00,AVAX/EUR,12.11800,13.87494,12.11800,13.81278,15730.93295436,217287.91609332472
1699660800,2023-11-11 00:00:00,AVAX/EUR,13.80693,15.92983,13.13129,15.46038,12016.67135196,185782.30543641534
1699747200,2023-11-12 00:00:00,AVAX/EUR,15.79689,18.44713,14.77350,17.75945,23689.10624303,420705.49786777917
1699833600,2023-11-13 00:00:00,AVAX/EUR,17.78712,18.27672,15.11100,15.19376,19288.15707836,293059.629490903
1699920000,2023-11-14 00:00:00,AVAX/EUR,15.05636,16.73798,14.57352,15.73022,13981.34148983,219929.57753015365
1700006400,2023-11-15 00:00:00,AVAX/EUR,15.95615,19.28392,15.81819,19.10691,23160.40308186,442523.73724882165
1700092800,2023-11-16 00:00:00,AVAX/EUR,18.96339,22.15710,18.92866,20.10943,37154.50719278,747155.9615777059
1700179200,2023-11-17 00:00:00,AVAX/EUR,20.41461,22.70000,18.51586,20.10651,23297.00095278,468421.3826270806
1700265600,2023-11-18 00:00:00,AVAX/EUR,19.91384,20.82068,18.53832,20.11536,14355.11075757,288758.2207283933
1700352000,2023-11-19 00:00:00,AVAX/EUR,20.02582,20.93286,19.00000,20.93286,17646.61561699,369394.1341842653
1700438400,2023-11-20 00:00:00,AVAX/EUR,20.98184,21.26478,19.00000,19.00000,8082.83385907,153573.84332232998
1700524800,2023-11-21 00:00:00,AVAX/EUR,18.88500,20.34293,17.40000,17.51734,19074.94536698,334142.3034748134
1700611200,2023-11-22 00:00:00,AVAX/EUR,17.66578,19.50894,17.63357,19.09914,11967.17347686,228562.72163883588
1700697600,2023-11-23 00:00:00,AVAX/EUR,19.13048,19.63680,18.86356,18.95749,4720.60316868,89490.7873642194
1700784000,2023-11-24 00:00:00,AVAX/EUR,18.81948,20.00000,18.81948,19.12276,9075.66713930,173551.80454472045
1700870400,2023-11-25 00:00:00,AVAX/EUR,19.08928,19.59872,18.90752,19.51000,3415.24922906,66631.5124589606
1700956800,2023-11-26 00:00:00,AVAX/EUR,19.52517,19.67143,18.45028,19.23066,5883.38041810,113141.28847113893
1701043200,2023-11-27 00:00:00,AVAX/EUR,19.45447,19.45447,18.11233,18.53866,3736.94848633,69278.01742558651
1701129600,2023-11-28 00:00:00,AVAX/EUR,18.55119,18.98828,17.88375,18.81700,2904.14605655,54647.316346101354
1701216000,2023-11-29 00:00:00,AVAX/EUR,18.75970,19.61349,18.75970,19.29223,6078.28157751,117263.60619808575
1701302400,2023-11-30 00:00:00,AVAX/EUR,19.30935,19.75049,19.07123,19.61910,10510.70293195,206210.53189222023
1701388800,2023-12-01 00:00:00,AVAX/EUR,19.56071,20.73485,19.44744,20.00455,13107.90283543,262217.6976665012
1701475200,2023-12-02 00:00:00,AVAX/EUR,20.03494,20.54909,20.03494,20.43885,4478.94087957,91544.40079639929
1701561600,2023-12-03 00:00:00,AVAX/EUR,20.46869,20.82925,19.90766,20.24469,5015.22162293,101531.60703751474
1701648000,2023-12-04 00:00:00,AVAX/EUR,20.25562,21.32373,18.62908,20.86520,14600.37932265,304639.8346429568
1701734400,2023-12-05 00:00:00,AVAX/EUR,20.96278,22.96937,20.22684,22.59490,15313.83584024,346014.5894266388
1701820800,2023-12-06 00:00:00,AVAX/EUR,22.77000,25.67005,22.77000,24.34196,29070.59483184,707635.256572856
1701907200,2023-12-07 00:00:00,AVAX/EUR,24.02700,25.88374,24.02700,24.24389,7817.66355106,189530.57518890803
1701993600,2023-12-08 00:00:00,AVAX/EUR,24.67642,28.61200,24.19241,28.47385,31687.98962363,902279.0633447971
1702080000,2023-12-09 00:00:00,AVAX/EUR,28.83616,31.87352,28.47777,29.64438,43753.46667378,1297044.3923948705
1702166400,2023-12-10 00:00:00,AVAX/EUR,29.74883,35.28892,29.10001,34.43619,24482.59195297,843087.1881849461
1702252800,2023-12-11 00:00:00,AVAX/EUR,34.63123,36.72549,29.52641,35.44847,36192.98171593,1282985.8265676931
1702339200,2023-12-12 00:00:00,AVAX/EUR,35.46702,40.43517,33.40040,34.55714,39539.38264069,1366367.9814278937
1702425600,2023-12-13 00:00:00,AVAX/EUR,34.35644,38.14203,31.63206,35.69997,29056.11238903,1037302.3406049993
1702512000,2023-12-14 00:00:00,AVAX/EUR,35.74671,36.60581,33.65213,35.66290,25915.66285565,924227.6928547604
1702598400,2023-12-15 00:00:00,AVAX/EUR,35.56149,38.69286,35.19056,36.45000,30421.35049045,1108858.2253769026
1702684800,2023-12-16 00:00:00,AVAX/EUR,36.91644,41.60000,35.38327,38.84270,36410.91385086,1414298.2034347998
1702771200,2023-12-17 00:00:00,AVAX/EUR,38.84271,40.25232,37.00000,37.36579,13916.19165148,519989.4948489548
1702857600,2023-12-18 00:00:00,AVAX/EUR,37.52476,37.96731,33.48540,37.54517,20021.62000201,751715.1266508658
1702944000,2023-12-19 00:00:00,AVAX/EUR,37.77030,38.56507,35.41521,36.26119,11899.46667117,431488.82186196285
1703030400,2023-12-20 00:00:00,AVAX/EUR,36.18725,40.59000,35.65696,39.50898,16967.14330621,670354.5255421848
1703116800,2023-12-21 00:00:00,AVAX/EUR,39.41274,43.00000,39.41274,41.77272,19778.98806541,826222.1303397137
1703203200,2023-12-22 00:00:00,AVAX/EUR,42.34488,44.40000,39.69272,41.30000,17075.02034725,705198.3403414249
1703289600,2023-12-23 00:00:00,AVAX/EUR,41.00927,43.94755,39.55739,43.80179,13912.15426858,609377.2597199447
1703376000,2023-12-24 00:00:00,AVAX/EUR,43.92940,45.36776,42.29906,43.62352,18036.03074248,786795.1478151912
1703462400,2023-12-25 00:00:00,AVAX/EUR,43.52369,44.41354,41.88999,43.88578,10532.16972634,462212.4835328174
1703548800,2023-12-26 00:00:00,AVAX/EUR,43.64171,43.64171,36.80000,40.15659,19913.05245567,799640.2831108334
1703635200,2023-12-27 00:00:00,AVAX/EUR,40.30586,40.67067,37.80100,38.17419,10073.71120200,384555.7654302764
1703721600,2023-12-28 00:00:00,AVAX/EUR,38.75592,38.83178,35.50100,36.32956,5881.67000447,213678.48332759313
1703808000,2023-12-29 00:00:00,AVAX/EUR,35.67601,38.12289,34.90000,36.46751,6221.74608307,226891.58750181604
1703894400,2023-12-30 00:00:00,AVAX/EUR,36.35000,36.45845,34.65801,35.71329,3166.10812585,113072.13766983754
1703980800,2023-12-31 00:00:00,AVAX/EUR,35.68852,36.73019,34.10100,34.97819,4800.14000516,167900.20912708747
1704067200,2024-01-01 00:00:00,AVAX/EUR,35.19934,38.02460,34.64685,37.95469,2083.55798376,79080.79737063583
1704153600,2024-01-02 00:00:00,AVAX/EUR,37.96569,39.40121,36.88551,37.17958,14104.95331192,524416.2400567946
1704240000,2024-01-03 00:00:00,AVAX/EUR,37.09856,37.87279,30.37577,33.80896,20691.27682993,699550.5506920301
1704326400,2024-01-04 00:00:00,AVAX/EUR,34.02542,36.00103,32.95245,35.31305,19051.66910831,672772.5438052064
1704412800,2024-01-05 00:00:00,AVAX/EUR,35.50208,35.54309,31.97750,33.28544,12300.90699366,409441.10168305034
1704499200,2024-01-06 00:00:00,AVAX/EUR,33.31375,33.33847,30.66746,31.69751,5576.16832481,176750.6512373482
1704585600,2024-01-07 00:00:00,AVAX/EUR,31.69972,32.68054,30.32000,30.65017,7824.56938475,239824.3818193829
1704672000,2024-01-08 00:00:00,AVAX/EUR,30.85989,33.28958,28.54993,32.98240,32256.87265258,1063909.0765764546
1704758400,2024-01-09 00:00:00,AVAX/EUR,32.97664,34.35186,31.00000,31.66878,12536.58007516,397018.1963526255
1704844800,2024-01-10 00:00:00,AVAX/EUR,31.67865,36.03497,30.60000,35.10520,16825.35643087,590657.5025769776
1704931200,2024-01-11 00:00:00,AVAX/EUR,35.29540,38.11200,34.25485,35.83564,20940.96032433,750432.7154369731
1705017600,2024-01-12 00:00:00,AVAX/EUR,35.65000,35.76139,31.50000,32.91201,9066.35874785,298392.0897728267
1705104000,2024-01-13 00:00:00,AVAX/EUR,33.00000,33.50522,31.90435,33.31625,3801.01988318,126635.72868299566
1705190400,2024-01-14 00:00:00,AVAX/EUR,33.38795,34.55483,32.26688,32.30943,4213.45094478,136134.19835880326
1705276800,2024-01-15 00:00:00,AVAX/EUR,32.40389,33.50000,32.15873,32.57522,6816.50102264,222049.02044272298
1705363200,2024-01-16 00:00:00,AVAX/EUR,32.63059,33.54549,32.08754,33.14406,5218.72233931,172969.646337431
1705449600,2024-01-17 00:00:00,AVAX/EUR,33.22130,33.51795,32.50000,33.07591,2504.45281716,82837.05597963062
1705536000,2024-01-18 00:00:00,AVAX/EUR,33.12006,33.12006,30.24434,30.89572,5045.00783075,155869.14933665938
1705622400,2024-01-19 00:00:00,AVAX/EUR,30.79686,30.99161,28.68009,29.94278,5936.47598316,177754.5943390436
1705708800,2024-01-20 00:00:00,AVAX/EUR,30.12243,30.21589,29.50331,30.12163,2989.70148824,90054.68203921463
1705795200,2024-01-21 00:00:00,AVAX/EUR,30.06571,30.68265,29.82177,29.82177,6030.38343297,179836.70774984176
1705881600,2024-01-22 00:00:00,AVAX/EUR,29.89952,29.98109,26.99954,27.09303,13835.49657550,374845.5237849187
1705968000,2024-01-23 00:00:00,AVAX/EUR,27.21768,28.25851,25.07000,28.20463,15299.25156749,431509.7297379755
1706054400,2024-01-24 00:00:00,AVAX/EUR,28.22933,29.56000,27.21920,28.01897,19135.52691109,536157.7544560233
1706140800,2024-01-25 00:00:00,AVAX/EUR,28.58543,28.77986,27.22486,28.10891,9166.40479434,257657.64738767158
1706227200,2024-01-26 00:00:00,AVAX/EUR,27.97573,30.38117,27.95998,29.76197,15846.17092428,471613.2636632937
1706313600,2024-01-27 00:00:00,AVAX/EUR,29.69639,30.69163,29.49927,30.62513,3955.11247884,121125.83382909725
1706400000,2024-01-28 00:00:00,AVAX/EUR,30.66807,33.84675,30.62308,32.11229,26503.88918651,851100.5756850733
1706486400,2024-01-29 00:00:00,AVAX/EUR,32.49000,33.72932,31.84222,33.30024,24860.30481865,827854.1169342014
1706572800,2024-01-30 00:00:00,AVAX/EUR,33.27808,34.20786,32.34447,32.39306,16641.42389620,539066.6427550404
1706659200,2024-01-31 00:00:00,AVAX/EUR,32.51948,32.74485,30.67193,30.67510,7283.82474847,223432.0525417921
1706745600,2024-02-01 00:00:00,AVAX/EUR,30.73871,31.23057,29.89969,31.08794,6989.70590791,217295.5578827516
1706832000,2024-02-02 00:00:00,AVAX/EUR,31.11154,34.13981,31.11154,33.96033,9083.87566094,308491.4151244905
1706918400,2024-02-03 00:00:00,AVAX/EUR,34.01913,34.58159,32.86708,33.29119,2575.76570352,85750.30543136799
1707004800,2024-02-04 00:00:00,AVAX/EUR,33.27099,33.82812,32.19262,32.30135,1031.01295609,33303.11034919772
1707091200,2024-02-05 00:00:00,AVAX/EUR,32.32497,33.36773,31.79365,32.05629,2955.83395934,94753.07059245124
1707177600,2024-02-06 00:00:00,AVAX/EUR,32.07128,32.07128,31.49500,31.74488,3586.56091920,113854.9459926937
1707264000,2024-02-07 00:00:00,AVAX/EUR,31.73861,32.93652,31.40359,32.72552,6101.16626682,199663.83868814327
1707350400,2024-02-08 00:00:00,AVAX/EUR,32.77840,34.50000,32.55272,32.92863,22232.23094587,732076.9068911033
1707436800,2024-02-09 00:00:00,AVAX/EUR,33.03104,35.77000,33.02968,35.31840,15400.02733467,543904.3254168088
1707523200,2024-02-10 00:00:00,AVAX/EUR,35.31840,37.99773,35.31840,37.17730,12577.78116129,467607.94356762676
1707609600,2024-02-11 00:00:00,AVAX/EUR,37.32312,37.96065,36.50000,36.73916,4205.44030242,154504.34414105676
1707696000,2024-02-12 00:00:00,AVAX/EUR,37.00000,38.12618,34.60000,37.96557,21829.95220773,828786.5786392278
1707782400,2024-02-13 00:00:00,AVAX/EUR,38.32287,38.59250,36.46000,37.11182,16343.10298075,606522.2960630575
1707868800,2024-02-14 00:00:00,AVAX/EUR,36.78427,39.54052,36.57436,39.38019,19805.59083355,779947.9300874573
1707955200,2024-02-15 00:00:00,AVAX/EUR,39.56081,40.57734,38.04777,38.58451,9183.98491685,354359.55786404805
1708041600,2024-02-16 00:00:00,AVAX/EUR,38.52632,38.84986,36.80000,37.41773,8146.90293443,304838.61433670943
1708128000,2024-02-17 00:00:00,AVAX/EUR,37.43242,37.48739,35.56048,36.91987,5088.57207495,187869.41949278425
1708214400,2024-02-18 00:00:00,AVAX/EUR,36.91802,37.79563,36.33643,37.31775,2411.29815585,89984.22175547133
1708300800,2024-02-19 00:00:00,AVAX/EUR,37.36245,37.58014,36.34081,36.66094,3882.20472424,142325.27446307917
1708387200,2024-02-20 00:00:00,AVAX/EUR,36.68227,36.73284,34.07096,35.78000,7638.58455173,273308.5552608994
1708473600,2024-02-21 00:00:00,AVAX/EUR,35.66740,35.66740,33.43544,34.78538,3421.37981309,119013.99692266464
1708560000,2024-02-22 00:00:00,AVAX/EUR,34.69271,35.12694,33.78448,34.06836,4569.13832040,155663.04918918255
1708646400,2024-02-23 00:00:00,AVAX/EUR,33.93844,34.11615,32.50000,32.78600,7487.06011967,245470.75308350063
1708732800,2024-02-24 00:00:00,AVAX/EUR,33.14763,34.09201,32.53477,33.87385,6585.85065729,223088.11728744284
1708819200,2024-02-25 00:00:00,AVAX/EUR,33.95623,34.58891,33.74189,34.58891,1063.66196510,36790.90798126704
1708905600,2024-02-26 00:00:00,AVAX/EUR,34.50350,36.23882,33.55000,36.16386,8659.69030527,313167.8278431415
1708992000,2024-02-27 00:00:00,AVAX/EUR,36.23882,38.00000,35.42246,36.16017,9582.73425217,346513.2996232901
1709078400,2024-02-28 00:00:00,AVAX/EUR,36.42397,38.08189,33.18600,37.11218,12945.85488478,480448.8967378346
1709164800,2024-02-29 00:00:00,AVAX/EUR,37.27209,41.00000,36.71848,37.91119,26441.13553908,1002414.9132378143
1709251200,2024-03-01 00:00:00,AVAX/EUR,37.98462,40.00000,36.00000,39.46397,9130.71884393,360334.41453528823
1709337600,2024-03-02 00:00:00,AVAX/EUR,39.42270,41.14796,38.80000,40.96429,3551.56354594,145487.27904931447
1709424000,2024-03-03 00:00:00,AVAX/EUR,40.92653,41.41414,37.25709,39.20934,4685.17342737,183702.55787271564
1709510400,2024-03-04 00:00:00,AVAX/EUR,39.26072,40.55843,38.27092,39.48577,12049.21236278,475772.4280378876
1709596800,2024-03-05 00:00:00,AVAX/EUR,39.42574,41.46773,32.00000,36.43357,22992.95361995,837715.3852192018
1709683200,2024-03-06 00:00:00,AVAX/EUR,36.22642,38.57568,35.00000,37.96792,9277.04655664,352230.161498783
1709769600,2024-03-07 00:00:00,AVAX/EUR,38.17387,40.85000,38.17387,39.50000,18932.94887867,747851.480707465
1709856000,2024-03-08 00:00:00,AVAX/EUR,39.64846,40.16057,37.46570,39.16251,12163.55900493,476355.50116616115
1709942400,2024-03-09 00:00:00,AVAX/EUR,39.12406,39.78192,38.83271,39.40583,5002.65899902,197133.9300633523
1710028800,2024-03-10 00:00:00,AVAX/EUR,39.24007,40.17753,37.47400,38.39967,4883.74434563,187534.17123655794
1710115200,2024-03-11 00:00:00,AVAX/EUR,38.09216,45.14276,36.74609,44.82455,18770.93041303,841398.508845384
1710201600,2024-03-12 00:00:00,AVAX/EUR,44.25182,52.53458,42.46174,50.91725,31822.36356769,1620307.2413669638
1710288000,2024-03-13 00:00:00,AVAX/EUR,50.66740,50.66740,47.95000,50.06160,13231.40636486,662385.3728750753
1710374400,2024-03-14 00:00:00,AVAX/EUR,49.84933,53.95522,46.47549,49.86161,30444.36579085,1518005.0937607042
1710460800,2024-03-15 00:00:00,AVAX/EUR,50.00711,53.99000,44.38786,53.68837,35208.18936274,1890270.2975368493
1710547200,2024-03-16 00:00:00,AVAX/EUR,53.54503,56.42067,48.01929,49.13043,20829.79850926,1023376.9575733027
1710633600,2024-03-17 00:00:00,AVAX/EUR,49.13899,53.55711,46.01219,53.50956,13203.49018120,706512.9500603323
1710720000,2024-03-18 00:00:00,AVAX/EUR,53.59263,60.12611,51.16981,55.76534,23697.64787759,1321507.3910940848
1710806400,2024-03-19 00:00:00,AVAX/EUR,55.75281,56.90000,48.92695,49.37695,28285.26947117,1396640.3364144876
1710892800,2024-03-20 00:00:00,AVAX/EUR,49.72492,53.10700,46.47027,52.32131,16889.10299355,883659.9933474575
1710979200,2024-03-21 00:00:00,AVAX/EUR,51.79276,52.71755,48.60000,49.73790,15447.87768117,768344.9953182654
1711065600,2024-03-22 00:00:00,AVAX/EUR,49.43155,53.35176,47.89640,49.10156,11856.24711267,582160.2289775928
1711152000,2024-03-23 00:00:00,AVAX/EUR,49.25252,51.85156,48.57171,49.44956,3407.56914105,168502.79469450042
1711238400,2024-03-24 00:00:00,AVAX/EUR,49.81479,51.51202,48.59499,51.51202,4450.01460360,229229.24126093526
1711324800,2024-03-25 00:00:00,AVAX/EUR,51.34261,54.73139,51.09373,53.33772,17443.03143942,930371.5268669808
1711411200,2024-03-26 00:00:00,AVAX/EUR,53.70352,54.66932,51.16279,51.65306,16427.03935131,848506.8492355765
1711497600,2024-03-27 00:00:00,AVAX/EUR,51.75000,52.38024,48.93473,50.03684,5968.62077082,298650.922530197
1711584000,2024-03-28 00:00:00,AVAX/EUR,49.95215,50.94674,49.25505,50.76262,4421.23726089,224433.5870043999
1711670400,2024-03-29 00:00:00,AVAX/EUR,50.37515,50.45139,48.73142,49.65000,5590.51401927,277569.0210567555
1711756800,2024-03-30 00:00:00,AVAX/EUR,49.39200,50.57269,49.05390,49.19027,3685.32591970,181282.17702804133
1711843200,2024-03-31 00:00:00,AVAX/EUR,49.20287,50.26463,49.20287,50.15865,1461.91776412,73327.82145927763
1711929600,2024-04-01 00:00:00,AVAX/EUR,50.10440,50.10440,46.81877,48.01740,6729.93993614,323154.2178896089
1712016000,2024-04-02 00:00:00,AVAX/EUR,47.67415,47.71139,43.07021,43.60103,9141.63262733,398584.59843319416
1712102400,2024-04-03 00:00:00,AVAX/EUR,43.38883,44.83940,41.67354,42.66929,6309.33961447,269215.0417183086
1712188800,2024-04-04 00:00:00,AVAX/EUR,42.49959,44.34956,42.11592,42.97004,2469.47393365,106113.39370789785
1712275200,2024-04-05 00:00:00,AVAX/EUR,42.82207,42.82614,40.70005,41.89273,5367.58110588,224862.62602173226
1712361600,2024-04-06 00:00:00,AVAX/EUR,41.65698,45.11289,41.65697,44.50217,5477.21322339,243747.87399354976
1712448000,2024-04-07 00:00:00,AVAX/EUR,44.64779,45.63300,44.26229,45.63300,2702.85373651,123339.32455816084
1712534400,2024-04-08 00:00:00,AVAX/EUR,45.38248,46.88424,44.68167,45.97589,4379.69580414,201360.4125246022
1712620800,2024-04-09 00:00:00,AVAX/EUR,45.91878,45.91878,42.71709,42.71709,2002.96327729,85560.76258269188
1712707200,2024-04-10 00:00:00,AVAX/EUR,42.94490,44.62190,42.00000,44.06946,3481.50915554,153428.2284697038
1712793600,2024-04-11 00:00:00,AVAX/EUR,43.71619,44.19438,42.54353,43.04898,2371.65838083,102097.47420318307
1712880000,2024-04-12 00:00:00,AVAX/EUR,43.19046,43.63764,32.98368,37.23386,21124.75824305,786556.2909555697
1712966400,2024-04-13 00:00:00,AVAX/EUR,37.00557,37.00557,27.81681,32.40567,12883.80492083,417508.3306087931
1713052800,2024-04-14 00:00:00,AVAX/EUR,32.30032,35.59755,31.48534,35.03757,7649.76105861,268029.038574322
1713139200,2024-04-15 00:00:00,AVAX/EUR,34.86787,36.26635,32.19535,33.12938,8153.61647494,270124.25857254775
1713225600,2024-04-16 00:00:00,AVAX/EUR,32.70000,33.87431,30.80220,32.74674,4562.90300459,149420.19833652754
1713312000,2024-04-17 00:00:00,AVAX/EUR,32.69020,33.27849,30.39824,31.51130,2500.41388557,78791.29207236193
1713398400,2024-04-18 00:00:00,AVAX/EUR,31.22549,33.43614,30.99652,32.76238,3395.52191563,111245.379298198
1713484800,2024-04-19 00:00:00,AVAX/EUR,32.71069,33.84734,30.27683,32.70420,5696.40141019,186296.2509991358
1713571200,2024-04-20 00:00:00,AVAX/EUR,32.52835,36.17732,32.37795,35.90608,2504.64540977,89931.99845483441
1713657600,2024-04-21 00:00:00,AVAX/EUR,35.87703,36.40000,34.24320,34.95354,4065.02582453,142087.04275874232
1713744000,2024-04-22 00:00:00,AVAX/EUR,34.82598,37.25405,34.60270,36.80000,5150.34890856,189532.839835008
1713830400,2024-04-23 00:00:00,AVAX/EUR,37.31801,37.37000,35.63868,35.76838,3190.17165521,114107.27202878027
1713916800,2024-04-24 00:00:00,AVAX/EUR,36.01169,37.17835,33.73545,34.03814,7981.91962465,271689.6976525841
1714003200,2024-04-25 00:00:00,AVAX/EUR,33.94024,34.24540,32.43327,33.19334,3750.03018008,124476.02677765666
1714089600,2024-04-26 00:00:00,AVAX/EUR,32.86287,33.49049,32.16157,32.19475,5281.46138448,170035.32890798745
1714176000,2024-04-27 00:00:00,AVAX/EUR,32.26585,32.78928,31.00000,32.02532,1769.34457419,56663.826178698495
1714262400,2024-04-28 00:00:00,AVAX/EUR,32.42149,33.01776,31.64605,31.72930,2412.39399804,76543.57288201057
1714348800,2024-04-29 00:00:00,AVAX/EUR,31.70737,33.41125,30.76297,33.25461,6907.69154904,229712.58846362107
1714435200,2024-04-30 00:00:00,AVAX/EUR,32.78570,33.17958,29.87095,30.70000,8080.39389284,248068.092510188
1714521600,2024-05-01 00:00:00,AVAX/EUR,30.67645,31.50000,28.67983,31.09689,10443.93104844,324773.77498092334
1714608000,2024-05-02 00:00:00,AVAX/EUR,31.18570,31.88000,30.17554,31.39555,4400.96076500,138170.58374559574
1714694400,2024-05-03 00:00:00,AVAX/EUR,31.25332,33.37230,31.07265,33.06970,2904.03775572,96035.65737033368
1714780800,2024-05-04 00:00:00,AVAX/EUR,33.04623,34.98711,32.86483,34.72794,6315.39666093,219320.71631697734
1714867200,2024-05-05 00:00:00,AVAX/EUR,34.73503,35.17735,34.15302,34.78053,2861.96396569,99540.6235676
1714953600,2024-05-06 00:00:00,AVAX/EUR,34.73655,37.00000,34.24804,34.46203,7903.02328143,272354.2254153391
1715040000,2024-05-07 00:00:00,AVAX/EUR,34.55488,34.91212,32.96551,32.96551,2214.53001656,73003.11140620886
1715126400,2024-05-08 00:00:00,AVAX/EUR,32.84779,33.03626,31.39829,31.72815,4362.84767404,138425.08542909223
1715212800,2024-05-09 00:00:00,AVAX/EUR,31.63428,32.77030,31.41453,32.51742,2463.99137121,80122.64229401149
1715299200,2024-05-10 00:00:00,AVAX/EUR,32.60635,33.39865,30.92696,31.35134,3095.38499831,97044.46751291624
1715385600,2024-05-11 00:00:00,AVAX/EUR,31.37212,31.60028,30.83337,31.12004,2001.97372274,62301.50233061771
1715472000,2024-05-12 00:00:00,AVAX/EUR,31.24591,31.53429,30.51572,30.88681,976.90082425,30173.350147453144
1715558400,2024-05-13 00:00:00,AVAX/EUR,30.95239,31.32551,29.70000,30.01475,2431.51146951,72981.20887947528
1715644800,2024-05-14 00:00:00,AVAX/EUR,30.00062,30.78809,29.20291,29.20291,7465.82182512,218023.72283501507
1715731200,2024-05-15 00:00:00,AVAX/EUR,29.26336,31.90628,29.00000,31.90628,5479.68603863,174836.3970606196
1715817600,2024-05-16 00:00:00,AVAX/EUR,31.96933,32.13127,31.09622,31.71555,3470.42049061,110066.29459096599
1715904000,2024-05-17 00:00:00,AVAX/EUR,31.76631,34.57441,31.58844,33.50822,3517.31974380,117859.12378559404
1715990400,2024-05-18 00:00:00,AVAX/EUR,33.63690,34.53615,33.58248,34.17330,2016.00463074,68893.53104766723
1716076800,2024-05-19 00:00:00,AVAX/EUR,34.23256,34.73117,32.59105,32.91810,1363.25940799,44875.909518155626
1716163200,2024-05-20 00:00:00,AVAX/EUR,32.75299,37.02234,32.67948,36.87523,4513.95958922,166453.29806319304
1716249600,2024-05-21 00:00:00,AVAX/EUR,36.95358,38.00000,36.58467,37.88012,8913.23869268,337634.55126736156
1716336000,2024-05-22 00:00:00,AVAX/EUR,37.78451,38.37383,36.15175,36.95278,2027.03560256,74904.60067356711
1716422400,2024-05-23 00:00:00,AVAX/EUR,37.02905,37.12000,33.80000,35.59354,12458.74831895,443450.95664047956
1716508800,2024-05-24 00:00:00,AVAX/EUR,35.60966,36.00000,34.14300,35.07740,2224.24944710,78020.88755570553
1716595200,2024-05-25 00:00:00,AVAX/EUR,35.05131,35.71666,34.88168,35.31115,1101.28682300,38887.70419997645
1716681600,2024-05-26 00:00:00,AVAX/EUR,35.19490,35.25989,33.63983,33.91505,960.24383316,32566.71761381306
1716768000,2024-05-27 00:00:00,AVAX/EUR,33.84365,35.79192,33.77499,35.09005,3685.19521462,129313.68434077653
1716854400,2024-05-28 00:00:00,AVAX/EUR,35.15616,35.25943,33.60315,34.15159,4344.95452322,148387.10544565492
1716940800,2024-05-29 00:00:00,AVAX/EUR,34.08499,34.45415,33.50000,33.50000,2494.06957822,83551.33087037
1717027200,2024-05-30 00:00:00,AVAX/EUR,33.44000,34.20994,32.67058,33.28007,2491.86585547,82929.4701006515
1717113600,2024-05-31 00:00:00,AVAX/EUR,33.26521,33.80828,32.48496,33.32340,1119.98540356,37321.7215969913
1717200000,2024-06-01 00:00:00,AVAX/EUR,33.27808,33.33683,32.86277,32.95369,925.07832040,30484.74419618228
1717286400,2024-06-02 00:00:00,AVAX/EUR,32.98663,33.23886,32.18344,32.18870,793.42908042,25539.450640915253
1717372800,2024-06-03 00:00:00,AVAX/EUR,32.00000,33.39406,31.90000,32.13512,2901.43005818,93237.80309122127
1717459200,2024-06-04 00:00:00,AVAX/EUR,32.08203,33.28305,31.73121,33.06816,5738.98480828,189777.66787777236
1717545600,2024-06-05 00:00:00,AVAX/EUR,33.33410,33.81711,33.13286,33.54890,1797.24223373,60295.4999751844
1717632000,2024-06-06 00:00:00,AVAX/EUR,33.64273,34.07808,32.96805,33.07233,2101.58459989,69504.29941048005
1717718400,2024-06-07 00:00:00,AVAX/EUR,33.07233,33.07233,33.07233,33.07233,0.00000000,0.0
