https://www.Saxcoin-b6.nl,AXS,Axie Infinity
unix,date,symbol,open,high,low,close,volume,total
1648425600,2022-03-28 00:00:00,AXS/EUR,61.43029,65.75000,60.00000,60.00000,6903.50459787,414210.2758722
1648512000,2022-03-29 00:00:00,AXS/EUR,61.61774,64.00050,57.02137,57.51803,2553.84866257,146892.34398916116
1648598400,2022-03-30 00:00:00,AXS/EUR,57.30580,59.65690,55.74911,57.40129,2032.69371695,116679.24152782487
1648684800,2022-03-31 00:00:00,AXS/EUR,58.31436,60.84613,55.94941,56.75000,864.10698041,49038.0711382675
1648771200,2022-04-01 00:00:00,AXS/EUR,57.51164,60.90000,55.11000,60.14929,877.09924002,52756.89654674259
1648857600,2022-04-02 00:00:00,AXS/EUR,62.00000,68.25000,59.00000,59.27600,5568.37138906,330070.7824579206
1648944000,2022-04-03 00:00:00,AXS/EUR,58.95176,61.82389,58.10000,61.03838,2442.25681509,149071.39953705316
1649030400,2022-04-04 00:00:00,AXS/EUR,58.90000,60.77680,56.26969,58.62125,1654.58511870,96993.84788959239
1649116800,2022-04-05 00:00:00,AXS/EUR,58.35740,61.50000,56.32642,56.95375,1207.64106717,68779.68742933338
1649203200,2022-04-06 00:00:00,AXS/EUR,56.10000,57.02119,49.18000,49.18000,2167.88592469,106616.62977625421
1649289600,2022-04-07 00:00:00,AXS/EUR,48.50000,51.17519,48.00000,50.01724,824.35590941,41232.00736637823
1649376000,2022-04-08 00:00:00,AXS/EUR,50.41503,50.91729,46.97048,46.97048,618.43646202,29048.25747058117
1649462400,2022-04-09 00:00:00,AXS/EUR,47.42581,48.17842,46.66507,47.12366,129.14651060,6085.856255700796
1649548800,2022-04-10 00:00:00,AXS/EUR,47.30000,47.66280,45.00000,45.00000,294.26676122,13242.004254899999
1649635200,2022-04-11 00:00:00,AXS/EUR,44.13671,44.13671,41.20864,41.40329,1363.32730236,56446.23566452876
1649721600,2022-04-12 00:00:00,AXS/EUR,41.96358,44.93403,41.77996,43.09138,1556.75886467,67082.88780586355
1649808000,2022-04-13 00:00:00,AXS/EUR,43.76843,44.76432,43.43824,44.35025,525.18889793,23292.258920419987
1649894400,2022-04-14 00:00:00,AXS/EUR,45.28267,45.28267,42.31710,43.20967,366.50688281,15836.641458948772
1649980800,2022-04-15 00:00:00,AXS/EUR,43.83000,46.16546,43.54594,44.27474,531.07190137,23513.070354462394
1650067200,2022-04-16 00:00:00,AXS/EUR,44.67636,44.88365,43.47962,44.17597,218.20702883,9639.507159383216
1650153600,2022-04-17 00:00:00,AXS/EUR,43.91745,44.29034,42.00000,42.00000,363.11120790,15250.6707318
1650240000,2022-04-18 00:00:00,AXS/EUR,42.52261,42.85000,40.00000,42.85000,1824.32819936,78172.46334257601
1650326400,2022-04-19 00:00:00,AXS/EUR,42.80054,44.40721,42.35876,43.30694,329.92486126,14288.036171095144
1650412800,2022-04-20 00:00:00,AXS/EUR,43.20465,44.55067,42.00000,42.53015,526.96506627,22411.90331322304
1650499200,2022-04-21 00:00:00,AXS/EUR,43.00000,43.50806,41.21966,41.50000,443.81576255,18418.354145825
1650585600,2022-04-22 00:00:00,AXS/EUR,42.66747,42.98512,41.68669,42.43487,245.25593555,10407.403741792628
1650672000,2022-04-23 00:00:00,AXS/EUR,42.34380,42.47810,42.15140,42.33740,299.88698786,12696.435359823963
1650758400,2022-04-24 00:00:00,AXS/EUR,41.94623,42.19990,41.12167,41.25889,171.20667962,7063.797561706821
1650844800,2022-04-25 00:00:00,AXS/EUR,41.00000,41.00000,37.50000,40.03760,1203.72570433,48194.288259682806
1650931200,2022-04-26 00:00:00,AXS/EUR,40.03760,40.56381,35.97980,36.90051,1427.57902963,52678.3942586521
1651017600,2022-04-27 00:00:00,AXS/EUR,36.58857,37.85315,35.29256,36.61883,404.07791127,14796.860339551216
1651104000,2022-04-28 00:00:00,AXS/EUR,36.61201,38.09114,35.80999,36.17547,1655.70053188,59895.744920008976
1651190400,2022-04-29 00:00:00,AXS/EUR,36.04888,36.04888,32.00000,32.48850,1019.09156219,33108.75621820982
1651276800,2022-04-30 00:00:00,AXS/EUR,32.04102,32.97670,26.00000,27.90117,1307.61152687,36483.89150515944
1651363200,2022-05-01 00:00:00,AXS/EUR,27.68545,30.47389,26.88123,30.21650,829.76306362,25072.53561187373
1651449600,2022-05-02 00:00:00,AXS/EUR,30.12143,30.12143,28.41150,28.83071,673.86593172,19428.03325629912
1651536000,2022-05-03 00:00:00,AXS/EUR,28.70059,29.07602,27.24097,27.57923,785.67342095,21668.26798126687
1651622400,2022-05-04 00:00:00,AXS/EUR,27.67456,31.66608,26.81936,31.43306,1538.43337565,48357.66860280899
1651708800,2022-05-05 00:00:00,AXS/EUR,31.67952,32.78224,26.67800,27.59305,1673.76848224,46184.377418872435
1651795200,2022-05-06 00:00:00,AXS/EUR,26.96036,27.62831,26.00000,26.87220,1292.60452293,34735.12726107955
1651881600,2022-05-07 00:00:00,AXS/EUR,26.60747,27.89116,26.08531,27.51738,557.94809753,15353.269820010071
1651968000,2022-05-08 00:00:00,AXS/EUR,27.11130,29.82980,26.90123,28.78462,2432.19779581,70009.88931722844
1652054400,2022-05-09 00:00:00,AXS/EUR,29.35922,29.41696,24.38694,24.60190,3095.87602706,76164.43243012742
1652140800,2022-05-10 00:00:00,AXS/EUR,23.60123,26.65484,22.41350,23.00453,2190.40710682,50389.28600105389
1652227200,2022-05-11 00:00:00,AXS/EUR,23.09764,23.41041,15.65223,17.90000,4125.76833825,73851.25325467499
1652313600,2022-05-12 00:00:00,AXS/EUR,17.95097,23.11113,16.40000,18.97411,8572.71889832,162659.7113758025
1652400000,2022-05-13 00:00:00,AXS/EUR,18.47984,23.20408,18.33347,19.40140,6493.77608167,125988.34727091233
1652486400,2022-05-14 00:00:00,AXS/EUR,19.23658,20.82962,18.47975,20.00000,4476.69453917,89533.8907834
1652572800,2022-05-15 00:00:00,AXS/EUR,20.72452,22.58021,19.80622,22.49851,1381.19872271,31074.913274878163
1652659200,2022-05-16 00:00:00,AXS/EUR,21.42245,21.42245,19.15000,19.15000,2873.74521985,55032.220960127495
1652745600,2022-05-17 00:00:00,AXS/EUR,19.00000,21.70564,19.00000,21.29394,864.06145595,18399.27279931194
1652832000,2022-05-18 00:00:00,AXS/EUR,20.35546,21.30771,19.44005,20.58030,2917.08561910,60034.49716676373
1652918400,2022-05-19 00:00:00,AXS/EUR,20.59977,20.81041,18.88440,20.32056,1703.42440759,34614.537879897056
1653004800,2022-05-20 00:00:00,AXS/EUR,20.35446,20.55532,19.18482,19.66764,1244.85723866,24483.404021358958
1653091200,2022-05-21 00:00:00,AXS/EUR,19.36250,20.07673,19.29636,19.79289,451.63076783,8939.078108274729
1653177600,2022-05-22 00:00:00,AXS/EUR,20.08112,20.48744,19.76964,20.32772,974.30793663,19805.458929592383
1653264000,2022-05-23 00:00:00,AXS/EUR,20.91407,22.00000,19.50000,19.67721,2231.41531082,43908.027668220406
1653350400,2022-05-24 00:00:00,AXS/EUR,19.69099,19.98592,18.96103,19.51284,1254.16548598,24472.330461449987
1653436800,2022-05-25 00:00:00,AXS/EUR,19.76923,19.98853,19.14109,19.63369,2533.82001605,49748.236710920726
1653523200,2022-05-26 00:00:00,AXS/EUR,19.89404,19.89405,17.57191,18.41661,818.39558136,15072.072247630389
1653609600,2022-05-27 00:00:00,AXS/EUR,17.76971,17.80418,16.64062,16.87735,731.51791712,12346.083918505232
1653696000,2022-05-28 00:00:00,AXS/EUR,16.67087,17.31930,16.67087,17.31930,203.23475705,3519.883727776065
1653782400,2022-05-29 00:00:00,AXS/EUR,17.22540,17.26017,16.54453,17.07877,905.34864066,15462.241203644788
1653868800,2022-05-30 00:00:00,AXS/EUR,17.63301,22.52111,17.47217,22.34831,1819.89706943,40671.623875713165
1653955200,2022-05-31 00:00:00,AXS/EUR,23.06815,25.59830,21.13261,22.23422,2972.32191284,66087.25932090539
1654041600,2022-06-01 00:00:00,AXS/EUR,21.50000,21.84191,19.27958,19.45688,1368.58457075,26628.385762934264
1654128000,2022-06-02 00:00:00,AXS/EUR,19.00000,19.78231,18.54289,19.78231,962.19791577,19034.49745111603
1654214400,2022-06-03 00:00:00,AXS/EUR,19.95000,19.95000,18.24953,18.93020,246.70392752,4670.154688739104
1654300800,2022-06-04 00:00:00,AXS/EUR,19.44652,19.47602,18.86396,18.98359,169.09742339,3210.07615569217
1654387200,2022-06-05 00:00:00,AXS/EUR,18.57080,18.90131,18.54694,18.90131,228.16829890,4312.679749681559
1654473600,2022-06-06 00:00:00,AXS/EUR,19.05589,21.11286,18.83672,19.31670,1549.71306854,29935.34243106662
1654560000,2022-06-07 00:00:00,AXS/EUR,18.68390,18.85894,17.96810,18.85894,1477.97016477,27872.950659187547
1654646400,2022-06-08 00:00:00,AXS/EUR,18.42769,18.42769,17.95745,18.37450,888.53658892,16326.41555311054
1654732800,2022-06-09 00:00:00,AXS/EUR,18.23460,18.38570,18.18723,18.23419,439.61079652,8015.94678979702
1654819200,2022-06-10 00:00:00,AXS/EUR,17.75929,18.39048,16.90000,17.36572,988.22954021,17161.3174910156
1654905600,2022-06-11 00:00:00,AXS/EUR,17.50073,17.55034,15.29900,15.34870,489.42998445,7512.114002327715
1654992000,2022-06-12 00:00:00,AXS/EUR,15.51211,15.51211,13.79740,13.79740,768.69779610,10606.03097191014
1655078400,2022-06-13 00:00:00,AXS/EUR,13.83004,13.83004,11.75912,12.54772,2903.15941716,36428.03148188687
1655164800,2022-06-14 00:00:00,AXS/EUR,12.38000,14.63336,11.93531,13.11221,2659.79355569,34875.77165885398
1655251200,2022-06-15 00:00:00,AXS/EUR,13.28443,15.00000,12.07630,15.00000,1019.94296405,15299.14446075
1655337600,2022-06-16 00:00:00,AXS/EUR,15.38078,15.38078,12.62843,12.62843,2513.69308135,31743.99711931278
1655424000,2022-06-17 00:00:00,AXS/EUR,13.26694,13.47535,13.05886,13.33340,381.40425816,5085.415535750543
1655510400,2022-06-18 00:00:00,AXS/EUR,13.00000,13.00000,11.47620,12.35892,136.17033819,1682.9183160631546
1655596800,2022-06-19 00:00:00,AXS/EUR,12.12150,13.43331,11.97289,13.35029,393.25309063,5250.042803306782
1655683200,2022-06-20 00:00:00,AXS/EUR,12.77395,14.29353,12.50000,13.70457,1445.79129989,19813.948074733496
1655769600,2022-06-21 00:00:00,AXS/EUR,13.61672,14.96648,13.61672,14.04971,2905.92356424,40827.383359738364
1655856000,2022-06-22 00:00:00,AXS/EUR,13.73405,14.17855,13.07097,13.42768,1706.39415818,22912.914709910423
1655942400,2022-06-23 00:00:00,AXS/EUR,13.69340,14.06413,13.38947,13.93111,1047.79561754,14596.95600546767
1656028800,2022-06-24 00:00:00,AXS/EUR,14.08483,16.80838,14.07610,16.49466,2488.17796289,41041.64951736316
1656115200,2022-06-25 00:00:00,AXS/EUR,16.76761,17.40604,16.06889,16.84550,1058.04455190,17823.289499031453
1656201600,2022-06-26 00:00:00,AXS/EUR,16.58303,16.90550,15.73185,16.18012,762.22471953,12332.887428961743
1656288000,2022-06-27 00:00:00,AXS/EUR,15.49010,15.89238,14.80301,15.23198,533.86990450,8131.89570794591
1656374400,2022-06-28 00:00:00,AXS/EUR,15.22196,15.69545,14.40486,14.44394,924.70588810,13356.396365363114
1656460800,2022-06-29 00:00:00,AXS/EUR,14.65541,14.65541,13.60206,13.69727,1793.18361525,24561.720137655368
1656547200,2022-06-30 00:00:00,AXS/EUR,13.69292,13.69292,12.63466,13.40113,2857.92329515,38299.401608333515
1656633600,2022-07-01 00:00:00,AXS/EUR,13.96749,14.09954,13.14345,13.68912,502.53878337,6879.3137102059345
1656720000,2022-07-02 00:00:00,AXS/EUR,13.17892,13.46427,13.00739,13.46427,633.06057932,8523.698566320896
1656806400,2022-07-03 00:00:00,AXS/EUR,13.25003,13.88941,13.02929,13.52168,497.16977916,6722.570659472189
1656892800,2022-07-04 00:00:00,AXS/EUR,13.60539,14.33597,13.19426,14.33597,517.63964288,7420.866391138394
1656979200,2022-07-05 00:00:00,AXS/EUR,14.73577,14.73577,13.59993,14.18037,1849.17589957,26221.99845098544
1657065600,2022-07-06 00:00:00,AXS/EUR,13.83334,14.67206,13.83334,14.67206,534.99379733,7849.4610940536
1657152000,2022-07-07 00:00:00,AXS/EUR,14.45158,15.23569,14.39275,15.23569,1042.85636340,15888.636267289745
1657238400,2022-07-08 00:00:00,AXS/EUR,15.44027,15.44027,14.38859,14.69661,1120.83529882,16472.479260991
1657324800,2022-07-09 00:00:00,AXS/EUR,14.93805,15.15025,14.79060,14.91290,849.84583309,12673.665924287861
1657411200,2022-07-10 00:00:00,AXS/EUR,14.68970,14.69010,14.07699,14.18284,1188.01471241,16849.422583757045
1657497600,2022-07-11 00:00:00,AXS/EUR,14.13799,14.13799,13.20000,13.34451,1386.59648324,18503.45063656101
1657584000,2022-07-12 00:00:00,AXS/EUR,13.20000,13.38523,12.80000,12.80000,983.81697055,12592.85722304
1657670400,2022-07-13 00:00:00,AXS/EUR,12.74217,13.34702,12.41248,13.34702,2156.65417887,28784.90645846147
1657756800,2022-07-14 00:00:00,AXS/EUR,13.33265,13.87262,13.06597,13.87203,671.73784091,9318.367481238749
1657843200,2022-07-15 00:00:00,AXS/EUR,13.96503,14.09507,13.74124,13.91878,612.45981596,8524.693437187729
1657929600,2022-07-16 00:00:00,AXS/EUR,13.67999,14.29212,13.50000,14.13953,762.34975574,10779.267241778402
1658016000,2022-07-17 00:00:00,AXS/EUR,14.29170,14.85000,14.11732,14.41409,2835.25171703,40867.57342192495
1658102400,2022-07-18 00:00:00,AXS/EUR,14.70156,15.80132,14.67218,15.47944,2012.97685747,31159.754486595415
1658188800,2022-07-19 00:00:00,AXS/EUR,16.06686,17.02413,15.78665,16.65417,987.51883353,16446.30653181032
1658275200,2022-07-20 00:00:00,AXS/EUR,16.45535,17.13732,15.22544,15.58548,2861.20016647,44593.17797051486
1658361600,2022-07-21 00:00:00,AXS/EUR,15.49373,15.58653,14.57522,15.44975,1080.44935285,16692.672389194286
1658448000,2022-07-22 00:00:00,AXS/EUR,15.42287,16.16215,14.77575,15.17501,1180.59181665,17915.49262358192
1658534400,2022-07-23 00:00:00,AXS/EUR,15.49189,17.80999,15.41338,17.75344,1805.23401132,32049.113705928943
1658620800,2022-07-24 00:00:00,AXS/EUR,18.00000,18.45373,16.79380,16.79380,720.57605445,12101.210143222412
1658707200,2022-07-25 00:00:00,AXS/EUR,16.42967,16.43265,14.98585,15.02190,1865.89109632,28029.22945980941
1658793600,2022-07-26 00:00:00,AXS/EUR,14.97261,15.08586,14.34980,14.70758,493.10492457,7252.380126507241
1658880000,2022-07-27 00:00:00,AXS/EUR,15.00000,16.28452,14.60944,16.28452,1880.34558409,30620.52527102529
1658966400,2022-07-28 00:00:00,AXS/EUR,16.08840,17.03702,15.94014,16.97470,1074.99414865,18247.70317508915
1659052800,2022-07-29 00:00:00,AXS/EUR,17.20876,18.97859,17.20876,18.19535,4210.96592035,76619.99875884037
1659139200,2022-07-30 00:00:00,AXS/EUR,18.50000,19.83727,18.35133,18.47891,3464.11654403,64013.09784664141
1659225600,2022-07-31 00:00:00,AXS/EUR,18.22762,18.70488,17.66550,17.66866,1242.92153259,21960.757966011628
1659312000,2022-08-01 00:00:00,AXS/EUR,17.50000,17.82742,16.95024,17.21047,737.97474807,12700.892262416293
1659398400,2022-08-02 00:00:00,AXS/EUR,16.87994,17.38177,16.28918,16.97379,1644.00946071,27905.071344104792
1659484800,2022-08-03 00:00:00,AXS/EUR,16.40100,17.59553,16.40100,17.39828,665.57381993,11579.839679811721
1659571200,2022-08-04 00:00:00,AXS/EUR,17.12835,17.72693,16.81550,16.97914,1494.60013802,25377.024987460904
1659657600,2022-08-05 00:00:00,AXS/EUR,17.48116,18.13985,17.30499,17.91941,546.18833862,9787.372776950613
1659744000,2022-08-06 00:00:00,AXS/EUR,17.88185,17.98517,17.65000,17.74988,145.56737990,2583.803525139412
1659830400,2022-08-07 00:00:00,AXS/EUR,17.78472,18.55235,17.78472,18.17359,292.00957338,5306.862262683035
1659916800,2022-08-08 00:00:00,AXS/EUR,18.41630,18.88188,18.22147,18.30772,467.31433686,8555.46003121856
1660003200,2022-08-09 00:00:00,AXS/EUR,18.12337,18.32170,16.93843,17.35632,1208.57602168,20976.432176605016
1660089600,2022-08-10 00:00:00,AXS/EUR,17.21570,18.00782,16.81460,17.91550,686.37508932,12296.752912712462
1660176000,2022-08-11 00:00:00,AXS/EUR,18.03345,18.40000,17.80000,17.80000,1249.86662307,22247.625890646003
1660262400,2022-08-12 00:00:00,AXS/EUR,17.93720,18.08195,17.52061,17.99051,296.88953631,5341.194171880418
1660348800,2022-08-13 00:00:00,AXS/EUR,18.14715,19.31081,18.14715,18.84536,2142.13790561,40369.360000866465
1660435200,2022-08-14 00:00:00,AXS/EUR,18.85501,19.24714,17.92217,18.01603,1105.91263558,19924.155219988348
1660521600,2022-08-15 00:00:00,AXS/EUR,18.35403,18.55898,17.59478,17.98454,1119.73140798,20137.85429607263
1660608000,2022-08-16 00:00:00,AXS/EUR,18.27533,18.27533,17.50476,17.76308,915.07524673,16254.554813684726
1660694400,2022-08-17 00:00:00,AXS/EUR,17.81511,18.04862,16.61166,16.67436,2669.14354226,44506.260315318454
1660780800,2022-08-18 00:00:00,AXS/EUR,16.65577,16.96912,16.65577,16.72160,108.70202873,1817.6718436115677
1660867200,2022-08-19 00:00:00,AXS/EUR,15.75310,15.75310,14.00000,14.13187,1825.73435192,25801.04051586769
1660953600,2022-08-20 00:00:00,AXS/EUR,14.26541,16.00000,13.80019,13.99162,1257.81213604,17598.829438859986
1661040000,2022-08-21 00:00:00,AXS/EUR,14.04983,14.53634,14.04983,14.49591,589.72635450,8548.620159460095
1661126400,2022-08-22 00:00:00,AXS/EUR,14.29684,14.34843,13.62382,14.34843,1089.67204528,15635.083064656912
1661212800,2022-08-23 00:00:00,AXS/EUR,14.46635,14.90329,14.29394,14.90329,446.03899160,6647.448443122364
1661299200,2022-08-24 00:00:00,AXS/EUR,14.75432,14.98879,14.75432,14.95182,79.45548830,1188.004159073706
1661385600,2022-08-25 00:00:00,AXS/EUR,14.90114,14.90114,14.57565,14.73888,165.63318624,2441.247656009011
1661472000,2022-08-26 00:00:00,AXS/EUR,14.86774,14.86774,13.34451,13.34451,1641.30284307,21902.382202376048
1661558400,2022-08-27 00:00:00,AXS/EUR,13.34451,13.94489,13.09149,13.90645,556.21586095,7734.988059508127
1661644800,2022-08-28 00:00:00,AXS/EUR,13.82663,14.00443,13.82663,13.90110,417.40068513,5802.328664060643
1661731200,2022-08-29 00:00:00,AXS/EUR,13.21739,13.75382,13.21636,13.60983,222.57840118,3029.2542017315996
1661817600,2022-08-30 00:00:00,AXS/EUR,13.77084,14.04076,13.15000,13.69715,1664.39267856,22797.436177138105
1661904000,2022-08-31 00:00:00,AXS/EUR,14.11375,14.47897,13.97044,14.16367,501.57992282,7104.212505447949
1661990400,2022-09-01 00:00:00,AXS/EUR,14.10333,14.11961,13.56579,14.05806,1056.91997255,14858.244389306252
1662076800,2022-09-02 00:00:00,AXS/EUR,14.07272,14.29882,13.83706,14.04041,1088.33666415,15280.6929826983
1662163200,2022-09-03 00:00:00,AXS/EUR,14.48841,15.43188,14.41158,15.39163,940.67065676,14478.45470070692
1662249600,2022-09-04 00:00:00,AXS/EUR,15.30311,15.30311,14.51475,14.64379,1100.56126311,16116.388019117587
1662336000,2022-09-05 00:00:00,AXS/EUR,14.62019,14.64400,13.97559,14.23774,1330.62694990,18945.120549669227
1662422400,2022-09-06 00:00:00,AXS/EUR,14.53672,14.53672,13.35476,13.35643,3039.72395641,40599.86024311322
1662508800,2022-09-07 00:00:00,AXS/EUR,13.29193,13.65666,13.11719,13.56394,452.31330425,6135.150520048745
1662595200,2022-09-08 00:00:00,AXS/EUR,13.50725,14.10020,13.50725,13.73349,451.86708406,6205.71208026717
1662681600,2022-09-09 00:00:00,AXS/EUR,13.81739,15.12900,13.81739,14.52754,1173.91258047,17054.061969281145
1662768000,2022-09-10 00:00:00,AXS/EUR,14.48000,14.69137,14.25922,14.62054,246.86628356,3609.3183734403224
1662854400,2022-09-11 00:00:00,AXS/EUR,14.63327,14.64881,14.01491,14.23806,290.91210903,4142.024063095682
1662940800,2022-09-12 00:00:00,AXS/EUR,14.24915,14.78462,13.95803,14.11344,796.17570172,11236.777995683118
1663027200,2022-09-13 00:00:00,AXS/EUR,13.85258,14.19184,13.06221,13.16827,2152.59080864,28345.896967689852
1663113600,2022-09-14 00:00:00,AXS/EUR,13.32172,13.40000,12.89800,13.40000,581.13571479,7787.218578186
1663200000,2022-09-15 00:00:00,AXS/EUR,13.19015,13.50187,12.65332,12.96199,851.44475963,11036.418459876464
1663286400,2022-09-16 00:00:00,AXS/EUR,12.50000,12.88381,12.48361,12.80000,259.86650938,3326.2913200640005
1663372800,2022-09-17 00:00:00,AXS/EUR,12.79616,13.16834,12.79616,13.04971,398.94487516,5206.114926824203
1663459200,2022-09-18 00:00:00,AXS/EUR,13.14437,13.23504,11.95947,11.95947,368.54028737,4407.546510592893
1663545600,2022-09-19 00:00:00,AXS/EUR,11.89403,12.26171,11.75044,12.26171,684.38528089,8391.733842541722
1663632000,2022-09-20 00:00:00,AXS/EUR,12.38000,12.72064,12.12313,12.27821,719.02691815,8828.363496698512
1663718400,2022-09-21 00:00:00,AXS/EUR,12.40072,13.01402,12.00000,12.00352,1407.64776557,16896.728106974806
1663804800,2022-09-22 00:00:00,AXS/EUR,12.02399,12.60668,11.98452,12.60668,204.97948113,2584.1107251719486
1663891200,2022-09-23 00:00:00,AXS/EUR,12.55667,13.88127,12.55667,13.71038,1496.26475916,20514.35842869208
1663977600,2022-09-24 00:00:00,AXS/EUR,13.74683,14.05021,13.04780,13.04780,1188.90816335,15512.63593375813
1664064000,2022-09-25 00:00:00,AXS/EUR,13.17204,13.26423,12.70891,12.81719,582.78937492,7469.722148330875
1664150400,2022-09-26 00:00:00,AXS/EUR,12.76522,12.93215,12.59607,12.87284,1318.38646104,16971.377971134156
1664236800,2022-09-27 00:00:00,AXS/EUR,13.01415,13.32081,12.70155,12.83373,553.98891955,7109.744216496421
1664323200,2022-09-28 00:00:00,AXS/EUR,12.65001,13.23197,12.46140,13.23197,485.67850609,6426.483422227698
1664409600,2022-09-29 00:00:00,AXS/EUR,12.85469,12.91555,12.57869,12.81478,217.07847918,2781.8129534262803
1664496000,2022-09-30 00:00:00,AXS/EUR,12.90862,13.04908,12.90862,13.01892,103.35094105,1345.517633454666
1664582400,2022-10-01 00:00:00,AXS/EUR,13.02000,13.02000,12.72644,12.72644,431.87427932,5496.222103309221
1664668800,2022-10-02 00:00:00,AXS/EUR,12.76309,12.88632,12.45000,12.45000,376.17874646,4683.425393427
1664755200,2022-10-03 00:00:00,AXS/EUR,12.54151,12.82329,12.49118,12.77596,133.19973309,1701.7544619685164
1664841600,2022-10-04 00:00:00,AXS/EUR,13.00000,13.01502,12.81597,12.89698,689.66006186,8894.532024607182
1664928000,2022-10-05 00:00:00,AXS/EUR,13.03916,13.03916,12.76197,12.90777,194.20308691,2506.7287791242907
1665014400,2022-10-06 00:00:00,AXS/EUR,13.01338,13.20000,12.96032,13.15438,213.52624355,2808.805347629249
1665100800,2022-10-07 00:00:00,AXS/EUR,12.95941,12.95941,12.68256,12.76764,59.15330454,755.2480971770856
1665187200,2022-10-08 00:00:00,AXS/EUR,12.80664,12.84502,12.66872,12.66872,15.23053395,192.951370063044
1665273600,2022-10-09 00:00:00,AXS/EUR,12.64048,12.85486,12.64048,12.81716,145.00437073,1858.5442203457267
1665360000,2022-10-10 00:00:00,AXS/EUR,12.70168,12.70168,12.34841,12.37933,116.15405160,1437.909335593428
1665446400,2022-10-11 00:00:00,AXS/EUR,12.15000,12.15000,11.80830,11.86075,927.80065148,11004.41157704141
1665532800,2022-10-12 00:00:00,AXS/EUR,11.91035,11.99879,11.86148,11.92668,43.57873306,519.7496040120408
1665619200,2022-10-13 00:00:00,AXS/EUR,11.71937,11.71937,10.65126,11.39473,601.26078458,6851.204299877262
1665705600,2022-10-14 00:00:00,AXS/EUR,11.65412,11.96850,11.12794,11.12794,156.28795273,1739.1629607022762
1665792000,2022-10-15 00:00:00,AXS/EUR,11.30500,11.30500,11.09229,11.20602,18.41091756,206.31311039571122
1665878400,2022-10-16 00:00:00,AXS/EUR,11.34807,11.39413,11.31642,11.39413,227.32239568,2590.1409282893587
1665964800,2022-10-17 00:00:00,AXS/EUR,11.30206,11.49551,11.21061,11.33044,753.46846512,8537.129235934253
1666051200,2022-10-18 00:00:00,AXS/EUR,11.34999,11.35404,10.95567,11.08060,91.73597399,1016.4896333935941
1666137600,2022-10-19 00:00:00,AXS/EUR,11.00064,12.40000,10.28841,10.38529,1512.76759321,15710.53015808788
1666224000,2022-10-20 00:00:00,AXS/EUR,10.39487,11.03509,9.74058,9.76495,1482.45438155,14476.092913116674
1666310400,2022-10-21 00:00:00,AXS/EUR,9.77273,9.77273,8.88516,9.14351,1386.64063871,12678.762546451271
1666396800,2022-10-22 00:00:00,AXS/EUR,9.43983,9.75714,8.97511,9.07080,2417.29754742,21926.822593137334
1666483200,2022-10-23 00:00:00,AXS/EUR,8.95000,9.10128,8.85680,9.10128,420.91543123,3830.8691959449743
1666569600,2022-10-24 00:00:00,AXS/EUR,8.80000,9.05192,8.36997,8.36997,384.00719051,3214.1286643529847
1666656000,2022-10-25 00:00:00,AXS/EUR,8.65322,9.50499,8.65322,9.07121,895.09305124,8119.577037338801
1666742400,2022-10-26 00:00:00,AXS/EUR,9.07121,9.65916,8.41026,9.09610,1040.33941870,9463.03138643707
1666828800,2022-10-27 00:00:00,AXS/EUR,9.18200,9.53131,9.07380,9.07380,246.18307912,2233.816023319056
1666915200,2022-10-28 00:00:00,AXS/EUR,9.07380,9.27507,8.86963,9.16405,555.49298550,5090.565493771275
1667001600,2022-10-29 00:00:00,AXS/EUR,9.23685,9.51811,9.18865,9.36860,470.36466943,4406.658442021898
1667088000,2022-10-30 00:00:00,AXS/EUR,9.56961,10.36316,9.14159,9.14812,2073.88296556,18972.130234898745
1667174400,2022-10-31 00:00:00,AXS/EUR,9.10563,9.88206,9.09778,9.23747,1855.89356679,17143.76114641562
1667260800,2022-11-01 00:00:00,AXS/EUR,9.33628,9.35057,9.13924,9.20840,255.05532345,2348.65144045698
1667347200,2022-11-02 00:00:00,AXS/EUR,9.07062,9.40000,8.69657,8.92496,896.17325858,7998.310485896158
1667433600,2022-11-03 00:00:00,AXS/EUR,8.92503,9.37957,8.92503,9.07985,887.41028550,8057.552280797176
1667520000,2022-11-04 00:00:00,AXS/EUR,9.05585,10.06262,8.56696,9.90795,1552.63834336,15383.46307409371
1667606400,2022-11-05 00:00:00,AXS/EUR,10.14018,11.59118,9.00294,10.61057,5137.06388294,54507.17592440668
1667692800,2022-11-06 00:00:00,AXS/EUR,10.73461,10.75555,9.98710,9.98710,3674.38456409,36696.44608002324
1667779200,2022-11-07 00:00:00,AXS/EUR,9.98625,10.22180,9.54631,9.59636,1133.24766304,10875.052543690534
1667865600,2022-11-08 00:00:00,AXS/EUR,9.85611,10.11538,6.50000,8.50000,3257.81122835,27691.395440975
1667952000,2022-11-09 00:00:00,AXS/EUR,8.50000,8.72800,5.80000,6.35163,3370.26336361,21406.665888206186
1668038400,2022-11-10 00:00:00,AXS/EUR,6.35312,8.72801,5.00000,7.18706,1453.39554111,10445.640957690037
1668124800,2022-11-11 00:00:00,AXS/EUR,7.18706,8.72177,6.53104,6.69090,628.19747465,4203.206483135685
1668211200,2022-11-12 00:00:00,AXS/EUR,6.96345,6.99417,6.29261,6.83767,266.78764303,1824.2058631169402
1668297600,2022-11-13 00:00:00,AXS/EUR,6.27798,12.40727,6.02028,6.78476,5784.52195517,39246.59318055921
1668384000,2022-11-14 00:00:00,AXS/EUR,6.97711,7.70347,6.72058,6.91838,800.82410813,5540.405493204429
1668470400,2022-11-15 00:00:00,AXS/EUR,7.02360,7.13312,6.92108,6.94483,468.30682479,3252.3112860063356
1668556800,2022-11-16 00:00:00,AXS/EUR,6.92334,7.08827,6.65791,6.82502,1050.00435460,7166.300720232092
1668643200,2022-11-17 00:00:00,AXS/EUR,6.87183,6.98819,6.72139,6.94342,1874.64922115,13016.476895117332
1668729600,2022-11-18 00:00:00,AXS/EUR,7.00854,7.00854,6.78459,6.85131,1634.64287070,11199.445046455618
1668816000,2022-11-19 00:00:00,AXS/EUR,6.89301,6.89301,6.76791,6.85965,571.83534370,3922.590315411705
1668902400,2022-11-20 00:00:00,AXS/EUR,6.89574,6.95139,6.50000,6.50000,1292.88231202,8403.73502813
1668988800,2022-11-21 00:00:00,AXS/EUR,6.25705,6.25705,5.96284,6.13417,763.25225051,4681.919057510927
1669075200,2022-11-22 00:00:00,AXS/EUR,6.38881,6.78233,5.95963,6.62888,899.54226448,5962.957726166182
1669161600,2022-11-23 00:00:00,AXS/EUR,6.62888,6.71911,6.51189,6.62342,1068.96165287,7080.181990852217
1669248000,2022-11-24 00:00:00,AXS/EUR,6.54749,6.63456,6.37817,6.49954,361.95124984,2352.5166263850733
1669334400,2022-11-25 00:00:00,AXS/EUR,6.33644,6.46032,6.30192,6.42282,1078.88166217,6929.462717418719
1669420800,2022-11-26 00:00:00,AXS/EUR,6.40331,6.46145,6.36618,6.36618,293.70082824,1869.7523387249232
1669507200,2022-11-27 00:00:00,AXS/EUR,6.55197,6.64584,6.50889,6.61085,786.44290001,5199.056045531109
1669593600,2022-11-28 00:00:00,AXS/EUR,6.23143,6.34365,6.18007,6.33360,2409.99041138,15263.915269516367
1669680000,2022-11-29 00:00:00,AXS/EUR,6.33984,6.61085,6.33984,6.54085,2251.57870139,14727.238548986781
1669766400,2022-11-30 00:00:00,AXS/EUR,6.69039,6.78356,6.58153,6.67075,506.56507097,3379.1689471731274
1669852800,2022-12-01 00:00:00,AXS/EUR,6.60455,6.62529,6.50859,6.51091,85.58903873,557.2625281575442
1669939200,2022-12-02 00:00:00,AXS/EUR,6.44861,6.65730,6.44861,6.63007,150.70039354,999.1541581977477
1670025600,2022-12-03 00:00:00,AXS/EUR,6.63830,6.66151,6.45307,6.45307,179.80028843,1160.2638472589801
1670112000,2022-12-04 00:00:00,AXS/EUR,6.43572,6.50092,6.39944,6.50092,657.19875717,4272.396544461596
1670198400,2022-12-05 00:00:00,AXS/EUR,6.66183,9.70000,6.66183,8.32710,10044.90891402,83644.96101793593
1670284800,2022-12-06 00:00:00,AXS/EUR,8.30178,9.19580,7.90320,8.56000,4473.04556461,38289.2700330616
1670371200,2022-12-07 00:00:00,AXS/EUR,8.56218,9.16605,7.92794,8.03370,6545.57704461,52585.20230328335
1670457600,2022-12-08 00:00:00,AXS/EUR,7.88862,7.96434,7.55581,7.72631,2306.15540770,17818.07158806659
1670544000,2022-12-09 00:00:00,AXS/EUR,7.61062,7.67661,7.59270,7.62616,1002.14429143,7642.5127095318085
1670630400,2022-12-10 00:00:00,AXS/EUR,7.50000,8.70000,7.50000,7.97987,3096.37902584,24708.70209692984
1670716800,2022-12-11 00:00:00,AXS/EUR,7.80176,7.82020,7.62075,7.62075,281.27206319,2143.5040755551922
1670803200,2022-12-12 00:00:00,AXS/EUR,7.23428,7.33884,7.18988,7.31131,606.06992250,4431.165085073475
1670889600,2022-12-13 00:00:00,AXS/EUR,7.25380,7.26098,6.86000,7.21285,9014.64231426,65021.26281641024
1670976000,2022-12-14 00:00:00,AXS/EUR,7.21918,7.62205,7.14226,7.17784,609.58337000,4375.4918965208
1671062400,2022-12-15 00:00:00,AXS/EUR,7.18150,7.18221,7.03509,7.03509,184.61514402,1298.784153543662
1671148800,2022-12-16 00:00:00,AXS/EUR,7.11763,7.15963,6.20000,6.32186,675.24532169,4268.806389379143
1671235200,2022-12-17 00:00:00,AXS/EUR,6.35373,6.56912,6.21242,6.56831,1134.59717107,7452.3859447107925
1671321600,2022-12-18 00:00:00,AXS/EUR,6.50180,6.50180,6.43914,6.43914,293.36680156,1889.0299065970585
1671408000,2022-12-19 00:00:00,AXS/EUR,6.45518,6.69631,6.06032,6.16224,1664.06753787,10254.383544564029
1671494400,2022-12-20 00:00:00,AXS/EUR,6.23941,6.58835,6.23941,6.58835,789.08601060,5198.77481793651
1671580800,2022-12-21 00:00:00,AXS/EUR,6.43977,6.50934,6.38130,6.42485,1405.04694749,9027.215880581127
1671667200,2022-12-22 00:00:00,AXS/EUR,6.41918,6.74728,6.29547,6.58548,933.99416498,6150.799893592491
1671753600,2022-12-23 00:00:00,AXS/EUR,6.77555,6.77555,6.58152,6.65676,875.91986786,5830.7883395757335
1671840000,2022-12-24 00:00:00,AXS/EUR,6.58943,6.58943,6.57278,6.57278,11.75607981,77.27012625357179
1671926400,2022-12-25 00:00:00,AXS/EUR,6.56058,6.56058,6.40485,6.47064,770.47852986,4985.489194453311
1672012800,2022-12-26 00:00:00,AXS/EUR,6.48612,6.54417,6.36615,6.40358,845.19797630,5412.292857075154
1672099200,2022-12-27 00:00:00,AXS/EUR,6.47838,6.47838,6.14375,6.31045,6747.09922323,42577.232293231755
1672185600,2022-12-28 00:00:00,AXS/EUR,6.32395,6.32395,5.82120,6.12565,11397.01764591,69814.1411426686
1672272000,2022-12-29 00:00:00,AXS/EUR,5.95823,5.95823,5.55727,5.78738,1664.50763812,9633.138214702925
1672358400,2022-12-30 00:00:00,AXS/EUR,5.56729,5.58397,5.47544,5.55749,2544.50715648,14141.073077066034
1672444800,2022-12-31 00:00:00,AXS/EUR,5.57735,5.66657,5.54756,5.62770,1349.03218093,7591.948404619761
1672531200,2023-01-01 00:00:00,AXS/EUR,5.60112,6.05808,5.55407,5.90688,1875.75590575,11079.86504455656
1672617600,2023-01-02 00:00:00,AXS/EUR,5.76912,6.02280,5.76240,6.01531,1399.29279824,8417.179962181055
1672704000,2023-01-03 00:00:00,AXS/EUR,6.12568,6.17075,5.96069,6.17075,175.43797662,1082.583894227865
1672790400,2023-01-04 00:00:00,AXS/EUR,6.22146,6.36107,6.11769,6.16527,1362.45865712,8399.925484982221
1672876800,2023-01-05 00:00:00,AXS/EUR,6.47000,6.72000,6.31654,6.44613,5494.35086492,35417.29994088676
1672963200,2023-01-06 00:00:00,AXS/EUR,6.42496,6.42496,6.18047,6.35987,5092.76495778,32389.323072036288
1673049600,2023-01-07 00:00:00,AXS/EUR,6.43279,6.62599,6.40475,6.45030,1858.74838121,11989.484683318864
1673136000,2023-01-08 00:00:00,AXS/EUR,6.37484,6.78062,6.37484,6.74696,1991.29625493,13435.196180162513
1673222400,2023-01-09 00:00:00,AXS/EUR,6.81860,7.25944,6.77629,6.83508,3233.39541756,22100.516350656006
1673308800,2023-01-10 00:00:00,AXS/EUR,6.93808,7.05138,6.79594,7.05138,568.45560740,4008.3965009082117
1673395200,2023-01-11 00:00:00,AXS/EUR,6.80116,6.86494,6.63439,6.80520,911.98626119,6206.248904650189
1673481600,2023-01-12 00:00:00,AXS/EUR,6.96486,7.53640,6.96486,7.32756,2858.44728506,20945.443988114253
1673568000,2023-01-13 00:00:00,AXS/EUR,7.26000,8.59025,7.26000,8.38288,4043.48065522,33896.01311503063
1673654400,2023-01-14 00:00:00,AXS/EUR,8.37050,9.30104,8.04210,8.67455,10715.50670490,92952.1986869903
1673740800,2023-01-15 00:00:00,AXS/EUR,8.67063,8.67063,8.01120,8.55096,5144.26439655,43988.39908432319
1673827200,2023-01-16 00:00:00,AXS/EUR,8.49192,8.76006,8.00000,8.29080,5777.87986824,47903.246411604196
1673913600,2023-01-17 00:00:00,AXS/EUR,8.11930,8.42065,8.06048,8.25559,5329.44201785,43997.68822814228
1674000000,2023-01-18 00:00:00,AXS/EUR,8.28393,8.28393,7.19355,7.45654,6897.14921506,51428.86900806349
1674086400,2023-01-19 00:00:00,AXS/EUR,7.52504,7.80130,7.51807,7.62680,4003.55858033,30534.340580460845
1674172800,2023-01-20 00:00:00,AXS/EUR,7.66728,8.40000,7.57774,8.39877,3795.80383847,31880.083404426685
1674259200,2023-01-21 00:00:00,AXS/EUR,8.45890,8.82954,8.13404,8.43431,4523.97244184,38156.58600593553
1674345600,2023-01-22 00:00:00,AXS/EUR,8.44635,11.50000,8.43961,11.46664,13411.94399915,153789.93353841334
1674432000,2023-01-23 00:00:00,AXS/EUR,11.65027,12.59911,11.15083,11.28870,15859.55985386,179033.8133222694
1674518400,2023-01-24 00:00:00,AXS/EUR,11.20000,11.37996,10.05010,10.12083,10143.87064402,102664.39033011693
1674604800,2023-01-25 00:00:00,AXS/EUR,10.00000,11.20000,10.00000,10.60000,8694.70677645,92163.89183037
1674691200,2023-01-26 00:00:00,AXS/EUR,10.71558,11.48510,10.58814,10.86518,4749.67045590,51606.02444403557
1674777600,2023-01-27 00:00:00,AXS/EUR,10.82178,10.82178,10.23768,10.57753,5857.64496460,61959.41534240544
1674864000,2023-01-28 00:00:00,AXS/EUR,10.69561,11.32092,10.35450,10.48193,5177.04749729,54265.44947326897
1674950400,2023-01-29 00:00:00,AXS/EUR,10.63000,11.34216,10.52793,11.19348,7073.47298560,79176.77839485389
1675036800,2023-01-30 00:00:00,AXS/EUR,11.21471,11.21471,9.72190,9.95024,8881.35522451,88371.6160091284
1675123200,2023-01-31 00:00:00,AXS/EUR,9.85000,10.12751,9.70183,10.05839,6260.34797469,62969.02146514215
1675209600,2023-02-01 00:00:00,AXS/EUR,10.04850,10.47000,9.00001,10.34607,29283.36671756,302967.76189554593
1675296000,2023-02-02 00:00:00,AXS/EUR,10.41704,10.98036,10.21000,10.32954,9238.20914055,95426.45084567684
1675382400,2023-02-03 00:00:00,AXS/EUR,10.36027,10.64792,10.15668,10.60851,3441.96633776,36514.13431379034
1675468800,2023-02-04 00:00:00,AXS/EUR,10.60850,10.76406,10.39074,10.69886,6848.24660635,73268.43168681375
1675555200,2023-02-05 00:00:00,AXS/EUR,10.48407,10.75369,9.85568,10.14279,4792.56570165,48609.9874730386
1675641600,2023-02-06 00:00:00,AXS/EUR,10.19000,10.31060,9.88261,9.91551,4000.54548628,39667.448774664204
1675728000,2023-02-07 00:00:00,AXS/EUR,9.96554,10.84702,9.96554,10.82628,5831.93636169,63138.17599383722
1675814400,2023-02-08 00:00:00,AXS/EUR,10.81029,11.43007,10.45210,11.20660,12087.50540952,135459.83812232682
1675900800,2023-02-09 00:00:00,AXS/EUR,11.42014,11.56000,9.45000,9.55180,6174.65864410,58979.10443671438
1675987200,2023-02-10 00:00:00,AXS/EUR,9.51444,9.62422,9.30000,9.39983,14921.26098776,140257.31667057608
1676073600,2023-02-11 00:00:00,AXS/EUR,9.49267,9.79020,9.45919,9.73240,2050.39709462,19955.28468367969
1676160000,2023-02-12 00:00:00,AXS/EUR,9.63900,9.71460,9.17250,9.21430,2303.31129036,21223.401222764147
1676246400,2023-02-13 00:00:00,AXS/EUR,9.23447,9.23447,8.68265,8.91135,3180.97790249,28346.807431354264
1676332800,2023-02-14 00:00:00,AXS/EUR,8.82630,9.27480,8.80302,9.27480,3987.83034653,36986.32889799645
1676419200,2023-02-15 00:00:00,AXS/EUR,9.15090,10.08407,9.15090,10.08407,2834.95396268,28587.87420644251
1676505600,2023-02-16 00:00:00,AXS/EUR,10.12780,10.39530,9.56196,9.56196,6560.75383061,62733.665698139586
1676592000,2023-02-17 00:00:00,AXS/EUR,9.73207,10.07820,9.72190,9.82370,1905.79582100,18721.9664067577
1676678400,2023-02-18 00:00:00,AXS/EUR,9.95604,10.56977,9.94587,10.22837,3822.31509085,39096.05300579742
1676764800,2023-02-19 00:00:00,AXS/EUR,10.21054,10.37775,9.97065,10.27353,3444.61433060,35388.348663849014
1676851200,2023-02-20 00:00:00,AXS/EUR,10.40000,10.61048,10.14632,10.47105,2909.39182485,30464.38726759559
1676937600,2023-02-21 00:00:00,AXS/EUR,10.69000,10.74000,9.96550,10.10751,2347.77107238,23730.119591791572
1677024000,2023-02-22 00:00:00,AXS/EUR,10.09138,10.09138,9.54128,9.83786,1375.22768822,13529.297464832007
1677110400,2023-02-23 00:00:00,AXS/EUR,9.99375,10.13833,9.79874,9.80980,1494.68056916,14662.517447345766
1677196800,2023-02-24 00:00:00,AXS/EUR,9.97640,10.01560,9.30000,9.51000,1177.67848279,11199.7223713329
1677283200,2023-02-25 00:00:00,AXS/EUR,9.49702,9.60425,9.07663,9.15812,1948.25672754,17842.368901618625
1677369600,2023-02-26 00:00:00,AXS/EUR,9.25000,9.50952,9.25000,9.47307,637.34200614,6037.585438104649
1677456000,2023-02-27 00:00:00,AXS/EUR,9.45433,9.60655,9.22069,9.35026,1388.43170953,12982.197476349978
1677542400,2023-02-28 00:00:00,AXS/EUR,9.34066,9.43656,9.06256,9.12009,321.26041496,2929.923897872546
1677628800,2023-03-01 00:00:00,AXS/EUR,9.13927,9.41739,9.13927,9.35025,1273.38866732,11906.50238660883
1677715200,2023-03-02 00:00:00,AXS/EUR,9.15845,9.22418,9.03372,9.20604,243.16390920,2238.576674651568
1677801600,2023-03-03 00:00:00,AXS/EUR,9.15163,9.15163,8.35347,8.55300,1578.10038959,13497.492632163272
1677888000,2023-03-04 00:00:00,AXS/EUR,8.60000,8.60000,8.07840,8.19776,550.31535966,4511.353242806362
1677974400,2023-03-05 00:00:00,AXS/EUR,8.22528,8.42141,8.22528,8.28732,707.74046241,5865.271688939641
1678060800,2023-03-06 00:00:00,AXS/EUR,8.15000,8.39361,8.03923,8.34287,381.73196816,3184.740185203019
1678147200,2023-03-07 00:00:00,AXS/EUR,8.31000,8.31000,8.00000,8.15303,1049.62973669,8557.662732125671
1678233600,2023-03-08 00:00:00,AXS/EUR,8.16408,8.16408,7.50954,7.50954,1413.28085085,10613.089080692109
1678320000,2023-03-09 00:00:00,AXS/EUR,7.51877,7.73102,6.89039,6.92520,2603.34900611,18028.712537112973
1678406400,2023-03-10 00:00:00,AXS/EUR,6.92870,7.70319,6.53604,6.94386,1875.04638710,13020.059605528206
1678492800,2023-03-11 00:00:00,AXS/EUR,7.08939,7.18277,6.62000,6.80086,1762.71305029,11987.96467519525
1678579200,2023-03-12 00:00:00,AXS/EUR,6.90439,7.65765,6.73509,7.37744,2501.95410516,18458.01629357159
1678665600,2023-03-13 00:00:00,AXS/EUR,7.66943,7.84140,7.22243,7.69903,4232.23128112,32584.07560028131
1678752000,2023-03-14 00:00:00,AXS/EUR,7.74121,8.30664,7.60445,7.93117,1611.58485332,12781.753441105984
1678838400,2023-03-15 00:00:00,AXS/EUR,8.09858,8.09858,7.30437,7.40178,2261.99781803,16742.810209538093
1678924800,2023-03-16 00:00:00,AXS/EUR,7.40552,7.56938,7.33288,7.56938,1741.45323426,13181.721282342958
1679011200,2023-03-17 00:00:00,AXS/EUR,7.45369,8.39208,7.45369,8.39208,1930.14660245,16197.944699488597
1679097600,2023-03-18 00:00:00,AXS/EUR,8.26577,8.69132,7.61747,8.15792,2742.91327502,22376.46706455116
1679184000,2023-03-19 00:00:00,AXS/EUR,8.41779,9.17350,8.41779,8.62335,1403.16662980,12099.99695708583
1679270400,2023-03-20 00:00:00,AXS/EUR,8.48265,8.65863,7.97003,8.16312,4259.57479730,34771.420219335574
1679356800,2023-03-21 00:00:00,AXS/EUR,8.15644,8.24321,7.74500,8.24321,554.27853296,4569.034345681202
1679443200,2023-03-22 00:00:00,AXS/EUR,8.12815,8.14000,7.52846,7.71449,2287.89916600,17649.97523711534
1679529600,2023-03-23 00:00:00,AXS/EUR,7.61498,8.06004,7.61498,8.00000,758.47965287,6067.83722296
1679616000,2023-03-24 00:00:00,AXS/EUR,7.91489,7.91489,7.57878,7.64332,1219.99789747,9324.8343296904
1679702400,2023-03-25 00:00:00,AXS/EUR,7.98215,7.98215,7.59465,7.59649,558.22914170,4240.582092632633
1679788800,2023-03-26 00:00:00,AXS/EUR,7.66746,7.84177,7.66746,7.81746,552.44457174,4318.713341794581
1679875200,2023-03-27 00:00:00,AXS/EUR,7.81746,7.81746,7.31298,7.36218,1028.90390106,7574.9757223059105
1679961600,2023-03-28 00:00:00,AXS/EUR,7.39348,7.65157,7.39308,7.57846,695.71299328,5272.433091052749
1680048000,2023-03-29 00:00:00,AXS/EUR,7.61640,7.88165,7.61640,7.84975,900.15101017,7065.960392081957
1680134400,2023-03-30 00:00:00,AXS/EUR,7.73166,7.79321,7.51115,7.57841,332.30492667,2518.3429793251944
1680220800,2023-03-31 00:00:00,AXS/EUR,7.55486,7.74003,7.44396,7.74003,198.90979357,1539.5677695256072
1680307200,2023-04-01 00:00:00,AXS/EUR,7.70008,7.79444,7.70008,7.79444,37.67412748,293.6487261952112
1680393600,2023-04-02 00:00:00,AXS/EUR,7.82154,7.90473,7.59166,7.66354,175.01329779,1341.2214081455766
1680480000,2023-04-03 00:00:00,AXS/EUR,7.57478,7.70626,7.42807,7.51535,1314.89244619,9881.876945474018
1680566400,2023-04-04 00:00:00,AXS/EUR,7.51822,7.76500,7.51822,7.68056,445.31075406,3420.2359652030736
1680652800,2023-04-05 00:00:00,AXS/EUR,7.80128,8.00000,7.70999,7.99141,562.16800388,4492.515007886671
1680739200,2023-04-06 00:00:00,AXS/EUR,7.88800,7.88800,7.77677,7.80545,56.95144060,444.53162203127
1680825600,2023-04-07 00:00:00,AXS/EUR,8.13977,8.23677,7.78930,8.08275,3216.08316255,25994.796182101014
1680912000,2023-04-08 00:00:00,AXS/EUR,7.95425,7.98649,7.77088,7.77421,1008.44761135,7839.883504633283
1680998400,2023-04-09 00:00:00,AXS/EUR,7.71515,7.82798,7.68999,7.82798,74.47160398,582.9622265233604
1681084800,2023-04-10 00:00:00,AXS/EUR,7.73911,7.95922,7.73911,7.95922,281.92918686,2243.9364226398493
1681171200,2023-04-11 00:00:00,AXS/EUR,7.92096,8.06360,7.90738,7.99650,1835.66064626,14678.86035781809
1681257600,2023-04-12 00:00:00,AXS/EUR,7.65191,7.80806,7.63588,7.79202,1786.93606679,13923.841571149016
1681344000,2023-04-13 00:00:00,AXS/EUR,7.76709,7.98058,7.76339,7.92111,624.80133137,4949.12007392822
1681430400,2023-04-14 00:00:00,AXS/EUR,8.09721,8.35000,8.00000,8.19500,1100.72656148,9020.454171328602
1681516800,2023-04-15 00:00:00,AXS/EUR,8.29999,8.62895,8.02729,8.17462,1024.22839608,8372.677931163491
1681603200,2023-04-16 00:00:00,AXS/EUR,8.22227,8.54890,8.22227,8.33836,438.87483204,3659.4963444890545
1681689600,2023-04-17 00:00:00,AXS/EUR,8.34254,8.49555,8.26338,8.49555,1405.00890775,11936.32342623551
1681776000,2023-04-18 00:00:00,AXS/EUR,8.52075,8.74754,8.46835,8.46836,480.96699175,4073.0016342560302
1681862400,2023-04-19 00:00:00,AXS/EUR,8.46836,8.69866,7.71357,7.83300,2118.51089437,16594.295835600213
1681948800,2023-04-20 00:00:00,AXS/EUR,7.64993,7.83742,7.41189,7.41189,621.26157136,4604.72242814747
1682035200,2023-04-21 00:00:00,AXS/EUR,7.51168,7.93336,7.09915,7.09915,567.30430442,4027.378352723243
1682121600,2023-04-22 00:00:00,AXS/EUR,7.09915,7.42793,7.09915,7.37786,1775.02131808,13095.858781809708
1682208000,2023-04-23 00:00:00,AXS/EUR,7.31849,7.31849,7.10000,7.10000,128.88349100,915.0727860999999
1682294400,2023-04-24 00:00:00,AXS/EUR,7.73901,7.73901,6.99839,7.08821,179.05352460,1269.1689836049661
1682380800,2023-04-25 00:00:00,AXS/EUR,7.08821,8.35000,6.91792,7.11490,300.39437070,2137.27590809343
1682467200,2023-04-26 00:00:00,AXS/EUR,7.30000,7.67632,6.86728,7.59995,999.32009696,7594.782770891152
1682553600,2023-04-27 00:00:00,AXS/EUR,7.09444,7.27089,7.06395,7.24570,750.86746036,5440.560357530452
1682640000,2023-04-28 00:00:00,AXS/EUR,7.26169,7.26387,7.20910,7.20910,88.51998373,638.149414707943
1682726400,2023-04-29 00:00:00,AXS/EUR,7.27173,7.27781,7.21819,7.27727,664.59414092,4836.431003892888
1682812800,2023-04-30 00:00:00,AXS/EUR,7.18192,7.35959,7.15306,7.25594,391.91516622,2843.712931182347
1682899200,2023-05-01 00:00:00,AXS/EUR,6.99849,7.30121,6.87329,6.88493,190.81530048,1313.7499867337663
1682985600,2023-05-02 00:00:00,AXS/EUR,6.88767,7.14054,6.88767,6.93557,161.12708385,1117.5081689375445
1683072000,2023-05-03 00:00:00,AXS/EUR,6.84000,6.89135,6.67571,6.89135,4018.84651936,27695.277961191536
1683158400,2023-05-04 00:00:00,AXS/EUR,6.97868,7.02087,6.84439,6.87660,103.98445311,715.059490256226
1683244800,2023-05-05 00:00:00,AXS/EUR,7.29974,7.29975,6.90561,7.08387,321.35845772,2276.461537888976
1683331200,2023-05-06 00:00:00,AXS/EUR,6.85666,7.14969,6.63879,6.70544,737.33750709,4944.17241354157
1683417600,2023-05-07 00:00:00,AXS/EUR,6.76732,6.90000,6.67479,6.67479,240.62597167,1606.1278294431993
1683504000,2023-05-08 00:00:00,AXS/EUR,6.61516,6.88971,6.00000,6.17404,1524.99889241,9415.404161695036
1683590400,2023-05-09 00:00:00,AXS/EUR,6.18194,6.42415,6.16323,6.28766,983.27335375,6182.488535439725
1683676800,2023-05-10 00:00:00,AXS/EUR,6.25714,6.59999,6.24849,6.39828,218.45018099,1397.705424024697
1683763200,2023-05-11 00:00:00,AXS/EUR,6.30247,6.40000,6.08184,6.25900,166.41167086,1041.57064791274
1683849600,2023-05-12 00:00:00,AXS/EUR,6.39999,6.40000,6.09004,6.09004,304.02384490,1851.517376394796
1683936000,2023-05-13 00:00:00,AXS/EUR,6.38999,6.59999,6.22009,6.22503,101.09424922,629.3147342219766
1684022400,2023-05-14 00:00:00,AXS/EUR,6.29683,6.44999,6.20000,6.22868,111.86972301,696.8007063179268
1684108800,2023-05-15 00:00:00,AXS/EUR,6.35848,6.59999,6.26516,6.32290,273.44883658,1728.9896488116817
1684195200,2023-05-16 00:00:00,AXS/EUR,6.22080,6.39999,6.19520,6.22263,117.47835455,731.0243333734664
1684281600,2023-05-17 00:00:00,AXS/EUR,6.47184,7.61135,6.33679,6.75163,1460.93675312,9863.704410467586
1684368000,2023-05-18 00:00:00,AXS/EUR,6.88019,6.93082,6.49711,6.68308,514.64702490,3439.4272391686923
1684454400,2023-05-19 00:00:00,AXS/EUR,6.49325,6.50306,6.44871,6.47433,728.42629324,4716.072203112529
1684540800,2023-05-20 00:00:00,AXS/EUR,6.44729,6.50537,6.44654,6.48443,54.91505233,356.0928127802219
1684627200,2023-05-21 00:00:00,AXS/EUR,6.49061,6.69060,6.26905,6.34595,172.94009422,1097.469190915409
1684713600,2023-05-22 00:00:00,AXS/EUR,6.30414,6.69060,6.20000,6.56035,285.15803448,1870.7365115008681
1684800000,2023-05-23 00:00:00,AXS/EUR,6.36390,6.66083,6.36368,6.42476,175.75605377,1129.1904640193452
1684886400,2023-05-24 00:00:00,AXS/EUR,6.37914,6.39999,6.09989,6.17080,449.34253824,2772.802934971392
1684972800,2023-05-25 00:00:00,AXS/EUR,6.13000,6.65000,6.13000,6.40832,772.09402002,4947.825550374567
1685059200,2023-05-26 00:00:00,AXS/EUR,6.33222,6.44609,6.32299,6.44609,183.34786785,1181.8768574692065
1685145600,2023-05-27 00:00:00,AXS/EUR,6.45348,6.45373,6.35544,6.35544,121.17127310,770.0967559106639
1685232000,2023-05-28 00:00:00,AXS/EUR,6.48593,6.56645,6.48593,6.56462,65.64784157,430.9531337272534
1685318400,2023-05-29 00:00:00,AXS/EUR,6.67077,6.71001,6.53719,6.58029,172.65429987,1136.1153628915622
1685404800,2023-05-30 00:00:00,AXS/EUR,6.82459,6.82459,6.53424,6.53424,218.18136872,1425.6494267449727
1685491200,2023-05-31 00:00:00,AXS/EUR,6.61482,6.90120,6.34000,6.42086,240.58962825,1544.792320445295
1685577600,2023-06-01 00:00:00,AXS/EUR,6.36917,6.72053,6.35989,6.48730,346.77388718,2249.626238302814
1685664000,2023-06-02 00:00:00,AXS/EUR,6.53911,6.63000,6.53911,6.63000,221.24941681,1466.8836334503
1685750400,2023-06-03 00:00:00,AXS/EUR,6.66029,6.75007,6.66029,6.67249,156.47220924,1044.0592514318078
1685836800,2023-06-04 00:00:00,AXS/EUR,6.74017,6.81150,6.38253,6.81150,578.10323076,3937.7501563217397
1685923200,2023-06-05 00:00:00,AXS/EUR,6.63000,6.96052,6.17000,6.17117,1789.50893591,11043.363860019716
1686009600,2023-06-06 00:00:00,AXS/EUR,6.10001,6.54677,6.00000,6.31335,1497.61963577,9454.99692748853
1686096000,2023-06-07 00:00:00,AXS/EUR,6.31335,6.31335,5.76073,5.83813,1307.38854084,7632.704261934228
1686182400,2023-06-08 00:00:00,AXS/EUR,5.80001,5.93725,5.75000,5.78823,1028.51243255,5953.266517458887
1686268800,2023-06-09 00:00:00,AXS/EUR,5.72000,6.01905,5.58709,5.61082,801.60489233,4497.660761983011
1686355200,2023-06-10 00:00:00,AXS/EUR,5.59028,5.99114,4.41660,4.63347,2430.67600793,11262.464362463417
1686441600,2023-06-11 00:00:00,AXS/EUR,4.67940,4.75379,4.19919,4.60887,289.05556485,1332.2195211702194
1686528000,2023-06-12 00:00:00,AXS/EUR,4.50000,4.72741,4.44000,4.50745,488.60597920,2202.36702094504
1686614400,2023-06-13 00:00:00,AXS/EUR,4.57751,4.85835,4.42550,4.52035,1325.86169806,5993.35892682552
1686700800,2023-06-14 00:00:00,AXS/EUR,4.64086,4.64300,4.40000,4.40000,885.78270777,3897.4439141880002
1686787200,2023-06-15 00:00:00,AXS/EUR,4.38308,4.42999,4.26201,4.39197,1219.04737749,5354.019510514755
1686873600,2023-06-16 00:00:00,AXS/EUR,4.35017,4.42000,4.28653,4.40284,1291.95590484,5688.275136065746
1686960000,2023-06-17 00:00:00,AXS/EUR,4.50000,4.54729,4.47846,4.51684,82.93597973,374.6085506836532
1687046400,2023-06-18 00:00:00,AXS/EUR,4.50386,4.55062,4.47374,4.47374,63.26184618,283.0170517293132
1687132800,2023-06-19 00:00:00,AXS/EUR,4.43743,4.56735,4.43743,4.52283,77.41778846,350.1474961805418
1687219200,2023-06-20 00:00:00,AXS/EUR,4.53814,4.80689,4.51876,4.75772,159.61821641,759.4187805781852
1687305600,2023-06-21 00:00:00,AXS/EUR,4.90292,5.07707,4.89349,5.07707,868.42320043,4409.04537820714
1687392000,2023-06-22 00:00:00,AXS/EUR,5.16882,5.16882,4.73892,4.94639,679.18761624,3359.5268330933736
1687478400,2023-06-23 00:00:00,AXS/EUR,5.13689,5.23000,5.04554,5.20000,426.75530442,2219.127582984
1687564800,2023-06-24 00:00:00,AXS/EUR,5.22112,5.83976,5.22112,5.42301,3481.04576405,18877.745988900788
1687651200,2023-06-25 00:00:00,AXS/EUR,5.43220,5.76252,5.38000,5.38000,618.48775562,3327.4641252356
1687737600,2023-06-26 00:00:00,AXS/EUR,5.29000,5.36000,5.15000,5.30783,792.84331091,4208.277510947425
1687824000,2023-06-27 00:00:00,AXS/EUR,5.32803,5.78975,5.10678,5.39902,404.35215588,2183.105376639238
1687910400,2023-06-28 00:00:00,AXS/EUR,5.30261,5.74999,5.04000,5.04661,1845.42333990,9313.13188137274
1687996800,2023-06-29 00:00:00,AXS/EUR,5.07782,5.25424,5.00000,5.23027,406.83424706,2127.8529573705064
1688083200,2023-06-30 00:00:00,AXS/EUR,5.25999,5.50000,5.14052,5.42692,1997.23106162,10838.813192926811
1688169600,2023-07-01 00:00:00,AXS/EUR,5.46174,6.16000,5.46174,5.84664,2381.11400645,13921.516394670827
1688256000,2023-07-02 00:00:00,AXS/EUR,5.70918,5.89718,5.68000,5.73971,394.72606052,2265.613116827249
1688342400,2023-07-03 00:00:00,AXS/EUR,5.72064,5.90176,5.69185,5.79074,1237.85983915,7168.124484959471
1688428800,2023-07-04 00:00:00,AXS/EUR,5.90000,5.90000,5.67025,5.67025,354.77879432,2011.68445849298
1688515200,2023-07-05 00:00:00,AXS/EUR,5.68456,5.93416,5.32043,5.47883,5032.08125255,27569.917728908516
1688601600,2023-07-06 00:00:00,AXS/EUR,5.55982,5.96821,5.35000,5.39994,2619.30779735,14144.104947222158
1688688000,2023-07-07 00:00:00,AXS/EUR,5.32000,5.51943,5.29000,5.42891,207.73233927,1127.7601739862957
1688774400,2023-07-08 00:00:00,AXS/EUR,5.43890,5.77420,5.22000,5.29640,408.57224956,2163.962062569584
1688860800,2023-07-09 00:00:00,AXS/EUR,5.32374,5.34918,5.30506,5.30552,86.61363358,459.53036523136154
1688947200,2023-07-10 00:00:00,AXS/EUR,5.20002,5.37981,5.15336,5.37981,677.45613590,3644.585294476179
1689033600,2023-07-11 00:00:00,AXS/EUR,5.26250,5.32301,5.26250,5.28717,69.12068581,365.45281639405766
1689120000,2023-07-12 00:00:00,AXS/EUR,5.37085,5.37085,5.29643,5.29643,11.72810330,62.117078161219005
1689206400,2023-07-13 00:00:00,AXS/EUR,5.33834,6.11158,5.32039,5.91587,5131.17117883,30355.341641705032
1689292800,2023-07-14 00:00:00,AXS/EUR,6.07000,6.11000,5.55000,5.65404,3793.62259808,21449.293914448244
1689379200,2023-07-15 00:00:00,AXS/EUR,5.66569,5.74308,5.61843,5.63224,515.61316223,2904.057076838295
1689465600,2023-07-16 00:00:00,AXS/EUR,5.59835,5.65855,5.50000,5.54937,296.63794484,1646.1537119567506
1689552000,2023-07-17 00:00:00,AXS/EUR,5.72596,5.79237,5.51000,5.56827,984.89115692,5484.139882342928
1689638400,2023-07-18 00:00:00,AXS/EUR,5.59697,5.62358,5.54408,5.58984,160.17789138,895.3687843515792
1689724800,2023-07-19 00:00:00,AXS/EUR,5.71707,5.74899,5.65561,5.72913,250.32266639,1434.1310976949405
1689811200,2023-07-20 00:00:00,AXS/EUR,5.68331,5.84107,5.68331,5.80877,2485.62061089,14438.398435919506
1689897600,2023-07-21 00:00:00,AXS/EUR,5.82857,5.82857,5.76580,5.80000,1046.22586396,6068.110010967999
1689984000,2023-07-22 00:00:00,AXS/EUR,5.83062,5.87140,5.80366,5.80366,159.93957789,928.2349306170775
1690070400,2023-07-23 00:00:00,AXS/EUR,5.77672,5.83062,5.71382,5.83062,55.73411003,324.96441662311855
1690156800,2023-07-24 00:00:00,AXS/EUR,5.86000,5.88000,5.50000,5.53171,1347.13883176,7451.981347035109
1690243200,2023-07-25 00:00:00,AXS/EUR,5.53784,5.90999,5.40000,5.44245,1338.58862647,7285.201670131652
1690329600,2023-07-26 00:00:00,AXS/EUR,5.39999,5.56656,5.36971,5.48708,172.31146034,945.4867678024071
1690416000,2023-07-27 00:00:00,AXS/EUR,5.51174,5.90999,5.44218,5.51544,242.60821523,1338.0910546081514
1690502400,2023-07-28 00:00:00,AXS/EUR,5.51143,5.54581,5.49401,5.50748,20.83673570,114.75790513303599
1690588800,2023-07-29 00:00:00,AXS/EUR,5.55213,5.67676,5.53812,5.67676,137.53739557,780.7667856759532
1690675200,2023-07-30 00:00:00,AXS/EUR,5.70754,5.79892,5.40000,5.50839,447.44311767,2464.6911949422515
1690761600,2023-07-31 00:00:00,AXS/EUR,5.51578,5.58477,5.42624,5.42624,583.83169150,3168.01087768496
1690848000,2023-08-01 00:00:00,AXS/EUR,5.60000,5.68004,5.29795,5.45603,1463.44071348,7984.576435968285
1690934400,2023-08-02 00:00:00,AXS/EUR,5.41016,5.45300,5.41016,5.42678,310.84773468,1686.9022696067302
1691020800,2023-08-03 00:00:00,AXS/EUR,5.37477,5.56901,5.25105,5.25105,749.27143249,3934.461755576615
1691107200,2023-08-04 00:00:00,AXS/EUR,5.25101,5.36688,5.20000,5.36688,712.90960675,3826.10031027444
1691193600,2023-08-05 00:00:00,AXS/EUR,5.17000,5.29167,5.15000,5.29167,368.00504775,1947.3612710272425
1691280000,2023-08-06 00:00:00,AXS/EUR,5.38502,5.38503,5.19506,5.28346,136.64638741,721.9657220252385
1691366400,2023-08-07 00:00:00,AXS/EUR,5.27632,5.36000,5.10000,5.25000,878.50639102,4612.158552855
1691452800,2023-08-08 00:00:00,AXS/EUR,5.25000,5.49222,5.09900,5.48000,665.33120227,3646.0149884396
1691539200,2023-08-09 00:00:00,AXS/EUR,5.38187,5.39312,5.38042,5.39312,229.28643534,1236.5692601608607
1691625600,2023-08-10 00:00:00,AXS/EUR,5.32730,5.39546,5.32643,5.38718,102.01120495,549.552723082541
1691712000,2023-08-11 00:00:00,AXS/EUR,5.45000,5.50000,5.39703,5.42549,199.72098675,1083.5842164022574
1691798400,2023-08-12 00:00:00,AXS/EUR,5.45181,5.59000,5.45181,5.55381,274.34518984,1523.6610587852904
1691884800,2023-08-13 00:00:00,AXS/EUR,5.39772,5.43290,5.38696,5.39277,21.39462591,115.37629676867068
1691971200,2023-08-14 00:00:00,AXS/EUR,5.39406,5.39406,5.34683,5.35178,243.28443916,1302.0047958077048
1692057600,2023-08-15 00:00:00,AXS/EUR,5.29333,5.36666,5.05000,5.10602,2258.79544729,11533.454729771685
1692144000,2023-08-16 00:00:00,AXS/EUR,5.05500,5.59776,4.79463,4.79463,1219.36929860,5846.4246201465185
1692230400,2023-08-17 00:00:00,AXS/EUR,4.91206,4.94691,4.15000,4.47197,2276.76108694,10181.607277963072
1692316800,2023-08-18 00:00:00,AXS/EUR,4.51425,4.51425,4.40000,4.49293,1495.36066107,6718.550774941236
1692403200,2023-08-19 00:00:00,AXS/EUR,4.52441,4.57879,4.46927,4.57879,310.76416350,1422.9238441921648
1692489600,2023-08-20 00:00:00,AXS/EUR,4.57571,4.57571,4.52660,4.52660,727.50124846,3293.1071512790363
1692576000,2023-08-21 00:00:00,AXS/EUR,4.55924,4.55924,4.42524,4.52502,458.88263763,2076.4531129285024
1692662400,2023-08-22 00:00:00,AXS/EUR,4.50682,4.52750,4.36000,4.41407,454.45819600,2006.01028921772
1692748800,2023-08-23 00:00:00,AXS/EUR,4.54303,4.62302,4.50295,4.60035,638.73482427,2938.4037488304944
1692835200,2023-08-24 00:00:00,AXS/EUR,4.58782,4.61000,4.53149,4.53149,1528.15172482,6924.804259504582
1692921600,2023-08-25 00:00:00,AXS/EUR,4.43612,4.46874,4.41765,4.44354,239.92371170,1066.110609887418
1693008000,2023-08-26 00:00:00,AXS/EUR,4.47865,4.49049,4.47864,4.49031,152.69351667,685.6412248384678
1693094400,2023-08-27 00:00:00,AXS/EUR,4.51000,4.52861,4.51000,4.51010,89.76775278,404.861541813078
1693180800,2023-08-28 00:00:00,AXS/EUR,4.51520,4.51520,4.35000,4.46534,669.51149856,2989.5964749799105
1693267200,2023-08-29 00:00:00,AXS/EUR,4.41001,4.63378,4.35000,4.59450,1308.49893920,6011.8983761544005
1693353600,2023-08-30 00:00:00,AXS/EUR,4.56320,4.56916,4.42714,4.44465,512.96169005,2279.9351756807328
1693440000,2023-08-31 00:00:00,AXS/EUR,4.42732,4.50849,4.29000,4.30012,1163.06468689,5001.317721389427
1693526400,2023-09-01 00:00:00,AXS/EUR,4.29052,4.33577,4.16777,4.16777,1324.50767554,5520.243354885346
1693612800,2023-09-02 00:00:00,AXS/EUR,4.20292,4.21037,4.14000,4.14635,676.19564969,2803.7438320921315
1693699200,2023-09-03 00:00:00,AXS/EUR,4.18112,4.18112,4.13521,4.15469,563.27291852,2340.2243618458588
1693785600,2023-09-04 00:00:00,AXS/EUR,4.15284,4.18335,4.13442,4.18335,102.49560814,428.775002312469
1693872000,2023-09-05 00:00:00,AXS/EUR,4.22798,4.25755,4.22798,4.25755,45.37219371,193.1743833300105
1693958400,2023-09-06 00:00:00,AXS/EUR,4.25221,4.29496,4.18738,4.20422,467.91156738,1967.2031698103438
1694044800,2023-09-07 00:00:00,AXS/EUR,4.28327,4.28848,4.19884,4.28848,499.54180632,2142.2750455671935
1694131200,2023-09-08 00:00:00,AXS/EUR,4.33000,4.35000,4.22874,4.22874,371.18080427,1569.6271142487199
1694217600,2023-09-09 00:00:00,AXS/EUR,4.26086,4.27021,4.24207,4.25372,22.19322673,94.40377240593561
1694304000,2023-09-10 00:00:00,AXS/EUR,4.23284,4.23284,4.08000,4.11497,1080.72962019,4447.169965193244
1694390400,2023-09-11 00:00:00,AXS/EUR,4.05000,4.07066,3.80000,3.83201,741.09320724,2839.8765810757523
1694476800,2023-09-12 00:00:00,AXS/EUR,3.87807,3.96716,3.87807,3.88741,411.98824205,1601.5672120275906
1694563200,2023-09-13 00:00:00,AXS/EUR,3.91211,3.98000,3.82559,3.97615,2016.77147551,8018.985902349087
1694649600,2023-09-14 00:00:00,AXS/EUR,4.00517,5.03782,3.94424,4.45182,2727.22675415,12141.122608660053
1694736000,2023-09-15 00:00:00,AXS/EUR,4.50000,4.71479,4.36169,4.45316,2045.73875020,9110.001972840631
1694822400,2023-09-16 00:00:00,AXS/EUR,4.43813,4.65199,4.38937,4.40635,1093.03317135,4816.286714578072
1694908800,2023-09-17 00:00:00,AXS/EUR,4.33309,4.34246,4.19992,4.20099,617.39721341,2593.679519563276
1694995200,2023-09-18 00:00:00,AXS/EUR,4.24630,4.31363,4.19018,4.26280,200.82073955,856.0586485537401
1695081600,2023-09-19 00:00:00,AXS/EUR,4.27661,4.32162,4.24184,4.24184,85.23873707,361.56908445300877
1695168000,2023-09-20 00:00:00,AXS/EUR,4.28687,4.28688,4.17678,4.26606,340.20846802,1451.3497370814014
1695254400,2023-09-21 00:00:00,AXS/EUR,4.25819,4.25819,4.11041,4.11041,649.25912838,2668.7212138844357
1695340800,2023-09-22 00:00:00,AXS/EUR,4.11827,4.16762,4.10756,4.13600,237.15648122,980.87920632592
1695427200,2023-09-23 00:00:00,AXS/EUR,4.19635,4.25808,4.15407,4.15407,117.53553168,488.2508260859376
1695513600,2023-09-24 00:00:00,AXS/EUR,4.15923,4.68981,4.15923,4.21701,1060.08414330,4470.385433137533
1695600000,2023-09-25 00:00:00,AXS/EUR,4.31894,4.69999,4.29838,4.33296,1321.00820166,5723.875697464713
1695686400,2023-09-26 00:00:00,AXS/EUR,4.41921,4.42026,4.27592,4.27592,592.23955534,2532.368959469413
1695772800,2023-09-27 00:00:00,AXS/EUR,4.21059,4.29226,4.20000,4.23446,603.18645254,2554.168905822529
1695859200,2023-09-28 00:00:00,AXS/EUR,4.24680,4.29818,4.18952,4.29818,131.36963344,564.6503310591393
1695945600,2023-09-29 00:00:00,AXS/EUR,4.27804,4.30162,4.25473,4.30162,33.81472449,145.4580951606738
1696032000,2023-09-30 00:00:00,AXS/EUR,4.31042,4.34896,4.29302,4.32687,75.19057466,325.33984177911424
1696118400,2023-10-01 00:00:00,AXS/EUR,4.38316,4.50000,4.34976,4.50000,982.23200297,4420.044013365
1696204800,2023-10-02 00:00:00,AXS/EUR,4.50000,4.50000,4.32023,4.33499,402.39203346,1744.3654411287655
1696291200,2023-10-03 00:00:00,AXS/EUR,4.40422,4.40422,4.29683,4.29683,1568.95197637,6741.519920625907
1696377600,2023-10-04 00:00:00,AXS/EUR,4.25797,4.26272,4.22135,4.25650,35.93029020,152.9372802363
1696464000,2023-10-05 00:00:00,AXS/EUR,4.28174,4.28174,4.16354,4.19450,298.42032576,1251.72405640032
1696550400,2023-10-06 00:00:00,AXS/EUR,4.22896,4.28802,4.22896,4.27768,2549.42254206,10905.613819719221
1696636800,2023-10-07 00:00:00,AXS/EUR,4.22093,4.24653,4.22013,4.24653,89.74860486,381.12014299613577
1696723200,2023-10-08 00:00:00,AXS/EUR,4.23573,4.23573,4.21953,4.21953,20.97335797,88.49771315515409
1696809600,2023-10-09 00:00:00,AXS/EUR,4.24610,4.24611,4.03185,4.05834,2071.63136251,8407.384423728834
1696896000,2023-10-10 00:00:00,AXS/EUR,4.06909,4.08028,3.99800,4.01680,704.00549685,2827.84927974708
1696982400,2023-10-11 00:00:00,AXS/EUR,4.01680,4.01680,3.90000,3.97271,844.46485393,3354.8139698562504
1697068800,2023-10-12 00:00:00,AXS/EUR,3.95852,4.06087,3.95852,4.02433,151.26827188,608.7534445748404
1697155200,2023-10-13 00:00:00,AXS/EUR,4.02156,4.02156,3.98942,4.01532,21.75193447,87.3409775160804
1697241600,2023-10-14 00:00:00,AXS/EUR,4.08351,4.15320,4.05254,4.08107,577.72906111,2357.752739424188
1697328000,2023-10-15 00:00:00,AXS/EUR,4.10170,4.10829,4.05968,4.07312,221.16684677,900.8391069158225
1697414400,2023-10-16 00:00:00,AXS/EUR,4.07386,4.21760,4.04614,4.08380,878.88568176,3589.1933471714883
1697500800,2023-10-17 00:00:00,AXS/EUR,4.07940,4.07940,3.98383,3.98383,342.06192443,1362.716556401967
1697587200,2023-10-18 00:00:00,AXS/EUR,4.00891,4.02948,3.91808,3.92810,192.15398666,754.800074999146
1697673600,2023-10-19 00:00:00,AXS/EUR,3.93576,3.93576,3.81008,3.88313,772.55990024,2999.950525418951
1697760000,2023-10-20 00:00:00,AXS/EUR,3.93121,4.07729,3.93121,4.00284,473.51065669,1895.3873970249997
1697846400,2023-10-21 00:00:00,AXS/EUR,4.01985,4.17882,4.01973,4.17882,121.07853492,505.9654032943944
1697932800,2023-10-22 00:00:00,AXS/EUR,4.14849,4.18975,4.12353,4.18975,1055.20746502,4421.055476567545
1698019200,2023-10-23 00:00:00,AXS/EUR,4.30991,4.30991,4.19155,4.30000,294.98184508,1268.421933844
1698105600,2023-10-24 00:00:00,AXS/EUR,4.43000,4.45818,4.29534,4.43586,930.10869861,4125.831971816155
1698192000,2023-10-25 00:00:00,AXS/EUR,4.40990,4.46891,4.31134,4.42854,1228.01784354,5438.326140830632
1698278400,2023-10-26 00:00:00,AXS/EUR,4.51000,4.70108,4.47920,4.60279,1514.93154965,6972.911787413524
1698364800,2023-10-27 00:00:00,AXS/EUR,4.49517,4.56021,4.45524,4.47361,152.78506223,683.5007822427502
1698451200,2023-10-28 00:00:00,AXS/EUR,4.52133,4.85000,4.52129,4.82000,701.91936740,3383.2513508680004
1698537600,2023-10-29 00:00:00,AXS/EUR,4.85000,5.53690,4.71208,5.39560,3469.00179079,18717.346062386525
1698624000,2023-10-30 00:00:00,AXS/EUR,5.58880,5.65836,5.33740,5.43381,2186.33076915,11880.105996714961
1698710400,2023-10-31 00:00:00,AXS/EUR,5.38111,5.40000,5.00000,5.16915,2400.07326357,12406.338710382866
1698796800,2023-11-01 00:00:00,AXS/EUR,5.00003,5.26000,4.93046,5.22806,1782.81472994,9320.662377010116
1698883200,2023-11-02 00:00:00,AXS/EUR,5.25000,5.40453,5.03809,5.11235,2968.31706358,15175.075739993215
1698969600,2023-11-03 00:00:00,AXS/EUR,5.00612,5.08593,4.95000,5.08593,1279.25284907,6506.190442670585
1699056000,2023-11-04 00:00:00,AXS/EUR,5.11668,5.20039,5.11668,5.13532,571.01373495,2932.338253363434
1699142400,2023-11-05 00:00:00,AXS/EUR,5.25999,5.45000,5.25999,5.36102,1285.72115414,6892.776821767622
1699228800,2023-11-06 00:00:00,AXS/EUR,5.45590,5.70498,5.39196,5.62358,2234.24154008,12564.436039963086
1699315200,2023-11-07 00:00:00,AXS/EUR,5.57419,5.73286,5.25000,5.45631,3256.23179754,17767.010119235478
1699401600,2023-11-08 00:00:00,AXS/EUR,5.51346,5.65836,5.51346,5.65517,2167.93833744,12260.059847740564
1699488000,2023-11-09 00:00:00,AXS/EUR,5.67979,6.00000,5.34894,5.57692,2509.81469917,13997.035792095157
1699574400,2023-11-10 00:00:00,AXS/EUR,5.59626,6.00000,5.58140,5.81931,1668.82829471,9711.42918368885
1699660800,2023-11-11 00:00:00,AXS/EUR,5.85000,6.43830,5.61697,6.01721,2047.89772629,12322.630677609452
1699747200,2023-11-12 00:00:00,AXS/EUR,5.88384,6.15500,5.85016,5.94850,1509.91915301,8981.754081679985
1699833600,2023-11-13 00:00:00,AXS/EUR,6.05333,6.09294,5.76181,5.76181,2458.62679607,14166.140459864087
1699920000,2023-11-14 00:00:00,AXS/EUR,5.74624,5.88858,5.40666,5.50023,895.05953070,4923.033282542061
1700006400,2023-11-15 00:00:00,AXS/EUR,5.66000,6.05032,5.59611,5.85249,1495.79873921,8754.147163239133
1700092800,2023-11-16 00:00:00,AXS/EUR,5.94800,6.10491,5.71000,5.82095,6771.70596660,39417.761846280264
1700179200,2023-11-17 00:00:00,AXS/EUR,6.03321,6.18954,5.30000,5.78704,1766.11381587,10220.571296992326
1700265600,2023-11-18 00:00:00,AXS/EUR,5.79720,5.91000,5.45000,5.80000,1056.74340111,6129.111726437999
1700352000,2023-11-19 00:00:00,AXS/EUR,5.46875,6.43999,5.46875,5.76479,563.11172582,3246.220845889877
1700438400,2023-11-20 00:00:00,AXS/EUR,5.73782,5.78141,5.55780,5.55780,997.07127829,5541.522750480162
1700524800,2023-11-21 00:00:00,AXS/EUR,5.64156,5.70859,5.04704,5.04704,3380.87310572,17063.40179949307
1700611200,2023-11-22 00:00:00,AXS/EUR,5.02955,5.55886,5.02955,5.47248,1616.62164657,8846.929628421392
1700697600,2023-11-23 00:00:00,AXS/EUR,5.43458,5.55887,5.31512,5.38045,735.53681575,3957.519060302087
1700784000,2023-11-24 00:00:00,AXS/EUR,5.42610,6.15000,5.39297,5.46814,2799.48687392,15307.986154756909
1700870400,2023-11-25 00:00:00,AXS/EUR,5.46814,6.39336,5.46814,5.74970,1014.33500812,5832.121996187564
1700956800,2023-11-26 00:00:00,AXS/EUR,5.71178,6.31000,5.68544,6.15834,5838.25363496,35953.95089031957
1701043200,2023-11-27 00:00:00,AXS/EUR,6.22125,6.74420,6.04998,6.20921,5642.75590982,35037.05642281344
1701129600,2023-11-28 00:00:00,AXS/EUR,6.15937,6.35078,5.90000,6.17754,3421.43241236,21136.03558465039
1701216000,2023-11-29 00:00:00,AXS/EUR,6.13737,6.18619,5.88247,5.93199,940.61105993,5579.69540139416
1701302400,2023-11-30 00:00:00,AXS/EUR,5.85000,6.00000,5.74369,5.83657,1139.27866082,6649.479653382187
1701388800,2023-12-01 00:00:00,AXS/EUR,5.85580,7.22000,5.83200,5.83200,2574.08022538,15012.035874416159
1701475200,2023-12-02 00:00:00,AXS/EUR,6.01358,6.19000,5.73000,6.11000,4243.75556523,25929.3465035553
1701561600,2023-12-03 00:00:00,AXS/EUR,6.04439,6.40264,5.89163,6.34103,1537.80308696,9751.255508505968
1701648000,2023-12-04 00:00:00,AXS/EUR,6.32574,6.52090,6.01000,6.12421,892.45900456,5465.6063603163975
1701734400,2023-12-05 00:00:00,AXS/EUR,6.50000,6.59007,6.31538,6.51405,3878.12732552,25262.315304803557
1701820800,2023-12-06 00:00:00,AXS/EUR,6.93390,7.11000,6.43618,6.43618,2937.79251264,18908.161414003316
1701907200,2023-12-07 00:00:00,AXS/EUR,6.47974,7.02797,6.47974,6.80904,3585.67089361,24414.976541426237
1701993600,2023-12-08 00:00:00,AXS/EUR,6.79002,7.50000,6.67741,7.07259,4669.94763833,33028.624967376374
1702080000,2023-12-09 00:00:00,AXS/EUR,7.20000,8.03603,6.79429,7.19975,2940.30975726,21169.495174832686
1702166400,2023-12-10 00:00:00,AXS/EUR,7.13974,7.44129,7.11614,7.34583,1147.27402242,8427.679932113508
1702252800,2023-12-11 00:00:00,AXS/EUR,7.18710,7.99000,6.48000,6.60377,7457.17060841,49245.4395486997
1702339200,2023-12-12 00:00:00,AXS/EUR,6.69592,7.05000,6.52993,6.66638,1872.28862706,12481.387457660243
1702425600,2023-12-13 00:00:00,AXS/EUR,6.45771,6.70087,6.27579,6.70087,1110.21092308,7439.379068139079
1702512000,2023-12-14 00:00:00,AXS/EUR,6.61924,6.99998,6.61924,6.75170,516.99311377,3490.582406240909
1702598400,2023-12-15 00:00:00,AXS/EUR,6.61528,6.88295,6.51000,6.51000,1180.04329287,7682.081836583699
1702684800,2023-12-16 00:00:00,AXS/EUR,6.47000,6.88295,6.45000,6.61597,802.25206546,5307.675597521396
1702771200,2023-12-17 00:00:00,AXS/EUR,6.88999,7.00000,6.39503,6.39503,1414.87971258,9048.198208340476
1702857600,2023-12-18 00:00:00,AXS/EUR,6.39500,6.39500,6.00000,6.35000,2946.95178830,18713.143855705
1702944000,2023-12-19 00:00:00,AXS/EUR,6.31746,6.76444,6.31130,6.31509,2413.25438588,15239.918639726928
1703030400,2023-12-20 00:00:00,AXS/EUR,6.33870,7.00000,6.33870,6.63349,5434.76420804,36051.454026391264
1703116800,2023-12-21 00:00:00,AXS/EUR,6.67673,7.00000,6.50000,7.00000,3815.99564668,26711.96952676
1703203200,2023-12-22 00:00:00,AXS/EUR,6.85932,7.13000,6.75179,6.89940,1365.78804377,9423.118029186739
1703289600,2023-12-23 00:00:00,AXS/EUR,6.85797,7.00000,6.73571,7.00000,765.51057113,5358.57399791
1703376000,2023-12-24 00:00:00,AXS/EUR,7.02715,8.63750,7.02715,8.30000,14625.33380122,121390.270550126
1703462400,2023-12-25 00:00:00,AXS/EUR,8.30362,10.18786,7.99881,9.29178,10900.89475575,101288.71587358273
1703548800,2023-12-26 00:00:00,AXS/EUR,9.37844,9.37844,8.00000,8.89109,5169.86474865,45965.73276807453
1703635200,2023-12-27 00:00:00,AXS/EUR,8.52128,8.82867,8.52128,8.82867,678.64789078,5991.558273892663
1703721600,2023-12-28 00:00:00,AXS/EUR,8.51570,8.52079,8.00000,8.22666,4976.24685412,40937.89094491484
1703808000,2023-12-29 00:00:00,AXS/EUR,8.48433,9.20000,8.04000,8.24165,1760.82462411,14512.100263296183
1703894400,2023-12-30 00:00:00,AXS/EUR,8.18088,9.12146,7.91000,8.26863,1717.20873873,14198.96369332504
1703980800,2023-12-31 00:00:00,AXS/EUR,8.15046,8.37865,8.05000,8.05000,467.34831160,3762.1539083800003
1704067200,2024-01-01 00:00:00,AXS/EUR,8.12147,8.34999,7.87497,8.30000,898.16276302,7454.750933066001
1704153600,2024-01-02 00:00:00,AXS/EUR,8.52999,8.95000,8.08314,8.29521,3458.07541458,28685.461759778165
1704240000,2024-01-03 00:00:00,AXS/EUR,8.22623,8.45170,7.15100,7.59184,4647.50704060,35283.12985110871
1704326400,2024-01-04 00:00:00,AXS/EUR,7.37000,7.81780,7.37000,7.68999,4536.79923519,34887.94075061875
1704412800,2024-01-05 00:00:00,AXS/EUR,7.62948,7.62948,7.10000,7.28219,1681.79436423,12247.146101252063
1704499200,2024-01-06 00:00:00,AXS/EUR,7.10000,7.47014,7.00000,7.43554,1839.63478961,13678.67806353674
1704585600,2024-01-07 00:00:00,AXS/EUR,7.43750,7.44005,6.78197,6.78197,2594.27941892,17594.325190732874
1704672000,2024-01-08 00:00:00,AXS/EUR,6.56223,7.52000,6.56000,7.25000,3931.52438554,28503.551795165
1704758400,2024-01-09 00:00:00,AXS/EUR,7.14695,7.79995,6.27239,6.88806,1595.61544742,10990.694938755805
1704844800,2024-01-10 00:00:00,AXS/EUR,6.88618,7.58947,6.69889,7.50000,1847.56807777,13856.760583275
1704931200,2024-01-11 00:00:00,AXS/EUR,7.80000,8.39998,7.43000,7.69879,2463.10569071,18962.93346058124
1705017600,2024-01-12 00:00:00,AXS/EUR,8.00497,8.12365,7.09999,7.10000,2150.55659824,15268.951847503999
1705104000,2024-01-13 00:00:00,AXS/EUR,7.29999,8.00000,7.00770,7.99999,1382.17254046,11057.366501954595
1705190400,2024-01-14 00:00:00,AXS/EUR,7.99945,8.00000,7.14044,7.15949,353.88242531,2533.6176851826917
1705276800,2024-01-15 00:00:00,AXS/EUR,7.23772,7.94999,7.03923,7.20000,234.07911137,1685.369601864
1705363200,2024-01-16 00:00:00,AXS/EUR,7.20000,7.79999,7.20000,7.71209,388.08675216,2992.9599604656146
1705449600,2024-01-17 00:00:00,AXS/EUR,7.51641,7.80000,7.35167,7.39037,428.69605771,3168.2224840182525
1705536000,2024-01-18 00:00:00,AXS/EUR,7.30000,7.34880,6.97434,6.98817,1100.19012990,7688.315660063284
1705622400,2024-01-19 00:00:00,AXS/EUR,7.02149,7.39999,6.70000,7.00318,605.13176333,4237.84666231739
1705708800,2024-01-20 00:00:00,AXS/EUR,7.01000,7.39987,7.01000,7.28000,126.56669966,921.4055735248
1705795200,2024-01-21 00:00:00,AXS/EUR,7.27999,7.28000,7.24171,7.27800,613.08063166,4462.00083722148
1705881600,2024-01-22 00:00:00,AXS/EUR,7.06471,7.06471,6.70000,6.70000,495.36898017,3318.972167139
1705968000,2024-01-23 00:00:00,AXS/EUR,6.99899,6.99900,6.30000,6.89797,762.99657033,5263.1274522392305
1706054400,2024-01-24 00:00:00,AXS/EUR,6.89926,7.77000,6.52413,6.70001,2743.70246534,18382.833954802652
1706140800,2024-01-25 00:00:00,AXS/EUR,7.47500,7.47500,6.44068,6.56200,603.39516182,3959.47905186284
1706227200,2024-01-26 00:00:00,AXS/EUR,6.60857,7.40000,6.57666,6.70488,1562.41229595,10475.786954869236
1706313600,2024-01-27 00:00:00,AXS/EUR,6.69991,6.82726,6.66976,6.82000,1899.08659874,12951.7706034068
1706400000,2024-01-28 00:00:00,AXS/EUR,6.86144,6.86144,6.67494,6.67494,288.05714945,1922.764189149783
1706486400,2024-01-29 00:00:00,AXS/EUR,6.74293,6.92376,6.74293,6.87530,687.52912493,4726.9689926312285
1706572800,2024-01-30 00:00:00,AXS/EUR,6.91601,6.99114,6.82206,6.96212,415.62110358,2893.6039976563893
1706659200,2024-01-31 00:00:00,AXS/EUR,6.70002,7.40000,6.40984,6.40984,2166.58801269,13887.482507260871
1706745600,2024-02-01 00:00:00,AXS/EUR,6.43500,6.44640,6.30000,6.44569,654.14148325,4216.393217169692
1706832000,2024-02-02 00:00:00,AXS/EUR,6.49802,6.63216,6.45986,6.63216,917.33377348,6083.904359123117
1706918400,2024-02-03 00:00:00,AXS/EUR,6.70000,6.70529,6.62263,6.62263,556.62854679,3686.3449128278576
1707004800,2024-02-04 00:00:00,AXS/EUR,6.52184,6.79999,6.40000,6.79999,2323.04580819,15796.688265233919
1707091200,2024-02-05 00:00:00,AXS/EUR,6.49365,6.67664,6.38432,6.38432,387.50243785,2473.9395640145117
1707177600,2024-02-06 00:00:00,AXS/EUR,6.38432,6.52491,6.34000,6.50069,615.61014858,4001.89073677252
1707264000,2024-02-07 00:00:00,AXS/EUR,6.43404,6.64476,6.35001,6.64293,4143.17330734,27522.810258528105
1707350400,2024-02-08 00:00:00,AXS/EUR,6.63283,6.74204,6.59929,6.71654,1321.73480829,8877.484709272117
1707436800,2024-02-09 00:00:00,AXS/EUR,6.80000,6.90000,6.79296,6.89734,1560.50070005,10763.303898482867
1707523200,2024-02-10 00:00:00,AXS/EUR,6.98000,6.98000,6.77637,6.89688,951.23199568,6560.5329263654785
1707609600,2024-02-11 00:00:00,AXS/EUR,6.98000,7.09155,6.90000,6.95247,802.71889529,5580.879037936866
1707696000,2024-02-12 00:00:00,AXS/EUR,7.07000,7.33732,6.95850,7.29487,3592.90430797,26209.769849081116
1707782400,2024-02-13 00:00:00,AXS/EUR,7.26025,7.44999,6.94554,7.44999,889.04204695,6623.35435935703
1707868800,2024-02-14 00:00:00,AXS/EUR,7.06909,7.71500,7.06898,7.31830,3692.59857746,27023.544169425517
1707955200,2024-02-15 00:00:00,AXS/EUR,7.70997,7.71500,7.37906,7.46193,1253.17203222,9351.081982383383
1708041600,2024-02-16 00:00:00,AXS/EUR,7.70000,7.71500,7.36459,7.51437,2211.69265239,16619.476916339845
1708128000,2024-02-17 00:00:00,AXS/EUR,7.56076,7.56076,7.13000,7.33809,425.90162547,3125.3044588451526
1708214400,2024-02-18 00:00:00,AXS/EUR,7.33811,7.66096,7.23178,7.65345,416.09803227,3184.5854850768314
1708300800,2024-02-19 00:00:00,AXS/EUR,7.58204,7.90000,7.57329,7.90000,1195.34878915,9443.255434285
1708387200,2024-02-20 00:00:00,AXS/EUR,7.85000,7.90000,7.35000,7.55566,2832.79005337,21403.598494645572
1708473600,2024-02-21 00:00:00,AXS/EUR,7.55643,7.55643,6.98000,7.07000,1830.04053793,12938.386603165101
1708560000,2024-02-22 00:00:00,AXS/EUR,7.00000,7.30075,7.00000,7.26795,1318.96548526,9586.175198595416
1708646400,2024-02-23 00:00:00,AXS/EUR,7.21380,7.39000,7.00000,7.19796,1004.74753347,7232.132556015721
1708732800,2024-02-24 00:00:00,AXS/EUR,7.14226,7.50288,7.14226,7.47516,647.03204257,4836.668043337561
1708819200,2024-02-25 00:00:00,AXS/EUR,7.51212,7.54073,7.34580,7.54073,916.53085513,6911.311715204444
1708905600,2024-02-26 00:00:00,AXS/EUR,7.46752,8.00000,7.46752,7.97097,2873.94569674,22908.13493034364
1708992000,2024-02-27 00:00:00,AXS/EUR,7.92404,8.20036,7.80000,8.19934,2452.60838605,20109.770044075205
1709078400,2024-02-28 00:00:00,AXS/EUR,8.14960,9.00000,7.83129,8.31996,4887.35004416,40662.556873409434
1709164800,2024-02-29 00:00:00,AXS/EUR,8.30808,8.99999,8.12881,8.30901,3177.06637146,26398.27625112486
1709251200,2024-03-01 00:00:00,AXS/EUR,8.74203,9.20500,8.54050,9.20500,3579.96638959,32953.59061617595
1709337600,2024-03-02 00:00:00,AXS/EUR,9.20500,9.82348,8.50003,9.82348,2234.40321558,21949.61530018582
1709424000,2024-03-03 00:00:00,AXS/EUR,9.65408,10.62833,9.28466,9.51590,8248.82514858,78494.99523137242
1709510400,2024-03-04 00:00:00,AXS/EUR,9.44229,10.58998,9.40000,9.81680,2329.26160355,22865.89530972964
1709596800,2024-03-05 00:00:00,AXS/EUR,10.12657,10.30000,8.50000,9.30877,4353.27086597,40523.597239015566
1709683200,2024-03-06 00:00:00,AXS/EUR,9.94069,10.24000,8.85706,9.56994,1807.06425090,17293.49645725795
1709769600,2024-03-07 00:00:00,AXS/EUR,9.63007,10.24000,9.30146,9.75428,2744.06882778,26766.415685437896
1709856000,2024-03-08 00:00:00,AXS/EUR,9.85947,10.24000,9.37677,9.80866,2195.34993249,21533.441068817363
1709942400,2024-03-09 00:00:00,AXS/EUR,9.90206,11.94999,9.90206,11.32770,4733.41454638,53618.69995702872
1710028800,2024-03-10 00:00:00,AXS/EUR,11.31681,12.32770,11.31681,11.46918,3175.75996111,36423.362630763586
1710115200,2024-03-11 00:00:00,AXS/EUR,11.45000,11.85000,10.95401,11.82867,4087.20119530,48346.15416280925
1710201600,2024-03-12 00:00:00,AXS/EUR,11.82800,12.71999,10.95000,11.99999,2793.40094293,33520.78338115057
1710288000,2024-03-13 00:00:00,AXS/EUR,11.56534,12.22080,11.20256,11.56181,1072.65106546,12401.78781514608
1710374400,2024-03-14 00:00:00,AXS/EUR,11.38563,12.72000,10.75772,11.06962,2404.23314637,26613.947321720283
1710460800,2024-03-15 00:00:00,AXS/EUR,11.19133,12.00000,9.75000,10.31876,1765.63787080,18219.193435696205
1710547200,2024-03-16 00:00:00,AXS/EUR,11.07222,13.90004,9.50000,10.10957,4599.20656551,46496.00071848292
1710633600,2024-03-17 00:00:00,AXS/EUR,9.60000,10.30000,9.06513,9.90721,2437.54489009,24149.269110548546
1710720000,2024-03-18 00:00:00,AXS/EUR,9.90721,10.00000,9.00000,9.39178,4121.70549178,38710.151203589565
1710806400,2024-03-19 00:00:00,AXS/EUR,9.40468,10.02000,8.40000,8.40000,4427.38945764,37190.071444176
1710892800,2024-03-20 00:00:00,AXS/EUR,8.61189,9.88723,8.20000,9.30380,2430.76287184,22615.331607024997
1710979200,2024-03-21 00:00:00,AXS/EUR,9.37249,9.86071,9.15672,9.29235,1035.54771927,9622.671849158585
1711065600,2024-03-22 00:00:00,AXS/EUR,9.30052,9.86126,9.07000,9.24000,2653.75899181,24520.7330843244
1711152000,2024-03-23 00:00:00,AXS/EUR,9.29000,9.97977,8.88888,9.77554,621.33699772,6073.904674691768
1711238400,2024-03-24 00:00:00,AXS/EUR,9.54199,9.76509,9.54197,9.75048,831.41187025,8106.664812635219
1711324800,2024-03-25 00:00:00,AXS/EUR,9.95977,10.90000,9.68000,9.79588,4826.27041061,47277.56578988629
1711411200,2024-03-26 00:00:00,AXS/EUR,10.30670,10.78000,10.06635,10.45553,2353.00213833,24601.884447373464
1711497600,2024-03-27 00:00:00,AXS/EUR,10.53989,11.03806,10.00000,10.15445,2957.08749974,30027.597161734848
1711584000,2024-03-28 00:00:00,AXS/EUR,10.01000,10.99999,10.00000,10.44258,1566.98700575,16363.387166504834
1711670400,2024-03-29 00:00:00,AXS/EUR,10.20000,10.54328,10.00000,10.16425,2234.05619851,22707.505715705265
1711756800,2024-03-30 00:00:00,AXS/EUR,10.26919,10.42068,10.17152,10.19468,452.30213133,4611.0754922273245
1711843200,2024-03-31 00:00:00,AXS/EUR,10.14282,10.21972,10.08817,10.21972,799.80994713,8173.833712883404
1711929600,2024-04-01 00:00:00,AXS/EUR,10.20319,10.59999,9.32239,9.34000,4964.65936820,46369.918498988
1712016000,2024-04-02 00:00:00,AXS/EUR,9.40692,9.50783,8.80000,8.98000,1598.29675829,14352.704889444201
1712102400,2024-04-03 00:00:00,AXS/EUR,8.81000,9.99976,8.40000,8.81649,3776.78844529,33298.01756001483
1712188800,2024-04-04 00:00:00,AXS/EUR,8.70000,9.22871,8.68704,8.95199,1099.72924966,9844.765245663824
1712275200,2024-04-05 00:00:00,AXS/EUR,8.74372,9.26179,8.54000,8.86988,813.35985459,7214.40430703075
1712361600,2024-04-06 00:00:00,AXS/EUR,8.83751,9.50000,8.83751,9.01000,335.95798360,3026.981432236
1712448000,2024-04-07 00:00:00,AXS/EUR,8.94677,9.50000,8.94635,9.06632,3216.27264479,29159.75700491247
1712534400,2024-04-08 00:00:00,AXS/EUR,8.90000,9.75888,8.86201,9.60290,1204.75950602,11569.185060359458
1712620800,2024-04-09 00:00:00,AXS/EUR,9.48055,9.89000,9.16000,9.24107,1113.78665634,10292.580456303886
1712707200,2024-04-10 00:00:00,AXS/EUR,9.13000,9.15950,8.70000,8.90121,1237.87979757,11018.62803292806
1712793600,2024-04-11 00:00:00,AXS/EUR,8.98000,9.22446,8.85295,8.93555,2318.29078450,20715.203219438972
1712880000,2024-04-12 00:00:00,AXS/EUR,8.98180,9.85300,7.39449,7.49000,14257.85423772,106791.3282405228
1712966400,2024-04-13 00:00:00,AXS/EUR,7.85537,7.89001,6.14396,6.71000,4266.57777922,28628.736898566196
1713052800,2024-04-14 00:00:00,AXS/EUR,6.85469,7.58999,6.60000,7.06615,4705.45644550,33249.461062369825
1713139200,2024-04-15 00:00:00,AXS/EUR,6.67828,7.31999,6.38253,7.06824,5456.48344277,38567.73452952463
1713225600,2024-04-16 00:00:00,AXS/EUR,6.55192,6.99901,6.31000,6.74702,1666.62989055,11244.785204138661
1713312000,2024-04-17 00:00:00,AXS/EUR,6.58935,6.79656,6.24201,6.58009,655.16453551,4311.0416084639955
1713398400,2024-04-18 00:00:00,AXS/EUR,6.69152,6.69192,6.22691,6.66152,1783.52475108,11880.985799814442
1713484800,2024-04-19 00:00:00,AXS/EUR,6.45000,6.77864,6.19000,6.62182,1594.73112815,10560.022479006231
1713571200,2024-04-20 00:00:00,AXS/EUR,6.62180,7.53953,6.61282,7.14115,1838.15380734,13126.53206128604
1713657600,2024-04-21 00:00:00,AXS/EUR,7.13051,7.44952,7.04088,7.09933,954.35148729,6775.256144262516
1713744000,2024-04-22 00:00:00,AXS/EUR,7.30750,7.79999,7.15913,7.46574,2758.40266040,20593.517077854696
1713830400,2024-04-23 00:00:00,AXS/EUR,7.32852,7.36965,7.01011,7.18526,841.33577419,6045.21628485644
1713916800,2024-04-24 00:00:00,AXS/EUR,7.16768,7.86865,6.92371,6.99336,3812.84188748,26664.575942227133
1714003200,2024-04-25 00:00:00,AXS/EUR,7.02441,7.12000,6.70000,6.88600,5541.74277536,38160.44075112896
1714089600,2024-04-26 00:00:00,AXS/EUR,6.73657,7.40000,6.73657,6.83376,618.77690003,4228.5728283490125
1714176000,2024-04-27 00:00:00,AXS/EUR,6.84948,6.99208,6.60000,6.99208,576.71520415,4032.438844633132
1714262400,2024-04-28 00:00:00,AXS/EUR,7.00744,7.07661,6.95511,6.96164,348.41594414,2425.54637336279
1714348800,2024-04-29 00:00:00,AXS/EUR,6.79948,7.00997,6.53000,6.56596,4301.85520287,28245.8091878363
1714435200,2024-04-30 00:00:00,AXS/EUR,6.75129,7.05000,6.16554,6.34698,764.30655139,4851.038395541303
1714521600,2024-05-01 00:00:00,AXS/EUR,6.26955,6.90000,5.98747,6.38026,1533.53568116,9784.356365077902
1714608000,2024-05-02 00:00:00,AXS/EUR,6.46609,6.89626,6.38026,6.78476,1033.52497363,7012.218900085879
1714694400,2024-05-03 00:00:00,AXS/EUR,6.87001,7.10000,6.70000,7.00274,392.23713095,2746.734646388803
1714780800,2024-05-04 00:00:00,AXS/EUR,6.97344,7.09959,6.87478,6.93000,171.52497251,1188.6680594943
1714867200,2024-05-05 00:00:00,AXS/EUR,6.87851,6.93000,6.87851,6.93000,40.05509432,277.5818036376
1714953600,2024-05-06 00:00:00,AXS/EUR,7.02731,7.20287,6.91739,6.91739,149.81598022,1036.3355634140257
1715040000,2024-05-07 00:00:00,AXS/EUR,6.78602,6.92000,6.70000,6.70000,288.56589292,1933.3914825640002
1715126400,2024-05-08 00:00:00,AXS/EUR,6.73062,6.84678,6.62816,6.84678,202.62076218,1387.2997820787805
1715212800,2024-05-09 00:00:00,AXS/EUR,6.77549,6.90000,6.51184,6.90000,1659.88610911,11453.214152859
1715299200,2024-05-10 00:00:00,AXS/EUR,6.93938,7.22915,6.60000,6.65777,740.12166419,4927.559812194257
1715385600,2024-05-11 00:00:00,AXS/EUR,6.78031,6.89263,6.56680,6.83508,38.22458808,261.2681174938464
1715472000,2024-05-12 00:00:00,AXS/EUR,6.50000,6.78495,6.45340,6.48789,758.62780344,4921.893739660341
1715558400,2024-05-13 00:00:00,AXS/EUR,6.21348,6.67609,6.21348,6.35645,141.83444215,901.5635398043675
1715644800,2024-05-14 00:00:00,AXS/EUR,6.38581,6.38581,6.15347,6.15347,840.58568889,5172.518819013949
1715731200,2024-05-15 00:00:00,AXS/EUR,6.17155,6.78000,6.17155,6.66095,415.06919137,2764.7551302560014
1715817600,2024-05-16 00:00:00,AXS/EUR,6.68806,6.72119,6.60101,6.67742,307.64013378,2054.2423821052475
1715904000,2024-05-17 00:00:00,AXS/EUR,6.68147,7.69000,6.68147,6.99876,1001.63967420,7010.2356862039915
1715990400,2024-05-18 00:00:00,AXS/EUR,7.00000,7.00000,6.49000,6.84056,1862.61926799,12741.358859841674
1716076800,2024-05-19 00:00:00,AXS/EUR,6.86999,6.87571,6.49000,6.50733,897.95303561,5843.276727216021
1716163200,2024-05-20 00:00:00,AXS/EUR,6.73389,7.19831,6.58117,7.19831,974.88752689,7017.542633687556
1716249600,2024-05-21 00:00:00,AXS/EUR,7.23117,7.59990,6.90260,7.29045,875.13541016,6380.130951000971
1716336000,2024-05-22 00:00:00,AXS/EUR,7.14696,7.91000,7.00193,7.17836,423.16499514,3037.63067451317
1716422400,2024-05-23 00:00:00,AXS/EUR,7.23038,7.34377,6.84945,7.05855,761.00121914,5371.565155360648
1716508800,2024-05-24 00:00:00,AXS/EUR,7.23000,7.57000,7.00000,7.57000,735.05916965,5564.3979142504995
1716595200,2024-05-25 00:00:00,AXS/EUR,7.57000,7.57000,7.37636,7.44550,260.83926038,1942.07871315929
1716681600,2024-05-26 00:00:00,AXS/EUR,7.38407,7.57000,7.08879,7.10000,324.98942770,2307.42493667
1716768000,2024-05-27 00:00:00,AXS/EUR,7.18061,7.37964,7.00000,7.30000,777.74039689,5677.504897297
1716854400,2024-05-28 00:00:00,AXS/EUR,7.22597,7.54421,7.00000,7.48043,150.07128956,1122.5977765633108
1716940800,2024-05-29 00:00:00,AXS/EUR,7.09760,7.48104,7.09760,7.27430,302.37390986,2199.5585324945982
1717027200,2024-05-30 00:00:00,AXS/EUR,7.10000,7.20409,6.92063,7.02000,646.05995278,4535.3408685156
1717113600,2024-05-31 00:00:00,AXS/EUR,7.02999,7.20000,6.82101,7.00000,338.42340530,2368.9638371
1717200000,2024-06-01 00:00:00,AXS/EUR,7.05000,7.59000,6.55000,7.56483,500.29836490,3784.6720797464673
1717286400,2024-06-02 00:00:00,AXS/EUR,7.55000,7.69931,7.12000,7.15573,1308.91046043,9366.209849012765
1717372800,2024-06-03 00:00:00,AXS/EUR,7.13666,7.99900,7.12000,7.54241,985.47518618,7432.857898995894
1717459200,2024-06-04 00:00:00,AXS/EUR,7.52182,7.54988,7.38208,7.54887,110.37778123,833.22752139371
1717545600,2024-06-05 00:00:00,AXS/EUR,7.55000,8.07973,7.54712,7.97953,913.21904710,7287.058782905862
1717632000,2024-06-06 00:00:00,AXS/EUR,7.84141,7.93766,7.73856,7.74975,173.93300045,1347.9372702373876
1717718400,2024-06-07 00:00:00,AXS/EUR,7.74975,7.74975,7.74975,7.74975,0.00000000,0.0
