https://www.Saxcoin-b6.nl,BAT,Basic Attention Token
unix,date,symbol,open,high,low,close,volume,total
1648425600,2022-03-28 00:00:00,BAT/EUR,0.82900,0.84557,0.78880,0.79327,52740.07081287,41837.115973725384
1648512000,2022-03-29 00:00:00,BAT/EUR,0.79899,0.82915,0.78111,0.79900,38417.69330555,30695.73695113445
1648598400,2022-03-30 00:00:00,BAT/EUR,0.78011,0.81900,0.77500,0.80458,60925.63023735,49019.54357636706
1648684800,2022-03-31 00:00:00,BAT/EUR,0.80900,0.84087,0.77500,0.77500,67212.06615978,52089.3512738295
1648771200,2022-04-01 00:00:00,BAT/EUR,0.79186,0.80900,0.75011,0.80632,31576.33441010,25460.629961551833
1648857600,2022-04-02 00:00:00,BAT/EUR,0.81900,0.86280,0.80366,0.84011,44839.95210362,37670.4921617722
1648944000,2022-04-03 00:00:00,BAT/EUR,0.83518,0.88555,0.83518,0.86335,25780.61550742,22257.694398331056
1649030400,2022-04-04 00:00:00,BAT/EUR,0.85035,0.85035,0.78011,0.81196,75947.88721874,61666.64650612813
1649116800,2022-04-05 00:00:00,BAT/EUR,0.81315,0.81961,0.77000,0.77000,146506.16294887,112809.74547062992
1649203200,2022-04-06 00:00:00,BAT/EUR,0.76200,0.76200,0.69035,0.69035,155514.99844024,107359.77917321968
1649289600,2022-04-07 00:00:00,BAT/EUR,0.69900,0.73120,0.68292,0.72594,37911.31106136,27521.33715188368
1649376000,2022-04-08 00:00:00,BAT/EUR,0.73126,0.73126,0.67356,0.67356,28604.58992064,19266.90758694628
1649462400,2022-04-09 00:00:00,BAT/EUR,0.68510,0.70900,0.68510,0.70781,30507.97112862,21593.847044548525
1649548800,2022-04-10 00:00:00,BAT/EUR,0.71222,0.71222,0.68000,0.68000,14535.61605691,9884.2189186988
1649635200,2022-04-11 00:00:00,BAT/EUR,0.67638,0.68305,0.61646,0.63400,78901.78156562,50023.72951260308
1649721600,2022-04-12 00:00:00,BAT/EUR,0.63846,0.66900,0.62840,0.65610,48553.67851215,31856.068471821614
1649808000,2022-04-13 00:00:00,BAT/EUR,0.67071,0.68134,0.66044,0.68134,60912.18989301,41501.91146170343
1649894400,2022-04-14 00:00:00,BAT/EUR,0.68400,0.69407,0.65010,0.66271,62992.50828788,41745.76516746096
1649980800,2022-04-15 00:00:00,BAT/EUR,0.66900,0.67900,0.65972,0.67071,6248.56968001,4190.978170079507
1650067200,2022-04-16 00:00:00,BAT/EUR,0.67133,0.72414,0.67133,0.71900,208660.24796145,150026.71828428254
1650153600,2022-04-17 00:00:00,BAT/EUR,0.70282,0.71999,0.66556,0.66977,121389.13768068,81302.80274438903
1650240000,2022-04-18 00:00:00,BAT/EUR,0.67122,0.71000,0.65000,0.70783,55730.81627300,39447.94368251759
1650326400,2022-04-19 00:00:00,BAT/EUR,0.70999,0.71900,0.68990,0.71900,22857.13201032,16434.27791542008
1650412800,2022-04-20 00:00:00,BAT/EUR,0.71364,0.71400,0.68305,0.69900,12934.19927117,9041.00529054783
1650499200,2022-04-21 00:00:00,BAT/EUR,0.70872,0.74900,0.69011,0.69267,64246.29860975,44501.48365801554
1650585600,2022-04-22 00:00:00,BAT/EUR,0.69697,0.71998,0.68011,0.68314,23064.97736385,15756.608636340488
1650672000,2022-04-23 00:00:00,BAT/EUR,0.68528,0.69400,0.67080,0.67871,28969.32536870,19661.77082099038
1650758400,2022-04-24 00:00:00,BAT/EUR,0.68181,0.68400,0.66397,0.67900,27562.98308784,18715.26551664336
1650844800,2022-04-25 00:00:00,BAT/EUR,0.66814,0.67508,0.63011,0.67470,49121.90022557,33142.54608219208
1650931200,2022-04-26 00:00:00,BAT/EUR,0.66835,0.66898,0.61111,0.61572,31756.63483730,19553.195202022358
1651017600,2022-04-27 00:00:00,BAT/EUR,0.61572,0.63949,0.60904,0.62952,4806.49571653,3025.7851834699654
1651104000,2022-04-28 00:00:00,BAT/EUR,0.63030,0.64400,0.62001,0.62283,17762.40495139,11062.958675874233
1651190400,2022-04-29 00:00:00,BAT/EUR,0.62048,0.62179,0.58666,0.59909,35101.59700801,21029.015751528714
1651276800,2022-04-30 00:00:00,BAT/EUR,0.59401,0.62539,0.52500,0.53443,37946.37970389,20279.68370514993
1651363200,2022-05-01 00:00:00,BAT/EUR,0.54530,0.57900,0.54530,0.57247,15980.00548865,9148.073742087467
1651449600,2022-05-02 00:00:00,BAT/EUR,0.57444,0.57444,0.54390,0.56300,42442.90437525,23895.355163265747
1651536000,2022-05-03 00:00:00,BAT/EUR,0.55405,0.57615,0.54119,0.54494,8207.72533261,4472.717842752493
1651622400,2022-05-04 00:00:00,BAT/EUR,0.55490,0.61955,0.55013,0.61363,47992.26720768,29449.49492664868
1651708800,2022-05-05 00:00:00,BAT/EUR,0.61522,0.61911,0.54061,0.55490,35428.03556499,19659.01693501295
1651795200,2022-05-06 00:00:00,BAT/EUR,0.55305,0.55700,0.52574,0.55102,26380.59800383,14536.237112070407
1651881600,2022-05-07 00:00:00,BAT/EUR,0.54312,0.55294,0.51066,0.52816,35841.68611209,18930.144936961453
1651968000,2022-05-08 00:00:00,BAT/EUR,0.51001,0.53039,0.50567,0.51647,16612.87602347,8580.05207984155
1652054400,2022-05-09 00:00:00,BAT/EUR,0.51555,0.51555,0.42000,0.42000,154024.61760946,64690.3393959732
1652140800,2022-05-10 00:00:00,BAT/EUR,0.41646,0.48211,0.41162,0.45137,94884.65851986,42828.088316109206
1652227200,2022-05-11 00:00:00,BAT/EUR,0.45932,0.45932,0.32900,0.35474,261714.12609859,92840.46909221381
1652313600,2022-05-12 00:00:00,BAT/EUR,0.35625,0.37100,0.28776,0.35176,141989.31833434,49946.16261728744
1652400000,2022-05-13 00:00:00,BAT/EUR,0.34527,0.40917,0.34527,0.37845,56732.51157262,21470.41900465804
1652486400,2022-05-14 00:00:00,BAT/EUR,0.38143,0.39800,0.35861,0.39489,92695.49662368,36604.524661724994
1652572800,2022-05-15 00:00:00,BAT/EUR,0.39099,0.41422,0.38625,0.41180,16932.39885934,6972.761850276212
1652659200,2022-05-16 00:00:00,BAT/EUR,0.41297,0.41297,0.36880,0.38654,53566.95965878,20705.77258650482
1652745600,2022-05-17 00:00:00,BAT/EUR,0.39343,0.40025,0.37302,0.39087,56114.82133344,21933.60021460169
1652832000,2022-05-18 00:00:00,BAT/EUR,0.38409,0.38989,0.35642,0.36299,108265.12096538,39299.15625922329
1652918400,2022-05-19 00:00:00,BAT/EUR,0.35809,0.37440,0.34568,0.36667,38528.82104839,14127.36281381316
1653004800,2022-05-20 00:00:00,BAT/EUR,0.37800,0.38400,0.35566,0.36114,11103.28136838,4009.8390333767534
1653091200,2022-05-21 00:00:00,BAT/EUR,0.35750,0.37057,0.35360,0.36672,9170.83004356,3363.126793574323
1653177600,2022-05-22 00:00:00,BAT/EUR,0.37143,0.38666,0.36532,0.38279,15143.55685664,5796.802129153226
1653264000,2022-05-23 00:00:00,BAT/EUR,0.38900,0.39405,0.35500,0.36120,14561.66405512,5259.673056709345
1653350400,2022-05-24 00:00:00,BAT/EUR,0.36876,0.36881,0.34998,0.35994,8966.92800281,3227.5560653314315
1653436800,2022-05-25 00:00:00,BAT/EUR,0.37100,0.37265,0.35577,0.36342,56229.26189380,20434.838357444798
1653523200,2022-05-26 00:00:00,BAT/EUR,0.35667,0.36300,0.33646,0.35172,29886.95998087,10511.841564471595
1653609600,2022-05-27 00:00:00,BAT/EUR,0.34966,0.34966,0.32704,0.33698,54215.48736486,18269.53493221052
1653696000,2022-05-28 00:00:00,BAT/EUR,0.34400,0.34725,0.33556,0.34400,2188.59777141,752.87763336504
1653782400,2022-05-29 00:00:00,BAT/EUR,0.34116,0.34900,0.33274,0.34700,20067.86437019,6963.54893645593
1653868800,2022-05-30 00:00:00,BAT/EUR,0.34211,0.37100,0.34211,0.37090,26576.12721381,9857.08558360213
1653955200,2022-05-31 00:00:00,BAT/EUR,0.37700,0.38212,0.36471,0.37641,55336.12246265,20829.069856166087
1654041600,2022-06-01 00:00:00,BAT/EUR,0.37773,0.39400,0.35000,0.35900,54851.50490937,19691.690262463828
1654128000,2022-06-02 00:00:00,BAT/EUR,0.35803,0.37171,0.35544,0.37171,7679.87389001,2854.685923655617
1654214400,2022-06-03 00:00:00,BAT/EUR,0.37291,0.37291,0.34556,0.35400,15169.86971209,5370.13387807986
1654300800,2022-06-04 00:00:00,BAT/EUR,0.35294,0.35800,0.34511,0.35800,6586.10736314,2357.82643600412
1654387200,2022-06-05 00:00:00,BAT/EUR,0.35356,0.36188,0.35111,0.35990,27452.96314744,9880.321436763656
1654473600,2022-06-06 00:00:00,BAT/EUR,0.36300,0.38900,0.36300,0.37666,14252.17040394,5368.22250434804
1654560000,2022-06-07 00:00:00,BAT/EUR,0.37011,0.37327,0.34890,0.36900,63565.96463381,23455.84094987589
1654646400,2022-06-08 00:00:00,BAT/EUR,0.37900,0.37900,0.36371,0.37219,20850.25805210,7760.2575444111
1654732800,2022-06-09 00:00:00,BAT/EUR,0.36511,0.38400,0.36255,0.37011,33290.41236277,12321.114519584806
1654819200,2022-06-10 00:00:00,BAT/EUR,0.36256,0.37365,0.34569,0.35147,21017.14344063,7386.895405078226
1654905600,2022-06-11 00:00:00,BAT/EUR,0.35203,0.35203,0.31547,0.31829,12941.73269926,4119.224100847466
1654992000,2022-06-12 00:00:00,BAT/EUR,0.31179,0.31800,0.29204,0.29204,59614.42552808,17409.796831220483
1655078400,2022-06-13 00:00:00,BAT/EUR,0.29011,0.29058,0.25452,0.27095,54985.97443906,14898.449774263308
1655164800,2022-06-14 00:00:00,BAT/EUR,0.25000,0.27900,0.24879,0.27900,19263.95246293,5374.64273715747
1655251200,2022-06-15 00:00:00,BAT/EUR,0.27011,0.34695,0.27011,0.34534,105055.63953084,36279.91455558028
1655337600,2022-06-16 00:00:00,BAT/EUR,0.34900,0.34900,0.29535,0.29535,23147.85265914,6836.718282876999
1655424000,2022-06-17 00:00:00,BAT/EUR,0.29920,0.32816,0.29920,0.31911,131788.31266752,42054.9684553323
1655510400,2022-06-18 00:00:00,BAT/EUR,0.32295,0.32295,0.28011,0.29400,110695.78769140,32544.561581271595
1655596800,2022-06-19 00:00:00,BAT/EUR,0.28566,0.32900,0.28310,0.32300,7584.52489074,2449.8015397090203
1655683200,2022-06-20 00:00:00,BAT/EUR,0.33230,0.36493,0.33198,0.33573,28931.84941732,9713.289804876844
1655769600,2022-06-21 00:00:00,BAT/EUR,0.34900,0.38017,0.34522,0.35037,205937.28672139,72154.24714857341
1655856000,2022-06-22 00:00:00,BAT/EUR,0.35070,0.37100,0.33804,0.34567,21982.93920024,7598.842593346961
1655942400,2022-06-23 00:00:00,BAT/EUR,0.35411,0.38804,0.35411,0.38804,105686.78086832,41010.69844814289
1656028800,2022-06-24 00:00:00,BAT/EUR,0.38900,0.41679,0.38699,0.41144,19717.44253367,8112.544556053184
1656115200,2022-06-25 00:00:00,BAT/EUR,0.40433,0.41386,0.38294,0.40213,26086.73887164,10490.260302452592
1656201600,2022-06-26 00:00:00,BAT/EUR,0.39668,0.40439,0.37593,0.37601,25540.14082955,9603.348353319096
1656288000,2022-06-27 00:00:00,BAT/EUR,0.37946,0.38652,0.36233,0.37042,34584.81995910,12810.909009249823
1656374400,2022-06-28 00:00:00,BAT/EUR,0.38260,0.38276,0.35000,0.35141,112756.55933274,39623.78251511816
1656460800,2022-06-29 00:00:00,BAT/EUR,0.34864,0.37203,0.34552,0.36797,111603.53683935,41066.75345077562
1656547200,2022-06-30 00:00:00,BAT/EUR,0.36127,0.37563,0.33730,0.37403,228269.99134051,85379.82486109095
1656633600,2022-07-01 00:00:00,BAT/EUR,0.37396,0.39947,0.36598,0.38495,26285.26461463,10118.51261340182
1656720000,2022-07-02 00:00:00,BAT/EUR,0.38437,0.39925,0.37929,0.39575,3102.56324866,1227.8394056571951
1656806400,2022-07-03 00:00:00,BAT/EUR,0.38874,0.38874,0.37378,0.38294,14510.07039142,5556.486355690375
1656892800,2022-07-04 00:00:00,BAT/EUR,0.37000,0.39000,0.36979,0.38853,219053.91430055,85109.01732319269
1656979200,2022-07-05 00:00:00,BAT/EUR,0.39000,0.44238,0.39000,0.42818,82246.78753039,35216.42948476239
1657065600,2022-07-06 00:00:00,BAT/EUR,0.42943,0.43324,0.41794,0.43290,48382.84293534,20944.932706708685
1657152000,2022-07-07 00:00:00,BAT/EUR,0.43819,0.44796,0.43485,0.44384,16138.55098304,7162.934468312474
1657238400,2022-07-08 00:00:00,BAT/EUR,0.44134,0.44946,0.42290,0.42509,148254.04571797,63021.312294251875
1657324800,2022-07-09 00:00:00,BAT/EUR,0.43223,0.43223,0.42000,0.42445,167734.47677244,71194.89866606214
1657411200,2022-07-10 00:00:00,BAT/EUR,0.41858,0.41982,0.39771,0.39994,39690.61039335,15873.862720716399
1657497600,2022-07-11 00:00:00,BAT/EUR,0.39586,0.39586,0.37011,0.37011,133893.99029802,49555.50474920018
1657584000,2022-07-12 00:00:00,BAT/EUR,0.37172,0.38371,0.36494,0.36993,9466.24428845,3501.847749626308
1657670400,2022-07-13 00:00:00,BAT/EUR,0.37251,0.37298,0.35000,0.37100,5500.93328035,2040.84624700985
1657756800,2022-07-14 00:00:00,BAT/EUR,0.38077,0.38210,0.36011,0.38072,2235.57061481,851.1264444704632
1657843200,2022-07-15 00:00:00,BAT/EUR,0.38793,0.39514,0.38271,0.38621,7797.28019453,3011.387583929431
1657929600,2022-07-16 00:00:00,BAT/EUR,0.38380,0.39914,0.38287,0.39092,6085.55529919,2378.965277559355
1658016000,2022-07-17 00:00:00,BAT/EUR,0.39158,0.40000,0.38092,0.38586,15461.71426719,5966.057067137933
1658102400,2022-07-18 00:00:00,BAT/EUR,0.38900,0.41200,0.38900,0.40428,20981.80009657,8482.52214304132
1658188800,2022-07-19 00:00:00,BAT/EUR,0.40900,0.42900,0.40900,0.42348,33998.68306710,14397.762305255508
1658275200,2022-07-20 00:00:00,BAT/EUR,0.42554,0.42922,0.38754,0.39310,45640.29685410,17941.20069334671
1658361600,2022-07-21 00:00:00,BAT/EUR,0.38216,0.39363,0.37194,0.38918,18814.15170162,7322.091559236473
1658448000,2022-07-22 00:00:00,BAT/EUR,0.39900,0.40897,0.37619,0.37991,27743.32702371,10539.967369577667
1658534400,2022-07-23 00:00:00,BAT/EUR,0.37954,0.39027,0.36783,0.38081,8491.64593309,3233.703687780003
1658620800,2022-07-24 00:00:00,BAT/EUR,0.38265,0.38900,0.38011,0.38376,2363.38335354,906.9719957545103
1658707200,2022-07-25 00:00:00,BAT/EUR,0.37319,0.37319,0.35658,0.35776,23756.12236318,8498.990336651277
1658793600,2022-07-26 00:00:00,BAT/EUR,0.35010,0.35876,0.34455,0.35784,3953.68944850,1414.7882322512398
1658880000,2022-07-27 00:00:00,BAT/EUR,0.35548,0.38558,0.35548,0.38558,50777.39410605,19578.74761941076
1658966400,2022-07-28 00:00:00,BAT/EUR,0.38854,0.40800,0.38216,0.40209,26231.98832343,10547.62018496797
1659052800,2022-07-29 00:00:00,BAT/EUR,0.40477,0.40869,0.38672,0.39903,29231.91211681,11664.409891970694
1659139200,2022-07-30 00:00:00,BAT/EUR,0.40767,0.41886,0.39792,0.39792,23530.94023854,9363.431739719836
1659225600,2022-07-31 00:00:00,BAT/EUR,0.40070,0.41631,0.38913,0.38913,22893.19494366,8908.428948426415
1659312000,2022-08-01 00:00:00,BAT/EUR,0.39823,0.43428,0.39823,0.40258,225479.34370731,90773.47418968886
1659398400,2022-08-02 00:00:00,BAT/EUR,0.41000,0.41000,0.38000,0.40000,240134.12676549,96053.650706196
1659484800,2022-08-03 00:00:00,BAT/EUR,0.39000,0.40033,0.38000,0.39000,263506.59371671,102767.5715495169
1659571200,2022-08-04 00:00:00,BAT/EUR,0.39975,0.40197,0.38503,0.39254,24084.47086180,9454.118192090973
1659657600,2022-08-05 00:00:00,BAT/EUR,0.39975,0.43319,0.39827,0.42160,33165.21868686,13982.456198380174
1659744000,2022-08-06 00:00:00,BAT/EUR,0.42070,0.44656,0.42059,0.43161,68347.45177393,29499.44366014593
1659830400,2022-08-07 00:00:00,BAT/EUR,0.42111,0.42618,0.41621,0.42202,8614.97617794,3635.6922466142387
1659916800,2022-08-08 00:00:00,BAT/EUR,0.43050,0.43854,0.42341,0.42793,160813.99796377,68817.13414863609
1660003200,2022-08-09 00:00:00,BAT/EUR,0.42848,0.44938,0.42466,0.43000,301878.68659905,129807.8352375915
1660089600,2022-08-10 00:00:00,BAT/EUR,0.42960,0.45100,0.40850,0.44900,255942.94823819,114918.38375894731
1660176000,2022-08-11 00:00:00,BAT/EUR,0.45100,0.45627,0.43913,0.44835,31828.48354840,14270.300598925141
1660262400,2022-08-12 00:00:00,BAT/EUR,0.44000,0.45378,0.44000,0.45167,19753.48886067,8922.058313698819
1660348800,2022-08-13 00:00:00,BAT/EUR,0.45590,0.45763,0.44678,0.44678,6819.51773114,3046.8241319187296
1660435200,2022-08-14 00:00:00,BAT/EUR,0.45013,0.45960,0.42956,0.43047,23952.12591506,10310.67164265588
1660521600,2022-08-15 00:00:00,BAT/EUR,0.44075,0.44887,0.42656,0.42965,18968.86047208,8149.970901829171
1660608000,2022-08-16 00:00:00,BAT/EUR,0.42753,0.42753,0.42000,0.42305,6944.14125073,2937.7189561213263
1660694400,2022-08-17 00:00:00,BAT/EUR,0.42629,0.43272,0.40000,0.40137,165089.79832097,66262.09235208773
1660780800,2022-08-18 00:00:00,BAT/EUR,0.40550,0.40884,0.38527,0.38913,15460.85074545,6016.280850576958
1660867200,2022-08-19 00:00:00,BAT/EUR,0.38966,0.38966,0.35435,0.35435,27558.90042923,9765.49636709765
1660953600,2022-08-20 00:00:00,BAT/EUR,0.36041,0.36400,0.34897,0.35092,8360.59312337,2933.8993388530002
1661040000,2022-08-21 00:00:00,BAT/EUR,0.35836,0.37100,0.35836,0.37100,5641.36183338,2092.94524018398
1661126400,2022-08-22 00:00:00,BAT/EUR,0.36000,0.36000,0.35000,0.35746,4896.63633673,1750.3516249275058
1661212800,2022-08-23 00:00:00,BAT/EUR,0.36548,0.37286,0.36437,0.37286,17023.37894785,6347.337074495352
1661299200,2022-08-24 00:00:00,BAT/EUR,0.36332,0.38000,0.36332,0.37000,3299.46933044,1220.8036522628
1661385600,2022-08-25 00:00:00,BAT/EUR,0.37172,0.37682,0.36879,0.37434,7733.44800556,2894.9389264013303
1661472000,2022-08-26 00:00:00,BAT/EUR,0.37432,0.37570,0.34300,0.34300,35260.28634166,12094.27821518938
1661558400,2022-08-27 00:00:00,BAT/EUR,0.33654,0.34073,0.33643,0.33649,1758.94179262,591.8663237987038
1661644800,2022-08-28 00:00:00,BAT/EUR,0.34073,0.34328,0.33073,0.33073,7680.60956569,2540.2080016606537
1661731200,2022-08-29 00:00:00,BAT/EUR,0.33197,0.34313,0.33152,0.34313,4437.30649434,1522.5729774028844
1661817600,2022-08-30 00:00:00,BAT/EUR,0.34863,0.34928,0.33011,0.33900,8045.11705041,2727.2946800889904
1661904000,2022-08-31 00:00:00,BAT/EUR,0.34362,0.34453,0.33719,0.33719,9965.89428660,3360.399894498654
1661990400,2022-09-01 00:00:00,BAT/EUR,0.33011,0.33900,0.32748,0.33900,19536.26666272,6622.794398662081
1662076800,2022-09-02 00:00:00,BAT/EUR,0.34113,0.34437,0.33584,0.33797,14953.82276751,5053.943480735355
1662163200,2022-09-03 00:00:00,BAT/EUR,0.33693,0.33695,0.33618,0.33638,4646.89693312,1563.1231903629055
1662249600,2022-09-04 00:00:00,BAT/EUR,0.34327,0.35089,0.34327,0.35089,14670.32752735,5147.671226071841
1662336000,2022-09-05 00:00:00,BAT/EUR,0.34215,0.34215,0.33998,0.34202,16362.47871400,5596.29496976228
1662422400,2022-09-06 00:00:00,BAT/EUR,0.34574,0.34668,0.31896,0.31896,41387.87459912,13201.076482135315
1662508800,2022-09-07 00:00:00,BAT/EUR,0.31351,0.32446,0.31126,0.32446,5753.42820231,1866.7573145215028
1662595200,2022-09-08 00:00:00,BAT/EUR,0.32384,0.33194,0.31983,0.32947,51671.28050790,17024.136788937813
1662681600,2022-09-09 00:00:00,BAT/EUR,0.33900,0.35400,0.33900,0.35218,23002.10020255,8100.879649334058
1662768000,2022-09-10 00:00:00,BAT/EUR,0.35332,0.35588,0.34579,0.34689,5884.35920610,2041.2253650040288
1662854400,2022-09-11 00:00:00,BAT/EUR,0.35348,0.35900,0.34846,0.34846,22510.53624774,7844.02146088748
1662940800,2022-09-12 00:00:00,BAT/EUR,0.35350,0.35669,0.35350,0.35669,1817.50150831,648.284612999094
1663027200,2022-09-13 00:00:00,BAT/EUR,0.35090,0.35272,0.32223,0.32223,12919.80910049,4163.150086450893
1663113600,2022-09-14 00:00:00,BAT/EUR,0.32911,0.32911,0.31818,0.32177,25560.53610083,8224.61370116407
1663200000,2022-09-15 00:00:00,BAT/EUR,0.31496,0.32543,0.31370,0.31450,16575.80882783,5213.091876352534
1663286400,2022-09-16 00:00:00,BAT/EUR,0.31687,0.31997,0.31250,0.31997,8738.80817784,2796.1564526634643
1663372800,2022-09-17 00:00:00,BAT/EUR,0.32708,0.32938,0.32708,0.32938,328.90263848,108.33395106254241
1663459200,2022-09-18 00:00:00,BAT/EUR,0.32111,0.32228,0.30000,0.30000,4998.87260358,1499.661781074
1663545600,2022-09-19 00:00:00,BAT/EUR,0.29334,0.30298,0.29313,0.30298,9823.72905716,2976.393429738337
1663632000,2022-09-20 00:00:00,BAT/EUR,0.30000,0.30405,0.30000,0.30115,1286.89481741,387.5483742630215
1663718400,2022-09-21 00:00:00,BAT/EUR,0.29550,0.31194,0.29550,0.31194,3592.04385512,1120.5021601661329
1663804800,2022-09-22 00:00:00,BAT/EUR,0.29411,0.31480,0.29411,0.31480,24183.31689549,7612.908158700252
1663891200,2022-09-23 00:00:00,BAT/EUR,0.31800,0.32453,0.31068,0.32453,12841.85261155,4167.566428026322
1663977600,2022-09-24 00:00:00,BAT/EUR,0.32687,0.32812,0.32464,0.32464,29238.42590312,9491.962585188878
1664064000,2022-09-25 00:00:00,BAT/EUR,0.31975,0.31975,0.30923,0.30923,2576.17716056,796.6312633599689
1664150400,2022-09-26 00:00:00,BAT/EUR,0.30403,0.31375,0.30403,0.31194,3190.13942662,995.1320927398427
1664236800,2022-09-27 00:00:00,BAT/EUR,0.32284,0.32286,0.30861,0.30861,10679.66465283,3295.8513085098666
1664323200,2022-09-28 00:00:00,BAT/EUR,0.30597,0.31237,0.30443,0.31011,12656.88704229,3925.027240684552
1664409600,2022-09-29 00:00:00,BAT/EUR,0.31006,0.31006,0.30475,0.30744,940.35654124,289.10321503882557
1664496000,2022-09-30 00:00:00,BAT/EUR,0.31458,0.31458,0.31458,0.31458,492.22628691,154.8445453361478
1664582400,2022-10-01 00:00:00,BAT/EUR,0.31095,0.31116,0.30591,0.30591,4103.95408616,1255.4405944972057
1664668800,2022-10-02 00:00:00,BAT/EUR,0.30606,0.30623,0.29905,0.30350,9430.07468363,2862.027666481705
1664755200,2022-10-03 00:00:00,BAT/EUR,0.29500,0.30479,0.29478,0.30479,962.28346505,293.2943773125895
1664841600,2022-10-04 00:00:00,BAT/EUR,0.30818,0.30925,0.30618,0.30925,18007.09348894,5568.693661454696
1664928000,2022-10-05 00:00:00,BAT/EUR,0.30760,0.30821,0.30342,0.30634,8053.75587912,2467.187576009621
1665014400,2022-10-06 00:00:00,BAT/EUR,0.31013,0.31195,0.30839,0.30839,3184.52013357,982.0741639916522
1665100800,2022-10-07 00:00:00,BAT/EUR,0.30499,0.30499,0.30499,0.30499,130.62932375,39.840637450512496
1665187200,2022-10-08 00:00:00,BAT/EUR,0.30548,0.30548,0.30548,0.30548,368.81765292,112.66641661400159
1665273600,2022-10-09 00:00:00,BAT/EUR,0.31066,0.31066,0.31066,0.31066,1012.06680862,314.4086747658892
1665360000,2022-10-10 00:00:00,BAT/EUR,0.30742,0.30742,0.29910,0.29910,1768.71628039,529.023039464649
1665446400,2022-10-11 00:00:00,BAT/EUR,0.29513,0.29513,0.29236,0.29236,1283.88371786,375.3562437535496
1665532800,2022-10-12 00:00:00,BAT/EUR,0.29236,0.29236,0.29236,0.29236,0.00000000,0.0
1665619200,2022-10-13 00:00:00,BAT/EUR,0.28777,0.30769,0.27065,0.30769,2246.91073427,691.3519638275363
1665705600,2022-10-14 00:00:00,BAT/EUR,0.30503,0.30988,0.29807,0.29807,11084.86664387,3304.066200538331
1665792000,2022-10-15 00:00:00,BAT/EUR,0.29439,0.29981,0.28904,0.28904,12988.31688373,3754.1431120733196
1665878400,2022-10-16 00:00:00,BAT/EUR,0.29560,0.29670,0.29228,0.29670,26108.36314830,7746.3513461006105
1665964800,2022-10-17 00:00:00,BAT/EUR,0.29482,0.29717,0.29314,0.29497,10273.76804060,3030.453358935782
1666051200,2022-10-18 00:00:00,BAT/EUR,0.29648,0.29675,0.28482,0.28853,25208.29136466,7273.34830744535
1666137600,2022-10-19 00:00:00,BAT/EUR,0.28542,0.28881,0.28000,0.28265,15664.50652930,4427.572770506646
1666224000,2022-10-20 00:00:00,BAT/EUR,0.27940,0.28616,0.27940,0.28541,46612.92567911,13303.795118074784
1666310400,2022-10-21 00:00:00,BAT/EUR,0.27613,0.27944,0.27283,0.27944,11094.65474919,3100.290323113654
1666396800,2022-10-22 00:00:00,BAT/EUR,0.28081,0.28453,0.28012,0.28033,3951.25209066,1107.6544985747178
1666483200,2022-10-23 00:00:00,BAT/EUR,0.28081,0.28439,0.27827,0.28383,4521.71149496,1283.397373614497
1666569600,2022-10-24 00:00:00,BAT/EUR,0.28809,0.28809,0.28053,0.28157,6885.62180547,1938.784531766188
1666656000,2022-10-25 00:00:00,BAT/EUR,0.28189,0.29005,0.28189,0.29005,3311.66276840,960.5477859744199
1666742400,2022-10-26 00:00:00,BAT/EUR,0.29191,0.29211,0.28852,0.28852,2123.33175640,612.623678356528
1666828800,2022-10-27 00:00:00,BAT/EUR,0.29299,0.29906,0.28777,0.28777,1118.50425632,321.8719698412064
1666915200,2022-10-28 00:00:00,BAT/EUR,0.28411,0.29301,0.28411,0.29301,7155.97925596,2096.7734817888395
1667001600,2022-10-29 00:00:00,BAT/EUR,0.29831,0.31300,0.29684,0.30496,7960.69776011,2427.6943889231457
1667088000,2022-10-30 00:00:00,BAT/EUR,0.30697,0.30697,0.29565,0.29565,2266.48715521,670.0869274378365
1667174400,2022-10-31 00:00:00,BAT/EUR,0.30399,0.30399,0.29511,0.29511,183.48642269,54.1486782000459
1667260800,2022-11-01 00:00:00,BAT/EUR,0.30400,0.30400,0.30181,0.30215,1436.63952105,434.0806312852575
1667347200,2022-11-02 00:00:00,BAT/EUR,0.31147,0.34070,0.30169,0.30882,304508.59762739,94038.34511929058
1667433600,2022-11-03 00:00:00,BAT/EUR,0.31685,0.35669,0.31685,0.33173,145936.77154322,48411.60522403238
1667520000,2022-11-04 00:00:00,BAT/EUR,0.33640,0.34400,0.33200,0.34093,142176.25245755,48472.149750352524
1667606400,2022-11-05 00:00:00,BAT/EUR,0.34700,0.34700,0.33574,0.33759,3222.96302251,1088.040086769151
1667692800,2022-11-06 00:00:00,BAT/EUR,0.33121,0.33235,0.32846,0.32871,8987.46510097,2954.2696533398484
1667779200,2022-11-07 00:00:00,BAT/EUR,0.32905,0.33177,0.32347,0.32620,27427.63155388,8946.893412875655
1667865600,2022-11-08 00:00:00,BAT/EUR,0.30989,0.32117,0.25700,0.27406,33116.19917485,9075.825545859392
1667952000,2022-11-09 00:00:00,BAT/EUR,0.27485,0.27900,0.22683,0.23135,88287.16494756,20425.235610618005
1668038400,2022-11-10 00:00:00,BAT/EUR,0.22806,0.26868,0.22806,0.26374,50595.99721770,13344.188306196198
1668124800,2022-11-11 00:00:00,BAT/EUR,0.26191,0.26765,0.23890,0.24236,30595.80821761,7415.200079619959
1668211200,2022-11-12 00:00:00,BAT/EUR,0.24217,0.24217,0.22794,0.22996,40720.70402880,9364.133098462848
1668297600,2022-11-13 00:00:00,BAT/EUR,0.23071,0.23161,0.21218,0.21418,246283.42169648,52748.98325895209
1668384000,2022-11-14 00:00:00,BAT/EUR,0.21000,0.22004,0.20370,0.21707,105692.60153108,22942.69301435154
1668470400,2022-11-15 00:00:00,BAT/EUR,0.21802,0.22709,0.21735,0.22264,165545.03252376,36856.94604108993
1668556800,2022-11-16 00:00:00,BAT/EUR,0.22224,0.22521,0.21349,0.21571,76367.81007571,16473.300311431405
1668643200,2022-11-17 00:00:00,BAT/EUR,0.21638,0.21890,0.21117,0.21569,57629.14414553,12430.030100749365
1668729600,2022-11-18 00:00:00,BAT/EUR,0.21447,0.21766,0.21411,0.21685,48789.47753399,10579.998203245732
1668816000,2022-11-19 00:00:00,BAT/EUR,0.21579,0.22375,0.21376,0.22342,38535.62938923,8609.630318141768
1668902400,2022-11-20 00:00:00,BAT/EUR,0.22252,0.22867,0.21000,0.21000,53921.91044475,11323.601193397499
1668988800,2022-11-21 00:00:00,BAT/EUR,0.21000,0.21444,0.20753,0.21368,41166.99115864,8796.562670778196
1669075200,2022-11-22 00:00:00,BAT/EUR,0.21529,0.21760,0.20744,0.21716,33702.07771002,7318.743195507943
1669161600,2022-11-23 00:00:00,BAT/EUR,0.21622,0.22285,0.21614,0.22183,63826.94681000,14158.7316108623
1669248000,2022-11-24 00:00:00,BAT/EUR,0.22213,0.22417,0.21530,0.21713,38412.43181363,8340.491319693481
1669334400,2022-11-25 00:00:00,BAT/EUR,0.21614,0.21952,0.21530,0.21842,8078.96736502,1764.6080518676686
1669420800,2022-11-26 00:00:00,BAT/EUR,0.22236,0.22373,0.21814,0.21814,3581.87270285,781.349711399699
1669507200,2022-11-27 00:00:00,BAT/EUR,0.21990,0.22393,0.21990,0.22009,12328.76532513,2713.4379604078617
1669593600,2022-11-28 00:00:00,BAT/EUR,0.21282,0.21751,0.21058,0.21603,189666.79935147,40973.718663898064
1669680000,2022-11-29 00:00:00,BAT/EUR,0.21556,0.21944,0.21442,0.21729,37112.41980604,8064.157699654433
1669766400,2022-11-30 00:00:00,BAT/EUR,0.22443,0.22728,0.22443,0.22584,4679.92828660,1056.915004245744
1669852800,2022-12-01 00:00:00,BAT/EUR,0.22548,0.22548,0.21707,0.21859,70819.67923956,15480.473684975423
1669939200,2022-12-02 00:00:00,BAT/EUR,0.21963,0.22516,0.21685,0.22516,71368.46159652,16069.322813072444
1670025600,2022-12-03 00:00:00,BAT/EUR,0.22501,0.22867,0.22166,0.22166,4442.12642639,984.6417436736074
1670112000,2022-12-04 00:00:00,BAT/EUR,0.21812,0.22130,0.21812,0.21989,6237.67099490,1371.6014750685608
1670198400,2022-12-05 00:00:00,BAT/EUR,0.22262,0.22615,0.21970,0.21970,33884.88948160,7444.510219107521
1670284800,2022-12-06 00:00:00,BAT/EUR,0.22061,0.22216,0.22055,0.22210,7166.12596146,1591.596576040266
1670371200,2022-12-07 00:00:00,BAT/EUR,0.21869,0.21869,0.21090,0.21148,10266.71343819,2171.204557908421
1670457600,2022-12-08 00:00:00,BAT/EUR,0.21203,0.21390,0.20896,0.21390,4625.08140050,989.3049115669501
1670544000,2022-12-09 00:00:00,BAT/EUR,0.21212,0.21352,0.21139,0.21151,3422.66872444,723.9286619063045
1670630400,2022-12-10 00:00:00,BAT/EUR,0.21533,0.21533,0.21533,0.21533,1130.28474007,243.38421307927308
1670716800,2022-12-11 00:00:00,BAT/EUR,0.21531,0.21697,0.21520,0.21697,2479.23942800,537.92057869316
1670803200,2022-12-12 00:00:00,BAT/EUR,0.20844,0.20993,0.20524,0.20742,6172.25840946,1280.249839290193
1670889600,2022-12-13 00:00:00,BAT/EUR,0.20372,0.21255,0.20372,0.21255,9536.81513156,2027.050056213078
1670976000,2022-12-14 00:00:00,BAT/EUR,0.21186,0.21441,0.20885,0.21009,51558.82692797,10831.993949297217
1671062400,2022-12-15 00:00:00,BAT/EUR,0.20633,0.20778,0.20262,0.20262,104500.07572238,21173.805342868636
1671148800,2022-12-16 00:00:00,BAT/EUR,0.20447,0.20447,0.17903,0.17911,69442.98988799,12437.933918837889
1671235200,2022-12-17 00:00:00,BAT/EUR,0.18120,0.18241,0.17761,0.17989,31296.45326424,5629.918977704134
1671321600,2022-12-18 00:00:00,BAT/EUR,0.17966,0.17966,0.17962,0.17962,2004.58589541,360.0637185335442
1671408000,2022-12-19 00:00:00,BAT/EUR,0.17500,0.17820,0.16565,0.16873,128809.56196854,21734.037390951755
1671494400,2022-12-20 00:00:00,BAT/EUR,0.17153,0.17787,0.17143,0.17787,20934.59957208,3723.637225885869
1671580800,2022-12-21 00:00:00,BAT/EUR,0.17745,0.17810,0.17446,0.17810,16177.32416747,2881.181434226407
1671667200,2022-12-22 00:00:00,BAT/EUR,0.17762,0.17816,0.17403,0.17816,31302.70550981,5576.89001362775
1671753600,2022-12-23 00:00:00,BAT/EUR,0.17863,0.18000,0.17793,0.17870,50042.21881283,8942.54450185272
1671840000,2022-12-24 00:00:00,BAT/EUR,0.17879,0.17879,0.17858,0.17858,727.30026669,129.88128162550018
1671926400,2022-12-25 00:00:00,BAT/EUR,0.17867,0.17867,0.17445,0.17505,2329.37062443,407.7563278064716
1672012800,2022-12-26 00:00:00,BAT/EUR,0.17567,0.17606,0.17347,0.17465,38216.05775122,6674.434486250573
1672099200,2022-12-27 00:00:00,BAT/EUR,0.17099,0.17130,0.16634,0.16646,10301.24623986,1714.7454490870955
1672185600,2022-12-28 00:00:00,BAT/EUR,0.16511,0.16511,0.15671,0.15711,61942.82427322,9731.837121565595
1672272000,2022-12-29 00:00:00,BAT/EUR,0.15792,0.15863,0.15231,0.15546,163789.00636866,25462.63893007188
1672358400,2022-12-30 00:00:00,BAT/EUR,0.15544,0.15564,0.15078,0.15408,125582.08912587,19349.68829251405
1672444800,2022-12-31 00:00:00,BAT/EUR,0.15451,0.15675,0.15451,0.15458,135151.01930769,20891.64456458272
1672531200,2023-01-01 00:00:00,BAT/EUR,0.15498,0.15765,0.15445,0.15685,35289.65832070,5535.182907601795
1672617600,2023-01-02 00:00:00,BAT/EUR,0.15580,0.16269,0.15450,0.16269,41462.27660018,6745.497780083284
1672704000,2023-01-03 00:00:00,BAT/EUR,0.16100,0.16453,0.16100,0.16274,11868.86061336,1931.5383762182064
1672790400,2023-01-04 00:00:00,BAT/EUR,0.16543,0.17087,0.16543,0.17064,196046.05836362,33453.299399168114
1672876800,2023-01-05 00:00:00,BAT/EUR,0.17200,0.17200,0.16698,0.16698,11907.21590599,1988.26691198221
1672963200,2023-01-06 00:00:00,BAT/EUR,0.16958,0.16958,0.16260,0.16680,34501.58858938,5754.864976708584
1673049600,2023-01-07 00:00:00,BAT/EUR,0.16890,0.17040,0.16890,0.16992,18382.05824355,3123.4793367440157
1673136000,2023-01-08 00:00:00,BAT/EUR,0.16824,0.17577,0.16824,0.17577,19287.60418010,3390.182186736177
1673222400,2023-01-09 00:00:00,BAT/EUR,0.17676,0.18684,0.17676,0.18318,36167.64940869,6625.190018683834
1673308800,2023-01-10 00:00:00,BAT/EUR,0.18480,0.18480,0.18000,0.18392,326885.07516201,60120.70302379687
1673395200,2023-01-11 00:00:00,BAT/EUR,0.18192,0.18700,0.17750,0.18582,229951.70969336,42729.626695220155
1673481600,2023-01-12 00:00:00,BAT/EUR,0.18750,0.19049,0.18258,0.18991,218493.51620479,41494.10366245167
1673568000,2023-01-13 00:00:00,BAT/EUR,0.18753,0.19770,0.18753,0.19698,199289.21175252,39255.98893101139
1673654400,2023-01-14 00:00:00,BAT/EUR,0.19828,0.21864,0.19814,0.20641,196425.74829286,40544.23870512923
1673740800,2023-01-15 00:00:00,BAT/EUR,0.20920,0.21679,0.20919,0.21451,149457.14755337,32060.052721673404
1673827200,2023-01-16 00:00:00,BAT/EUR,0.21736,0.21994,0.20647,0.21400,197866.92896742,42343.52279902788
1673913600,2023-01-17 00:00:00,BAT/EUR,0.21280,0.21601,0.21119,0.21547,47097.25917098,10148.04643357106
1674000000,2023-01-18 00:00:00,BAT/EUR,0.21362,0.22638,0.20168,0.20889,451842.50145664,94385.38012927753
1674086400,2023-01-19 00:00:00,BAT/EUR,0.20796,0.23117,0.20673,0.22036,291693.28218882,64277.53166312838
1674172800,2023-01-20 00:00:00,BAT/EUR,0.22008,0.23282,0.21564,0.23282,209000.89092027,48659.58742405726
1674259200,2023-01-21 00:00:00,BAT/EUR,0.23500,0.23600,0.22575,0.22650,333192.95614712,75468.20456732268
1674345600,2023-01-22 00:00:00,BAT/EUR,0.22731,0.23303,0.22253,0.22253,57931.89875227,12891.585429342644
1674432000,2023-01-23 00:00:00,BAT/EUR,0.22523,0.24325,0.22523,0.23527,395901.19559520,93143.6742876827
1674518400,2023-01-24 00:00:00,BAT/EUR,0.23872,0.24745,0.22333,0.22333,348469.89902343,77823.78254890263
1674604800,2023-01-25 00:00:00,BAT/EUR,0.22242,0.23498,0.21801,0.23044,59655.75860770,13747.073013558389
1674691200,2023-01-26 00:00:00,BAT/EUR,0.23380,0.25100,0.23380,0.23846,305734.82176381,72905.52559779813
1674777600,2023-01-27 00:00:00,BAT/EUR,0.23529,0.24360,0.23204,0.24192,81542.19427766,19726.687639651507
1674864000,2023-01-28 00:00:00,BAT/EUR,0.24476,0.24921,0.23624,0.23656,22310.83280899,5277.850609294674
1674950400,2023-01-29 00:00:00,BAT/EUR,0.23912,0.25319,0.23912,0.25079,229863.94189173,57647.57798702697
1675036800,2023-01-30 00:00:00,BAT/EUR,0.24764,0.24764,0.22337,0.22434,79783.06824964,17898.533531124238
1675123200,2023-01-31 00:00:00,BAT/EUR,0.22807,0.23478,0.22695,0.23243,27347.79558861,6356.448128660622
1675209600,2023-02-01 00:00:00,BAT/EUR,0.23400,0.24722,0.23030,0.24711,162378.61866355,40125.38045794984
1675296000,2023-02-02 00:00:00,BAT/EUR,0.24777,0.25256,0.24390,0.24552,185977.78284822,45661.265244894974
1675382400,2023-02-03 00:00:00,BAT/EUR,0.24541,0.25613,0.24222,0.25613,183447.01050658,46986.28280105034
1675468800,2023-02-04 00:00:00,BAT/EUR,0.25862,0.26216,0.25559,0.26008,31569.19956211,8210.517422113568
1675555200,2023-02-05 00:00:00,BAT/EUR,0.26080,0.28818,0.25100,0.26347,106165.11649368,27971.323242589868
1675641600,2023-02-06 00:00:00,BAT/EUR,0.26385,0.26911,0.25610,0.25685,153921.55153472,39534.75051169284
1675728000,2023-02-07 00:00:00,BAT/EUR,0.25736,0.28043,0.25481,0.27959,156277.87279647,43693.73045516505
1675814400,2023-02-08 00:00:00,BAT/EUR,0.27941,0.29708,0.27267,0.27871,91507.13465172,25503.953498780884
1675900800,2023-02-09 00:00:00,BAT/EUR,0.27985,0.28501,0.24512,0.24616,216833.04942768,53375.62344711771
1675987200,2023-02-10 00:00:00,BAT/EUR,0.24788,0.25839,0.24544,0.25328,57810.98854128,14642.3671777354
1676073600,2023-02-11 00:00:00,BAT/EUR,0.25215,0.25432,0.24978,0.25432,12640.03085830,3214.612647882856
1676160000,2023-02-12 00:00:00,BAT/EUR,0.25224,0.27914,0.24984,0.26712,463332.45156211,123765.36446127083
1676246400,2023-02-13 00:00:00,BAT/EUR,0.26297,0.27335,0.25385,0.26301,520655.55228623,136937.61680680138
1676332800,2023-02-14 00:00:00,BAT/EUR,0.26537,0.28147,0.25921,0.27809,376754.61860393,104771.69188756689
1676419200,2023-02-15 00:00:00,BAT/EUR,0.27464,0.29090,0.27464,0.29090,18539.41133779,5393.11475816311
1676505600,2023-02-16 00:00:00,BAT/EUR,0.29375,0.29634,0.27531,0.27531,143644.81169637,39546.85310812762
1676592000,2023-02-17 00:00:00,BAT/EUR,0.27450,0.28682,0.27300,0.28368,243899.75344858,69189.48205829317
1676678400,2023-02-18 00:00:00,BAT/EUR,0.28875,0.28875,0.28304,0.28697,18321.30891362,5257.666018941532
1676764800,2023-02-19 00:00:00,BAT/EUR,0.28582,0.29210,0.27969,0.28746,64933.18321666,18665.692847461083
1676851200,2023-02-20 00:00:00,BAT/EUR,0.29476,0.30093,0.28310,0.29763,19095.58712528,5683.4195960970865
1676937600,2023-02-21 00:00:00,BAT/EUR,0.29587,0.29884,0.28448,0.28871,36407.66022102,10511.255582410686
1677024000,2023-02-22 00:00:00,BAT/EUR,0.29526,0.31234,0.29196,0.30863,136753.59663275,42206.262528765634
1677110400,2023-02-23 00:00:00,BAT/EUR,0.30650,0.31162,0.29695,0.29858,116251.60302257,34710.40363047895
1677196800,2023-02-24 00:00:00,BAT/EUR,0.29657,0.29880,0.27981,0.27981,59753.63406867,16719.66434875455
1677283200,2023-02-25 00:00:00,BAT/EUR,0.27981,0.28431,0.26715,0.27715,26291.05098969,7286.564781792584
1677369600,2023-02-26 00:00:00,BAT/EUR,0.27896,0.29727,0.27896,0.29406,10417.94660982,3063.5013800836687
1677456000,2023-02-27 00:00:00,BAT/EUR,0.29575,0.29771,0.28557,0.28628,99403.78676256,28457.316074385675
1677542400,2023-02-28 00:00:00,BAT/EUR,0.28477,0.28629,0.27548,0.27885,71937.14046798,20059.671619496225
1677628800,2023-03-01 00:00:00,BAT/EUR,0.27135,0.28124,0.27135,0.27935,68347.21045767,19092.79324135011
1677715200,2023-03-02 00:00:00,BAT/EUR,0.28304,0.28403,0.26800,0.27500,67845.14275668,18657.414258087
1677801600,2023-03-03 00:00:00,BAT/EUR,0.26700,0.26700,0.23907,0.24976,163572.60210875,40853.8931026814
1677888000,2023-03-04 00:00:00,BAT/EUR,0.25520,0.25532,0.23868,0.23910,20172.73107111,4823.299999102401
1677974400,2023-03-05 00:00:00,BAT/EUR,0.24695,0.24695,0.24408,0.24517,25489.45916017,6249.250702298879
1678060800,2023-03-06 00:00:00,BAT/EUR,0.23652,0.24405,0.23543,0.24317,35994.18566108,8752.706127204825
1678147200,2023-03-07 00:00:00,BAT/EUR,0.24281,0.24352,0.23111,0.23522,25782.93093415,6064.6610143307635
1678233600,2023-03-08 00:00:00,BAT/EUR,0.23768,0.23768,0.22159,0.22490,44388.44833665,9982.962030912584
1678320000,2023-03-09 00:00:00,BAT/EUR,0.22435,0.22939,0.20490,0.20491,55741.42136742,11421.974652398032
1678406400,2023-03-10 00:00:00,BAT/EUR,0.20504,0.20671,0.19302,0.19927,60124.14333068,11980.938041504603
1678492800,2023-03-11 00:00:00,BAT/EUR,0.20209,0.20517,0.18950,0.19323,56471.11729533,10911.913994976616
1678579200,2023-03-12 00:00:00,BAT/EUR,0.19576,0.20822,0.19348,0.20767,26249.49317273,5451.232247180838
1678665600,2023-03-13 00:00:00,BAT/EUR,0.21310,0.22178,0.20603,0.22004,44606.75159048,9815.26961996922
1678752000,2023-03-14 00:00:00,BAT/EUR,0.22348,0.23865,0.21844,0.23122,22710.75256859,5251.18020890938
1678838400,2023-03-15 00:00:00,BAT/EUR,0.23125,0.23527,0.21517,0.22160,26212.36006125,5808.658989573
1678924800,2023-03-16 00:00:00,BAT/EUR,0.21661,0.22436,0.21490,0.22140,20816.42363840,4608.75619354176
1679011200,2023-03-17 00:00:00,BAT/EUR,0.22251,0.24120,0.22251,0.24018,19014.98009431,4567.017919051376
1679097600,2023-03-18 00:00:00,BAT/EUR,0.24003,0.24579,0.22975,0.22975,12536.43833548,2880.24670757653
1679184000,2023-03-19 00:00:00,BAT/EUR,0.23839,0.24401,0.23611,0.24374,65538.90573242,15974.45288322005
1679270400,2023-03-20 00:00:00,BAT/EUR,0.24484,0.24484,0.23000,0.23165,30628.04770148,7094.987250047842
1679356800,2023-03-21 00:00:00,BAT/EUR,0.22007,0.24212,0.22001,0.23341,14897.33740491,3477.1875236800433
1679443200,2023-03-22 00:00:00,BAT/EUR,0.23410,0.23828,0.21853,0.22472,4983.10215757,1119.8027168491303
1679529600,2023-03-23 00:00:00,BAT/EUR,0.21725,0.23455,0.21725,0.23304,8684.44490194,2023.8230399480976
1679616000,2023-03-24 00:00:00,BAT/EUR,0.23375,0.23418,0.22669,0.22669,2080.17405794,471.55465719441855
1679702400,2023-03-25 00:00:00,BAT/EUR,0.21780,0.24930,0.21627,0.21912,37461.56192733,8208.577449516551
1679788800,2023-03-26 00:00:00,BAT/EUR,0.22436,0.23982,0.22436,0.22783,11141.72272959,2538.4186894824898
1679875200,2023-03-27 00:00:00,BAT/EUR,0.22381,0.22573,0.21545,0.21815,11906.26992731,2597.352784642677
1679961600,2023-03-28 00:00:00,BAT/EUR,0.22129,0.22312,0.21965,0.21967,2759.94030353,606.2760864764351
1680048000,2023-03-29 00:00:00,BAT/EUR,0.22607,0.23766,0.22243,0.23459,6280.22618561,1473.27826088225
1680134400,2023-03-30 00:00:00,BAT/EUR,0.22805,0.22828,0.22578,0.22578,236.07074588,53.300053004786406
1680220800,2023-03-31 00:00:00,BAT/EUR,0.22796,0.24868,0.22555,0.24534,17329.16690125,4251.537807552675
1680307200,2023-04-01 00:00:00,BAT/EUR,0.25001,0.26998,0.24986,0.24986,42721.16764746,10674.310948394355
1680393600,2023-04-02 00:00:00,BAT/EUR,0.25285,0.27492,0.24083,0.24083,19032.62052406,4583.6260008093695
1680480000,2023-04-03 00:00:00,BAT/EUR,0.24751,0.25549,0.24100,0.25225,52831.78459293,13326.817663566591
1680566400,2023-04-04 00:00:00,BAT/EUR,0.24750,0.26046,0.24708,0.25229,19771.79598766,4988.226409726742
1680652800,2023-04-05 00:00:00,BAT/EUR,0.26617,0.29230,0.26160,0.26920,31473.31602594,8472.616674183048
1680739200,2023-04-06 00:00:00,BAT/EUR,0.26196,0.26196,0.25574,0.26028,2228.02811369,579.9111574312332
1680825600,2023-04-07 00:00:00,BAT/EUR,0.26465,0.27341,0.25975,0.26838,61043.09610421,16382.74613244788
1680912000,2023-04-08 00:00:00,BAT/EUR,0.26788,0.26788,0.25974,0.26033,2743.25141913,714.150641942113
1680998400,2023-04-09 00:00:00,BAT/EUR,0.25619,0.25619,0.24756,0.25543,4240.98845030,1083.275679860129
1681084800,2023-04-10 00:00:00,BAT/EUR,0.25790,0.25790,0.25125,0.25618,1726.39138034,442.26694381550124
1681171200,2023-04-11 00:00:00,BAT/EUR,0.25857,0.25974,0.25679,0.25763,4194.40440180,1080.6044060357342
1681257600,2023-04-12 00:00:00,BAT/EUR,0.25346,0.25699,0.24403,0.25699,7386.62311407,1898.2882740848493
1681344000,2023-04-13 00:00:00,BAT/EUR,0.25366,0.25583,0.24842,0.25458,5185.91113804,1320.229257522223
1681430400,2023-04-14 00:00:00,BAT/EUR,0.25480,0.26904,0.23440,0.26179,26132.77898560,6841.3002106402255
1681516800,2023-04-15 00:00:00,BAT/EUR,0.25751,0.26115,0.25751,0.26104,1254.86806540,327.57075979201596
1681603200,2023-04-16 00:00:00,BAT/EUR,0.25843,0.26556,0.25664,0.26373,22695.27380685,5985.424561080551
1681689600,2023-04-17 00:00:00,BAT/EUR,0.25985,0.26061,0.25580,0.25626,968.29903086,248.13630964818358
1681776000,2023-04-18 00:00:00,BAT/EUR,0.25893,0.26174,0.25336,0.25336,11112.29625252,2815.411378538467
1681862400,2023-04-19 00:00:00,BAT/EUR,0.25764,0.25764,0.23413,0.23413,15424.32949560,3611.2982648048282
1681948800,2023-04-20 00:00:00,BAT/EUR,0.23717,0.23986,0.22831,0.23189,7308.13720541,1694.683936562525
1682035200,2023-04-21 00:00:00,BAT/EUR,0.23188,0.23581,0.22613,0.22613,5061.24299100,1144.49887755483
1682121600,2023-04-22 00:00:00,BAT/EUR,0.22564,0.23180,0.22393,0.23180,3126.18713763,724.650178502634
1682208000,2023-04-23 00:00:00,BAT/EUR,0.23489,0.23500,0.22778,0.22846,14882.93114118,3400.154448513983
1682294400,2023-04-24 00:00:00,BAT/EUR,0.23116,0.23116,0.22266,0.22425,6772.99317469,1518.8437194242326
1682380800,2023-04-25 00:00:00,BAT/EUR,0.22090,0.22944,0.21218,0.22817,6825.97319029,1557.4823028284695
1682467200,2023-04-26 00:00:00,BAT/EUR,0.22654,0.23700,0.22000,0.22522,10567.57680436,2380.029647877959
1682553600,2023-04-27 00:00:00,BAT/EUR,0.23251,0.23365,0.21985,0.21985,2710.49397165,595.9020996672524
1682640000,2023-04-28 00:00:00,BAT/EUR,0.23183,0.23183,0.22713,0.22877,3737.82062931,855.1012253672487
1682726400,2023-04-29 00:00:00,BAT/EUR,0.22918,0.23025,0.22918,0.23025,272.28125000,62.692757812500005
1682812800,2023-04-30 00:00:00,BAT/EUR,0.22692,0.22877,0.22185,0.22406,1482.74857886,332.2246465793716
1682899200,2023-05-01 00:00:00,BAT/EUR,0.22024,0.22024,0.21861,0.21861,4831.34127538,1056.179516210822
1682985600,2023-05-02 00:00:00,BAT/EUR,0.21737,0.22234,0.21448,0.21708,5770.79134845,1252.723385921526
1683072000,2023-05-03 00:00:00,BAT/EUR,0.21434,0.21486,0.21111,0.21111,1206.27034818,254.65573320427978
1683158400,2023-05-04 00:00:00,BAT/EUR,0.21878,0.21878,0.21548,0.21599,3544.54058102,765.5853200945097
1683244800,2023-05-05 00:00:00,BAT/EUR,0.21685,0.22163,0.21685,0.22093,3051.42997246,674.1524238155878
1683331200,2023-05-06 00:00:00,BAT/EUR,0.21700,0.21700,0.21055,0.21067,2273.14044073,478.8824966485891
1683417600,2023-05-07 00:00:00,BAT/EUR,0.21067,0.21067,0.21067,0.21067,0.00000000,0.0
1683504000,2023-05-08 00:00:00,BAT/EUR,0.20666,0.21198,0.19104,0.19127,13406.03474322,2564.172265335689
1683590400,2023-05-09 00:00:00,BAT/EUR,0.19744,0.19903,0.19744,0.19878,1643.31854966,326.6588613014148
1683676800,2023-05-10 00:00:00,BAT/EUR,0.20217,0.20305,0.19105,0.19808,10490.23440208,2077.9056303640064
1683763200,2023-05-11 00:00:00,BAT/EUR,0.19835,0.21005,0.19088,0.19378,12399.07148249,2402.6920718769125
1683849600,2023-05-12 00:00:00,BAT/EUR,0.18928,0.19521,0.18928,0.19521,3489.18166038,681.1231519227797
1683936000,2023-05-13 00:00:00,BAT/EUR,0.19535,0.19800,0.19410,0.19575,42773.08807219,8372.831990131193
1684022400,2023-05-14 00:00:00,BAT/EUR,0.19800,0.19800,0.19800,0.19800,12.43183132,2.4615026013600003
1684108800,2023-05-15 00:00:00,BAT/EUR,0.20258,0.20258,0.20176,0.20176,1748.77824583,352.8334988786608
1684195200,2023-05-16 00:00:00,BAT/EUR,0.20358,0.20358,0.20358,0.20358,848.62932061,172.76395708978382
1684281600,2023-05-17 00:00:00,BAT/EUR,0.20548,0.20824,0.20246,0.20824,5341.72066951,1112.3599122187625
1684368000,2023-05-18 00:00:00,BAT/EUR,0.20700,0.20862,0.20389,0.20389,2635.28650618,537.3085657450401
1684454400,2023-05-19 00:00:00,BAT/EUR,0.20713,0.20713,0.20406,0.20406,3794.69295340,774.345044070804
1684540800,2023-05-20 00:00:00,BAT/EUR,0.20490,0.20810,0.20359,0.20385,3330.59392907,678.9415724409195
1684627200,2023-05-21 00:00:00,BAT/EUR,0.20403,0.20469,0.20097,0.20221,1642.26303740,332.082008792654
1684713600,2023-05-22 00:00:00,BAT/EUR,0.20088,0.20297,0.19923,0.20297,771.40757101,156.5725946878997
1684800000,2023-05-23 00:00:00,BAT/EUR,0.20442,0.20874,0.20442,0.20662,2486.57420441,513.7759621151943
1684886400,2023-05-24 00:00:00,BAT/EUR,0.20230,0.20234,0.19838,0.19906,5699.41252747,1134.5250577181782
1684972800,2023-05-25 00:00:00,BAT/EUR,0.20149,0.20557,0.20149,0.20218,1979.06716413,400.1277992438034
1685059200,2023-05-26 00:00:00,BAT/EUR,0.20058,0.20360,0.19973,0.20360,1218.53405439,248.093533473804
1685145600,2023-05-27 00:00:00,BAT/EUR,0.20465,0.20472,0.20427,0.20427,1953.70711102,399.0837515680554
1685232000,2023-05-28 00:00:00,BAT/EUR,0.20854,0.21198,0.20708,0.21198,4062.89397936,861.2522657447328
1685318400,2023-05-29 00:00:00,BAT/EUR,0.21088,0.21088,0.21088,0.21088,250.00000000,52.720000000000006
1685404800,2023-05-30 00:00:00,BAT/EUR,0.20517,0.20556,0.20221,0.20459,4580.98356757,937.2234280891462
1685491200,2023-05-31 00:00:00,BAT/EUR,0.20490,0.20490,0.19829,0.19878,3196.20125488,635.3408854450464
1685577600,2023-06-01 00:00:00,BAT/EUR,0.20029,0.20029,0.19949,0.19949,301.61038754,60.1682562103546
1685664000,2023-06-02 00:00:00,BAT/EUR,0.20077,0.20210,0.20077,0.20210,1295.53215952,261.827049438992
1685750400,2023-06-03 00:00:00,BAT/EUR,0.20250,0.20330,0.20250,0.20310,580.09508797,117.817312366707
1685836800,2023-06-04 00:00:00,BAT/EUR,0.20260,0.20607,0.20196,0.20521,1824.41341209,374.3878762949889
1685923200,2023-06-05 00:00:00,BAT/EUR,0.19822,0.22108,0.18363,0.18585,6567.64821583,1220.5974209120054
1686009600,2023-06-06 00:00:00,BAT/EUR,0.18500,0.19395,0.18453,0.19395,1594.58594271,309.2699435886045
1686096000,2023-06-07 00:00:00,BAT/EUR,0.19190,0.19190,0.18612,0.18612,852.57330850,158.68094417802
1686182400,2023-06-08 00:00:00,BAT/EUR,0.18377,0.18579,0.18192,0.18579,1503.20631594,279.2807014384926
1686268800,2023-06-09 00:00:00,BAT/EUR,0.18011,0.18192,0.18011,0.18192,5176.98301713,941.7967504762896
1686355200,2023-06-10 00:00:00,BAT/EUR,0.17021,0.17021,0.14992,0.15760,24687.82437000,3890.8011207119994
1686441600,2023-06-11 00:00:00,BAT/EUR,0.16791,0.16867,0.15787,0.16001,7343.36207040,1175.011364884704
1686528000,2023-06-12 00:00:00,BAT/EUR,0.15633,0.15720,0.15440,0.15720,2937.16566778,461.72244297501607
1686614400,2023-06-13 00:00:00,BAT/EUR,0.15940,0.15960,0.15841,0.15842,5948.35371686,942.3381958249612
1686700800,2023-06-14 00:00:00,BAT/EUR,0.15688,0.15688,0.15201,0.15457,1585.44238485,245.06182942626452
1686787200,2023-06-15 00:00:00,BAT/EUR,0.15237,0.15237,0.15237,0.15237,70.11281789,10.6830900618993
1686873600,2023-06-16 00:00:00,BAT/EUR,0.15450,0.15774,0.15450,0.15774,1806.05469438,284.88706749150117
1686960000,2023-06-17 00:00:00,BAT/EUR,0.15961,0.16044,0.15961,0.16044,138.78536210,22.266723495323998
1687046400,2023-06-18 00:00:00,BAT/EUR,0.15773,0.15855,0.15773,0.15775,1064.02908396,167.85058799469
1687132800,2023-06-19 00:00:00,BAT/EUR,0.15662,0.16068,0.15423,0.16068,566.79309515,91.072314528702
1687219200,2023-06-20 00:00:00,BAT/EUR,0.15652,0.15652,0.15652,0.15652,101.36143230,15.865091383595999
1687305600,2023-06-21 00:00:00,BAT/EUR,0.16663,0.16947,0.16509,0.16783,4821.29380509,809.1577393082548
1687392000,2023-06-22 00:00:00,BAT/EUR,0.17191,0.17585,0.16706,0.16880,9136.18344948,1542.187766272224
1687478400,2023-06-23 00:00:00,BAT/EUR,0.16937,0.17709,0.16692,0.17709,8465.45165833,1499.1468341736595
1687564800,2023-06-24 00:00:00,BAT/EUR,0.17900,0.18300,0.17900,0.18042,135198.31393880,24392.479800838297
1687651200,2023-06-25 00:00:00,BAT/EUR,0.18296,0.18866,0.18296,0.18406,2368.18893417,435.88885522333015
1687737600,2023-06-26 00:00:00,BAT/EUR,0.17923,0.18223,0.17518,0.17518,445.67563385,78.073457537843
1687824000,2023-06-27 00:00:00,BAT/EUR,0.18438,0.18438,0.17658,0.17969,7473.06796979,1342.8355834915649
1687910400,2023-06-28 00:00:00,BAT/EUR,0.17623,0.17623,0.16819,0.16819,161717.99494567,27199.34956991224
1687996800,2023-06-29 00:00:00,BAT/EUR,0.17331,0.17391,0.17242,0.17308,1652.74399946,286.05693142653683
1688083200,2023-06-30 00:00:00,BAT/EUR,0.17997,0.19454,0.16144,0.17604,13162.50000802,2317.1265014118408
1688169600,2023-07-01 00:00:00,BAT/EUR,0.18254,0.18940,0.18239,0.18239,30427.42136293,5549.657382384802
1688256000,2023-07-02 00:00:00,BAT/EUR,0.18930,0.18930,0.18462,0.18836,1687.93275169,317.9390131083284
1688342400,2023-07-03 00:00:00,BAT/EUR,0.18897,0.19002,0.18117,0.18693,1830.40009914,342.15669053224025
1688428800,2023-07-04 00:00:00,BAT/EUR,0.18831,0.19151,0.18331,0.18814,4712.43883506,886.5982424281884
1688515200,2023-07-05 00:00:00,BAT/EUR,0.19200,0.19858,0.18175,0.18320,286407.08584335,52469.77812650172
1688601600,2023-07-06 00:00:00,BAT/EUR,0.18326,0.18626,0.17764,0.17836,7902.13113522,1409.424109277839
1688688000,2023-07-07 00:00:00,BAT/EUR,0.17388,0.17393,0.17143,0.17393,10033.32398800,1745.09604123284
1688774400,2023-07-08 00:00:00,BAT/EUR,0.17163,0.17367,0.17000,0.17000,5328.73743620,905.8853641540001
1688860800,2023-07-09 00:00:00,BAT/EUR,0.17222,0.17239,0.17037,0.17212,8119.20963567,1397.4783624915203
1688947200,2023-07-10 00:00:00,BAT/EUR,0.17183,0.17371,0.17183,0.17371,687.53788852,119.4322066148092
1689033600,2023-07-11 00:00:00,BAT/EUR,0.17432,0.17694,0.17243,0.17322,23539.97731271,4077.594870107627
1689120000,2023-07-12 00:00:00,BAT/EUR,0.17744,0.17744,0.17406,0.17672,82248.48117527,14534.951593293714
1689206400,2023-07-13 00:00:00,BAT/EUR,0.17454,0.19813,0.17439,0.18818,45935.67712615,8644.175721598907
1689292800,2023-07-14 00:00:00,BAT/EUR,0.19055,0.19055,0.17870,0.17879,21956.27824456,3925.5629873448825
1689379200,2023-07-15 00:00:00,BAT/EUR,0.18573,0.18919,0.18481,0.18919,13287.99635328,2513.956030077043
1689465600,2023-07-16 00:00:00,BAT/EUR,0.18735,0.18735,0.18128,0.18128,7220.29479373,1308.8950402073742
1689552000,2023-07-17 00:00:00,BAT/EUR,0.19162,0.20070,0.17907,0.17907,108439.36950945,19418.237898057214
1689638400,2023-07-18 00:00:00,BAT/EUR,0.17635,0.18269,0.17426,0.17426,19862.97024449,3461.3211948048274
1689724800,2023-07-19 00:00:00,BAT/EUR,0.17811,0.17943,0.17624,0.17835,3657.85543745,652.3785172692076
1689811200,2023-07-20 00:00:00,BAT/EUR,0.17941,0.18097,0.17872,0.17911,1542.97699989,276.3626104502979
1689897600,2023-07-21 00:00:00,BAT/EUR,0.18056,0.18376,0.17619,0.18303,550.24625564,100.71157216978919
1689984000,2023-07-22 00:00:00,BAT/EUR,0.18391,0.18534,0.18327,0.18490,3425.71146962,633.414050732738
1690070400,2023-07-23 00:00:00,BAT/EUR,0.18827,0.19000,0.18788,0.18788,6322.41395266,1187.8551334257609
1690156800,2023-07-24 00:00:00,BAT/EUR,0.18451,0.18451,0.17390,0.17862,161188.45916885,28791.48257673999
1690243200,2023-07-25 00:00:00,BAT/EUR,0.17912,0.17912,0.17522,0.17850,2845.73912334,507.96443351618996
1690329600,2023-07-26 00:00:00,BAT/EUR,0.17565,0.17949,0.17352,0.17949,852.95964973,153.0977275300377
1690416000,2023-07-27 00:00:00,BAT/EUR,0.17917,0.17917,0.17900,0.17904,1119.22204198,200.3855143960992
1690502400,2023-07-28 00:00:00,BAT/EUR,0.17839,0.18146,0.17839,0.18005,2785.68789393,501.56310530209646
1690588800,2023-07-29 00:00:00,BAT/EUR,0.18223,0.18223,0.18104,0.18104,523.88720365,94.84453934879599
1690675200,2023-07-30 00:00:00,BAT/EUR,0.18345,0.19285,0.18345,0.18990,121469.36574568,23067.032555104634
1690761600,2023-07-31 00:00:00,BAT/EUR,0.19108,0.19108,0.18150,0.18528,95430.64751326,17681.390371256814
1690848000,2023-08-01 00:00:00,BAT/EUR,0.18200,0.18645,0.18200,0.18645,140646.60675292,26223.559829081933
1690934400,2023-08-02 00:00:00,BAT/EUR,0.18323,0.18608,0.17420,0.17420,17721.68271786,3087.117129451212
1691020800,2023-08-03 00:00:00,BAT/EUR,0.18460,0.19044,0.18382,0.18747,202142.47968225,37895.65066603141
1691107200,2023-08-04 00:00:00,BAT/EUR,0.18747,0.19333,0.18351,0.19333,163311.88846325,31573.087396600124
1691193600,2023-08-05 00:00:00,BAT/EUR,0.18469,0.18870,0.18469,0.18870,5617.80424835,1060.079661663645
1691280000,2023-08-06 00:00:00,BAT/EUR,0.18897,0.19000,0.18833,0.18976,1862.58818123,353.4447332702048
1691366400,2023-08-07 00:00:00,BAT/EUR,0.19045,0.19851,0.18250,0.18429,206089.92899020,37980.313013603954
1691452800,2023-08-08 00:00:00,BAT/EUR,0.18520,0.20250,0.18520,0.19602,359488.64482723,70466.96415903363
1691539200,2023-08-09 00:00:00,BAT/EUR,0.19404,0.19404,0.19288,0.19352,332.24223061,64.29551646764719
1691625600,2023-08-10 00:00:00,BAT/EUR,0.19438,0.19851,0.18768,0.19509,5865.18581553,1144.2391007517476
1691712000,2023-08-11 00:00:00,BAT/EUR,0.19811,0.20800,0.19811,0.19946,218009.75320298,43484.22537386639
1691798400,2023-08-12 00:00:00,BAT/EUR,0.20010,0.20010,0.19967,0.19967,394.64376535,78.7985206274345
1691884800,2023-08-13 00:00:00,BAT/EUR,0.19351,0.19575,0.19350,0.19400,169571.79717677,32896.928652293376
1691971200,2023-08-14 00:00:00,BAT/EUR,0.19243,0.19408,0.19120,0.19328,3545.07482919,685.1920629858432
1692057600,2023-08-15 00:00:00,BAT/EUR,0.19120,0.19120,0.18111,0.18428,28507.83403414,5253.423655811319
1692144000,2023-08-16 00:00:00,BAT/EUR,0.17600,0.17739,0.17122,0.17126,12056.38785878,2064.776984694663
1692230400,2023-08-17 00:00:00,BAT/EUR,0.17055,0.17102,0.14100,0.14996,25811.47518524,3870.6888187785908
1692316800,2023-08-18 00:00:00,BAT/EUR,0.15288,0.15754,0.15287,0.15754,25303.98280573,3986.3894512147044
1692403200,2023-08-19 00:00:00,BAT/EUR,0.15853,0.15853,0.15781,0.15808,1815.72693817,287.0301143859136
1692489600,2023-08-20 00:00:00,BAT/EUR,0.16121,0.16149,0.15994,0.16141,8618.98516407,1391.1903953325386
1692576000,2023-08-21 00:00:00,BAT/EUR,0.16295,0.16496,0.15729,0.15740,11975.00889834,1884.8664005987162
1692662400,2023-08-22 00:00:00,BAT/EUR,0.15845,0.16172,0.15588,0.15588,9001.95451126,1403.224669215209
1692748800,2023-08-23 00:00:00,BAT/EUR,0.15939,0.16323,0.15846,0.16323,6094.45313744,994.7975856243312
1692835200,2023-08-24 00:00:00,BAT/EUR,0.16160,0.16213,0.15968,0.16010,4345.48344695,695.711899856695
1692921600,2023-08-25 00:00:00,BAT/EUR,0.16123,0.16124,0.16123,0.16124,3189.21180835,514.2285119783539
1693008000,2023-08-26 00:00:00,BAT/EUR,0.16067,0.16067,0.15331,0.15983,6148.71206190,982.748648853477
1693094400,2023-08-27 00:00:00,BAT/EUR,0.15790,0.16078,0.15790,0.16078,1274.99562525,204.99379662769502
1693180800,2023-08-28 00:00:00,BAT/EUR,0.15786,0.15786,0.15689,0.15783,1904.66812173,300.6137696526459
1693267200,2023-08-29 00:00:00,BAT/EUR,0.15751,0.16589,0.15461,0.16589,4961.80114853,823.1131925296418
1693353600,2023-08-30 00:00:00,BAT/EUR,0.16628,0.16629,0.16290,0.16291,2483.95715759,404.6614605429869
1693440000,2023-08-31 00:00:00,BAT/EUR,0.16110,0.16110,0.15551,0.15717,806.10658030,126.695771225751
1693526400,2023-09-01 00:00:00,BAT/EUR,0.15559,0.15645,0.15240,0.15366,4074.93580477,626.1546357609582
1693612800,2023-09-02 00:00:00,BAT/EUR,0.15469,0.15597,0.15439,0.15439,1145.65110849,176.8770746397711
1693699200,2023-09-03 00:00:00,BAT/EUR,0.15563,0.15563,0.15431,0.15431,2283.68475069,352.3953938789739
1693785600,2023-09-04 00:00:00,BAT/EUR,0.15640,0.15640,0.15390,0.15390,687.06722279,105.739645587381
1693872000,2023-09-05 00:00:00,BAT/EUR,0.15396,0.15714,0.15396,0.15660,3971.57794424,621.949106067984
1693958400,2023-09-06 00:00:00,BAT/EUR,0.16101,0.16101,0.15789,0.16059,107293.38662134,17230.244957520994
1694044800,2023-09-07 00:00:00,BAT/EUR,0.15758,0.15758,0.15753,0.15753,2691.32777200,423.96486392316
1694131200,2023-09-08 00:00:00,BAT/EUR,0.15781,0.15921,0.15781,0.15921,69603.91632461,11081.639518041158
1694217600,2023-09-09 00:00:00,BAT/EUR,0.15922,0.15951,0.15875,0.15951,1429.26388207,227.9818818289857
1694304000,2023-09-10 00:00:00,BAT/EUR,0.15451,0.15451,0.15450,0.15450,171468.81421964,26491.93179693438
1694390400,2023-09-11 00:00:00,BAT/EUR,0.15018,0.15060,0.14682,0.14682,1809.36371624,265.6507808183568
1694476800,2023-09-12 00:00:00,BAT/EUR,0.15142,0.15521,0.15142,0.15370,1480.68927363,227.581941356931
1694563200,2023-09-13 00:00:00,BAT/EUR,0.15267,0.15531,0.14860,0.14860,4724.81494123,702.1075002667781
1694649600,2023-09-14 00:00:00,BAT/EUR,0.15645,0.16139,0.15645,0.16139,4479.73011055,722.9836425416645
1694736000,2023-09-15 00:00:00,BAT/EUR,0.16303,0.16303,0.16018,0.16273,3962.42669138,644.8056954882675
1694822400,2023-09-16 00:00:00,BAT/EUR,0.16441,0.16449,0.16441,0.16449,1600.00000000,263.18399999999997
1694908800,2023-09-17 00:00:00,BAT/EUR,0.16087,0.16090,0.15768,0.15788,5017.01784659,792.0867776196292
1694995200,2023-09-18 00:00:00,BAT/EUR,0.16021,0.16302,0.15886,0.16070,5372.97647852,863.4373200981639
1695081600,2023-09-19 00:00:00,BAT/EUR,0.16479,0.16632,0.16398,0.16398,6658.08544492,1091.7928512579815
1695168000,2023-09-20 00:00:00,BAT/EUR,0.16508,0.16508,0.15740,0.15740,910.38316179,143.29430966574603
1695254400,2023-09-21 00:00:00,BAT/EUR,0.16301,0.16301,0.16010,0.16076,1140.59903814,183.36270137138638
1695340800,2023-09-22 00:00:00,BAT/EUR,0.16410,0.16410,0.16279,0.16279,567.21117479,92.3363071440641
1695427200,2023-09-23 00:00:00,BAT/EUR,0.16598,0.16598,0.16445,0.16576,194980.08672020,32319.89917474035
1695513600,2023-09-24 00:00:00,BAT/EUR,0.16454,0.16539,0.16130,0.16130,98595.45676107,15903.447175560592
1695600000,2023-09-25 00:00:00,BAT/EUR,0.16130,0.16320,0.16001,0.16132,103166.92743447,16642.888733728698
1695686400,2023-09-26 00:00:00,BAT/EUR,0.16132,0.16132,0.16132,0.16132,0.00000000,0.0
1695772800,2023-09-27 00:00:00,BAT/EUR,0.16168,0.16168,0.16044,0.16044,586.33121152,94.0709795762688
1695859200,2023-09-28 00:00:00,BAT/EUR,0.16159,0.16284,0.16066,0.16254,2017.41532172,327.9106863923688
1695945600,2023-09-29 00:00:00,BAT/EUR,0.16490,0.16699,0.16400,0.16699,185505.95274303,30977.63904855858
1696032000,2023-09-30 00:00:00,BAT/EUR,0.16800,0.17021,0.16800,0.17021,512.53964631,87.2393731984251
1696118400,2023-10-01 00:00:00,BAT/EUR,0.17258,0.17258,0.17229,0.17229,1447.31652487,249.35816406985228
1696204800,2023-10-02 00:00:00,BAT/EUR,0.17543,0.17543,0.16745,0.16745,3656.46237011,612.2746238749195
1696291200,2023-10-03 00:00:00,BAT/EUR,0.17047,0.17163,0.16892,0.16892,2672.14117837,451.3780878502604
1696377600,2023-10-04 00:00:00,BAT/EUR,0.16561,0.16561,0.16250,0.16250,152930.26220659,24851.16760857088
1696464000,2023-10-05 00:00:00,BAT/EUR,0.16553,0.16579,0.16320,0.16320,47606.32611129,7769.352421362529
1696550400,2023-10-06 00:00:00,BAT/EUR,0.16253,0.16404,0.16253,0.16404,30920.66143613,5072.225301982765
1696636800,2023-10-07 00:00:00,BAT/EUR,0.16493,0.16493,0.16284,0.16340,32133.04181637,5250.539032794858
1696723200,2023-10-08 00:00:00,BAT/EUR,0.16267,0.17372,0.16267,0.17188,8119.51145825,1395.58162944401
1696809600,2023-10-09 00:00:00,BAT/EUR,0.17143,0.17143,0.15678,0.16304,30300.94867796,4940.266672454598
1696896000,2023-10-10 00:00:00,BAT/EUR,0.16304,0.16304,0.16304,0.16304,0.00000000,0.0
1696982400,2023-10-11 00:00:00,BAT/EUR,0.15967,0.15967,0.15967,0.15967,89.61031066,14.3080783030822
1697068800,2023-10-12 00:00:00,BAT/EUR,0.15678,0.15908,0.15678,0.15908,1529.55808631,243.3221003701948
1697155200,2023-10-13 00:00:00,BAT/EUR,0.16096,0.16096,0.16096,0.16096,64.00000000,10.30144
1697241600,2023-10-14 00:00:00,BAT/EUR,0.16238,0.16238,0.16134,0.16134,745.97760902,120.35602743928682
1697328000,2023-10-15 00:00:00,BAT/EUR,0.16381,0.17160,0.16381,0.16683,15630.25145843,2607.5948508098772
1697414400,2023-10-16 00:00:00,BAT/EUR,0.16825,0.17268,0.16824,0.17268,202273.36337909,34928.56438830126
1697500800,2023-10-17 00:00:00,BAT/EUR,0.17283,0.17472,0.17043,0.17043,5489.85755430,935.6364229793489
1697587200,2023-10-18 00:00:00,BAT/EUR,0.16838,0.16838,0.16614,0.16614,1357.74081831,225.5750595540234
1697673600,2023-10-19 00:00:00,BAT/EUR,0.16458,0.16458,0.16205,0.16360,33668.22222405,5508.121155854579
1697760000,2023-10-20 00:00:00,BAT/EUR,0.16980,0.17250,0.16980,0.17250,95191.86226129,16420.596240072526
1697846400,2023-10-21 00:00:00,BAT/EUR,0.17370,0.18100,0.17370,0.18022,43618.56542840,7860.937861506247
1697932800,2023-10-22 00:00:00,BAT/EUR,0.18127,0.18700,0.17833,0.18700,10388.57254629,1942.6630661562301
1698019200,2023-10-23 00:00:00,BAT/EUR,0.18990,0.19123,0.18133,0.19123,10502.73739328,2008.4384717169346
1698105600,2023-10-24 00:00:00,BAT/EUR,0.18903,0.19360,0.18640,0.18640,6320.51592829,1178.144169033256
1698192000,2023-10-25 00:00:00,BAT/EUR,0.18945,0.19001,0.18767,0.18767,1103.54056531,207.10145789172768
1698278400,2023-10-26 00:00:00,BAT/EUR,0.18675,0.19344,0.18593,0.18713,1297.41741392,242.78572066684958
1698364800,2023-10-27 00:00:00,BAT/EUR,0.18745,0.18941,0.18541,0.18541,31162.61317130,5777.860108090733
1698451200,2023-10-28 00:00:00,BAT/EUR,0.18894,0.19243,0.18837,0.19057,675.53266697,128.7362603444729
1698537600,2023-10-29 00:00:00,BAT/EUR,0.19037,0.19591,0.18990,0.19589,2386.20522368,467.4337412666752
1698624000,2023-10-30 00:00:00,BAT/EUR,0.19774,0.20000,0.19357,0.19509,2241.72048507,437.33724943230635
1698710400,2023-10-31 00:00:00,BAT/EUR,0.19805,0.19823,0.18371,0.19227,10276.17029631,1975.7992628715235
1698796800,2023-11-01 00:00:00,BAT/EUR,0.19708,0.20302,0.18914,0.19968,3916.68005487,782.0826733564415
1698883200,2023-11-02 00:00:00,BAT/EUR,0.19918,0.20382,0.19524,0.19757,8065.40459773,1593.481986373516
1698969600,2023-11-03 00:00:00,BAT/EUR,0.19700,0.19700,0.18951,0.19253,7220.27245825,1390.1190563868727
1699056000,2023-11-04 00:00:00,BAT/EUR,0.19300,0.19814,0.19300,0.19814,2260.00623292,447.7976349907688
1699142400,2023-11-05 00:00:00,BAT/EUR,0.20048,0.20400,0.20048,0.20400,2653.07572277,541.22744744508
1699228800,2023-11-06 00:00:00,BAT/EUR,0.20351,0.20620,0.20117,0.20620,853.67338122,176.02745120756398
1699315200,2023-11-07 00:00:00,BAT/EUR,0.20440,0.20440,0.19733,0.20131,2532.69942342,509.8577209286802
1699401600,2023-11-08 00:00:00,BAT/EUR,0.20790,0.21248,0.20784,0.21023,4131.12326493,868.4860439862339
1699488000,2023-11-09 00:00:00,BAT/EUR,0.21240,0.25000,0.19002,0.20102,26635.93220834,5354.355092520507
1699574400,2023-11-10 00:00:00,BAT/EUR,0.20915,0.23021,0.20315,0.20990,8885.23909917,1865.011686915783
1699660800,2023-11-11 00:00:00,BAT/EUR,0.21092,0.23308,0.20324,0.21794,189855.06226243,41377.01226947399
1699747200,2023-11-12 00:00:00,BAT/EUR,0.22430,0.24330,0.22430,0.22694,55150.81717692,12515.926450130224
1699833600,2023-11-13 00:00:00,BAT/EUR,0.23271,0.23271,0.21673,0.21673,57609.85534793,12485.78394955687
1699920000,2023-11-14 00:00:00,BAT/EUR,0.21815,0.21951,0.20000,0.20382,30046.40790205,6124.058858595831
1700006400,2023-11-15 00:00:00,BAT/EUR,0.20395,0.21401,0.20395,0.21381,89819.07668857,19204.216786783152
1700092800,2023-11-16 00:00:00,BAT/EUR,0.21300,0.21441,0.19994,0.20493,4260.81421802,873.1686576988386
1700179200,2023-11-17 00:00:00,BAT/EUR,0.20978,0.21039,0.20000,0.20921,3246.50624167,679.2015708197807
1700265600,2023-11-18 00:00:00,BAT/EUR,0.20853,0.20853,0.20046,0.20290,1455.39515994,295.29967795182597
1700352000,2023-11-19 00:00:00,BAT/EUR,0.20290,0.20673,0.20290,0.20673,1039.81005547,214.9599327673131
1700438400,2023-11-20 00:00:00,BAT/EUR,0.20527,0.20689,0.20147,0.20147,1418.08856513,285.70230321674114
1700524800,2023-11-21 00:00:00,BAT/EUR,0.20005,0.20005,0.18250,0.18250,3387.60838570,618.2385303902499
1700611200,2023-11-22 00:00:00,BAT/EUR,0.18010,0.19228,0.18000,0.19128,50281.51464211,9617.848120742801
1700697600,2023-11-23 00:00:00,BAT/EUR,0.19298,0.19336,0.18800,0.19224,5578.76978396,1072.4627032684702
1700784000,2023-11-24 00:00:00,BAT/EUR,0.19437,0.19751,0.19422,0.19750,18759.55206303,3705.0115324484254
1700870400,2023-11-25 00:00:00,BAT/EUR,0.19756,0.20140,0.19756,0.20038,16571.80894417,3320.6590762327846
1700956800,2023-11-26 00:00:00,BAT/EUR,0.19945,0.19945,0.19562,0.19800,11907.11430135,2357.6086316673004
1701043200,2023-11-27 00:00:00,BAT/EUR,0.19785,0.19785,0.18669,0.18872,89626.28994610,16914.27343862799
1701129600,2023-11-28 00:00:00,BAT/EUR,0.19085,0.19357,0.18966,0.19164,12354.53909849,2367.623872834624
1701216000,2023-11-29 00:00:00,BAT/EUR,0.19197,0.23567,0.19180,0.20862,144305.65747545,30105.046262528376
1701302400,2023-11-30 00:00:00,BAT/EUR,0.21440,0.21998,0.20139,0.20394,19625.15940093,4002.3550082256643
1701388800,2023-12-01 00:00:00,BAT/EUR,0.20462,0.20795,0.20216,0.20795,1601.52971816,333.038104891372
1701475200,2023-12-02 00:00:00,BAT/EUR,0.20855,0.22011,0.20781,0.21901,17421.69757889,3815.5259867526993
1701561600,2023-12-03 00:00:00,BAT/EUR,0.21499,0.22400,0.21287,0.21593,24212.15623999,5228.130896901041
1701648000,2023-12-04 00:00:00,BAT/EUR,0.21459,0.23400,0.16700,0.22514,289658.19300570,65213.6455733033
1701734400,2023-12-05 00:00:00,BAT/EUR,0.22661,0.23603,0.22096,0.22583,7118.69131064,1607.6140586818312
1701820800,2023-12-06 00:00:00,BAT/EUR,0.22624,0.22624,0.21111,0.22125,14134.76646603,3127.3170806091375
1701907200,2023-12-07 00:00:00,BAT/EUR,0.22244,0.22933,0.22031,0.22615,14430.92278797,3263.5531884994152
1701993600,2023-12-08 00:00:00,BAT/EUR,0.22624,0.23597,0.22531,0.23597,11894.73944484,2806.8016667988945
1702080000,2023-12-09 00:00:00,BAT/EUR,0.23700,0.24154,0.23394,0.23503,10198.92815463,2397.054084182689
1702166400,2023-12-10 00:00:00,BAT/EUR,0.23876,0.23876,0.23002,0.23699,14775.28237333,3501.5941696554764
1702252800,2023-12-11 00:00:00,BAT/EUR,0.21308,0.21967,0.21011,0.21632,13591.96888675,2940.2147095817604
1702339200,2023-12-12 00:00:00,BAT/EUR,0.21497,0.21990,0.21318,0.21861,31870.20183860,6967.144823936346
1702425600,2023-12-13 00:00:00,BAT/EUR,0.21716,0.22309,0.21100,0.22309,28273.70937096,6307.581823567467
1702512000,2023-12-14 00:00:00,BAT/EUR,0.22111,0.22435,0.21865,0.22435,13819.29441478,3100.358701955893
1702598400,2023-12-15 00:00:00,BAT/EUR,0.22435,0.22435,0.21679,0.21679,16471.55553018,3570.8685233877227
1702684800,2023-12-16 00:00:00,BAT/EUR,0.21421,0.22126,0.21421,0.21789,13077.31338285,2849.415812989186
1702771200,2023-12-17 00:00:00,BAT/EUR,0.21806,0.22150,0.20636,0.21589,16096.75109425,3475.127593737632
1702857600,2023-12-18 00:00:00,BAT/EUR,0.21368,0.21368,0.19130,0.21059,41866.70318472,8816.709023670184
1702944000,2023-12-19 00:00:00,BAT/EUR,0.21400,0.21400,0.20389,0.20527,7796.44381510,1600.376021925577
1703030400,2023-12-20 00:00:00,BAT/EUR,0.20755,0.22900,0.20567,0.21436,19349.09835106,4147.6727225332215
1703116800,2023-12-21 00:00:00,BAT/EUR,0.21516,0.22301,0.21410,0.22186,38148.09959761,8463.537376725755
1703203200,2023-12-22 00:00:00,BAT/EUR,0.22143,0.22756,0.22099,0.22623,2059.95146323,466.02281952652294
1703289600,2023-12-23 00:00:00,BAT/EUR,0.22624,0.23006,0.22225,0.22998,9542.01393793,2194.4723654451413
1703376000,2023-12-24 00:00:00,BAT/EUR,0.22842,0.23366,0.22046,0.23258,28870.94673995,6714.804792777571
1703462400,2023-12-25 00:00:00,BAT/EUR,0.23438,0.23860,0.23089,0.23860,5639.67261347,1345.625885573942
1703548800,2023-12-26 00:00:00,BAT/EUR,0.23800,0.24621,0.23175,0.23929,27223.33155900,6514.2710087531095
1703635200,2023-12-27 00:00:00,BAT/EUR,0.22925,0.24141,0.22925,0.24141,2508.41417609,605.556266249887
1703721600,2023-12-28 00:00:00,BAT/EUR,0.24241,0.24241,0.22907,0.22907,23448.64015028,5371.3799992246395
1703808000,2023-12-29 00:00:00,BAT/EUR,0.22581,0.23043,0.21833,0.22229,13446.35358505,2988.9899384207642
1703894400,2023-12-30 00:00:00,BAT/EUR,0.22446,0.22446,0.21975,0.22365,9313.12086502,2082.879481461723
1703980800,2023-12-31 00:00:00,BAT/EUR,0.22645,0.24135,0.22645,0.23242,32372.99944901,7524.132531938903
1704067200,2024-01-01 00:00:00,BAT/EUR,0.23488,0.23805,0.23207,0.23563,1950.67523490,459.637605599487
1704153600,2024-01-02 00:00:00,BAT/EUR,0.23843,0.24315,0.23633,0.24226,19196.39257671,4650.518065633765
1704240000,2024-01-03 00:00:00,BAT/EUR,0.24567,0.26697,0.19026,0.22700,117990.64707590,26783.8768862293
1704326400,2024-01-04 00:00:00,BAT/EUR,0.22782,0.22782,0.21867,0.22485,29551.46610602,6644.6471539385975
1704412800,2024-01-05 00:00:00,BAT/EUR,0.22092,0.22092,0.20933,0.20933,3523.10474609,737.4915164990197
1704499200,2024-01-06 00:00:00,BAT/EUR,0.20555,0.21244,0.20555,0.21208,1140.56612930,241.891264701944
1704585600,2024-01-07 00:00:00,BAT/EUR,0.21270,0.23509,0.21027,0.21027,36453.68591021,7665.116536339857
1704672000,2024-01-08 00:00:00,BAT/EUR,0.20522,0.21814,0.20466,0.21814,1534.29470915,334.691047853981
1704758400,2024-01-09 00:00:00,BAT/EUR,0.22286,0.26000,0.20610,0.20879,64958.85088552,13562.75847638772
1704844800,2024-01-10 00:00:00,BAT/EUR,0.20927,0.22577,0.20809,0.22155,8592.57237602,1903.684409907231
1704931200,2024-01-11 00:00:00,BAT/EUR,0.22262,0.25324,0.22259,0.23477,42177.30035389,9901.964804082756
1705017600,2024-01-12 00:00:00,BAT/EUR,0.24031,0.24100,0.22316,0.22316,43261.98367088,9654.34427599358
1705104000,2024-01-13 00:00:00,BAT/EUR,0.22199,0.22801,0.22199,0.22766,7957.87614668,1811.6900835531687
1705190400,2024-01-14 00:00:00,BAT/EUR,0.22574,0.22574,0.22327,0.22327,298.85385342,66.7250998530834
1705276800,2024-01-15 00:00:00,BAT/EUR,0.21931,0.22252,0.20650,0.21918,2110.68459950,462.61985051841
1705363200,2024-01-16 00:00:00,BAT/EUR,0.21825,0.22775,0.21825,0.22736,6296.13168196,1431.4884992104255
1705449600,2024-01-17 00:00:00,BAT/EUR,0.22608,0.22809,0.22343,0.22504,15533.91674954,3495.7526253164815
1705536000,2024-01-18 00:00:00,BAT/EUR,0.22481,0.22481,0.20994,0.21095,8210.16462702,1731.934228069869
1705622400,2024-01-19 00:00:00,BAT/EUR,0.20971,0.22826,0.20011,0.20616,12399.71931799,2556.3261345968185
1705708800,2024-01-20 00:00:00,BAT/EUR,0.21011,0.21267,0.21011,0.21267,946.91153939,201.3796770820713
1705795200,2024-01-21 00:00:00,BAT/EUR,0.21217,0.21345,0.21185,0.21345,18024.26721923,3847.279837944644
1705881600,2024-01-22 00:00:00,BAT/EUR,0.20516,0.20711,0.19825,0.19825,16439.33115947,3259.0974023649273
1705968000,2024-01-23 00:00:00,BAT/EUR,0.20131,0.20132,0.18556,0.19090,17005.97028395,3246.4397272060546
1706054400,2024-01-24 00:00:00,BAT/EUR,0.19469,0.19787,0.19025,0.19662,22458.79570981,4415.848412462842
1706140800,2024-01-25 00:00:00,BAT/EUR,0.19729,0.19900,0.18723,0.19856,9945.98848305,1974.8754731944077
1706227200,2024-01-26 00:00:00,BAT/EUR,0.20866,0.21128,0.19868,0.20709,26695.67260535,5528.406839841931
1706313600,2024-01-27 00:00:00,BAT/EUR,0.20608,0.21699,0.20608,0.21360,6628.95758065,1415.9453392268401
1706400000,2024-01-28 00:00:00,BAT/EUR,0.21166,0.21375,0.20979,0.20979,1321.95839574,277.3336518422946
1706486400,2024-01-29 00:00:00,BAT/EUR,0.20559,0.21213,0.20559,0.21213,3341.35793227,708.8022581724352
1706572800,2024-01-30 00:00:00,BAT/EUR,0.21122,0.21216,0.20589,0.20589,10661.65114537,2195.127354320229
1706659200,2024-01-31 00:00:00,BAT/EUR,0.20492,0.20859,0.20131,0.20171,24230.35649477,4887.505208560056
1706745600,2024-02-01 00:00:00,BAT/EUR,0.20284,0.20436,0.20014,0.20357,2212.54250253,450.4072772400321
1706832000,2024-02-02 00:00:00,BAT/EUR,0.20359,0.20473,0.20191,0.20467,8521.37756898,1744.0703470431365
1706918400,2024-02-03 00:00:00,BAT/EUR,0.20557,0.20613,0.20176,0.20187,1483.32493819,299.43880527241527
1707004800,2024-02-04 00:00:00,BAT/EUR,0.19982,0.20177,0.19108,0.19822,21917.90555690,4344.567239488719
1707091200,2024-02-05 00:00:00,BAT/EUR,0.19827,0.20240,0.19001,0.20127,8162.46522931,1642.8593767032237
1707177600,2024-02-06 00:00:00,BAT/EUR,0.20026,0.20231,0.20021,0.20183,2648.94889169,534.6373548097927
1707264000,2024-02-07 00:00:00,BAT/EUR,0.19898,0.20230,0.19768,0.20230,2557.60392828,517.4032746910441
1707350400,2024-02-08 00:00:00,BAT/EUR,0.20424,0.20681,0.20424,0.20681,6675.15754350,1380.489331571235
1707436800,2024-02-09 00:00:00,BAT/EUR,0.21007,0.21050,0.20987,0.21050,2174.60798856,457.75498159188004
1707523200,2024-02-10 00:00:00,BAT/EUR,0.20764,0.21192,0.20764,0.21192,3421.69726915,725.126085278268
1707609600,2024-02-11 00:00:00,BAT/EUR,0.21777,0.21777,0.20890,0.20890,4349.63104344,908.637924974616
1707696000,2024-02-12 00:00:00,BAT/EUR,0.21266,0.22081,0.21127,0.21729,66639.55762252,14480.109475797373
1707782400,2024-02-13 00:00:00,BAT/EUR,0.21857,0.22000,0.21197,0.21753,4921.64267178,1070.6049303923032
1707868800,2024-02-14 00:00:00,BAT/EUR,0.21682,0.22246,0.21676,0.22162,18244.06119422,4043.248841863037
1707955200,2024-02-15 00:00:00,BAT/EUR,0.22206,0.22400,0.22027,0.22379,8910.66108080,1994.116843272232
1708041600,2024-02-16 00:00:00,BAT/EUR,0.22265,0.23095,0.22265,0.22776,7828.59122405,1783.039937189628
1708128000,2024-02-17 00:00:00,BAT/EUR,0.22895,0.23990,0.22471,0.23433,14324.99788554,3356.7767545185884
1708214400,2024-02-18 00:00:00,BAT/EUR,0.23405,0.24695,0.23405,0.24276,16082.20189182,3904.1153312582233
1708300800,2024-02-19 00:00:00,BAT/EUR,0.24272,0.24409,0.23946,0.24186,7758.35304779,1876.4352681384894
1708387200,2024-02-20 00:00:00,BAT/EUR,0.24577,0.24712,0.22704,0.23414,5729.55573109,1341.5181788774125
1708473600,2024-02-21 00:00:00,BAT/EUR,0.22978,0.23417,0.22500,0.22900,20224.21420945,4631.345053964051
1708560000,2024-02-22 00:00:00,BAT/EUR,0.23180,0.23771,0.22440,0.23290,6778.84092554,1578.792051558266
1708646400,2024-02-23 00:00:00,BAT/EUR,0.23409,0.24498,0.22339,0.22897,28559.68094033,6539.31014490736
1708732800,2024-02-24 00:00:00,BAT/EUR,0.23049,0.23978,0.22915,0.23978,21615.40107321,5182.940869334294
1708819200,2024-02-25 00:00:00,BAT/EUR,0.23432,0.24414,0.22068,0.24414,778.28863666,190.01138775417238
1708905600,2024-02-26 00:00:00,BAT/EUR,0.24375,0.24958,0.23629,0.24958,18158.44184170,4531.983914851487
1708992000,2024-02-27 00:00:00,BAT/EUR,0.24742,0.24877,0.24293,0.24498,14333.94581121,3511.530044830226
1709078400,2024-02-28 00:00:00,BAT/EUR,0.25189,0.26000,0.22109,0.24779,73273.04528677,18156.327891608737
1709164800,2024-02-29 00:00:00,BAT/EUR,0.25263,0.26524,0.25241,0.25826,50341.56532494,13001.212660819003
1709251200,2024-03-01 00:00:00,BAT/EUR,0.26167,0.27521,0.25673,0.27521,16516.04921067,4545.3819032684905
1709337600,2024-03-02 00:00:00,BAT/EUR,0.27684,0.31498,0.27368,0.30418,286450.30021365,87132.45231898806
1709424000,2024-03-03 00:00:00,BAT/EUR,0.30698,0.30698,0.26357,0.29256,67532.10706607,19757.19324324944
1709510400,2024-03-04 00:00:00,BAT/EUR,0.28970,0.32308,0.28970,0.30526,21421.95148850,6539.26491137951
1709596800,2024-03-05 00:00:00,BAT/EUR,0.29329,0.30894,0.22003,0.26930,311318.48909319,83838.06911279606
1709683200,2024-03-06 00:00:00,BAT/EUR,0.27663,0.30096,0.27663,0.29938,20212.50357267,6051.2193195859445
1709769600,2024-03-07 00:00:00,BAT/EUR,0.30288,0.32662,0.30114,0.32200,132078.78862111,42529.36993599742
1709856000,2024-03-08 00:00:00,BAT/EUR,0.32043,0.33098,0.29586,0.30648,43470.69625694,13322.89898882697
1709942400,2024-03-09 00:00:00,BAT/EUR,0.30968,0.33400,0.30968,0.32703,52155.27359057,17056.33912232411
1710028800,2024-03-10 00:00:00,BAT/EUR,0.32458,0.33564,0.31834,0.31834,58015.00668907,18468.497229398545
1710115200,2024-03-11 00:00:00,BAT/EUR,0.31012,0.34184,0.31012,0.33791,125817.51076280,42514.99506185774
1710201600,2024-03-12 00:00:00,BAT/EUR,0.33930,0.33930,0.31259,0.33850,33509.89912655,11343.100854337175
1710288000,2024-03-13 00:00:00,BAT/EUR,0.33548,0.35000,0.32087,0.34328,104760.13213665,35962.05815986921
1710374400,2024-03-14 00:00:00,BAT/EUR,0.33803,0.34002,0.31315,0.33327,44951.92187661,14981.127003817815
1710460800,2024-03-15 00:00:00,BAT/EUR,0.33451,0.33763,0.28404,0.30994,15900.51578223,4928.205861544367
1710547200,2024-03-16 00:00:00,BAT/EUR,0.31178,0.31178,0.27525,0.27957,5289.98917612,1478.9222739678683
1710633600,2024-03-17 00:00:00,BAT/EUR,0.28507,0.28993,0.27168,0.28970,26114.06736555,7565.245315799835
1710720000,2024-03-18 00:00:00,BAT/EUR,0.28000,0.29003,0.25859,0.27361,21886.70745761,5988.422027476672
1710806400,2024-03-19 00:00:00,BAT/EUR,0.27404,0.28615,0.24146,0.28615,43043.95470165,12317.027637877149
1710892800,2024-03-20 00:00:00,BAT/EUR,0.25159,0.27512,0.23939,0.27503,71069.43807991,19546.227555117646
1710979200,2024-03-21 00:00:00,BAT/EUR,0.27354,0.28216,0.27354,0.28057,3506.70744794,983.8769086685257
1711065600,2024-03-22 00:00:00,BAT/EUR,0.27700,0.27700,0.26700,0.26839,107320.50812768,28803.75117638804
1711152000,2024-03-23 00:00:00,BAT/EUR,0.27065,0.28000,0.27065,0.27640,4428.93930973,1224.1588252093718
1711238400,2024-03-24 00:00:00,BAT/EUR,0.27630,0.28792,0.27528,0.28428,3528.51477120,1003.0861791567359
1711324800,2024-03-25 00:00:00,BAT/EUR,0.28913,0.30720,0.28903,0.30543,4768.55084640,1456.458485015952
1711411200,2024-03-26 00:00:00,BAT/EUR,0.30955,0.32520,0.30154,0.30154,27242.79731113,8214.79310119814
1711497600,2024-03-27 00:00:00,BAT/EUR,0.31931,0.31958,0.31140,0.31140,3843.84531854,1196.973432193356
1711584000,2024-03-28 00:00:00,BAT/EUR,0.30838,0.31563,0.30761,0.31141,94637.09640749,29470.93819225646
1711670400,2024-03-29 00:00:00,BAT/EUR,0.31080,0.33320,0.30231,0.30850,8306.82458389,2562.655384130065
1711756800,2024-03-30 00:00:00,BAT/EUR,0.30547,0.33301,0.30306,0.30306,3748.50817906,1136.0228887459236
1711843200,2024-03-31 00:00:00,BAT/EUR,0.30369,0.31675,0.30269,0.30999,1558.85607819,483.2297956781181
1711929600,2024-04-01 00:00:00,BAT/EUR,0.31029,0.31029,0.28443,0.29197,9412.94625262,2748.2979173774615
1712016000,2024-04-02 00:00:00,BAT/EUR,0.29003,0.29003,0.26410,0.26862,25601.23096951,6877.002663029777
1712102400,2024-04-03 00:00:00,BAT/EUR,0.27047,0.27706,0.26447,0.26447,4216.89993067,1115.2435246642947
1712188800,2024-04-04 00:00:00,BAT/EUR,0.27376,0.27470,0.26921,0.27223,1967.42716753,535.592697816692
1712275200,2024-04-05 00:00:00,BAT/EUR,0.26606,0.27156,0.26319,0.27156,3449.81576116,936.8319681006096
1712361600,2024-04-06 00:00:00,BAT/EUR,0.27007,0.27200,0.27007,0.27200,4216.87076922,1146.9888492278399
1712448000,2024-04-07 00:00:00,BAT/EUR,0.27608,0.27608,0.27595,0.27595,234.50589848,64.711902685556
1712534400,2024-04-08 00:00:00,BAT/EUR,0.27614,0.29203,0.27614,0.29203,785.27771072,229.3246498615616
1712620800,2024-04-09 00:00:00,BAT/EUR,0.29793,0.30447,0.28727,0.29990,10358.56228777,3106.532830102223
1712707200,2024-04-10 00:00:00,BAT/EUR,0.28345,0.30180,0.27000,0.30180,3480.80775446,1050.5077802960282
1712793600,2024-04-11 00:00:00,BAT/EUR,0.30062,0.31142,0.30045,0.30324,33855.98959083,10266.49028352329
1712880000,2024-04-12 00:00:00,BAT/EUR,0.31999,0.33000,0.25223,0.27405,67288.05049687,18440.290238667225
1712966400,2024-04-13 00:00:00,BAT/EUR,0.27000,0.27000,0.20681,0.22243,16797.69123553,3736.310461518938
1713052800,2024-04-14 00:00:00,BAT/EUR,0.22786,0.24829,0.22289,0.24620,4762.22129134,1172.458881927908
1713139200,2024-04-15 00:00:00,BAT/EUR,0.25526,0.25645,0.23662,0.23662,1797.79528343,425.3943199652066
1713225600,2024-04-16 00:00:00,BAT/EUR,0.22955,0.25002,0.22468,0.22543,8604.02704465,1939.6058166754494
1713312000,2024-04-17 00:00:00,BAT/EUR,0.22934,0.22956,0.21772,0.22354,1276.12616217,285.2652422914818
1713398400,2024-04-18 00:00:00,BAT/EUR,0.21813,0.23114,0.21813,0.23114,2356.68478364,544.7241208905497
1713484800,2024-04-19 00:00:00,BAT/EUR,0.21900,0.26611,0.21900,0.23500,52569.29370360,12353.784020346
1713571200,2024-04-20 00:00:00,BAT/EUR,0.24107,0.25223,0.23807,0.25054,5026.13820900,1259.2486668828599
1713657600,2024-04-21 00:00:00,BAT/EUR,0.24501,0.24501,0.24360,0.24483,1534.68820279,375.7377126890757
1713744000,2024-04-22 00:00:00,BAT/EUR,0.25341,0.25341,0.25140,0.25140,1017.23813250,255.7336665105
1713830400,2024-04-23 00:00:00,BAT/EUR,0.25182,0.25464,0.25182,0.25464,21240.72249614,5408.737576417089
1713916800,2024-04-24 00:00:00,BAT/EUR,0.25597,0.26162,0.24937,0.24937,1392.26931701,347.1901995827837
1714003200,2024-04-25 00:00:00,BAT/EUR,0.24404,0.25163,0.23933,0.25163,2214.40443299,557.2105874732737
1714089600,2024-04-26 00:00:00,BAT/EUR,0.24000,0.25997,0.23767,0.24467,30497.66481249,7461.863649671928
1714176000,2024-04-27 00:00:00,BAT/EUR,0.24173,0.24173,0.23882,0.23882,219.30198401,52.373699821268204
1714262400,2024-04-28 00:00:00,BAT/EUR,0.24367,0.24376,0.23148,0.24331,5742.48388222,1397.2037533829482
1714348800,2024-04-29 00:00:00,BAT/EUR,0.24084,0.24084,0.22990,0.23273,20426.57530896,4753.876871654261
1714435200,2024-04-30 00:00:00,BAT/EUR,0.21860,0.23300,0.21745,0.21745,7429.13143957,1615.4646315344964
1714521600,2024-05-01 00:00:00,BAT/EUR,0.22041,0.22041,0.20912,0.21547,11003.63371035,2370.9529555691142
1714608000,2024-05-02 00:00:00,BAT/EUR,0.21725,0.22753,0.21725,0.22753,1263.38696021,287.4584350565813
1714694400,2024-05-03 00:00:00,BAT/EUR,0.22440,0.23464,0.22281,0.23294,1261.10988720,293.762937124368
1714780800,2024-05-04 00:00:00,BAT/EUR,0.23294,0.23294,0.23294,0.23294,0.00000000,0.0
1714867200,2024-05-05 00:00:00,BAT/EUR,0.23446,0.23714,0.23446,0.23714,424.43764193,100.65114240728019
1714953600,2024-05-06 00:00:00,BAT/EUR,0.23332,0.23536,0.23332,0.23416,1807.72421225,423.29670154046
1715040000,2024-05-07 00:00:00,BAT/EUR,0.22724,0.22724,0.22643,0.22643,803.32749318,181.8974442807474
1715126400,2024-05-08 00:00:00,BAT/EUR,0.22507,0.22507,0.22507,0.22507,20.00000000,4.5014
1715212800,2024-05-09 00:00:00,BAT/EUR,0.22627,0.22627,0.22627,0.22627,157.63592076,35.6682797903652
1715299200,2024-05-10 00:00:00,BAT/EUR,0.22286,0.22286,0.22155,0.22155,1739.84998473,385.4637641169315
1715385600,2024-05-11 00:00:00,BAT/EUR,0.22121,0.22121,0.22121,0.22121,191.27444767,42.3118205690807
1715472000,2024-05-12 00:00:00,BAT/EUR,0.21081,0.21082,0.21081,0.21082,9449.17708928,1992.0755139620096
1715558400,2024-05-13 00:00:00,BAT/EUR,0.20666,0.21502,0.20666,0.21502,30498.17979183,6557.718618839286
1715644800,2024-05-14 00:00:00,BAT/EUR,0.21537,0.22024,0.20746,0.20746,1323.06741660,274.483566247836
1715731200,2024-05-15 00:00:00,BAT/EUR,0.20666,0.22384,0.20666,0.22245,37902.20558595,8431.345632594579
1715817600,2024-05-16 00:00:00,BAT/EUR,0.24465,0.24465,0.22158,0.22158,486.62947067,107.8273581110586
1715904000,2024-05-17 00:00:00,BAT/EUR,0.22123,0.24665,0.22123,0.22432,2457.69018564,551.3090624427648
1715990400,2024-05-18 00:00:00,BAT/EUR,0.22604,0.23005,0.22480,0.22600,10239.60301904,2314.15028230304
1716076800,2024-05-19 00:00:00,BAT/EUR,0.22306,0.22306,0.22095,0.22095,437.93958926,96.762752246997
1716163200,2024-05-20 00:00:00,BAT/EUR,0.21900,0.24666,0.21869,0.23548,52810.62380629,12435.845693905168
1716249600,2024-05-21 00:00:00,BAT/EUR,0.23423,0.23523,0.23423,0.23511,1599.93986514,376.1618616930654
1716336000,2024-05-22 00:00:00,BAT/EUR,0.23382,0.23382,0.23253,0.23253,1144.79613396,266.1994450297188
1716422400,2024-05-23 00:00:00,BAT/EUR,0.23190,0.23190,0.22279,0.22279,1578.22631177,351.61303999923825
1716508800,2024-05-24 00:00:00,BAT/EUR,0.22920,0.24190,0.22670,0.22801,379.15116359,86.45025681015589
1716595200,2024-05-25 00:00:00,BAT/EUR,0.22801,0.22801,0.22801,0.22801,0.00000000,0.0
1716681600,2024-05-26 00:00:00,BAT/EUR,0.22671,0.22671,0.22671,0.22671,99.00000000,22.44429
1716768000,2024-05-27 00:00:00,BAT/EUR,0.22503,0.23140,0.22286,0.22953,14592.14903802,3349.3359686967306
1716854400,2024-05-28 00:00:00,BAT/EUR,0.22619,0.22833,0.22074,0.22750,2805.73675740,638.3051123085
1716940800,2024-05-29 00:00:00,BAT/EUR,0.22888,0.23026,0.22600,0.22900,753.26810572,172.49839620988
1717027200,2024-05-30 00:00:00,BAT/EUR,0.22534,0.22626,0.22000,0.22389,4008.76340226,897.5220381319914
1717113600,2024-05-31 00:00:00,BAT/EUR,0.22159,0.22811,0.21757,0.22443,2933.62496123,658.3934500488489
1717200000,2024-06-01 00:00:00,BAT/EUR,0.22443,0.22443,0.22443,0.22443,0.00000000,0.0
1717286400,2024-06-02 00:00:00,BAT/EUR,0.22724,0.22767,0.22724,0.22767,1268.82796972,288.8740638661524
1717372800,2024-06-03 00:00:00,BAT/EUR,0.22478,0.22478,0.22298,0.22298,264.42092814,58.960578556657204
1717459200,2024-06-04 00:00:00,BAT/EUR,0.22054,0.22161,0.21869,0.22152,5387.64038237,1193.4700975026024
1717545600,2024-06-05 00:00:00,BAT/EUR,0.22500,0.22743,0.22500,0.22743,1824.58699527,414.9658203342561
1717632000,2024-06-06 00:00:00,BAT/EUR,0.22566,0.24999,0.22347,0.22347,5862.01590691,1309.9846947171777
1717718400,2024-06-07 00:00:00,BAT/EUR,0.22347,0.22347,0.22347,0.22347,0.00000000,0.0
