https://www.Saxcoin-b6.nl,FET,Fetch.ai
unix,date,symbol,open,high,low,close,volume,total
1648425600,2022-03-28 00:00:00,FET/EUR,0.40678,0.42200,0.39500,0.39500,169613.10700158,66997.17726562411
1648512000,2022-03-29 00:00:00,FET/EUR,0.40010,0.44700,0.40010,0.42046,191989.57460804,80723.9365396965
1648598400,2022-03-30 00:00:00,FET/EUR,0.42353,0.43089,0.40800,0.42500,75482.37057814,32080.007495709502
1648684800,2022-03-31 00:00:00,FET/EUR,0.42581,0.43300,0.39905,0.41256,161357.22231834,66569.53563965435
1648771200,2022-04-01 00:00:00,FET/EUR,0.41667,0.44185,0.39093,0.43145,130179.25173943,56165.838162977074
1648857600,2022-04-02 00:00:00,FET/EUR,0.43866,0.44103,0.41953,0.41953,62418.62374287,26186.48521884625
1648944000,2022-04-03 00:00:00,FET/EUR,0.42798,0.42915,0.41838,0.42812,40527.96384132,17350.831879745918
1649030400,2022-04-04 00:00:00,FET/EUR,0.42314,0.43966,0.41131,0.43966,151116.02753964,66439.67266807811
1649116800,2022-04-05 00:00:00,FET/EUR,0.43656,0.49024,0.43656,0.46916,224882.11358133,105505.69240781678
1649203200,2022-04-06 00:00:00,FET/EUR,0.46747,0.46747,0.40650,0.40868,165432.97973401,67609.1501576952
1649289600,2022-04-07 00:00:00,FET/EUR,0.40578,0.42625,0.39817,0.41584,110025.85213670,45753.15035252533
1649376000,2022-04-08 00:00:00,FET/EUR,0.41059,0.42732,0.37734,0.37925,169662.22668823,64344.39947151123
1649462400,2022-04-09 00:00:00,FET/EUR,0.37718,0.38113,0.36200,0.36586,26598.31805596,9731.260643953527
1649548800,2022-04-10 00:00:00,FET/EUR,0.37340,0.37340,0.34500,0.34500,62546.18083261,21578.43238725045
1649635200,2022-04-11 00:00:00,FET/EUR,0.34621,0.34621,0.31000,0.31000,123248.51783397,38207.0405285307
1649721600,2022-04-12 00:00:00,FET/EUR,0.30993,0.33508,0.30703,0.31794,110166.26801951,35026.263254123005
1649808000,2022-04-13 00:00:00,FET/EUR,0.31599,0.33865,0.31599,0.32326,63889.92033450,20653.055647330468
1649894400,2022-04-14 00:00:00,FET/EUR,0.32222,0.32581,0.30499,0.30750,168570.00465766,51835.27643223045
1649980800,2022-04-15 00:00:00,FET/EUR,0.30652,0.31432,0.30467,0.30942,67882.20888385,21004.113072840868
1650067200,2022-04-16 00:00:00,FET/EUR,0.30898,0.31325,0.30562,0.31325,71198.93492840,22303.066366321298
1650153600,2022-04-17 00:00:00,FET/EUR,0.30864,0.32450,0.29765,0.32450,108294.42426940,35141.5406754203
1650240000,2022-04-18 00:00:00,FET/EUR,0.30522,0.32065,0.28827,0.31846,164448.83460203,52370.375867362476
1650326400,2022-04-19 00:00:00,FET/EUR,0.31839,0.32636,0.31358,0.32302,89181.61576193,28807.445523418628
1650412800,2022-04-20 00:00:00,FET/EUR,0.31989,0.32536,0.30703,0.31230,126846.19507372,39614.06672152276
1650499200,2022-04-21 00:00:00,FET/EUR,0.31029,0.31844,0.29949,0.29949,68085.26956738,20390.857382734637
1650585600,2022-04-22 00:00:00,FET/EUR,0.30065,0.30565,0.29471,0.29969,37670.23475550,11289.392653875795
1650672000,2022-04-23 00:00:00,FET/EUR,0.29720,0.30879,0.29540,0.30070,42668.95281689,12830.554112038824
1650758400,2022-04-24 00:00:00,FET/EUR,0.29865,0.33097,0.29865,0.31710,84105.36585759,26669.81151344179
1650844800,2022-04-25 00:00:00,FET/EUR,0.32094,0.32531,0.30201,0.31359,170102.64695102,53342.48905737036
1650931200,2022-04-26 00:00:00,FET/EUR,0.31714,0.31842,0.28811,0.28828,57699.77083787,16633.68993714116
1651017600,2022-04-27 00:00:00,FET/EUR,0.28391,0.31563,0.28391,0.29720,128796.38312136,38278.2850636682
1651104000,2022-04-28 00:00:00,FET/EUR,0.29602,0.30440,0.28840,0.29449,65989.29563887,19433.187672690823
1651190400,2022-04-29 00:00:00,FET/EUR,0.28897,0.28897,0.26722,0.27026,69377.60584647,18749.991756066982
1651276800,2022-04-30 00:00:00,FET/EUR,0.26786,0.26786,0.24694,0.24694,23789.58915739,5874.601146525886
1651363200,2022-05-01 00:00:00,FET/EUR,0.24000,0.25934,0.24000,0.25712,35195.33122120,9049.423563594944
1651449600,2022-05-02 00:00:00,FET/EUR,0.25719,0.26250,0.24746,0.24746,17583.34140126,4351.1736631558
1651536000,2022-05-03 00:00:00,FET/EUR,0.25014,0.28112,0.24945,0.25535,128156.09571395,32724.659040557133
1651622400,2022-05-04 00:00:00,FET/EUR,0.25796,0.29400,0.25712,0.27171,388862.12847909,105657.72892905354
1651708800,2022-05-05 00:00:00,FET/EUR,0.27426,0.27775,0.24527,0.25313,76031.90640661,19245.95646870519
1651795200,2022-05-06 00:00:00,FET/EUR,0.25264,0.25453,0.24067,0.24651,72141.19491452,17783.525958378326
1651881600,2022-05-07 00:00:00,FET/EUR,0.24143,0.25444,0.23755,0.24386,76928.51893999,18759.78862870596
1651968000,2022-05-08 00:00:00,FET/EUR,0.24323,0.24554,0.22985,0.23106,25391.25102624,5866.902462123014
1652054400,2022-05-09 00:00:00,FET/EUR,0.23359,0.23359,0.18665,0.18665,161717.04256875,30184.48599545719
1652140800,2022-05-10 00:00:00,FET/EUR,0.17988,0.21000,0.17988,0.18599,158316.43176609,29445.27314417508
1652227200,2022-05-11 00:00:00,FET/EUR,0.18684,0.19087,0.08471,0.12647,575089.66009091,72731.58931169739
1652313600,2022-05-12 00:00:00,FET/EUR,0.14700,0.15080,0.10000,0.13844,34154.89017861,4728.402996326769
1652400000,2022-05-13 00:00:00,FET/EUR,0.15080,0.18375,0.15080,0.16123,133628.96402973,21544.99787051337
1652486400,2022-05-14 00:00:00,FET/EUR,0.15467,0.17717,0.14000,0.16621,67664.21497162,11246.469170432958
1652572800,2022-05-15 00:00:00,FET/EUR,0.16586,0.17445,0.16354,0.16876,18232.03776066,3076.838692488982
1652659200,2022-05-16 00:00:00,FET/EUR,0.16659,0.17639,0.16154,0.17639,43661.72336870,7701.4913850049925
1652745600,2022-05-17 00:00:00,FET/EUR,0.17681,0.18948,0.17000,0.18049,31134.96620631,5619.550050576892
1652832000,2022-05-18 00:00:00,FET/EUR,0.17967,0.17967,0.16121,0.16571,48765.75949241,8080.974005487261
1652918400,2022-05-19 00:00:00,FET/EUR,0.16055,0.17102,0.15640,0.16824,73896.52663064,12432.351640338873
1653004800,2022-05-20 00:00:00,FET/EUR,0.16676,0.16933,0.15850,0.15863,19437.32539658,3083.342927659485
1653091200,2022-05-21 00:00:00,FET/EUR,0.15832,0.16352,0.15727,0.16022,19697.50004646,3155.9334574438217
1653177600,2022-05-22 00:00:00,FET/EUR,0.16053,0.16570,0.16010,0.16033,34898.31987308,5595.247625250916
1653264000,2022-05-23 00:00:00,FET/EUR,0.16507,0.16847,0.15433,0.15433,60241.68718538,9297.099583319694
1653350400,2022-05-24 00:00:00,FET/EUR,0.15610,0.15759,0.14468,0.14720,80373.37438434,11830.960709374847
1653436800,2022-05-25 00:00:00,FET/EUR,0.15212,0.15212,0.14899,0.15101,64486.58820250,9738.119684459525
1653523200,2022-05-26 00:00:00,FET/EUR,0.14149,0.14149,0.13145,0.13682,73859.45655448,10105.450845783953
1653609600,2022-05-27 00:00:00,FET/EUR,0.13397,0.13647,0.12691,0.13009,40011.29675897,5205.069595374408
1653696000,2022-05-28 00:00:00,FET/EUR,0.13012,0.16490,0.13012,0.14887,84527.49428688,12583.608074487825
1653782400,2022-05-29 00:00:00,FET/EUR,0.14652,0.16839,0.14558,0.14716,65943.84421418,9704.29611455873
1653868800,2022-05-30 00:00:00,FET/EUR,0.15196,0.15971,0.15196,0.15550,31253.02026878,4859.84465179529
1653955200,2022-05-31 00:00:00,FET/EUR,0.15512,0.16036,0.15366,0.15815,56559.94414885,8944.955167140628
1654041600,2022-06-01 00:00:00,FET/EUR,0.15762,0.16155,0.14500,0.14500,22240.05977181,3224.8086669124496
1654128000,2022-06-02 00:00:00,FET/EUR,0.14252,0.15225,0.14252,0.15225,33212.69412539,5056.632680590627
1654214400,2022-06-03 00:00:00,FET/EUR,0.15174,0.15546,0.14236,0.14988,15321.81178016,2296.433149610381
1654300800,2022-06-04 00:00:00,FET/EUR,0.14255,0.14309,0.13988,0.14309,55217.82570373,7901.118679946725
1654387200,2022-06-05 00:00:00,FET/EUR,0.14238,0.14238,0.13565,0.14068,12334.87960763,1735.2708632013885
1654473600,2022-06-06 00:00:00,FET/EUR,0.14292,0.14647,0.14026,0.14053,10264.85250201,1442.5197221074652
1654560000,2022-06-07 00:00:00,FET/EUR,0.13144,0.15199,0.13100,0.14502,127264.80306304,18455.941740202063
1654646400,2022-06-08 00:00:00,FET/EUR,0.14301,0.16152,0.14123,0.14342,33170.89092742,4757.3691768105755
1654732800,2022-06-09 00:00:00,FET/EUR,0.14037,0.15645,0.14037,0.14738,73805.70296445,10877.484502900641
1654819200,2022-06-10 00:00:00,FET/EUR,0.14427,0.16305,0.14040,0.14040,53019.86198965,7443.988623346861
1654905600,2022-06-11 00:00:00,FET/EUR,0.13825,0.14104,0.12950,0.13024,9937.92619182,1294.3155072226368
1654992000,2022-06-12 00:00:00,FET/EUR,0.12767,0.13016,0.11099,0.11099,138508.17464190,15373.022303504482
1655078400,2022-06-13 00:00:00,FET/EUR,0.10722,0.11177,0.09867,0.10483,129672.36567614,13593.554093829758
1655164800,2022-06-14 00:00:00,FET/EUR,0.10439,0.10841,0.10029,0.10474,97370.26213625,10198.561256150826
1655251200,2022-06-15 00:00:00,FET/EUR,0.10447,0.11421,0.08325,0.10271,243373.93411016,24996.93677245453
1655337600,2022-06-16 00:00:00,FET/EUR,0.09880,0.10143,0.07779,0.07779,108887.16113413,8470.332264623972
1655424000,2022-06-17 00:00:00,FET/EUR,0.07982,0.08842,0.07598,0.07598,67596.70359417,5135.997539085037
1655510400,2022-06-18 00:00:00,FET/EUR,0.07947,0.08138,0.06410,0.07080,90390.86189968,6399.673022497344
1655596800,2022-06-19 00:00:00,FET/EUR,0.07009,0.07549,0.06871,0.07549,43753.62316390,3302.9610126428115
1655683200,2022-06-20 00:00:00,FET/EUR,0.07279,0.07757,0.07098,0.07458,66194.60194408,4936.793412989486
1655769600,2022-06-21 00:00:00,FET/EUR,0.07860,0.08780,0.07714,0.07714,26550.39547639,2048.0975070487248
1655856000,2022-06-22 00:00:00,FET/EUR,0.07601,0.08259,0.07601,0.07730,193071.76948884,14924.44778148733
1655942400,2022-06-23 00:00:00,FET/EUR,0.07800,0.07922,0.07580,0.07922,31743.30688079,2514.704771096184
1656028800,2022-06-24 00:00:00,FET/EUR,0.07787,0.08520,0.07787,0.08520,64192.63074379,5469.2121393709085
1656115200,2022-06-25 00:00:00,FET/EUR,0.08610,0.08989,0.08233,0.08542,58797.13059207,5022.450895174619
1656201600,2022-06-26 00:00:00,FET/EUR,0.08799,0.09016,0.07921,0.07921,369338.24520942,29255.282403038156
1656288000,2022-06-27 00:00:00,FET/EUR,0.07918,0.08058,0.06920,0.07776,380191.62772257,29563.70097170704
1656374400,2022-06-28 00:00:00,FET/EUR,0.07844,0.08047,0.07181,0.07223,51370.32108747,3710.478292147958
1656460800,2022-06-29 00:00:00,FET/EUR,0.07012,0.07526,0.06921,0.07483,210754.01478001,15770.722925988148
1656547200,2022-06-30 00:00:00,FET/EUR,0.06812,0.07011,0.06670,0.07011,50556.27238742,3544.5002570820166
1656633600,2022-07-01 00:00:00,FET/EUR,0.07068,0.07349,0.07066,0.07177,186101.22532514,13356.484941585297
1656720000,2022-07-02 00:00:00,FET/EUR,0.07130,0.07691,0.06977,0.07365,247376.33433698,18219.267023918575
1656806400,2022-07-03 00:00:00,FET/EUR,0.06932,0.07450,0.06932,0.07450,23596.10197800,1757.909597361
1656892800,2022-07-04 00:00:00,FET/EUR,0.07041,0.07468,0.07041,0.07263,58292.12267722,4233.756870046489
1656979200,2022-07-05 00:00:00,FET/EUR,0.07406,0.07406,0.06980,0.07373,256866.75210176,18938.785632462765
1657065600,2022-07-06 00:00:00,FET/EUR,0.07234,0.07585,0.07234,0.07585,7661.67509033,581.1380556015305
1657152000,2022-07-07 00:00:00,FET/EUR,0.07503,0.08110,0.07278,0.07931,188119.11259563,14919.726819959416
1657238400,2022-07-08 00:00:00,FET/EUR,0.08064,0.08153,0.07573,0.07787,220515.50433104,17171.542322258083
1657324800,2022-07-09 00:00:00,FET/EUR,0.07781,0.08199,0.07781,0.08129,93570.03165845,7606.3078735154
1657411200,2022-07-10 00:00:00,FET/EUR,0.07983,0.08013,0.07660,0.07660,31887.58224153,2442.588799701198
1657497600,2022-07-11 00:00:00,FET/EUR,0.07382,0.07509,0.07172,0.07172,11370.43485746,815.4875879770314
1657584000,2022-07-12 00:00:00,FET/EUR,0.07192,0.07248,0.06885,0.06896,178343.18497430,12298.546035827727
1657670400,2022-07-13 00:00:00,FET/EUR,0.06821,0.07317,0.06675,0.07317,114571.61247971,8383.204885140382
1657756800,2022-07-14 00:00:00,FET/EUR,0.07538,0.08000,0.07318,0.07564,48551.69921531,3672.4505286460485
1657843200,2022-07-15 00:00:00,FET/EUR,0.07579,0.07908,0.07578,0.07893,102347.23854634,8078.267538462616
1657929600,2022-07-16 00:00:00,FET/EUR,0.07893,0.08162,0.07859,0.08008,159347.75522034,12760.568238044827
1658016000,2022-07-17 00:00:00,FET/EUR,0.08033,0.08176,0.07026,0.07965,123564.67518288,9841.926378316391
1658102400,2022-07-18 00:00:00,FET/EUR,0.07938,0.08408,0.07938,0.08274,360090.54927043,29793.892046635377
1658188800,2022-07-19 00:00:00,FET/EUR,0.08480,0.08898,0.08338,0.08631,105557.35481607,9110.655294175001
1658275200,2022-07-20 00:00:00,FET/EUR,0.08511,0.08883,0.08171,0.08360,333664.73896999,27894.37217789116
1658361600,2022-07-21 00:00:00,FET/EUR,0.08175,0.08431,0.07865,0.08292,287352.32379611,23827.25468917344
1658448000,2022-07-22 00:00:00,FET/EUR,0.08283,0.08744,0.08084,0.08084,34220.99711988,2766.425407171099
1658534400,2022-07-23 00:00:00,FET/EUR,0.08282,0.08462,0.08138,0.08138,62333.57309900,5072.7061787966195
1658620800,2022-07-24 00:00:00,FET/EUR,0.08194,0.08354,0.08194,0.08354,12085.13933481,1009.5925400300274
1658707200,2022-07-25 00:00:00,FET/EUR,0.08106,0.08200,0.07489,0.07489,62955.27986588,4714.720909155753
1658793600,2022-07-26 00:00:00,FET/EUR,0.07447,0.07480,0.07296,0.07480,82988.43929561,6207.535259311629
1658880000,2022-07-27 00:00:00,FET/EUR,0.07465,0.08022,0.07462,0.07971,177634.80328912,14159.270170175756
1658966400,2022-07-28 00:00:00,FET/EUR,0.07952,0.08984,0.07908,0.08732,141834.17614774,12384.960261220658
1659052800,2022-07-29 00:00:00,FET/EUR,0.08561,0.08779,0.08301,0.08517,118056.21274516,10054.847639505277
1659139200,2022-07-30 00:00:00,FET/EUR,0.08668,0.09159,0.08570,0.08714,249635.97341212,21753.278723132134
1659225600,2022-07-31 00:00:00,FET/EUR,0.08724,0.10190,0.08724,0.09610,127743.87695433,12276.186575311114
1659312000,2022-08-01 00:00:00,FET/EUR,0.09593,0.10113,0.08899,0.09125,205704.55770663,18770.540890729986
1659398400,2022-08-02 00:00:00,FET/EUR,0.09040,0.09461,0.08948,0.09211,99975.20571739,9208.716198628792
1659484800,2022-08-03 00:00:00,FET/EUR,0.09038,0.09645,0.09038,0.09537,581908.97263793,55496.658720479376
1659571200,2022-08-04 00:00:00,FET/EUR,0.09508,0.10266,0.09162,0.09364,293804.80504916,27511.88194480334
1659657600,2022-08-05 00:00:00,FET/EUR,0.09658,0.09926,0.09604,0.09862,70091.30595067,6912.404592855075
1659744000,2022-08-06 00:00:00,FET/EUR,0.09901,0.10109,0.09877,0.10109,225536.32782504,22799.467379833295
1659830400,2022-08-07 00:00:00,FET/EUR,0.10109,0.10109,0.10109,0.10109,0.00000000,0.0
1659916800,2022-08-08 00:00:00,FET/EUR,0.10292,0.10292,0.10036,0.10091,41714.98273170,4209.458907455847
1660003200,2022-08-09 00:00:00,FET/EUR,0.09882,0.09882,0.09304,0.09419,70502.75174548,6640.6541869067605
1660089600,2022-08-10 00:00:00,FET/EUR,0.09147,0.09643,0.09079,0.09643,230402.69127249,22217.73151940621
1660176000,2022-08-11 00:00:00,FET/EUR,0.09934,0.09934,0.09365,0.09365,153699.26267416,14393.935949435085
1660262400,2022-08-12 00:00:00,FET/EUR,0.09368,0.10145,0.09368,0.10075,175751.79743422,17706.993591497667
1660348800,2022-08-13 00:00:00,FET/EUR,0.10191,0.10266,0.09913,0.09913,129401.02320741,12827.523430550553
1660435200,2022-08-14 00:00:00,FET/EUR,0.09854,0.10139,0.09438,0.09621,197610.29930524,19012.086896157143
1660521600,2022-08-15 00:00:00,FET/EUR,0.09613,0.10299,0.09480,0.10236,102653.95825675,10507.659167160931
1660608000,2022-08-16 00:00:00,FET/EUR,0.09926,0.11421,0.09926,0.10547,821148.55754856,86606.53836464662
1660694400,2022-08-17 00:00:00,FET/EUR,0.10658,0.11000,0.09800,0.09951,484377.50577220,48200.405599391626
1660780800,2022-08-18 00:00:00,FET/EUR,0.09920,0.09920,0.09439,0.09439,315938.31555880,29821.417605595132
1660867200,2022-08-19 00:00:00,FET/EUR,0.09149,0.09149,0.08387,0.08661,190257.40304682,16478.19367788508
1660953600,2022-08-20 00:00:00,FET/EUR,0.08363,0.08804,0.08272,0.08273,203636.04453146,16846.809964087686
1661040000,2022-08-21 00:00:00,FET/EUR,0.08505,0.09280,0.08505,0.08994,255197.31159250,22952.44620462945
1661126400,2022-08-22 00:00:00,FET/EUR,0.08857,0.08990,0.08550,0.08904,90437.29359503,8052.536621701471
1661212800,2022-08-23 00:00:00,FET/EUR,0.09429,0.09606,0.09119,0.09188,59878.11682674,5501.601374040872
1661299200,2022-08-24 00:00:00,FET/EUR,0.08997,0.09360,0.08997,0.09340,57142.02913128,5337.065520861552
1661385600,2022-08-25 00:00:00,FET/EUR,0.09268,0.09268,0.09023,0.09087,284060.42439676,25812.57076493358
1661472000,2022-08-26 00:00:00,FET/EUR,0.09097,0.09097,0.08542,0.08813,184126.48630258,16227.067237846375
1661558400,2022-08-27 00:00:00,FET/EUR,0.08775,0.08775,0.08626,0.08655,82117.16842988,7107.2409276061135
1661644800,2022-08-28 00:00:00,FET/EUR,0.08498,0.08554,0.08000,0.08000,213320.59752397,17065.6478019176
1661731200,2022-08-29 00:00:00,FET/EUR,0.07891,0.08407,0.07891,0.08375,63534.42819316,5321.00836117715
1661817600,2022-08-30 00:00:00,FET/EUR,0.08517,0.08517,0.08001,0.08001,30460.58966411,2437.151779025441
1661904000,2022-08-31 00:00:00,FET/EUR,0.08208,0.08276,0.08136,0.08157,82247.97889683,6708.967638614423
1661990400,2022-09-01 00:00:00,FET/EUR,0.08098,0.08205,0.08019,0.08205,305350.18067588,25053.982324455952
1662076800,2022-09-02 00:00:00,FET/EUR,0.08260,0.08533,0.08114,0.08114,118485.93480232,9613.948749860245
1662163200,2022-09-03 00:00:00,FET/EUR,0.08071,0.08435,0.08071,0.08287,164937.12868334,13668.339853988386
1662249600,2022-09-04 00:00:00,FET/EUR,0.08304,0.08347,0.08100,0.08347,75683.24771316,6317.280686617466
1662336000,2022-09-05 00:00:00,FET/EUR,0.08397,0.08398,0.08207,0.08257,28773.87161828,2375.85857952138
1662422400,2022-09-06 00:00:00,FET/EUR,0.08322,0.08343,0.07724,0.07895,139445.80972429,11009.246677732697
1662508800,2022-09-07 00:00:00,FET/EUR,0.07750,0.10408,0.07750,0.09627,200633.58833332,19314.995548848714
1662595200,2022-09-08 00:00:00,FET/EUR,0.09672,0.09878,0.09061,0.09265,90103.28320884,8348.069189299025
1662681600,2022-09-09 00:00:00,FET/EUR,0.09180,0.09484,0.09023,0.09218,99753.03910238,9195.235144457389
1662768000,2022-09-10 00:00:00,FET/EUR,0.09303,0.10242,0.09216,0.09809,138833.30184652,13618.158578125145
1662854400,2022-09-11 00:00:00,FET/EUR,0.09838,0.09942,0.09534,0.09639,14817.79293468,1428.2870609738052
1662940800,2022-09-12 00:00:00,FET/EUR,0.09311,0.09599,0.08913,0.09029,99641.09344496,8996.594327145438
1663027200,2022-09-13 00:00:00,FET/EUR,0.08907,0.08981,0.08756,0.08756,105317.00897819,9221.557306130317
1663113600,2022-09-14 00:00:00,FET/EUR,0.08746,0.09693,0.08427,0.09419,67791.09797497,6385.243518262425
1663200000,2022-09-15 00:00:00,FET/EUR,0.09096,0.09755,0.08910,0.09080,113932.22157475,10345.045718987301
1663286400,2022-09-16 00:00:00,FET/EUR,0.08965,0.08965,0.08655,0.08831,88413.32087436,7807.780366414731
1663372800,2022-09-17 00:00:00,FET/EUR,0.08765,0.08981,0.08765,0.08981,91369.89815434,8205.930553241276
1663459200,2022-09-18 00:00:00,FET/EUR,0.08675,0.08902,0.08170,0.08170,76909.44580113,6283.501721952321
1663545600,2022-09-19 00:00:00,FET/EUR,0.08026,0.08304,0.08026,0.08304,71816.45196556,5963.638171220103
1663632000,2022-09-20 00:00:00,FET/EUR,0.08140,0.09402,0.08140,0.08585,24490.20076117,2102.4837353464445
1663718400,2022-09-21 00:00:00,FET/EUR,0.08596,0.08596,0.08000,0.08000,78842.32514750,6307.3860118
1663804800,2022-09-22 00:00:00,FET/EUR,0.08338,0.08459,0.08273,0.08433,32671.54115705,2755.1910657740264
1663891200,2022-09-23 00:00:00,FET/EUR,0.08636,0.08786,0.08559,0.08786,18209.70647760,1599.9048111219358
1663977600,2022-09-24 00:00:00,FET/EUR,0.08715,0.08808,0.08715,0.08808,59357.90085527,5228.243907332182
1664064000,2022-09-25 00:00:00,FET/EUR,0.08597,0.08600,0.07598,0.08297,12291.78765208,1019.8496214930776
1664150400,2022-09-26 00:00:00,FET/EUR,0.08465,0.08465,0.08465,0.08465,126.75723567,10.7299999994655
1664236800,2022-09-27 00:00:00,FET/EUR,0.08500,0.08999,0.08354,0.08354,42733.39447825,3569.947774713005
1664323200,2022-09-28 00:00:00,FET/EUR,0.09021,0.09402,0.08300,0.08691,45244.80952268,3932.2263956161187
1664409600,2022-09-29 00:00:00,FET/EUR,0.08830,0.08830,0.08449,0.08449,1582.50283125,133.7056642123125
1664496000,2022-09-30 00:00:00,FET/EUR,0.08420,0.08420,0.08420,0.08420,150.00000000,12.629999999999999
1664582400,2022-10-01 00:00:00,FET/EUR,0.08451,0.08451,0.08451,0.08451,124.59766073,10.5297483082923
1664668800,2022-10-02 00:00:00,FET/EUR,0.08451,0.08451,0.08219,0.08252,1514.52482329,124.9785884178908
1664755200,2022-10-03 00:00:00,FET/EUR,0.09318,0.09318,0.08365,0.08365,1455.60519631,121.76137467133151
1664841600,2022-10-04 00:00:00,FET/EUR,0.08365,0.08365,0.08365,0.08365,0.00000000,0.0
1664928000,2022-10-05 00:00:00,FET/EUR,0.09298,0.09298,0.08055,0.08391,5091.28373778,427.2096184371198
1665014400,2022-10-06 00:00:00,FET/EUR,0.08368,0.09000,0.08368,0.08500,23806.16674810,2023.5241735885002
1665100800,2022-10-07 00:00:00,FET/EUR,0.08500,0.08891,0.08500,0.08891,1000.00000000,88.91
1665187200,2022-10-08 00:00:00,FET/EUR,0.08500,0.08500,0.08500,0.08500,1171.78345442,99.6015936257
1665273600,2022-10-09 00:00:00,FET/EUR,0.08890,0.08890,0.08890,0.08890,277.72778402,24.689999999378003
1665360000,2022-10-10 00:00:00,FET/EUR,0.08449,0.08890,0.08400,0.08400,16232.89646046,1363.5633026786402
1665446400,2022-10-11 00:00:00,FET/EUR,0.08527,0.09392,0.08213,0.08213,11173.23143180,917.657497493734
1665532800,2022-10-12 00:00:00,FET/EUR,0.08543,0.08543,0.08300,0.08300,1326.92713027,110.13495181241
1665619200,2022-10-13 00:00:00,FET/EUR,0.08300,0.08300,0.07998,0.08209,16839.99368403,1382.3950815220226
1665705600,2022-10-14 00:00:00,FET/EUR,0.08537,0.09492,0.08149,0.08430,14059.48141907,1185.214283627601
1665792000,2022-10-15 00:00:00,FET/EUR,0.08371,0.08371,0.08371,0.08371,199.42167713,16.693588592552302
1665878400,2022-10-16 00:00:00,FET/EUR,0.08988,0.09592,0.08772,0.08772,9542.46193711,837.0647611232893
1665964800,2022-10-17 00:00:00,FET/EUR,0.08568,0.08781,0.08568,0.08781,4747.03267656,416.8369393287336
1666051200,2022-10-18 00:00:00,FET/EUR,0.08790,0.08947,0.08659,0.08671,9074.19996128,786.8238786425887
1666137600,2022-10-19 00:00:00,FET/EUR,0.08992,0.09798,0.08525,0.08525,17312.60971455,1475.8999781653874
1666224000,2022-10-20 00:00:00,FET/EUR,0.08525,0.09400,0.08400,0.08400,14312.17698066,1202.2228663754402
1666310400,2022-10-21 00:00:00,FET/EUR,0.07839,0.08636,0.07799,0.08000,6722.35733372,537.7885866976
1666396800,2022-10-22 00:00:00,FET/EUR,0.08205,0.08205,0.08205,0.08205,1003.73372253,82.3563519335865
1666483200,2022-10-23 00:00:00,FET/EUR,0.08183,0.08266,0.08183,0.08266,2440.55221168,201.73604581746878
1666569600,2022-10-24 00:00:00,FET/EUR,0.08128,0.08333,0.07799,0.08333,121038.11874530,10086.10643504585
1666656000,2022-10-25 00:00:00,FET/EUR,0.08333,0.08333,0.08333,0.08333,0.00000000,0.0
1666742400,2022-10-26 00:00:00,FET/EUR,0.08992,0.08993,0.08992,0.08993,1620.00000000,145.6866
1666828800,2022-10-27 00:00:00,FET/EUR,0.08988,0.08988,0.08285,0.08285,2733.39674516,226.46192033650598
1666915200,2022-10-28 00:00:00,FET/EUR,0.08307,0.08900,0.08307,0.08900,1800.00000000,160.2
1667001600,2022-10-29 00:00:00,FET/EUR,0.08500,0.08597,0.08500,0.08597,13772.53253099,1184.0246216892103
1667088000,2022-10-30 00:00:00,FET/EUR,0.08633,0.08650,0.08366,0.08366,19872.45974327,1662.529982121968
1667174400,2022-10-31 00:00:00,FET/EUR,0.08628,0.08900,0.08449,0.08449,11436.02039741,966.2293633771709
1667260800,2022-11-01 00:00:00,FET/EUR,0.08449,0.08449,0.08449,0.08449,0.00000000,0.0
1667347200,2022-11-02 00:00:00,FET/EUR,0.08563,0.08563,0.08182,0.08182,11257.77957835,921.1115251005971
1667433600,2022-11-03 00:00:00,FET/EUR,0.08717,0.08999,0.08717,0.08999,6990.25387591,629.0529462931408
1667520000,2022-11-04 00:00:00,FET/EUR,0.09170,0.09292,0.09170,0.09292,11391.50254924,1058.4984168753808
1667606400,2022-11-05 00:00:00,FET/EUR,0.08392,0.09538,0.08392,0.09163,2161.15736270,198.02684914420098
1667692800,2022-11-06 00:00:00,FET/EUR,0.08462,0.10649,0.08462,0.09264,18595.19866183,1722.6592040319313
1667779200,2022-11-07 00:00:00,FET/EUR,0.08728,0.08933,0.08728,0.08933,2410.24713400,215.30737648022003
1667865600,2022-11-08 00:00:00,FET/EUR,0.08728,0.08985,0.07610,0.08985,34198.59763223,3072.7439972558655
1667952000,2022-11-09 00:00:00,FET/EUR,0.07650,0.07993,0.05979,0.05979,33236.39484640,1987.204047866256
1668038400,2022-11-10 00:00:00,FET/EUR,0.07221,0.07349,0.06500,0.06609,64938.27554258,4291.770630609112
1668124800,2022-11-11 00:00:00,FET/EUR,0.06657,0.06887,0.05932,0.06300,14581.12243630,918.6107134869001
1668211200,2022-11-12 00:00:00,FET/EUR,0.06130,0.06130,0.06130,0.06130,2109.08541501,129.28693594011298
1668297600,2022-11-13 00:00:00,FET/EUR,0.05933,0.06048,0.05800,0.05930,44530.55217736,2640.6617441174476
1668384000,2022-11-14 00:00:00,FET/EUR,0.05936,0.06523,0.05936,0.06523,1054.98958736,68.8169707834928
1668470400,2022-11-15 00:00:00,FET/EUR,0.05202,0.07491,0.05202,0.06235,29239.45427007,1823.0799737388645
1668556800,2022-11-16 00:00:00,FET/EUR,0.05968,0.06198,0.05968,0.06198,4661.00000000,288.88878
1668643200,2022-11-17 00:00:00,FET/EUR,0.05936,0.05936,0.05768,0.05768,3546.91570225,204.58609770578
1668729600,2022-11-18 00:00:00,FET/EUR,0.05913,0.05928,0.05767,0.05878,32648.36122722,1919.0706729359915
1668816000,2022-11-19 00:00:00,FET/EUR,0.05766,0.05847,0.05641,0.05847,17571.94381978,1027.4315551425366
1668902400,2022-11-20 00:00:00,FET/EUR,0.05887,0.07399,0.05641,0.05641,12513.16607908,705.8676985209028
1668988800,2022-11-21 00:00:00,FET/EUR,0.05249,0.06012,0.05249,0.05570,22513.93699503,1254.026290623171
1669075200,2022-11-22 00:00:00,FET/EUR,0.05545,0.05545,0.05199,0.05429,49763.66372973,2701.669303887041
1669161600,2022-11-23 00:00:00,FET/EUR,0.06194,0.07400,0.05986,0.05986,49202.60979759,2945.268222483737
1669248000,2022-11-24 00:00:00,FET/EUR,0.06013,0.06429,0.05950,0.06019,40134.42751594,2415.6911921844285
1669334400,2022-11-25 00:00:00,FET/EUR,0.06040,0.06075,0.05838,0.06075,2753.63983528,167.28361999326
1669420800,2022-11-26 00:00:00,FET/EUR,0.06076,0.06077,0.05849,0.05850,30920.56930230,1808.85330418455
1669507200,2022-11-27 00:00:00,FET/EUR,0.05886,0.06069,0.05822,0.05822,37248.42371505,2168.603228690211
1669593600,2022-11-28 00:00:00,FET/EUR,0.05823,0.05823,0.05701,0.05702,55034.82876369,3138.0859361056037
1669680000,2022-11-29 00:00:00,FET/EUR,0.05999,0.06199,0.05757,0.06028,5310.66839768,320.1270910121504
1669766400,2022-11-30 00:00:00,FET/EUR,0.06028,0.06109,0.06028,0.06103,15415.72959420,940.821977134026
1669852800,2022-12-01 00:00:00,FET/EUR,0.06117,0.06120,0.05992,0.05992,5284.39378538,316.6408756199696
1669939200,2022-12-02 00:00:00,FET/EUR,0.06018,0.06097,0.06018,0.06097,2815.78733665,171.6785539155505
1670025600,2022-12-03 00:00:00,FET/EUR,0.05950,0.05950,0.05950,0.05950,842.85714286,50.150000000169996
1670112000,2022-12-04 00:00:00,FET/EUR,0.06037,0.06188,0.06037,0.06188,4138.36883716,256.0822636434608
1670198400,2022-12-05 00:00:00,FET/EUR,0.06045,0.06996,0.06045,0.06436,26367.90865530,1697.038601055108
1670284800,2022-12-06 00:00:00,FET/EUR,0.06713,0.08000,0.06677,0.06677,104507.90128119,6977.992568545056
1670371200,2022-12-07 00:00:00,FET/EUR,0.06308,0.07898,0.06308,0.07415,32892.05122243,2438.945598143184
1670457600,2022-12-08 00:00:00,FET/EUR,0.07279,0.09350,0.07145,0.08440,158617.93157963,13387.353425320773
1670544000,2022-12-09 00:00:00,FET/EUR,0.09499,0.12000,0.08540,0.11457,584871.68069804,67008.74845757445
1670630400,2022-12-10 00:00:00,FET/EUR,0.11384,0.11384,0.08842,0.08870,8289.41895181,735.271461025547
1670716800,2022-12-11 00:00:00,FET/EUR,0.08842,0.10482,0.08707,0.09748,55929.47214373,5452.004944570801
1670803200,2022-12-12 00:00:00,FET/EUR,0.09197,0.09199,0.09197,0.09197,4989.90164036,458.92125386390916
1670889600,2022-12-13 00:00:00,FET/EUR,0.08556,0.08886,0.08555,0.08645,48026.05083238,4151.852094459251
1670976000,2022-12-14 00:00:00,FET/EUR,0.09184,0.10067,0.09184,0.09357,62537.87575222,5851.669034135226
1671062400,2022-12-15 00:00:00,FET/EUR,0.09473,0.09932,0.08979,0.09333,124352.50950254,11605.819711872056
1671148800,2022-12-16 00:00:00,FET/EUR,0.09694,0.09932,0.08500,0.08500,24769.69229192,2105.4238448132
1671235200,2022-12-17 00:00:00,FET/EUR,0.08501,0.08915,0.08461,0.08532,190724.67666398,16272.629412970773
1671321600,2022-12-18 00:00:00,FET/EUR,0.08668,0.08668,0.08200,0.08444,31100.60388900,2626.1349923871603
1671408000,2022-12-19 00:00:00,FET/EUR,0.08400,0.08400,0.08000,0.08000,33800.83952287,2704.0671618296
1671494400,2022-12-20 00:00:00,FET/EUR,0.08308,0.08308,0.08004,0.08085,7836.65822703,633.5938176553755
1671580800,2022-12-21 00:00:00,FET/EUR,0.08002,0.09021,0.08002,0.09021,53493.56389864,4825.654399296314
1671667200,2022-12-22 00:00:00,FET/EUR,0.08894,0.09192,0.08500,0.08698,192946.20990977,16782.461337951794
1671753600,2022-12-23 00:00:00,FET/EUR,0.08788,0.08934,0.08610,0.08610,6468.72633743,556.957337652723
1671840000,2022-12-24 00:00:00,FET/EUR,0.08447,0.08886,0.08447,0.08775,12046.54540567,1057.0843593475424
1671926400,2022-12-25 00:00:00,FET/EUR,0.08659,0.09632,0.08659,0.08890,15388.15559029,1368.007031976781
1672012800,2022-12-26 00:00:00,FET/EUR,0.09310,0.09846,0.09101,0.09298,45945.75151056,4272.035975451869
1672099200,2022-12-27 00:00:00,FET/EUR,0.09500,0.10526,0.09088,0.09229,158577.20943297,14635.0906585688
1672185600,2022-12-28 00:00:00,FET/EUR,0.09228,0.09398,0.08940,0.09067,16853.46411931,1528.1035916978376
1672272000,2022-12-29 00:00:00,FET/EUR,0.09075,0.09307,0.09075,0.09097,17529.25305230,1594.6361501677309
1672358400,2022-12-30 00:00:00,FET/EUR,0.08463,0.08862,0.08444,0.08862,7327.58387751,649.3704832249363
1672444800,2022-12-31 00:00:00,FET/EUR,0.08862,0.08862,0.08862,0.08862,0.00000000,0.0
1672531200,2023-01-01 00:00:00,FET/EUR,0.08679,0.08679,0.08376,0.08429,2573.83855546,216.9488518397234
1672617600,2023-01-02 00:00:00,FET/EUR,0.08643,0.09263,0.08643,0.09168,12277.57386367,1125.6079718212657
1672704000,2023-01-03 00:00:00,FET/EUR,0.09100,0.09757,0.09100,0.09659,14953.85729850,1444.3930764621148
1672790400,2023-01-04 00:00:00,FET/EUR,0.09709,0.10700,0.09163,0.10551,144728.78703693,15270.334320266486
1672876800,2023-01-05 00:00:00,FET/EUR,0.10586,0.10586,0.09663,0.10218,14686.23221594,1500.6392078247493
1672963200,2023-01-06 00:00:00,FET/EUR,0.10154,0.12999,0.10154,0.11790,109316.95353161,12888.468821376819
1673049600,2023-01-07 00:00:00,FET/EUR,0.11963,0.16198,0.11656,0.14927,130424.31992920,19468.438235831687
1673136000,2023-01-08 00:00:00,FET/EUR,0.14294,0.16197,0.12873,0.13236,155246.44345813,20548.419256118086
1673222400,2023-01-09 00:00:00,FET/EUR,0.13699,0.16010,0.12149,0.13716,159443.92109515,21869.328217410774
1673308800,2023-01-10 00:00:00,FET/EUR,0.15554,0.18899,0.14000,0.17909,105797.69345276,18947.308920454787
1673395200,2023-01-11 00:00:00,FET/EUR,0.18565,0.19342,0.16112,0.16427,183912.32035190,30211.276864206615
1673481600,2023-01-12 00:00:00,FET/EUR,0.17113,0.20698,0.16888,0.18567,145348.38370483,26986.834402475786
1673568000,2023-01-13 00:00:00,FET/EUR,0.19224,0.31900,0.18001,0.22031,190360.01868324,41938.215716104605
1673654400,2023-01-14 00:00:00,FET/EUR,0.22110,0.27993,0.19019,0.22307,146772.66669374,32740.57875937258
1673740800,2023-01-15 00:00:00,FET/EUR,0.21000,0.22693,0.19020,0.20908,71991.23241145,15051.926872585964
1673827200,2023-01-16 00:00:00,FET/EUR,0.21206,0.24999,0.20941,0.21240,50510.40050393,10728.409067034732
1673913600,2023-01-17 00:00:00,FET/EUR,0.21234,0.26999,0.19007,0.26029,117544.60321925,30595.684771938584
1674000000,2023-01-18 00:00:00,FET/EUR,0.26189,0.27677,0.21128,0.23704,109986.40633925,26071.17775865582
1674086400,2023-01-19 00:00:00,FET/EUR,0.24140,0.25992,0.23111,0.25492,45561.26358243,11614.477312433055
1674172800,2023-01-20 00:00:00,FET/EUR,0.25300,0.27500,0.23870,0.26274,81638.94868932,21449.81737863193
1674259200,2023-01-21 00:00:00,FET/EUR,0.26000,0.28480,0.23184,0.25190,72616.82961373,18292.179379698588
1674345600,2023-01-22 00:00:00,FET/EUR,0.25144,0.26108,0.23451,0.26108,52126.37309527,13609.15348771309
1674432000,2023-01-23 00:00:00,FET/EUR,0.25106,0.27700,0.24653,0.26176,85937.69437415,22495.050879377504
1674518400,2023-01-24 00:00:00,FET/EUR,0.26132,0.28500,0.24500,0.24500,101264.42026239,24809.78296428555
1674604800,2023-01-25 00:00:00,FET/EUR,0.24499,0.26999,0.23663,0.25390,28424.96745503,7217.099236832118
1674691200,2023-01-26 00:00:00,FET/EUR,0.24919,0.26999,0.23592,0.24000,22322.56055264,5357.414532633599
1674777600,2023-01-27 00:00:00,FET/EUR,0.24000,0.27121,0.23222,0.25768,101083.24757534,26047.131235213616
1674864000,2023-01-28 00:00:00,FET/EUR,0.25941,0.27000,0.23900,0.27000,32397.36907938,8747.2896514326
1674950400,2023-01-29 00:00:00,FET/EUR,0.26457,0.27000,0.25002,0.26259,15990.94685428,4199.062734465385
1675036800,2023-01-30 00:00:00,FET/EUR,0.26554,0.26554,0.23000,0.24262,132621.25494932,32176.568875804016
1675123200,2023-01-31 00:00:00,FET/EUR,0.24538,0.25900,0.24428,0.25391,81070.71958362,20584.666409476955
1675209600,2023-02-01 00:00:00,FET/EUR,0.25300,0.27000,0.23900,0.26019,65814.23348635,17124.205410813403
1675296000,2023-02-02 00:00:00,FET/EUR,0.25555,0.28550,0.25555,0.26000,104419.20844072,27148.9941945872
1675382400,2023-02-03 00:00:00,FET/EUR,0.25100,0.30661,0.25000,0.30497,132086.48788723,40282.416210968535
1675468800,2023-02-04 00:00:00,FET/EUR,0.30422,0.33500,0.26341,0.31815,89451.85805909,28459.108641499482
1675555200,2023-02-05 00:00:00,FET/EUR,0.31556,0.43112,0.29000,0.41570,330325.17100948,137316.17358864084
1675641600,2023-02-06 00:00:00,FET/EUR,0.42127,0.45000,0.36079,0.40977,216952.63321729,88900.68051344893
1675728000,2023-02-07 00:00:00,FET/EUR,0.43897,0.57473,0.42001,0.50905,591236.90926573,300969.1486617198
1675814400,2023-02-08 00:00:00,FET/EUR,0.50136,0.57472,0.39600,0.43274,381964.14248638,165291.1630195561
1675900800,2023-02-09 00:00:00,FET/EUR,0.42504,0.46469,0.34007,0.36488,351020.20369055,128080.25192260787
1675987200,2023-02-10 00:00:00,FET/EUR,0.37033,0.42000,0.36390,0.39960,311221.72197983,124364.20010314007
1676073600,2023-02-11 00:00:00,FET/EUR,0.39569,0.40492,0.36000,0.39036,99504.83307014,38842.70663725985
1676160000,2023-02-12 00:00:00,FET/EUR,0.38500,0.40000,0.37173,0.37173,32961.02196502,12252.600695056884
1676246400,2023-02-13 00:00:00,FET/EUR,0.36001,0.38611,0.32502,0.36213,105836.06731748,38326.415057679034
1676332800,2023-02-14 00:00:00,FET/EUR,0.35649,0.42926,0.35649,0.41067,187062.26420831,76820.86004242666
1676419200,2023-02-15 00:00:00,FET/EUR,0.41177,0.44830,0.38101,0.44581,161021.37579632,71784.93954375741
1676505600,2023-02-16 00:00:00,FET/EUR,0.45000,0.45066,0.38662,0.38662,130101.95876586,50300.019298056795
1676592000,2023-02-17 00:00:00,FET/EUR,0.39837,0.42000,0.38660,0.41513,69362.37752106,28794.403780317636
1676678400,2023-02-18 00:00:00,FET/EUR,0.41654,0.42500,0.39993,0.40551,49036.91724167,19884.9603106696
1676764800,2023-02-19 00:00:00,FET/EUR,0.40286,0.41500,0.38286,0.38889,68125.77575233,26493.432932323612
1676851200,2023-02-20 00:00:00,FET/EUR,0.39303,0.41000,0.38000,0.38612,137687.59593079,53163.93454079664
1676937600,2023-02-21 00:00:00,FET/EUR,0.39748,0.46176,0.38500,0.40787,308699.22946717,125909.15472277463
1677024000,2023-02-22 00:00:00,FET/EUR,0.40679,0.41685,0.38070,0.41388,119927.96241566,49635.785084593364
1677110400,2023-02-23 00:00:00,FET/EUR,0.42000,0.45000,0.40240,0.41505,107033.14600037,44424.10724745357
1677196800,2023-02-24 00:00:00,FET/EUR,0.41254,0.45217,0.39276,0.45216,165458.43423217,74813.68562241798
1677283200,2023-02-25 00:00:00,FET/EUR,0.44490,0.45986,0.38526,0.40800,142754.55698176,58243.859248558074
1677369600,2023-02-26 00:00:00,FET/EUR,0.40058,0.42456,0.39801,0.41186,34577.34889859,14241.026917373276
1677456000,2023-02-27 00:00:00,FET/EUR,0.41288,0.42500,0.40000,0.40000,70388.50093188,28155.400372752003
1677542400,2023-02-28 00:00:00,FET/EUR,0.41499,0.45804,0.38500,0.41868,212067.74212078,88788.52227112817
1677628800,2023-03-01 00:00:00,FET/EUR,0.41757,0.46498,0.41757,0.45900,95627.29521826,43892.92850518134
1677715200,2023-03-02 00:00:00,FET/EUR,0.44883,0.45489,0.42005,0.44600,63835.02979520,28470.4232886592
1677801600,2023-03-03 00:00:00,FET/EUR,0.43300,0.43300,0.37496,0.41550,123523.89056779,51324.176530916746
1677888000,2023-03-04 00:00:00,FET/EUR,0.40898,0.42896,0.38505,0.39905,150806.15002349,60179.19416687368
1677974400,2023-03-05 00:00:00,FET/EUR,0.40547,0.41616,0.40073,0.40800,4774.68535608,1948.0716252806399
1678060800,2023-03-06 00:00:00,FET/EUR,0.39600,0.41099,0.38663,0.39590,47209.75044529,18690.34020129031
1678147200,2023-03-07 00:00:00,FET/EUR,0.39342,0.40129,0.36650,0.37877,141495.09770226,53594.098156685024
1678233600,2023-03-08 00:00:00,FET/EUR,0.36774,0.36774,0.32000,0.32866,135312.29797036,44471.73985093852
1678320000,2023-03-09 00:00:00,FET/EUR,0.32002,0.35238,0.29729,0.30350,210911.83609574,64011.74225505709
1678406400,2023-03-10 00:00:00,FET/EUR,0.29901,0.32000,0.28171,0.31595,258167.21342025,81567.93108012798
1678492800,2023-03-11 00:00:00,FET/EUR,0.31566,0.32392,0.29029,0.30342,53446.68096581,16216.791938646073
1678579200,2023-03-12 00:00:00,FET/EUR,0.30336,0.36231,0.30336,0.36231,71834.47896364,26026.350073316407
1678665600,2023-03-13 00:00:00,FET/EUR,0.36645,0.37877,0.33654,0.35846,100967.89713475,36192.952406922486
1678752000,2023-03-14 00:00:00,FET/EUR,0.35846,0.46500,0.35000,0.43260,121507.93353100,52564.3320455106
1678838400,2023-03-15 00:00:00,FET/EUR,0.43259,0.44559,0.36500,0.38890,109682.84179983,42655.65717595389
1678924800,2023-03-16 00:00:00,FET/EUR,0.39590,0.41999,0.37877,0.39400,83237.25670190,32795.4791405486
1679011200,2023-03-17 00:00:00,FET/EUR,0.39380,0.42255,0.39380,0.42001,94304.21820213,39608.714687076616
1679097600,2023-03-18 00:00:00,FET/EUR,0.41613,0.43000,0.39014,0.39014,50821.39675295,19827.45972919591
1679184000,2023-03-19 00:00:00,FET/EUR,0.39520,0.42001,0.39000,0.39969,63049.81813930,25200.381812096817
1679270400,2023-03-20 00:00:00,FET/EUR,0.39320,0.39599,0.36100,0.37012,65074.78834866,24085.48066360604
1679356800,2023-03-21 00:00:00,FET/EUR,0.36859,0.39000,0.35568,0.36786,103138.66170206,37940.588093719794
1679443200,2023-03-22 00:00:00,FET/EUR,0.36231,0.37318,0.32200,0.35176,51177.42816391,18002.172130936982
1679529600,2023-03-23 00:00:00,FET/EUR,0.35703,0.36230,0.34663,0.35620,50938.96084444,18144.45785278953
1679616000,2023-03-24 00:00:00,FET/EUR,0.35371,0.35568,0.33654,0.33800,25913.74617137,8758.84620592306
1679702400,2023-03-25 00:00:00,FET/EUR,0.34361,0.35126,0.33033,0.33758,10344.05064426,3491.9446164892906
1679788800,2023-03-26 00:00:00,FET/EUR,0.33809,0.35145,0.32200,0.35145,21978.98544067,7724.5144331234715
1679875200,2023-03-27 00:00:00,FET/EUR,0.34166,0.34496,0.31253,0.32211,125270.92218364,40351.01674457228
1679961600,2023-03-28 00:00:00,FET/EUR,0.31453,0.33063,0.30000,0.32327,68680.63722868,22202.389596915385
1680048000,2023-03-29 00:00:00,FET/EUR,0.33155,0.36774,0.33155,0.35683,47500.07901622,16949.453195357783
1680134400,2023-03-30 00:00:00,FET/EUR,0.35001,0.35732,0.32673,0.33654,44869.94338178,15100.530745704242
1680220800,2023-03-31 00:00:00,FET/EUR,0.33477,0.35176,0.32673,0.34151,163361.99955951,55789.75646956826
1680307200,2023-04-01 00:00:00,FET/EUR,0.33780,0.34663,0.33384,0.33579,12163.31462834,4084.319419050288
1680393600,2023-04-02 00:00:00,FET/EUR,0.33291,0.33314,0.31989,0.32171,23603.46921377,7593.472080761947
1680480000,2023-04-03 00:00:00,FET/EUR,0.31722,0.35000,0.31253,0.32191,64419.92868378,20737.41924259562
1680566400,2023-04-04 00:00:00,FET/EUR,0.31801,0.33275,0.31735,0.33003,71344.63668017,23545.870443556505
1680652800,2023-04-05 00:00:00,FET/EUR,0.33234,0.34195,0.32654,0.33048,26346.33725402,8706.93753570853
1680739200,2023-04-06 00:00:00,FET/EUR,0.32805,0.32811,0.32191,0.32191,13692.02408605,4407.599473540355
1680825600,2023-04-07 00:00:00,FET/EUR,0.32228,0.32230,0.31512,0.31728,18737.52608371,5945.042275839509
1680912000,2023-04-08 00:00:00,FET/EUR,0.31253,0.34950,0.31000,0.31000,9670.40259278,2997.8248037618
1680998400,2023-04-09 00:00:00,FET/EUR,0.31129,0.32191,0.30000,0.31616,47299.03530150,14954.06300092224
1681084800,2023-04-10 00:00:00,FET/EUR,0.31416,0.34000,0.30801,0.32673,53343.23251119,17428.83435838111
1681171200,2023-04-11 00:00:00,FET/EUR,0.33156,0.33653,0.32191,0.32288,36477.22930956,11777.767799470734
1681257600,2023-04-12 00:00:00,FET/EUR,0.32100,0.32100,0.30000,0.30939,39124.83232235,12104.831872211866
1681344000,2023-04-13 00:00:00,FET/EUR,0.31053,0.33156,0.30888,0.32702,66556.38475039,21765.268941072536
1681430400,2023-04-14 00:00:00,FET/EUR,0.33069,0.37708,0.32476,0.36856,375015.80120095,138215.82369062214
1681516800,2023-04-15 00:00:00,FET/EUR,0.36496,0.38878,0.35776,0.36929,178319.00461203,65851.42521317655
1681603200,2023-04-16 00:00:00,FET/EUR,0.36774,0.38069,0.36231,0.36774,9680.81150826,3560.0216240475324
1681689600,2023-04-17 00:00:00,FET/EUR,0.36302,0.40778,0.36001,0.39711,86969.88214542,34536.60989876773
1681776000,2023-04-18 00:00:00,FET/EUR,0.39076,0.40184,0.37500,0.38190,36794.16320926,14051.690929616394
1681862400,2023-04-19 00:00:00,FET/EUR,0.38777,0.39014,0.33330,0.34310,122269.28003140,41950.58997877334
1681948800,2023-04-20 00:00:00,FET/EUR,0.33863,0.35175,0.31902,0.33654,211003.58430282,71011.14626127105
1682035200,2023-04-21 00:00:00,FET/EUR,0.33156,0.34147,0.29751,0.30665,63768.42662225,19554.58802371296
1682121600,2023-04-22 00:00:00,FET/EUR,0.30400,0.31754,0.30399,0.31753,67286.13964448,21365.367921311736
1682208000,2023-04-23 00:00:00,FET/EUR,0.31329,0.31617,0.29604,0.30798,18992.41284496,5849.2833079907805
1682294400,2023-04-24 00:00:00,FET/EUR,0.30234,0.31276,0.29599,0.30172,77784.61226242,23469.173211817364
1682380800,2023-04-25 00:00:00,FET/EUR,0.29990,0.31362,0.29271,0.31306,57291.80221032,17935.77159996278
1682467200,2023-04-26 00:00:00,FET/EUR,0.31334,0.32871,0.28336,0.29908,80444.58366344,24059.36608206164
1682553600,2023-04-27 00:00:00,FET/EUR,0.30342,0.32168,0.30286,0.31068,49209.49429818,15288.405688558561
1682640000,2023-04-28 00:00:00,FET/EUR,0.31427,0.31427,0.29901,0.30323,23530.88069645,7135.268953584534
1682726400,2023-04-29 00:00:00,FET/EUR,0.30516,0.32191,0.30500,0.30831,24497.43597713,7552.80448610895
1682812800,2023-04-30 00:00:00,FET/EUR,0.30344,0.31143,0.29828,0.30088,17878.09053093,5379.159878946218
1682899200,2023-05-01 00:00:00,FET/EUR,0.29459,0.30238,0.28184,0.29030,52161.96068478,15142.617186791635
1682985600,2023-05-02 00:00:00,FET/EUR,0.28760,0.28894,0.28760,0.28894,10084.42370138,2913.7933842767366
1683072000,2023-05-03 00:00:00,FET/EUR,0.28800,0.29459,0.27158,0.29459,67554.37453064,19900.843192981236
1683158400,2023-05-04 00:00:00,FET/EUR,0.29407,0.29500,0.28184,0.28184,19396.35018241,5466.667335410433
1683244800,2023-05-05 00:00:00,FET/EUR,0.28006,0.28600,0.27556,0.28136,118896.62023048,33452.75306804785
1683331200,2023-05-06 00:00:00,FET/EUR,0.28274,0.29979,0.25793,0.26236,62768.54978297,16467.95672106001
1683417600,2023-05-07 00:00:00,FET/EUR,0.26607,0.26966,0.26387,0.26595,40053.59686998,10652.254087571182
1683504000,2023-05-08 00:00:00,FET/EUR,0.26248,0.26248,0.22500,0.23160,114228.58311693,26455.33984988099
1683590400,2023-05-09 00:00:00,FET/EUR,0.23050,0.24000,0.22744,0.24000,50695.82340863,12166.9976180712
1683676800,2023-05-10 00:00:00,FET/EUR,0.23534,0.26403,0.22598,0.23996,53227.71063829,12772.52144476407
1683763200,2023-05-11 00:00:00,FET/EUR,0.23500,0.25980,0.21338,0.22128,57416.22438741,12705.062132446086
1683849600,2023-05-12 00:00:00,FET/EUR,0.22131,0.22665,0.20797,0.22442,59101.29757109,13263.513200904019
1683936000,2023-05-13 00:00:00,FET/EUR,0.22313,0.22327,0.21967,0.21986,19038.12446110,4185.722044017446
1684022400,2023-05-14 00:00:00,FET/EUR,0.21835,0.22300,0.21834,0.22125,13795.01918942,3052.147995659175
1684108800,2023-05-15 00:00:00,FET/EUR,0.22391,0.23607,0.22390,0.22902,114293.42051604,26175.479166583482
1684195200,2023-05-16 00:00:00,FET/EUR,0.22754,0.22754,0.22070,0.22506,26916.51831474,6057.831611915384
1684281600,2023-05-17 00:00:00,FET/EUR,0.23000,0.23953,0.22195,0.23701,101837.23347280,24136.442705388326
1684368000,2023-05-18 00:00:00,FET/EUR,0.23559,0.23559,0.22766,0.23021,14281.22564906,3287.680956670102
1684454400,2023-05-19 00:00:00,FET/EUR,0.22540,0.26015,0.21252,0.24777,43759.49447611,10842.289946345774
1684540800,2023-05-20 00:00:00,FET/EUR,0.24349,0.24606,0.23758,0.23930,15771.67176455,3774.161053256815
1684627200,2023-05-21 00:00:00,FET/EUR,0.23728,0.23728,0.22502,0.22625,26356.81195802,5963.228705502025
1684713600,2023-05-22 00:00:00,FET/EUR,0.21780,0.22475,0.21780,0.22286,32429.12642394,7227.155114839268
1684800000,2023-05-23 00:00:00,FET/EUR,0.22178,0.22863,0.21935,0.22710,49275.66240367,11190.502931873458
1684886400,2023-05-24 00:00:00,FET/EUR,0.22444,0.26848,0.20356,0.21575,60124.68550869,12971.900898499867
1684972800,2023-05-25 00:00:00,FET/EUR,0.21130,0.23000,0.20000,0.22000,59735.74239346,13141.8633265612
1685059200,2023-05-26 00:00:00,FET/EUR,0.21861,0.23156,0.21834,0.23156,14463.53112968,3349.1752683887003
1685145600,2023-05-27 00:00:00,FET/EUR,0.22694,0.24589,0.22693,0.23706,30442.34132074,7216.661433494624
1685232000,2023-05-28 00:00:00,FET/EUR,0.24288,0.24722,0.24218,0.24722,36807.13258157,9099.459316815733
1685318400,2023-05-29 00:00:00,FET/EUR,0.24638,0.24638,0.23000,0.24166,75689.67330550,18291.166451007128
1685404800,2023-05-30 00:00:00,FET/EUR,0.24339,0.27365,0.24304,0.25961,75865.20338708,19695.365451319838
1685491200,2023-05-31 00:00:00,FET/EUR,0.26566,0.27000,0.24129,0.24668,72268.66557771,17827.234424709502
1685577600,2023-06-01 00:00:00,FET/EUR,0.24130,0.26995,0.23509,0.24415,48068.37285869,11735.893233449164
1685664000,2023-06-02 00:00:00,FET/EUR,0.24780,0.26958,0.24625,0.25669,137952.81826375,35411.10892012198
1685750400,2023-06-03 00:00:00,FET/EUR,0.25222,0.25634,0.25000,0.25041,13804.87311468,3456.878276647019
1685836800,2023-06-04 00:00:00,FET/EUR,0.24873,0.27702,0.24811,0.25466,49661.94255039,12646.910289882317
1685923200,2023-06-05 00:00:00,FET/EUR,0.25412,0.25412,0.21004,0.22284,147697.15028881,32912.83297035842
1686009600,2023-06-06 00:00:00,FET/EUR,0.22529,0.24000,0.21893,0.23071,81996.52978885,18917.419387585585
1686096000,2023-06-07 00:00:00,FET/EUR,0.22869,0.23130,0.20250,0.20260,75177.41074999,15230.943417947974
1686182400,2023-06-08 00:00:00,FET/EUR,0.20903,0.22052,0.20903,0.21268,36408.54060508,7743.368415888415
1686268800,2023-06-09 00:00:00,FET/EUR,0.20976,0.22366,0.20000,0.20402,74707.58889193,15241.84228573156
1686355200,2023-06-10 00:00:00,FET/EUR,0.20002,0.23144,0.15797,0.17900,248241.47318642,44435.22370036918
1686441600,2023-06-11 00:00:00,FET/EUR,0.17559,0.17559,0.16800,0.16927,34845.57368103,5898.310256987948
1686528000,2023-06-12 00:00:00,FET/EUR,0.16952,0.18803,0.16952,0.17083,10936.91499105,1868.3531879210716
1686614400,2023-06-13 00:00:00,FET/EUR,0.17463,0.20000,0.17202,0.17234,170840.02980355,29442.570736343805
1686700800,2023-06-14 00:00:00,FET/EUR,0.17435,0.17655,0.16549,0.16568,17228.09097427,2854.350112617053
1686787200,2023-06-15 00:00:00,FET/EUR,0.16665,0.18996,0.15707,0.16698,51336.52395084,8572.172769311263
1686873600,2023-06-16 00:00:00,FET/EUR,0.16589,0.17757,0.16589,0.17334,91153.90584271,15800.61803877535
1686960000,2023-06-17 00:00:00,FET/EUR,0.17599,0.18287,0.17579,0.17945,20253.42055823,3634.476319174373
1687046400,2023-06-18 00:00:00,FET/EUR,0.18047,0.18047,0.16875,0.16875,27150.41323430,4581.6322332881255
1687132800,2023-06-19 00:00:00,FET/EUR,0.16696,0.17148,0.16661,0.16822,17523.46007473,2947.7964537710805
1687219200,2023-06-20 00:00:00,FET/EUR,0.17394,0.18163,0.17064,0.18163,25802.36771586,4686.484048231652
1687305600,2023-06-21 00:00:00,FET/EUR,0.18485,0.20559,0.18081,0.20091,35952.50154825,7223.2170860589085
1687392000,2023-06-22 00:00:00,FET/EUR,0.20827,0.23019,0.20150,0.20920,49519.95667839,10359.574937119189
1687478400,2023-06-23 00:00:00,FET/EUR,0.21112,0.23036,0.21112,0.21845,43401.15906131,9480.983196943169
1687564800,2023-06-24 00:00:00,FET/EUR,0.21816,0.22003,0.20532,0.21121,12394.92942628,2617.933044124599
1687651200,2023-06-25 00:00:00,FET/EUR,0.21765,0.22282,0.20667,0.20851,35242.06083511,7348.322104728786
1687737600,2023-06-26 00:00:00,FET/EUR,0.20327,0.22000,0.20000,0.20001,17718.38431519,3543.8540468811516
1687824000,2023-06-27 00:00:00,FET/EUR,0.20490,0.22406,0.19164,0.21636,58630.77773305,12685.3550703227
1687910400,2023-06-28 00:00:00,FET/EUR,0.20831,0.21250,0.19159,0.19727,65452.54111769,12911.822786286706
1687996800,2023-06-29 00:00:00,FET/EUR,0.19953,0.20519,0.19953,0.20172,8319.76885193,1678.2637728113198
1688083200,2023-06-30 00:00:00,FET/EUR,0.20721,0.21814,0.18201,0.20723,51395.05712994,10650.597689037466
1688169600,2023-07-01 00:00:00,FET/EUR,0.20813,0.22139,0.20700,0.22139,8690.79966298,1924.0561373871421
1688256000,2023-07-02 00:00:00,FET/EUR,0.21213,0.22094,0.21213,0.22094,3347.63746192,739.6270208366049
1688342400,2023-07-03 00:00:00,FET/EUR,0.21998,0.22906,0.21872,0.22597,262884.04328448,59403.90726099395
1688428800,2023-07-04 00:00:00,FET/EUR,0.22417,0.22614,0.21833,0.21833,20772.68517014,4535.300353196666
1688515200,2023-07-05 00:00:00,FET/EUR,0.22255,0.22267,0.20814,0.20823,12411.93666499,2584.5375717508678
1688601600,2023-07-06 00:00:00,FET/EUR,0.21024,0.21746,0.19890,0.19890,19702.86211528,3918.899274729192
1688688000,2023-07-07 00:00:00,FET/EUR,0.19598,0.20381,0.19598,0.20308,23686.75397589,4810.305997423741
1688774400,2023-07-08 00:00:00,FET/EUR,0.20144,0.20144,0.19825,0.19825,1596.92018410,316.589426497825
1688860800,2023-07-09 00:00:00,FET/EUR,0.20014,0.20014,0.20014,0.20014,274.80763465,54.999999998851
1688947200,2023-07-10 00:00:00,FET/EUR,0.19456,0.20793,0.19370,0.19526,42767.38983412,8350.76053901027
1689033600,2023-07-11 00:00:00,FET/EUR,0.19721,0.19721,0.19000,0.19371,18602.74220245,3603.5371920365897
1689120000,2023-07-12 00:00:00,FET/EUR,0.19412,0.19554,0.19000,0.19452,15898.23078985,3092.523853241622
1689206400,2023-07-13 00:00:00,FET/EUR,0.19755,0.21441,0.19755,0.20051,23055.38661997,4622.835571170184
1689292800,2023-07-14 00:00:00,FET/EUR,0.20783,0.22176,0.19992,0.21022,101988.21962807,21439.963530212874
1689379200,2023-07-15 00:00:00,FET/EUR,0.20871,0.21770,0.20439,0.21293,18876.69039130,4019.413685019509
1689465600,2023-07-16 00:00:00,FET/EUR,0.21539,0.22608,0.20923,0.20924,14707.65575681,3077.4298905549244
1689552000,2023-07-17 00:00:00,FET/EUR,0.20923,0.21972,0.20519,0.20519,11025.77715396,2262.3792142210523
1689638400,2023-07-18 00:00:00,FET/EUR,0.20070,0.20621,0.19900,0.20099,19614.90781261,3942.400321256484
1689724800,2023-07-19 00:00:00,FET/EUR,0.20454,0.20595,0.19380,0.20179,14660.91180080,2958.425392283432
1689811200,2023-07-20 00:00:00,FET/EUR,0.20352,0.21405,0.19854,0.20029,16791.36660301,3363.1428169168726
1689897600,2023-07-21 00:00:00,FET/EUR,0.20031,0.21019,0.19951,0.20194,13809.81821804,2788.754690950998
1689984000,2023-07-22 00:00:00,FET/EUR,0.20307,0.20307,0.20051,0.20114,9978.66186463,2007.1080474516782
1690070400,2023-07-23 00:00:00,FET/EUR,0.19954,0.20014,0.19954,0.20014,16863.04241249,3374.9693084357486
1690156800,2023-07-24 00:00:00,FET/EUR,0.19958,0.22793,0.18704,0.19157,12809.33789220,2453.8848600087535
1690243200,2023-07-25 00:00:00,FET/EUR,0.19094,0.19472,0.18869,0.18890,13535.23437918,2556.805774227102
1690329600,2023-07-26 00:00:00,FET/EUR,0.18756,0.19392,0.18721,0.19116,17511.84720308,3347.5647113407726
1690416000,2023-07-27 00:00:00,FET/EUR,0.19539,0.19547,0.19340,0.19428,32119.39350314,6240.15576979004
1690502400,2023-07-28 00:00:00,FET/EUR,0.19608,0.20726,0.19545,0.19590,1520.97292655,297.958596311145
1690588800,2023-07-29 00:00:00,FET/EUR,0.19593,0.19647,0.19581,0.19647,4886.29147114,960.0096853348758
1690675200,2023-07-30 00:00:00,FET/EUR,0.19340,0.19340,0.18970,0.18970,13149.21356629,2494.405813525213
1690761600,2023-07-31 00:00:00,FET/EUR,0.19028,0.19118,0.18683,0.18864,15000.04584089,2829.6086474254894
1690848000,2023-08-01 00:00:00,FET/EUR,0.18633,0.18909,0.18089,0.18909,41439.26127675,7835.749914820659
1690934400,2023-08-02 00:00:00,FET/EUR,0.19192,0.19476,0.18089,0.19110,21980.97916342,4200.565118129562
1691020800,2023-08-03 00:00:00,FET/EUR,0.18746,0.20000,0.18559,0.18559,27767.99524629,5153.462237758961
1691107200,2023-08-04 00:00:00,FET/EUR,0.18364,0.18378,0.18000,0.18000,10068.20093645,1812.276168561
1691193600,2023-08-05 00:00:00,FET/EUR,0.18632,0.18632,0.17564,0.18019,5251.23021729,946.219172853485
1691280000,2023-08-06 00:00:00,FET/EUR,0.18063,0.18141,0.18052,0.18052,3361.82153761,606.8760239693573
1691366400,2023-08-07 00:00:00,FET/EUR,0.17916,0.18261,0.17564,0.17724,34715.73095127,6153.016153803095
1691452800,2023-08-08 00:00:00,FET/EUR,0.17700,0.18633,0.17700,0.18181,6099.90310715,1109.0233839109414
1691539200,2023-08-09 00:00:00,FET/EUR,0.18182,0.18588,0.17903,0.17903,5252.20380494,940.3020471984081
1691625600,2023-08-10 00:00:00,FET/EUR,0.18021,0.18357,0.18021,0.18216,12571.30369702,2289.988681449163
1691712000,2023-08-11 00:00:00,FET/EUR,0.18369,0.18614,0.18311,0.18438,54666.18854622,10079.351844152043
1691798400,2023-08-12 00:00:00,FET/EUR,0.18506,0.18632,0.18500,0.18500,2665.86525571,493.18507230635
1691884800,2023-08-13 00:00:00,FET/EUR,0.18376,0.20662,0.18376,0.20154,67905.73597843,13685.722029092783
1691971200,2023-08-14 00:00:00,FET/EUR,0.19944,0.21525,0.19476,0.19922,72195.85563716,14382.858360035016
1692057600,2023-08-15 00:00:00,FET/EUR,0.20053,0.20053,0.18092,0.18511,48489.12930662,8975.822725948428
1692144000,2023-08-16 00:00:00,FET/EUR,0.18519,0.19476,0.17823,0.17978,23054.66140667,4144.767027691132
1692230400,2023-08-17 00:00:00,FET/EUR,0.18163,0.18358,0.14956,0.17564,24420.42042638,4289.202643689383
1692316800,2023-08-18 00:00:00,FET/EUR,0.17823,0.19192,0.17304,0.18570,26194.52376455,4864.323063076935
1692403200,2023-08-19 00:00:00,FET/EUR,0.18450,0.20060,0.18126,0.19333,101307.42194955,19585.7638855065
1692489600,2023-08-20 00:00:00,FET/EUR,0.19237,0.19238,0.18832,0.18979,18931.74575093,3593.0560260690045
1692576000,2023-08-21 00:00:00,FET/EUR,0.18633,0.18863,0.18126,0.18499,29596.09480575,5474.981578115692
1692662400,2023-08-22 00:00:00,FET/EUR,0.18612,0.18645,0.17080,0.18091,13606.99874101,2461.642142236119
1692748800,2023-08-23 00:00:00,FET/EUR,0.18193,0.19232,0.18130,0.19232,14198.46113272,2730.64804504471
1692835200,2023-08-24 00:00:00,FET/EUR,0.19476,0.19800,0.19192,0.19192,357.09495721,68.53366418774321
1692921600,2023-08-25 00:00:00,FET/EUR,0.18909,0.20060,0.18633,0.20060,15517.95966438,3112.902708674628
1693008000,2023-08-26 00:00:00,FET/EUR,0.20128,0.20128,0.19124,0.19148,12975.67402952,2484.5820631724896
1693094400,2023-08-27 00:00:00,FET/EUR,0.19577,0.19768,0.19192,0.19293,795.62946412,153.50079251267158
1693180800,2023-08-28 00:00:00,FET/EUR,0.19050,0.19476,0.18358,0.19215,9660.30569749,1856.2277397727032
1693267200,2023-08-29 00:00:00,FET/EUR,0.19087,0.19999,0.19087,0.19804,19922.23416733,3945.399254498033
1693353600,2023-08-30 00:00:00,FET/EUR,0.20060,0.21282,0.19768,0.20709,14138.15162343,2927.8698196961186
1693440000,2023-08-31 00:00:00,FET/EUR,0.21479,0.23215,0.20748,0.21066,66821.52875812,14076.623248185557
1693526400,2023-09-01 00:00:00,FET/EUR,0.21066,0.21920,0.20662,0.21282,31121.76405915,6623.3338270683025
1693612800,2023-09-02 00:00:00,FET/EUR,0.21330,0.23410,0.20972,0.23410,36889.80731806,8635.903893157845
1693699200,2023-09-03 00:00:00,FET/EUR,0.23604,0.25221,0.22578,0.24374,33632.80790204,8197.660598043229
1693785600,2023-09-04 00:00:00,FET/EUR,0.24671,0.24671,0.23360,0.24564,19404.68720235,4766.567364385254
1693872000,2023-09-05 00:00:00,FET/EUR,0.25041,0.25041,0.23277,0.23327,23683.95017188,5524.7550565944475
1693958400,2023-09-06 00:00:00,FET/EUR,0.23255,0.24191,0.22855,0.23683,27666.04610108,6552.1496981187765
1694044800,2023-09-07 00:00:00,FET/EUR,0.23953,0.23953,0.22600,0.22977,19842.59277967,4559.232542984776
1694131200,2023-09-08 00:00:00,FET/EUR,0.23405,0.23604,0.22205,0.22285,46022.44789435,10256.102513255897
1694217600,2023-09-09 00:00:00,FET/EUR,0.22207,0.22460,0.21815,0.21815,17836.46323113,3891.02445387101
1694304000,2023-09-10 00:00:00,FET/EUR,0.21653,0.21653,0.20873,0.21026,23599.60112969,4962.052133528619
1694390400,2023-09-11 00:00:00,FET/EUR,0.21923,0.21923,0.20660,0.20660,10504.19566102,2170.166823566732
1694476800,2023-09-12 00:00:00,FET/EUR,0.21297,0.22350,0.20928,0.20929,10073.28297135,2108.2373930738413
1694563200,2023-09-13 00:00:00,FET/EUR,0.21219,0.21296,0.20097,0.20761,16477.77316556,3420.9504869019115
1694649600,2023-09-14 00:00:00,FET/EUR,0.20957,0.22041,0.20834,0.21652,12121.17090108,2624.4759235018414
1694736000,2023-09-15 00:00:00,FET/EUR,0.22136,0.22146,0.21465,0.22146,43397.86438531,9610.891046770752
1694822400,2023-09-16 00:00:00,FET/EUR,0.22416,0.22495,0.22005,0.22169,15695.07569935,3479.4413317889016
1694908800,2023-09-17 00:00:00,FET/EUR,0.21500,0.22018,0.20322,0.21170,34655.08179010,7336.480814964169
1694995200,2023-09-18 00:00:00,FET/EUR,0.21730,0.24995,0.21354,0.21446,90778.42980604,19468.34205620334
1695081600,2023-09-19 00:00:00,FET/EUR,0.21265,0.22014,0.21263,0.21802,13938.39653526,3038.849212617385
1695168000,2023-09-20 00:00:00,FET/EUR,0.21790,0.21835,0.21352,0.21372,11864.64166901,2535.711217500817
1695254400,2023-09-21 00:00:00,FET/EUR,0.21701,0.22298,0.20966,0.20981,22845.54689061,4793.224193118884
1695340800,2023-09-22 00:00:00,FET/EUR,0.20882,0.21920,0.20126,0.20908,13181.50250120,2755.988542950896
1695427200,2023-09-23 00:00:00,FET/EUR,0.20876,0.20910,0.20477,0.20720,8498.32877405,1760.8537219831599
1695513600,2023-09-24 00:00:00,FET/EUR,0.20694,0.20696,0.20000,0.20000,8790.32755767,1758.065511534
1695600000,2023-09-25 00:00:00,FET/EUR,0.20027,0.20504,0.20023,0.20392,9543.16905926,1946.0430345642992
1695686400,2023-09-26 00:00:00,FET/EUR,0.20231,0.20246,0.20000,0.20000,4595.82836115,919.16567223
1695772800,2023-09-27 00:00:00,FET/EUR,0.20085,0.22053,0.19401,0.20416,13082.27446555,2670.877154886688
1695859200,2023-09-28 00:00:00,FET/EUR,0.20272,0.20689,0.20143,0.20668,1890.44570642,390.7173186028856
1695945600,2023-09-29 00:00:00,FET/EUR,0.20766,0.21747,0.20350,0.20799,18895.91964960,3930.162327920304
1696032000,2023-09-30 00:00:00,FET/EUR,0.20848,0.21099,0.20692,0.21099,21239.33067148,4481.286378375565
1696118400,2023-10-01 00:00:00,FET/EUR,0.21457,0.22266,0.21361,0.22194,63274.82276285,14043.21416398693
1696204800,2023-10-02 00:00:00,FET/EUR,0.22525,0.23647,0.21151,0.21151,16844.72519161,3562.827825277431
1696291200,2023-10-03 00:00:00,FET/EUR,0.20892,0.21312,0.20692,0.20846,16188.43415911,3374.6409848080707
1696377600,2023-10-04 00:00:00,FET/EUR,0.20384,0.20976,0.20056,0.20845,4416.83143079,920.6885117481755
1696464000,2023-10-05 00:00:00,FET/EUR,0.20777,0.20777,0.20392,0.20449,7827.08021034,1600.5596322124268
1696550400,2023-10-06 00:00:00,FET/EUR,0.20883,0.21890,0.20103,0.21455,6085.69428283,1305.6857083811765
1696636800,2023-10-07 00:00:00,FET/EUR,0.21044,0.21114,0.20872,0.20874,8635.78534107,1802.6338320949521
1696723200,2023-10-08 00:00:00,FET/EUR,0.20821,0.21033,0.20665,0.20950,12944.19574193,2711.8090079343347
1696809600,2023-10-09 00:00:00,FET/EUR,0.20500,0.20500,0.19420,0.19465,16423.50936208,3196.836097328872
1696896000,2023-10-10 00:00:00,FET/EUR,0.19554,0.20800,0.19293,0.19338,26810.18165100,5184.55292767038
1696982400,2023-10-11 00:00:00,FET/EUR,0.19000,0.20398,0.19000,0.19532,76330.66867608,14908.906205811943
1697068800,2023-10-12 00:00:00,FET/EUR,0.19032,0.19322,0.19023,0.19025,27420.60389157,5216.769890371193
1697155200,2023-10-13 00:00:00,FET/EUR,0.19164,0.20018,0.19164,0.19975,9836.09286687,1964.7595501572825
1697241600,2023-10-14 00:00:00,FET/EUR,0.20253,0.20405,0.20239,0.20239,6096.50672780,1233.871996639442
1697328000,2023-10-15 00:00:00,FET/EUR,0.20316,0.20360,0.20192,0.20192,2198.69352090,443.9601957401279
1697414400,2023-10-16 00:00:00,FET/EUR,0.20526,0.22000,0.20217,0.20320,67178.19565349,13650.609356789166
1697500800,2023-10-17 00:00:00,FET/EUR,0.20300,0.20300,0.19329,0.19329,38417.43541236,7425.706090855064
1697587200,2023-10-18 00:00:00,FET/EUR,0.19426,0.19648,0.19340,0.19341,10915.09064041,2111.0876807616983
1697673600,2023-10-19 00:00:00,FET/EUR,0.19069,0.24995,0.19002,0.19197,134694.37771509,25857.279689965828
1697760000,2023-10-20 00:00:00,FET/EUR,0.19403,0.21898,0.19403,0.20811,65162.87618983,13561.04616386552
1697846400,2023-10-21 00:00:00,FET/EUR,0.20623,0.22000,0.20623,0.21623,88050.20838850,19039.096559845355
1697932800,2023-10-22 00:00:00,FET/EUR,0.21621,0.21982,0.19100,0.21893,62561.54025922,13696.598008951034
1698019200,2023-10-23 00:00:00,FET/EUR,0.22000,0.22746,0.21445,0.22640,80583.22949007,18244.04315655185
1698105600,2023-10-24 00:00:00,FET/EUR,0.23777,0.26861,0.21757,0.25460,86737.06913882,22083.257802743574
1698192000,2023-10-25 00:00:00,FET/EUR,0.25891,0.30000,0.25864,0.28112,119431.93226111,33574.70479724324
1698278400,2023-10-26 00:00:00,FET/EUR,0.28435,0.29326,0.26905,0.28043,180894.56603672,50728.26315367739
1698364800,2023-10-27 00:00:00,FET/EUR,0.28095,0.30203,0.27159,0.29741,154062.81578695,45819.8220431968
1698451200,2023-10-28 00:00:00,FET/EUR,0.30153,0.34998,0.30153,0.33144,104009.95583175,34473.05976087522
1698537600,2023-10-29 00:00:00,FET/EUR,0.34994,0.36965,0.33899,0.34686,60963.24328154,21145.710564634966
1698624000,2023-10-30 00:00:00,FET/EUR,0.34833,0.35578,0.33739,0.33991,90204.46285417,30661.39896876092
1698710400,2023-10-31 00:00:00,FET/EUR,0.34685,0.35992,0.30193,0.33880,21166.44805304,7171.192600369952
1698796800,2023-11-01 00:00:00,FET/EUR,0.33503,0.37500,0.32351,0.36492,35029.61426261,12783.00683671164
1698883200,2023-11-02 00:00:00,FET/EUR,0.35797,0.38265,0.32360,0.32770,60625.73768353,19867.054238892782
1698969600,2023-11-03 00:00:00,FET/EUR,0.32523,0.34667,0.29810,0.33251,76498.91074204,25436.652810835716
1699056000,2023-11-04 00:00:00,FET/EUR,0.33251,0.34668,0.32284,0.34500,10670.01837787,3681.1563403651494
1699142400,2023-11-05 00:00:00,FET/EUR,0.34499,0.34859,0.32278,0.34859,29212.92508432,10183.333555143108
1699228800,2023-11-06 00:00:00,FET/EUR,0.34115,0.38265,0.32500,0.36470,49444.79403876,18032.516385935774
1699315200,2023-11-07 00:00:00,FET/EUR,0.35622,0.37031,0.33000,0.34205,73151.22154557,25021.375329662224
1699401600,2023-11-08 00:00:00,FET/EUR,0.33854,0.37010,0.33854,0.36091,54859.69655449,19799.413083480988
1699488000,2023-11-09 00:00:00,FET/EUR,0.35486,0.38500,0.34000,0.36643,129090.02430290,47302.45760531164
1699574400,2023-11-10 00:00:00,FET/EUR,0.37189,0.41223,0.34482,0.41223,111332.09285633,45894.428638164914
1699660800,2023-11-11 00:00:00,FET/EUR,0.41520,0.42859,0.38000,0.39906,80878.42261955,32275.34333055762
1699747200,2023-11-12 00:00:00,FET/EUR,0.39907,0.40546,0.37500,0.39720,79867.23755760,31723.266757878722
1699833600,2023-11-13 00:00:00,FET/EUR,0.40039,0.40349,0.33485,0.35794,128207.02350764,45890.42199432466
1699920000,2023-11-14 00:00:00,FET/EUR,0.34958,0.38000,0.33160,0.35576,101003.70911534,35933.07955487336
1700006400,2023-11-15 00:00:00,FET/EUR,0.35428,0.41838,0.35428,0.40858,120130.77155536,49083.03064208899
1700092800,2023-11-16 00:00:00,FET/EUR,0.38804,0.42000,0.38000,0.40736,83271.47197958,33921.46682560171
1700179200,2023-11-17 00:00:00,FET/EUR,0.42000,0.44100,0.38451,0.39682,113482.79363544,45032.2421704153
1700265600,2023-11-18 00:00:00,FET/EUR,0.40779,0.43000,0.36500,0.42542,58920.96003566,25066.154818370476
1700352000,2023-11-19 00:00:00,FET/EUR,0.43000,0.47999,0.40955,0.45400,83543.28667969,37928.65215257926
1700438400,2023-11-20 00:00:00,FET/EUR,0.46453,0.56000,0.42700,0.47489,335575.88209760,159361.63064932928
1700524800,2023-11-21 00:00:00,FET/EUR,0.48325,0.50000,0.42148,0.42148,203002.10353500,85561.32659793181
1700611200,2023-11-22 00:00:00,FET/EUR,0.44304,0.51913,0.42071,0.47156,471408.04207099,222297.17631899603
1700697600,2023-11-23 00:00:00,FET/EUR,0.45896,0.49196,0.44844,0.46003,111412.77111538,51253.21709620826
1700784000,2023-11-24 00:00:00,FET/EUR,0.45829,0.53442,0.45829,0.48700,111500.12889330,54300.5627710371
1700870400,2023-11-25 00:00:00,FET/EUR,0.48891,0.49394,0.46008,0.48752,96424.51640709,47008.88023878452
1700956800,2023-11-26 00:00:00,FET/EUR,0.48645,0.49427,0.47000,0.49278,42539.15632775,20962.445455188645
1701043200,2023-11-27 00:00:00,FET/EUR,0.48507,0.50000,0.46000,0.46550,58463.00287754,27214.52783949487
1701129600,2023-11-28 00:00:00,FET/EUR,0.46550,0.49323,0.45000,0.48473,86136.84458831,41753.11267729151
1701216000,2023-11-29 00:00:00,FET/EUR,0.49212,0.50581,0.47750,0.47750,48830.94948338,23316.77837831395
1701302400,2023-11-30 00:00:00,FET/EUR,0.48054,0.49040,0.47502,0.48806,17823.85602535,8699.11117173232
1701388800,2023-12-01 00:00:00,FET/EUR,0.48311,0.54000,0.48311,0.51118,83007.72117809,42431.886911816044
1701475200,2023-12-02 00:00:00,FET/EUR,0.51319,0.52466,0.50152,0.50505,77812.46673935,39299.18632670872
1701561600,2023-12-03 00:00:00,FET/EUR,0.53994,0.55000,0.50776,0.51177,35632.32438105,18235.554648489957
1701648000,2023-12-04 00:00:00,FET/EUR,0.51000,0.56000,0.42854,0.49477,384881.08427186,190427.6140651882
1701734400,2023-12-05 00:00:00,FET/EUR,0.51959,0.51959,0.47001,0.49160,159610.14958781,78464.3495373674
1701820800,2023-12-06 00:00:00,FET/EUR,0.49162,0.52000,0.47000,0.47000,86306.86019784,40564.22429298479
1701907200,2023-12-07 00:00:00,FET/EUR,0.47000,0.49391,0.46074,0.48547,65121.36223261,31614.46772306518
1701993600,2023-12-08 00:00:00,FET/EUR,0.49336,0.51999,0.48774,0.50489,40903.37251866,20651.703750946246
1702080000,2023-12-09 00:00:00,FET/EUR,0.50489,0.53014,0.47011,0.47011,76653.78562963,36035.71116234536
1702166400,2023-12-10 00:00:00,FET/EUR,0.47726,0.50000,0.46502,0.50000,79045.85072851,39522.925364255
1702252800,2023-12-11 00:00:00,FET/EUR,0.48654,0.50000,0.41000,0.50000,161848.66974005,80924.334870025
1702339200,2023-12-12 00:00:00,FET/EUR,0.45998,0.55373,0.45990,0.55373,258530.28770240,143155.97620944996
1702425600,2023-12-13 00:00:00,FET/EUR,0.55777,0.61800,0.52000,0.57664,320069.68229833,184564.98160050903
1702512000,2023-12-14 00:00:00,FET/EUR,0.58151,0.65400,0.58151,0.64011,416424.98514675,266557.79724228615
1702598400,2023-12-15 00:00:00,FET/EUR,0.64514,0.70000,0.62500,0.62500,551522.76473401,344701.72795875627
1702684800,2023-12-16 00:00:00,FET/EUR,0.62500,0.65500,0.56550,0.60998,199426.50869467,121646.18177357479
1702771200,2023-12-17 00:00:00,FET/EUR,0.59988,0.60999,0.56554,0.58171,156552.83669933,91068.35063636723
1702857600,2023-12-18 00:00:00,FET/EUR,0.59349,0.64509,0.55218,0.64509,99290.28837798,64051.172129751125
1702944000,2023-12-19 00:00:00,FET/EUR,0.63920,0.67983,0.63002,0.64198,353399.18535028,226875.20901117276
1703030400,2023-12-20 00:00:00,FET/EUR,0.64999,0.71999,0.63408,0.66862,161953.59393644,108285.41197778253
1703116800,2023-12-21 00:00:00,FET/EUR,0.66724,0.71987,0.62501,0.69465,277723.11069214,192920.35884229504
1703203200,2023-12-22 00:00:00,FET/EUR,0.69500,0.69500,0.65000,0.67193,252045.80641835,169357.13870668193
1703289600,2023-12-23 00:00:00,FET/EUR,0.65142,0.69500,0.64500,0.67466,257956.11437270,174032.6721226858
1703376000,2023-12-24 00:00:00,FET/EUR,0.66342,0.68923,0.65100,0.65100,78331.87236180,50994.0489075318
1703462400,2023-12-25 00:00:00,FET/EUR,0.64794,0.68200,0.64766,0.66999,112726.79931422,75525.82827253426
1703548800,2023-12-26 00:00:00,FET/EUR,0.67000,0.73157,0.64600,0.70000,302171.97328820,211520.38130173998
1703635200,2023-12-27 00:00:00,FET/EUR,0.68001,0.68999,0.63001,0.66407,248134.76417304,164778.85284439067
1703721600,2023-12-28 00:00:00,FET/EUR,0.66302,0.67800,0.61000,0.62220,106689.18388630,66382.01021405586
1703808000,2023-12-29 00:00:00,FET/EUR,0.61850,0.76000,0.60100,0.61963,93555.87486851,57970.026744774856
1703894400,2023-12-30 00:00:00,FET/EUR,0.63000,0.64043,0.60655,0.64042,88505.12944194,56680.45499720721
1703980800,2023-12-31 00:00:00,FET/EUR,0.64042,0.70000,0.61500,0.61500,57261.59969632,35215.883813236804
1704067200,2024-01-01 00:00:00,FET/EUR,0.61500,0.69027,0.61500,0.67798,37214.97845329,25231.011091761557
1704153600,2024-01-02 00:00:00,FET/EUR,0.67669,0.70000,0.65011,0.67946,55306.80949108,37578.764776809214
1704240000,2024-01-03 00:00:00,FET/EUR,0.67608,0.67608,0.52350,0.60000,150550.26765768,90330.160594608
1704326400,2024-01-04 00:00:00,FET/EUR,0.61000,0.66000,0.60623,0.66000,54728.05455250,36120.51600465
1704412800,2024-01-05 00:00:00,FET/EUR,0.63804,0.69700,0.61709,0.66493,77993.09307065,51859.9473754673
1704499200,2024-01-06 00:00:00,FET/EUR,0.62157,0.63994,0.58000,0.59274,90697.01277628,53759.74735301221
1704585600,2024-01-07 00:00:00,FET/EUR,0.59839,0.61999,0.57000,0.58000,10702.34330725,6207.3591182049995
1704672000,2024-01-08 00:00:00,FET/EUR,0.59977,0.63000,0.53000,0.61810,139334.78589757,86122.831163288
1704758400,2024-01-09 00:00:00,FET/EUR,0.62268,0.63000,0.57519,0.59473,41895.41221066,24916.45850404582
1704844800,2024-01-10 00:00:00,FET/EUR,0.59899,0.67100,0.58000,0.64884,87843.78034062,56996.55843620787
1704931200,2024-01-11 00:00:00,FET/EUR,0.65395,0.70998,0.64034,0.66823,69948.94902056,46741.98620400881
1705017600,2024-01-12 00:00:00,FET/EUR,0.64454,0.71000,0.60059,0.62874,58744.02090124,36934.71570144564
1705104000,2024-01-13 00:00:00,FET/EUR,0.60757,0.65000,0.60747,0.64000,6782.70265764,4340.9297008896
1705190400,2024-01-14 00:00:00,FET/EUR,0.62004,0.64899,0.60116,0.60116,14681.18488661,8825.741106434469
1705276800,2024-01-15 00:00:00,FET/EUR,0.60117,0.63962,0.59385,0.63442,10393.08187214,6593.579001323058
1705363200,2024-01-16 00:00:00,FET/EUR,0.63963,0.70100,0.61621,0.63861,33423.30000422,21344.453615694936
1705449600,2024-01-17 00:00:00,FET/EUR,0.63456,0.64475,0.61973,0.61973,7984.70271151,4948.359811404092
1705536000,2024-01-18 00:00:00,FET/EUR,0.61262,0.64930,0.56624,0.60000,62787.08500298,37672.251001788
1705622400,2024-01-19 00:00:00,FET/EUR,0.59985,0.60000,0.54990,0.58921,22736.25973449,13396.431598158852
1705708800,2024-01-20 00:00:00,FET/EUR,0.56065,0.58955,0.54848,0.56128,6298.67242778,3535.3188602643586
1705795200,2024-01-21 00:00:00,FET/EUR,0.55986,0.59999,0.54991,0.54991,13305.01806301,7316.562483029829
1705881600,2024-01-22 00:00:00,FET/EUR,0.54992,0.57498,0.51393,0.52487,68385.01748617,35893.24412796605
1705968000,2024-01-23 00:00:00,FET/EUR,0.51281,0.52414,0.49090,0.52269,142533.54542601,74500.85885872117
1706054400,2024-01-24 00:00:00,FET/EUR,0.53000,0.57551,0.51809,0.55208,43015.87219827,23748.202723220904
1706140800,2024-01-25 00:00:00,FET/EUR,0.54472,0.55208,0.52700,0.53632,13685.94577874,7340.046440053838
1706227200,2024-01-26 00:00:00,FET/EUR,0.53366,0.60000,0.53036,0.56168,31258.55799642,17557.306855429186
1706313600,2024-01-27 00:00:00,FET/EUR,0.56070,0.59567,0.56070,0.57517,4751.72906843,2733.052008288883
1706400000,2024-01-28 00:00:00,FET/EUR,0.57455,0.60000,0.55000,0.55000,28587.71079237,15723.2409358035
1706486400,2024-01-29 00:00:00,FET/EUR,0.56038,0.58500,0.55000,0.57349,16486.96429218,9455.10915192231
1706572800,2024-01-30 00:00:00,FET/EUR,0.58498,0.59996,0.55522,0.55522,20313.04615360,11278.209485401792
1706659200,2024-01-31 00:00:00,FET/EUR,0.55481,0.56999,0.52460,0.52460,24180.85024653,12685.274039329637
1706745600,2024-02-01 00:00:00,FET/EUR,0.52592,0.56348,0.49677,0.51916,27711.12258566,14386.506401571243
1706832000,2024-02-02 00:00:00,FET/EUR,0.51269,0.54900,0.49632,0.52500,35824.81765348,18808.029268077
1706918400,2024-02-03 00:00:00,FET/EUR,0.52581,0.53833,0.51511,0.52898,21695.80686112,11476.647913395258
1707004800,2024-02-04 00:00:00,FET/EUR,0.51501,0.52000,0.49000,0.49000,37025.56762877,18142.5281380973
1707091200,2024-02-05 00:00:00,FET/EUR,0.48190,0.50607,0.47876,0.48361,32955.55178961,15937.634400973291
1707177600,2024-02-06 00:00:00,FET/EUR,0.48818,0.51894,0.48818,0.49289,12271.71239257,6048.604321173827
1707264000,2024-02-07 00:00:00,FET/EUR,0.49257,0.52184,0.49257,0.52184,9947.89359961,5191.208796020483
1707350400,2024-02-08 00:00:00,FET/EUR,0.51701,0.52292,0.51020,0.51919,23271.05302126,12082.09801810798
1707436800,2024-02-09 00:00:00,FET/EUR,0.52278,0.58499,0.52278,0.56540,51209.42502231,28953.808907614075
1707523200,2024-02-10 00:00:00,FET/EUR,0.56277,0.58999,0.55991,0.57956,13744.60575327,7965.823710365161
1707609600,2024-02-11 00:00:00,FET/EUR,0.57749,0.59600,0.57692,0.58708,38536.32142254,22623.903580744784
1707696000,2024-02-12 00:00:00,FET/EUR,0.58820,0.64599,0.58101,0.64499,30310.71964328,19550.111062719167
1707782400,2024-02-13 00:00:00,FET/EUR,0.61996,0.64598,0.60660,0.62459,51734.56324147,32312.890854989746
1707868800,2024-02-14 00:00:00,FET/EUR,0.61251,0.65898,0.56170,0.63370,57144.09847629,36212.215204424974
1707955200,2024-02-15 00:00:00,FET/EUR,0.63381,0.65898,0.60403,0.60403,25861.41242579,15621.068947549933
1708041600,2024-02-16 00:00:00,FET/EUR,0.64935,0.67850,0.62340,0.67000,51231.62920441,34325.1915669547
1708128000,2024-02-17 00:00:00,FET/EUR,0.67000,0.72909,0.62000,0.72909,87242.00441866,63607.27300160082
1708214400,2024-02-18 00:00:00,FET/EUR,0.72980,0.82333,0.66881,0.76867,109235.50913829,83966.05880932936
1708300800,2024-02-19 00:00:00,FET/EUR,0.78380,0.92000,0.78000,0.92000,74922.33899877,68928.55187886841
1708387200,2024-02-20 00:00:00,FET/EUR,0.92793,1.03330,0.72000,0.97561,116747.71919276,113900.24232164859
1708473600,2024-02-21 00:00:00,FET/EUR,0.97438,1.11100,0.76501,1.07757,164500.73378316,177261.0557027197
1708560000,2024-02-22 00:00:00,FET/EUR,1.07757,1.12539,0.95067,1.04975,119348.04490887,125285.61014308628
1708646400,2024-02-23 00:00:00,FET/EUR,1.01938,1.12941,0.91200,0.96718,76082.34094987,73585.31851989527
1708732800,2024-02-24 00:00:00,FET/EUR,0.97582,1.03999,0.90800,0.99224,32858.80306581,32603.818754019318
1708819200,2024-02-25 00:00:00,FET/EUR,1.00541,1.06882,0.99611,1.01929,32248.88978162,32870.97086550745
1708905600,2024-02-26 00:00:00,FET/EUR,1.04618,1.14000,0.97241,1.02331,49487.06405262,50640.60751568657
1708992000,2024-02-27 00:00:00,FET/EUR,1.02331,1.06999,0.97661,0.98853,93090.91240607,92023.15964077237
1709078400,2024-02-28 00:00:00,FET/EUR,0.98546,1.33300,0.98546,1.24866,299572.85933380,374064.64653574274
1709164800,2024-02-29 00:00:00,FET/EUR,1.24483,1.40116,1.15001,1.35677,233727.12601904,317113.95276885293
1709251200,2024-03-01 00:00:00,FET/EUR,1.40116,1.70000,1.39801,1.59479,379519.64565911,605254.135700692
1709337600,2024-03-02 00:00:00,FET/EUR,1.63000,1.79000,1.40000,1.67848,194083.86228605,325765.8811698892
1709424000,2024-03-03 00:00:00,FET/EUR,1.65866,1.82768,1.60000,1.64107,238023.10297499,390612.5735991669
1709510400,2024-03-04 00:00:00,FET/EUR,1.63960,1.76227,1.51806,1.59500,131508.89872492,209756.6934662474
1709596800,2024-03-05 00:00:00,FET/EUR,1.58698,1.79092,1.20000,1.60485,260647.64325882,418300.3702839173
1709683200,2024-03-06 00:00:00,FET/EUR,1.57636,2.26482,1.57118,2.18843,321830.62175515,704303.7875676228
1709769600,2024-03-07 00:00:00,FET/EUR,2.26170,2.63396,2.05023,2.34000,409473.70005953,958168.4581393001
1709856000,2024-03-08 00:00:00,FET/EUR,2.37920,2.80001,2.20342,2.51824,308007.74372263,775637.4205520758
1709942400,2024-03-09 00:00:00,FET/EUR,2.51163,3.00000,2.49870,2.81900,144659.29510656,407794.5529053926
1710028800,2024-03-10 00:00:00,FET/EUR,2.84996,2.87403,2.45000,2.53423,174301.09586535,441719.06617484597
1710115200,2024-03-11 00:00:00,FET/EUR,2.53679,2.80000,2.43000,2.47219,262016.54049144,647754.6712375331
1710201600,2024-03-12 00:00:00,FET/EUR,2.46000,2.57328,2.18000,2.43681,145241.60511499,353926.19576025876
1710288000,2024-03-13 00:00:00,FET/EUR,2.43681,2.60986,2.29470,2.43196,71931.84141098,174935.36103784695
1710374400,2024-03-14 00:00:00,FET/EUR,2.48732,2.78000,2.33671,2.62730,179257.32363464,470962.76638528967
1710460800,2024-03-15 00:00:00,FET/EUR,2.59965,2.62531,2.18532,2.46050,255068.52624130,627596.1088167187
1710547200,2024-03-16 00:00:00,FET/EUR,2.42250,2.62993,2.10670,2.21703,73565.11542051,163096.06784073327
1710633600,2024-03-17 00:00:00,FET/EUR,2.23227,2.76000,2.13400,2.59167,104280.97668599,270261.8788477797
1710720000,2024-03-18 00:00:00,FET/EUR,2.56134,2.62689,2.23232,2.27714,146085.12417163,332656.2796561856
1710806400,2024-03-19 00:00:00,FET/EUR,2.29394,2.47145,1.99106,2.19500,181921.39499712,399317.4620186784
1710892800,2024-03-20 00:00:00,FET/EUR,2.21755,2.60000,2.18030,2.53126,113574.78634835,287487.31369212444
1710979200,2024-03-21 00:00:00,FET/EUR,2.51057,2.52814,2.31149,2.31748,45759.07768663,106045.74735721131
1711065600,2024-03-22 00:00:00,FET/EUR,2.29999,2.38648,2.20000,2.22878,44526.85254557,99240.5584165155
1711152000,2024-03-23 00:00:00,FET/EUR,2.24227,2.54965,2.24001,2.24001,28367.38448962,63543.224930593686
1711238400,2024-03-24 00:00:00,FET/EUR,2.25394,2.45935,2.20892,2.38650,26271.63022168,62697.24552403932
1711324800,2024-03-25 00:00:00,FET/EUR,2.35377,2.51889,2.28398,2.45433,70364.48764554,172697.6729630782
1711411200,2024-03-26 00:00:00,FET/EUR,2.49518,2.80000,2.49518,2.63154,82508.51180254,217124.44914885613
1711497600,2024-03-27 00:00:00,FET/EUR,2.60000,3.10000,2.59852,2.85301,180865.57215182,516011.28600486397
1711584000,2024-03-28 00:00:00,FET/EUR,2.86636,3.30000,2.78220,3.03999,169244.75920939,514502.3755489535
1711670400,2024-03-29 00:00:00,FET/EUR,3.04503,3.22500,2.82500,2.89614,115406.54451840,334233.50984151894
1711756800,2024-03-30 00:00:00,FET/EUR,2.85966,2.99000,2.70000,2.98144,132842.82705570,396062.9182969462
1711843200,2024-03-31 00:00:00,FET/EUR,2.96839,3.02687,2.77144,2.83300,39699.61062412,112468.99689813198
1711929600,2024-04-01 00:00:00,FET/EUR,2.83400,2.83400,2.64180,2.69328,52914.58305629,142513.78825384474
1712016000,2024-04-02 00:00:00,FET/EUR,2.68973,2.72999,2.40001,2.50620,67862.15362888,170076.12942469906
1712102400,2024-04-03 00:00:00,FET/EUR,2.48001,2.72289,2.32475,2.39327,62278.31097423,149048.81330529542
1712188800,2024-04-04 00:00:00,FET/EUR,2.38066,2.65566,2.33500,2.50934,85792.34423221,215282.16107565383
1712275200,2024-04-05 00:00:00,FET/EUR,2.49510,2.51159,2.31937,2.41386,57160.26995304,137976.88922884513
1712361600,2024-04-06 00:00:00,FET/EUR,2.44551,2.51832,2.39696,2.42913,22721.91390871,55194.48273306472
1712448000,2024-04-07 00:00:00,FET/EUR,2.48311,2.63348,2.40670,2.46893,21405.24857203,52848.06035694202
1712534400,2024-04-08 00:00:00,FET/EUR,2.45312,2.63260,2.43000,2.59103,22952.11972275,59469.630765236936
1712620800,2024-04-09 00:00:00,FET/EUR,2.55000,2.61090,2.36523,2.37166,20600.81704865,48858.13376160125
1712707200,2024-04-10 00:00:00,FET/EUR,2.39955,2.47919,2.24288,2.47919,19146.56869367,47467.98163965973
1712793600,2024-04-11 00:00:00,FET/EUR,2.46524,2.59769,2.34093,2.37938,37163.81877120,88426.84710781786
1712880000,2024-04-12 00:00:00,FET/EUR,2.37880,3.10000,1.80000,2.08816,195605.96053335,408456.54254732013
1712966400,2024-04-13 00:00:00,FET/EUR,2.06458,2.19636,1.47039,1.93205,200066.45638575,386538.3970600883
1713052800,2024-04-14 00:00:00,FET/EUR,1.87073,2.19992,1.76734,2.08206,241618.45439436,503064.1191563211
1713139200,2024-04-15 00:00:00,FET/EUR,2.04611,2.29989,1.89000,1.94599,100375.69457756,195330.097890986
1713225600,2024-04-16 00:00:00,FET/EUR,1.91872,2.00898,1.84821,2.00000,39444.86945742,78889.73891484
1713312000,2024-04-17 00:00:00,FET/EUR,2.00900,2.00900,1.76000,1.86882,41878.72159194,78263.7924854493
1713398400,2024-04-18 00:00:00,FET/EUR,1.87491,2.00000,1.77096,1.92411,38459.31323598,73999.94919048148
1713484800,2024-04-19 00:00:00,FET/EUR,1.90933,2.07807,1.75000,1.96620,46996.64605770,92404.80547864974
1713571200,2024-04-20 00:00:00,FET/EUR,1.97872,2.39995,1.97872,2.33258,51728.36725002,120660.55488005166
1713657600,2024-04-21 00:00:00,FET/EUR,2.33219,2.39996,2.22950,2.28393,47406.80987825,108273.83528523151
1713744000,2024-04-22 00:00:00,FET/EUR,2.33219,2.40991,2.20173,2.31648,38146.29651984,88365.13296227895
1713830400,2024-04-23 00:00:00,FET/EUR,2.36230,2.40779,2.20373,2.26117,58713.29068298,132760.73149363388
1713916800,2024-04-24 00:00:00,FET/EUR,2.30199,2.50000,2.08450,2.08450,71966.81097098,150014.8174690078
1714003200,2024-04-25 00:00:00,FET/EUR,2.12293,2.27336,2.05678,2.15000,218526.11550225,469831.1483298375
1714089600,2024-04-26 00:00:00,FET/EUR,2.15001,2.23973,2.00000,2.00579,42624.00232710,85494.79762767392
1714176000,2024-04-27 00:00:00,FET/EUR,2.02152,2.09940,1.94790,2.04242,22027.85688766,44990.13546449454
1714262400,2024-04-28 00:00:00,FET/EUR,2.05064,2.13914,2.00001,2.00898,35043.31588897,70401.32075462295
1714348800,2024-04-29 00:00:00,FET/EUR,2.00000,2.05593,1.95000,2.02194,52447.06122342,106044.81097008183
1714435200,2024-04-30 00:00:00,FET/EUR,2.02938,2.05000,1.78801,1.92293,45077.05751682,86680.02621081869
1714521600,2024-05-01 00:00:00,FET/EUR,1.88095,1.91770,1.70000,1.88377,32543.65224930,61304.75579766386
1714608000,2024-05-02 00:00:00,FET/EUR,1.82879,1.90900,1.80000,1.89164,5320.37089662,10064.226402882257
1714694400,2024-05-03 00:00:00,FET/EUR,1.91287,2.13409,1.83338,2.01383,11023.73603898,22199.930347379093
1714780800,2024-05-04 00:00:00,FET/EUR,2.03816,2.09000,1.96801,2.01127,18790.45643841,37792.68132088089
1714867200,2024-05-05 00:00:00,FET/EUR,1.99683,2.25000,1.97810,2.16778,26048.45847748,56467.327318311596
1714953600,2024-05-06 00:00:00,FET/EUR,2.21000,2.35370,2.15965,2.22274,51589.57142010,114670.20397831307
1715040000,2024-05-07 00:00:00,FET/EUR,2.25133,2.32651,2.19000,2.20633,18986.47214289,41890.42308302249
1715126400,2024-05-08 00:00:00,FET/EUR,2.20720,2.31499,1.98110,2.01561,44126.43176189,88941.67712358311
1715212800,2024-05-09 00:00:00,FET/EUR,2.02992,2.13300,1.99077,2.10000,16182.30178009,33982.833738189
1715299200,2024-05-10 00:00:00,FET/EUR,2.13975,2.19000,1.99077,2.04941,28984.20861371,59400.526975023415
1715385600,2024-05-11 00:00:00,FET/EUR,2.08892,2.10000,2.03000,2.09480,12303.62092959,25773.625123305137
1715472000,2024-05-12 00:00:00,FET/EUR,2.03000,2.05730,2.00999,2.01406,4781.55507971,9630.338823840724
1715558400,2024-05-13 00:00:00,FET/EUR,2.02502,2.05000,1.87702,1.96225,16268.69152568,31923.23994626558
1715644800,2024-05-14 00:00:00,FET/EUR,1.94800,1.99000,1.84624,1.85340,29369.54800027,54433.52026370041
1715731200,2024-05-15 00:00:00,FET/EUR,1.86839,2.15460,1.83000,2.07386,91674.12213685,190119.29493472772
1715817600,2024-05-16 00:00:00,FET/EUR,2.11000,2.15400,1.98000,2.10368,34591.38969347,72769.21467035898
1715904000,2024-05-17 00:00:00,FET/EUR,2.06800,2.18986,2.06800,2.17103,24429.62771557,53037.45465933394
1715990400,2024-05-18 00:00:00,FET/EUR,2.19420,2.22885,2.05493,2.10230,30015.91274184,63102.453357170234
1716076800,2024-05-19 00:00:00,FET/EUR,2.11573,2.14250,2.00967,2.02383,13386.29592165,27091.587275112917
1716163200,2024-05-20 00:00:00,FET/EUR,2.00000,2.24099,2.00000,2.24099,40856.55631065,91559.13412660355
1716249600,2024-05-21 00:00:00,FET/EUR,2.24100,2.46000,2.20000,2.34104,78351.01613553,183422.86281392115
1716336000,2024-05-22 00:00:00,FET/EUR,2.29834,2.59420,2.22559,2.33105,54713.63825335,127540.22645047151
1716422400,2024-05-23 00:00:00,FET/EUR,2.33105,2.35990,2.07866,2.20418,184056.03470778,405692.63058219454
1716508800,2024-05-24 00:00:00,FET/EUR,2.15316,2.22474,2.07867,2.07867,109004.88601935,226585.18642184226
1716595200,2024-05-25 00:00:00,FET/EUR,2.15006,2.19261,2.10001,2.12130,29936.59561651,63504.500281302666
1716681600,2024-05-26 00:00:00,FET/EUR,2.10001,2.11601,2.04325,2.04325,11124.90597368,22730.964130721663
1716768000,2024-05-27 00:00:00,FET/EUR,2.08590,2.14500,2.04807,2.11135,30145.72889733,63648.18470737769
1716854400,2024-05-28 00:00:00,FET/EUR,2.06425,2.08838,1.95000,2.06456,22575.87537348,46609.24926107188
1716940800,2024-05-29 00:00:00,FET/EUR,2.05615,2.15565,2.02906,2.04000,42111.21747569,85906.8836504076
1717027200,2024-05-30 00:00:00,FET/EUR,2.04000,2.11251,1.96020,2.01512,8982.71340820,18101.245443131982
1717113600,2024-05-31 00:00:00,FET/EUR,2.01512,2.03500,1.93114,1.97380,46767.07187000,92308.846457006
1717200000,2024-06-01 00:00:00,FET/EUR,1.96218,1.99761,1.93307,1.94644,3262.36003280,6349.988062243232
1717286400,2024-06-02 00:00:00,FET/EUR,1.93096,1.98108,1.89000,1.91968,11876.22472007,22798.55107062398
1717372800,2024-06-03 00:00:00,FET/EUR,1.94866,2.00582,1.85001,1.95988,15073.29459223,29541.848605419735
1717459200,2024-06-04 00:00:00,FET/EUR,1.95635,1.99994,1.85000,1.94551,18542.72047683,36075.048114877536
1717545600,2024-06-05 00:00:00,FET/EUR,1.97387,2.11250,1.96527,1.97438,36556.45928225,72176.34207768875
1717632000,2024-06-06 00:00:00,FET/EUR,1.98662,2.02410,1.86000,1.87001,22583.06760647,42230.56225477496
1717718400,2024-06-07 00:00:00,FET/EUR,1.87001,1.87001,1.87001,1.87001,0.00000000,0.0
