https://www.Saxcoin-b6.nl,FTM,Fantom
unix,date,symbol,open,high,low,close,volume,total
1648425600,2022-03-28 00:00:00,FTM/EUR,1.31000,1.50000,1.29000,1.29000,49715.80692804,64133.3909371716
1648512000,2022-03-29 00:00:00,FTM/EUR,1.27735,1.32470,1.25000,1.25000,53047.84487012,66309.80608765001
1648598400,2022-03-30 00:00:00,FTM/EUR,1.26000,1.30004,1.23511,1.25656,29247.11742487,36750.75787139464
1648684800,2022-03-31 00:00:00,FTM/EUR,1.29414,1.36500,1.26443,1.28953,145692.92597783,187875.3988361911
1648771200,2022-04-01 00:00:00,FTM/EUR,1.32232,1.45128,1.29432,1.42222,68578.01602206,97533.02594689417
1648857600,2022-04-02 00:00:00,FTM/EUR,1.43147,1.52441,1.41025,1.41025,39478.77811978,55674.94684341975
1648944000,2022-04-03 00:00:00,FTM/EUR,1.38343,1.48934,1.38343,1.46432,58245.82284401,85290.52330694073
1649030400,2022-04-04 00:00:00,FTM/EUR,1.45829,1.45829,1.36253,1.42888,69330.90461259,99065.5429828376
1649116800,2022-04-05 00:00:00,FTM/EUR,1.42999,1.44000,1.34492,1.34492,44712.03714005,60134.11299039604
1649203200,2022-04-06 00:00:00,FTM/EUR,1.31000,1.33221,1.19430,1.20000,73412.54095174,88095.049142088
1649289600,2022-04-07 00:00:00,FTM/EUR,1.20121,1.24000,1.18000,1.22582,15704.36707726,19250.72725064685
1649376000,2022-04-08 00:00:00,FTM/EUR,1.23560,1.26172,1.14019,1.14019,14171.28325895,16157.9554590222
1649462400,2022-04-09 00:00:00,FTM/EUR,1.15700,1.17758,1.15010,1.16321,6780.89406138,7887.60378113783
1649548800,2022-04-10 00:00:00,FTM/EUR,1.19762,1.20963,1.15496,1.16126,39978.64292747,46425.59888595381
1649635200,2022-04-11 00:00:00,FTM/EUR,1.15000,1.15000,1.02000,1.02854,41344.26576114,42524.231105962936
1649721600,2022-04-12 00:00:00,FTM/EUR,1.02409,1.08750,1.02409,1.07283,39251.44191786,42110.12443273774
1649808000,2022-04-13 00:00:00,FTM/EUR,1.08302,1.10531,1.07627,1.10385,13663.09306393,15082.005278619132
1649894400,2022-04-14 00:00:00,FTM/EUR,1.09387,1.12055,1.06189,1.06973,16152.07895512,17278.363420660517
1649980800,2022-04-15 00:00:00,FTM/EUR,1.07514,1.08758,1.07514,1.08686,3105.34807118,3375.0786046426942
1650067200,2022-04-16 00:00:00,FTM/EUR,1.08333,1.08353,1.05935,1.07507,2053.61579449,2207.7807321823643
1650153600,2022-04-17 00:00:00,FTM/EUR,1.05882,1.06675,1.02625,1.02625,2795.97645562,2869.370837580025
1650240000,2022-04-18 00:00:00,FTM/EUR,1.02976,1.05279,0.98776,1.05051,26163.53954821,27485.05993079009
1650326400,2022-04-19 00:00:00,FTM/EUR,1.05634,1.10248,1.04964,1.09102,21009.99376308,22922.323395395546
1650412800,2022-04-20 00:00:00,FTM/EUR,1.08100,1.13000,1.07730,1.09059,36649.52788150,39969.60861228508
1650499200,2022-04-21 00:00:00,FTM/EUR,1.08995,1.10671,1.00048,1.04209,39076.68709120,40721.42485086861
1650585600,2022-04-22 00:00:00,FTM/EUR,1.02571,1.09237,1.02491,1.02891,45601.84299025,46920.19227109812
1650672000,2022-04-23 00:00:00,FTM/EUR,1.02451,1.03382,1.00650,1.01074,6576.77536319,6647.40993059066
1650758400,2022-04-24 00:00:00,FTM/EUR,1.01874,1.02002,0.99254,1.00619,19338.45498144,19458.160017775113
1650844800,2022-04-25 00:00:00,FTM/EUR,0.98530,1.00000,0.91693,1.00000,24237.02426283,24237.02426283
1650931200,2022-04-26 00:00:00,FTM/EUR,0.99573,1.00581,0.90220,0.90220,71514.70553022,64520.56732936449
1651017600,2022-04-27 00:00:00,FTM/EUR,0.93750,0.95413,0.92834,0.92834,9073.59514014,8423.381312397569
1651104000,2022-04-28 00:00:00,FTM/EUR,0.94409,0.96623,0.92466,0.93198,18411.84590065,17159.47214248779
1651190400,2022-04-29 00:00:00,FTM/EUR,0.90500,0.91527,0.76701,0.79734,109353.14326480,87191.63525075564
1651276800,2022-04-30 00:00:00,FTM/EUR,0.79380,0.80060,0.62000,0.65140,182847.94951288,119107.15431269004
1651363200,2022-05-01 00:00:00,FTM/EUR,0.65631,0.73620,0.62556,0.73620,110965.07756384,81692.490102499
1651449600,2022-05-02 00:00:00,FTM/EUR,0.74974,0.76334,0.69286,0.73464,65185.81359603,47888.10610018748
1651536000,2022-05-03 00:00:00,FTM/EUR,0.72638,0.76655,0.71020,0.72320,80511.89096702,58226.19954734886
1651622400,2022-05-04 00:00:00,FTM/EUR,0.73066,0.80827,0.72289,0.80827,82259.77819712,66488.1109233862
1651708800,2022-05-05 00:00:00,FTM/EUR,0.81045,0.82467,0.68310,0.70547,170016.99338573,119941.88832383095
1651795200,2022-05-06 00:00:00,FTM/EUR,0.69772,0.70280,0.65686,0.69015,120072.99503583,82868.37752397808
1651881600,2022-05-07 00:00:00,FTM/EUR,0.66001,0.68510,0.63356,0.64903,37881.74646958,24586.38991115151
1651968000,2022-05-08 00:00:00,FTM/EUR,0.64918,0.66813,0.63025,0.64168,38907.51938527,24966.177039140057
1652054400,2022-05-09 00:00:00,FTM/EUR,0.63100,0.63217,0.51297,0.51297,148685.91706608,76271.41487738707
1652140800,2022-05-10 00:00:00,FTM/EUR,0.52263,0.58091,0.49735,0.50846,152537.14854852,77559.03855098048
1652227200,2022-05-11 00:00:00,FTM/EUR,0.52050,0.52272,0.26632,0.34346,240725.87513086,82679.70907244517
1652313600,2022-05-12 00:00:00,FTM/EUR,0.33085,0.41000,0.22335,0.28023,284747.98354807,79794.92742967565
1652400000,2022-05-13 00:00:00,FTM/EUR,0.28833,0.41000,0.25025,0.31404,355419.61133554,111615.97474381299
1652486400,2022-05-14 00:00:00,FTM/EUR,0.30999,0.40000,0.28358,0.36417,267827.83615833,97534.86309377904
1652572800,2022-05-15 00:00:00,FTM/EUR,0.36177,0.37999,0.33505,0.37662,136386.40702788,51365.848614840164
1652659200,2022-05-16 00:00:00,FTM/EUR,0.37420,0.37420,0.32000,0.32000,136880.93077949,43801.897849436806
1652745600,2022-05-17 00:00:00,FTM/EUR,0.32846,0.39600,0.32000,0.35000,134411.44002091,47044.004007318494
1652832000,2022-05-18 00:00:00,FTM/EUR,0.35000,0.35548,0.30409,0.30409,152084.13630618,46247.26500934628
1652918400,2022-05-19 00:00:00,FTM/EUR,0.30001,0.33175,0.28950,0.32607,108157.93731582,35267.058620569434
1653004800,2022-05-20 00:00:00,FTM/EUR,0.32528,0.34005,0.30601,0.33425,130464.61647974,43607.798058353095
1653091200,2022-05-21 00:00:00,FTM/EUR,0.34277,0.43999,0.33500,0.38900,279086.45368907,108564.63048504824
1653177600,2022-05-22 00:00:00,FTM/EUR,0.38891,0.45000,0.38242,0.40617,277520.15184885,112720.36007644741
1653264000,2022-05-23 00:00:00,FTM/EUR,0.41207,0.48744,0.40365,0.40547,267907.74012050,108628.55138665912
1653350400,2022-05-24 00:00:00,FTM/EUR,0.41583,0.42383,0.37147,0.39307,173945.33791890,68372.69397578202
1653436800,2022-05-25 00:00:00,FTM/EUR,0.39584,0.40748,0.35001,0.37661,112827.97098274,42492.14215180971
1653523200,2022-05-26 00:00:00,FTM/EUR,0.40680,0.41000,0.31401,0.35310,211808.85879519,74789.7080405816
1653609600,2022-05-27 00:00:00,FTM/EUR,0.33851,0.37625,0.31731,0.32531,163054.55264376,53043.27652054156
1653696000,2022-05-28 00:00:00,FTM/EUR,0.33600,0.34610,0.32602,0.34609,59872.26777195,20721.193153194177
1653782400,2022-05-29 00:00:00,FTM/EUR,0.33289,0.36755,0.33153,0.34483,28393.57829583,9790.95760375106
1653868800,2022-05-30 00:00:00,FTM/EUR,0.33768,0.39000,0.32001,0.38595,131040.72192689,50575.1666276832
1653955200,2022-05-31 00:00:00,FTM/EUR,0.38736,0.40490,0.37103,0.37918,89790.35740927,34046.707722447
1654041600,2022-06-01 00:00:00,FTM/EUR,0.37315,0.39998,0.33941,0.34322,70745.36352925,24281.223670509185
1654128000,2022-06-02 00:00:00,FTM/EUR,0.34120,0.35540,0.33245,0.35540,38819.94927654,13796.609972882316
1654214400,2022-06-03 00:00:00,FTM/EUR,0.35343,0.35343,0.32516,0.33129,43556.81152079,14429.936088722518
1654300800,2022-06-04 00:00:00,FTM/EUR,0.32780,0.33577,0.31890,0.32935,22706.49551921,7478.384299251813
1654387200,2022-06-05 00:00:00,FTM/EUR,0.32579,0.33307,0.32295,0.33307,17428.13035246,5804.787376493852
1654473600,2022-06-06 00:00:00,FTM/EUR,0.33600,0.35907,0.33600,0.33855,39761.99712310,13461.424126025506
1654560000,2022-06-07 00:00:00,FTM/EUR,0.32431,0.33913,0.31500,0.33169,121704.15149828,40368.05001046449
1654646400,2022-06-08 00:00:00,FTM/EUR,0.32814,0.32926,0.31400,0.32088,31444.24548955,10089.829492686804
1654732800,2022-06-09 00:00:00,FTM/EUR,0.31400,0.32915,0.30830,0.31670,76290.11914842,24161.08073430461
1654819200,2022-06-10 00:00:00,FTM/EUR,0.31561,0.31824,0.28980,0.29284,190909.58517092,55905.962921452214
1654905600,2022-06-11 00:00:00,FTM/EUR,0.29277,0.30090,0.26319,0.26500,57178.03867440,15152.180248716
1654992000,2022-06-12 00:00:00,FTM/EUR,0.26328,0.30973,0.21316,0.21400,223368.54512470,47800.8686566858
1655078400,2022-06-13 00:00:00,FTM/EUR,0.21100,0.26500,0.18213,0.22335,358541.88759686,80080.33059475868
1655164800,2022-06-14 00:00:00,FTM/EUR,0.22794,0.25399,0.20736,0.21844,209868.93415529,45843.769976881544
1655251200,2022-06-15 00:00:00,FTM/EUR,0.22274,0.24498,0.20000,0.24489,280368.49409189,68659.44051816294
1655337600,2022-06-16 00:00:00,FTM/EUR,0.24482,0.24501,0.20944,0.20957,127923.32269078,26808.890736306766
1655424000,2022-06-17 00:00:00,FTM/EUR,0.22107,0.24498,0.21927,0.22772,87227.60100359,19863.469300537516
1655510400,2022-06-18 00:00:00,FTM/EUR,0.23409,0.23409,0.19522,0.21127,238454.72408273,50378.32955695837
1655596800,2022-06-19 00:00:00,FTM/EUR,0.21136,0.23147,0.20193,0.22815,110247.69296147,25153.01114915938
1655683200,2022-06-20 00:00:00,FTM/EUR,0.22586,0.25293,0.22306,0.23698,108557.26783497,25725.90133153119
1655769600,2022-06-21 00:00:00,FTM/EUR,0.23883,0.28333,0.23883,0.25924,123122.53361918,31918.285615436227
1655856000,2022-06-22 00:00:00,FTM/EUR,0.25643,0.26999,0.24066,0.24446,114357.12153914,27955.741931458168
1655942400,2022-06-23 00:00:00,FTM/EUR,0.24630,0.39899,0.24530,0.25975,185854.65002936,48275.745345126255
1656028800,2022-06-24 00:00:00,FTM/EUR,0.25878,0.28850,0.25802,0.28850,176153.69550890,50820.34115431765
1656115200,2022-06-25 00:00:00,FTM/EUR,0.28145,0.34299,0.27357,0.28760,152489.27807547,43855.91637450518
1656201600,2022-06-26 00:00:00,FTM/EUR,0.28774,0.29816,0.26252,0.26252,80428.74994717,21114.155436131066
1656288000,2022-06-27 00:00:00,FTM/EUR,0.26538,0.34400,0.25750,0.26508,201357.03969982,53375.72408362828
1656374400,2022-06-28 00:00:00,FTM/EUR,0.26041,0.27816,0.25513,0.25553,69242.00983569,17693.410773313863
1656460800,2022-06-29 00:00:00,FTM/EUR,0.25775,0.29999,0.24236,0.24822,121025.77088235,30041.016848416915
1656547200,2022-06-30 00:00:00,FTM/EUR,0.25004,0.25004,0.22749,0.22941,147037.46322574,33731.86443861701
1656633600,2022-07-01 00:00:00,FTM/EUR,0.24564,0.24890,0.23518,0.23923,79364.51035704,18986.37181271468
1656720000,2022-07-02 00:00:00,FTM/EUR,0.23336,0.23761,0.22724,0.23574,36477.98339940,8599.319806574556
1656806400,2022-07-03 00:00:00,FTM/EUR,0.23877,0.25215,0.23548,0.24516,37685.14627042,9238.890459656168
1656892800,2022-07-04 00:00:00,FTM/EUR,0.23958,0.25438,0.23958,0.25438,148187.51471993,37695.939994455795
1656979200,2022-07-05 00:00:00,FTM/EUR,0.25321,0.25927,0.22900,0.24953,76970.81170728,19206.526645317575
1657065600,2022-07-06 00:00:00,FTM/EUR,0.24919,0.26119,0.24343,0.25950,145337.36913488,37715.04729050136
1657152000,2022-07-07 00:00:00,FTM/EUR,0.25701,0.27502,0.25351,0.26875,116789.22814391,31387.105063675812
1657238400,2022-07-08 00:00:00,FTM/EUR,0.27107,0.28851,0.22000,0.27001,124594.19092113,33641.677490614304
1657324800,2022-07-09 00:00:00,FTM/EUR,0.27088,0.28734,0.26784,0.27894,22109.07165400,6167.10444716676
1657411200,2022-07-10 00:00:00,FTM/EUR,0.27075,0.27131,0.25697,0.26169,38841.54482704,10164.443865788096
1657497600,2022-07-11 00:00:00,FTM/EUR,0.25966,0.26154,0.24711,0.24711,28664.85667720,7083.3727335028925
1657584000,2022-07-12 00:00:00,FTM/EUR,0.24197,0.24896,0.23361,0.23361,71360.32319244,16670.48510098591
1657670400,2022-07-13 00:00:00,FTM/EUR,0.23200,0.24101,0.22200,0.24014,129864.07237232,31185.558339488925
1657756800,2022-07-14 00:00:00,FTM/EUR,0.24429,0.25108,0.23500,0.24970,61830.86965025,15439.168151667425
1657843200,2022-07-15 00:00:00,FTM/EUR,0.25029,0.26327,0.24898,0.25641,122719.53592084,31466.516205462587
1657929600,2022-07-16 00:00:00,FTM/EUR,0.25010,0.27000,0.24658,0.25671,47701.33925868,12245.41080109574
1658016000,2022-07-17 00:00:00,FTM/EUR,0.26052,0.26809,0.25405,0.25504,39390.96698142,10046.272218941356
1658102400,2022-07-18 00:00:00,FTM/EUR,0.25399,0.29602,0.25339,0.28714,242609.26163853,69662.82338688751
1658188800,2022-07-19 00:00:00,FTM/EUR,0.28720,0.34153,0.28629,0.33263,234168.22083333,77891.37529579055
1658275200,2022-07-20 00:00:00,FTM/EUR,0.32800,0.37160,0.30106,0.30784,386525.58832819,118988.03711095
1658361600,2022-07-21 00:00:00,FTM/EUR,0.30747,0.32860,0.28990,0.31943,214563.67437485,68538.07450555834
1658448000,2022-07-22 00:00:00,FTM/EUR,0.32763,0.33688,0.30769,0.31509,72980.56902389,22995.447493737498
1658534400,2022-07-23 00:00:00,FTM/EUR,0.31244,0.34633,0.31244,0.32585,168921.34136704,55043.01908444998
1658620800,2022-07-24 00:00:00,FTM/EUR,0.34000,0.35353,0.32546,0.35298,78475.75679631,27700.372633961506
1658707200,2022-07-25 00:00:00,FTM/EUR,0.33782,0.33782,0.29900,0.29900,134677.14527102,40268.46643603498
1658793600,2022-07-26 00:00:00,FTM/EUR,0.29353,0.29911,0.28557,0.29911,81387.82234460,24343.911541493308
1658880000,2022-07-27 00:00:00,FTM/EUR,0.29827,0.37157,0.28550,0.32004,205172.04517631,65663.26133822625
1658966400,2022-07-28 00:00:00,FTM/EUR,0.32147,0.35499,0.30000,0.33222,304192.83478222,101058.94357134914
1659052800,2022-07-29 00:00:00,FTM/EUR,0.34000,0.34275,0.31990,0.33200,164836.25926078,54725.638074578965
1659139200,2022-07-30 00:00:00,FTM/EUR,0.32819,0.36087,0.32549,0.32792,174641.72517533,57268.514519494216
1659225600,2022-07-31 00:00:00,FTM/EUR,0.33193,0.34876,0.31961,0.31961,62755.84797738,20057.39657205042
1659312000,2022-08-01 00:00:00,FTM/EUR,0.32571,0.33334,0.31839,0.33240,83485.60018271,27750.6135007328
1659398400,2022-08-02 00:00:00,FTM/EUR,0.33267,0.33472,0.31179,0.32741,96601.79595310,31628.39401300447
1659484800,2022-08-03 00:00:00,FTM/EUR,0.31881,0.37000,0.31840,0.33373,244732.95247606,81674.72822983551
1659571200,2022-08-04 00:00:00,FTM/EUR,0.33710,0.36115,0.33710,0.36115,132192.41028225,47741.28897343459
1659657600,2022-08-05 00:00:00,FTM/EUR,0.35881,0.37640,0.35881,0.37230,201162.95676787,74892.968804678
1659744000,2022-08-06 00:00:00,FTM/EUR,0.36931,0.38080,0.36033,0.36033,51843.57594273,18680.7957194439
1659830400,2022-08-07 00:00:00,FTM/EUR,0.35100,0.37200,0.35100,0.36344,62082.00083898,22563.08238491889
1659916800,2022-08-08 00:00:00,FTM/EUR,0.36495,0.38496,0.36493,0.37390,146367.63447118,54726.8585287742
1660003200,2022-08-09 00:00:00,FTM/EUR,0.37172,0.38500,0.34751,0.36692,133893.72581366,49128.285875548136
1660089600,2022-08-10 00:00:00,FTM/EUR,0.35570,0.41700,0.35570,0.39402,236892.79096749,93340.49749701041
1660176000,2022-08-11 00:00:00,FTM/EUR,0.40035,0.41700,0.37738,0.37738,287828.82799113,108620.84310729263
1660262400,2022-08-12 00:00:00,FTM/EUR,0.37600,0.39398,0.37500,0.39152,71768.22645181,28098.696020412648
1660348800,2022-08-13 00:00:00,FTM/EUR,0.39206,0.41000,0.38793,0.39082,127932.78270128,49998.690135314246
1660435200,2022-08-14 00:00:00,FTM/EUR,0.39305,0.41000,0.37339,0.37761,109733.70465955,41436.54421649268
1660521600,2022-08-15 00:00:00,FTM/EUR,0.38533,0.39356,0.36200,0.36200,202027.19784263,73133.84561903206
1660608000,2022-08-16 00:00:00,FTM/EUR,0.36575,0.40000,0.36039,0.36264,76595.80425983,27776.70245678475
1660694400,2022-08-17 00:00:00,FTM/EUR,0.36573,0.37293,0.33895,0.33895,103714.06310840,35153.88169059218
1660780800,2022-08-18 00:00:00,FTM/EUR,0.34308,0.35500,0.33000,0.33093,224689.65286476,74356.54682253502
1660867200,2022-08-19 00:00:00,FTM/EUR,0.32649,0.32649,0.29686,0.29951,529880.41473877,158704.483018409
1660953600,2022-08-20 00:00:00,FTM/EUR,0.30169,0.30983,0.28846,0.28976,133807.73559176,38772.12946506838
1661040000,2022-08-21 00:00:00,FTM/EUR,0.29756,0.30761,0.29756,0.30572,349065.55161866,106716.32044085673
1661126400,2022-08-22 00:00:00,FTM/EUR,0.30261,0.30261,0.28596,0.29450,99739.65482367,29373.328345570815
1661212800,2022-08-23 00:00:00,FTM/EUR,0.29789,0.32499,0.29551,0.30353,66706.19780987,20247.332221229844
1661299200,2022-08-24 00:00:00,FTM/EUR,0.29878,0.31500,0.29800,0.30465,22503.02812074,6855.547516983441
1661385600,2022-08-25 00:00:00,FTM/EUR,0.30869,0.31754,0.30414,0.30814,48757.26675298,15024.064177263259
1661472000,2022-08-26 00:00:00,FTM/EUR,0.30668,0.35998,0.27506,0.27506,87638.27284850,24105.78332970841
1661558400,2022-08-27 00:00:00,FTM/EUR,0.27458,0.29308,0.26697,0.27469,43023.48598854,11818.121366192052
1661644800,2022-08-28 00:00:00,FTM/EUR,0.27338,0.28028,0.26666,0.26666,60205.09370622,16054.290287700627
1661731200,2022-08-29 00:00:00,FTM/EUR,0.26432,0.28270,0.26300,0.27993,79852.60538513,22353.13982545944
1661817600,2022-08-30 00:00:00,FTM/EUR,0.28470,0.28720,0.26767,0.27251,170805.83685088,46546.298600233305
1661904000,2022-08-31 00:00:00,FTM/EUR,0.28075,0.28600,0.27213,0.27213,16320.02000836,4441.1670448750065
1661990400,2022-09-01 00:00:00,FTM/EUR,0.27255,0.27351,0.26500,0.27338,158897.48807695,43439.39529047659
1662076800,2022-09-02 00:00:00,FTM/EUR,0.27312,0.27777,0.26798,0.26992,88431.06060018,23869.311877200587
1662163200,2022-09-03 00:00:00,FTM/EUR,0.26968,0.27096,0.26711,0.26747,13986.71800733,3741.027465420555
1662249600,2022-09-04 00:00:00,FTM/EUR,0.27022,0.27442,0.26920,0.27442,23586.95673748,6472.732667899261
1662336000,2022-09-05 00:00:00,FTM/EUR,0.27711,0.27711,0.26163,0.26449,28743.98210830,7602.495827824267
1662422400,2022-09-06 00:00:00,FTM/EUR,0.27062,0.28470,0.24948,0.27099,193319.26978109,52387.588917977584
1662508800,2022-09-07 00:00:00,FTM/EUR,0.24500,0.26888,0.24400,0.25359,47365.00391820,12011.291343616336
1662595200,2022-09-08 00:00:00,FTM/EUR,0.25697,0.26007,0.25000,0.25280,50127.96405252,12672.349312477058
1662681600,2022-09-09 00:00:00,FTM/EUR,0.25335,0.27872,0.25335,0.27232,72747.39914534,19810.57173525899
1662768000,2022-09-10 00:00:00,FTM/EUR,0.27700,0.28224,0.27052,0.27377,56122.71198328,15364.714859662567
1662854400,2022-09-11 00:00:00,FTM/EUR,0.27163,0.27530,0.26468,0.27045,38385.13159081,10381.258838734566
1662940800,2022-09-12 00:00:00,FTM/EUR,0.27827,0.27942,0.25947,0.26476,229889.12358643,60865.44436074321
1663027200,2022-09-13 00:00:00,FTM/EUR,0.26128,0.26765,0.24861,0.24876,76257.03277370,18969.699472785614
1663113600,2022-09-14 00:00:00,FTM/EUR,0.24899,0.27868,0.24472,0.25073,60950.68878466,15282.166198977802
1663200000,2022-09-15 00:00:00,FTM/EUR,0.24710,0.25499,0.23907,0.24051,82123.05705038,19751.416451186895
1663286400,2022-09-16 00:00:00,FTM/EUR,0.24098,0.24695,0.23907,0.24622,41402.52059682,10194.12862134902
1663372800,2022-09-17 00:00:00,FTM/EUR,0.24814,0.25273,0.24607,0.25273,53315.56502944,13474.442749890371
1663459200,2022-09-18 00:00:00,FTM/EUR,0.25039,0.26219,0.21665,0.22489,141398.79267960,31799.174485715248
1663545600,2022-09-19 00:00:00,FTM/EUR,0.22288,0.25734,0.22241,0.22876,75284.35944897,17222.050067546377
1663632000,2022-09-20 00:00:00,FTM/EUR,0.22948,0.23010,0.22349,0.22748,14365.01169876,3267.7528612339247
1663718400,2022-09-21 00:00:00,FTM/EUR,0.22987,0.23500,0.22000,0.22000,40332.04836411,8873.0506401042
1663804800,2022-09-22 00:00:00,FTM/EUR,0.22536,0.23620,0.22536,0.23494,51104.87681536,12006.57975900068
1663891200,2022-09-23 00:00:00,FTM/EUR,0.23993,0.24213,0.23213,0.24213,15302.82944228,3705.2740928592566
1663977600,2022-09-24 00:00:00,FTM/EUR,0.24159,0.24196,0.23937,0.24055,15241.28652775,3666.291474250263
1664064000,2022-09-25 00:00:00,FTM/EUR,0.23780,0.23848,0.23000,0.23000,16878.37604036,3882.0264892828
1664150400,2022-09-26 00:00:00,FTM/EUR,0.23233,0.23644,0.22886,0.23526,3642.80222302,857.0056509876852
1664236800,2022-09-27 00:00:00,FTM/EUR,0.24349,0.24448,0.23551,0.23778,33524.21148195,7971.38700617807
1664323200,2022-09-28 00:00:00,FTM/EUR,0.23633,0.23633,0.23135,0.23462,18162.80891642,4261.35822797046
1664409600,2022-09-29 00:00:00,FTM/EUR,0.23442,0.23745,0.23000,0.23176,24693.63232724,5722.996228161142
1664496000,2022-09-30 00:00:00,FTM/EUR,0.23192,0.23473,0.23000,0.23000,15209.94224134,3498.2867155082004
1664582400,2022-10-01 00:00:00,FTM/EUR,0.23116,0.23116,0.22954,0.23008,20436.56554767,4702.045001207914
1664668800,2022-10-02 00:00:00,FTM/EUR,0.22889,0.22889,0.22450,0.22499,24718.46922222,5561.408390307278
1664755200,2022-10-03 00:00:00,FTM/EUR,0.22100,0.22839,0.22100,0.22839,38842.16672583,8871.162458512314
1664841600,2022-10-04 00:00:00,FTM/EUR,0.22780,0.23094,0.22748,0.22859,34354.70934086,7853.143008227186
1664928000,2022-10-05 00:00:00,FTM/EUR,0.22827,0.22827,0.22471,0.22810,27967.71351264,6379.435452233183
1665014400,2022-10-06 00:00:00,FTM/EUR,0.23024,0.23026,0.22632,0.22632,81484.83419720,18441.647675510303
1665100800,2022-10-07 00:00:00,FTM/EUR,0.22751,0.22930,0.22735,0.22794,24519.88891014,5589.0634781773115
1665187200,2022-10-08 00:00:00,FTM/EUR,0.22874,0.24299,0.22556,0.22567,5104.69145220,1151.975720017974
1665273600,2022-10-09 00:00:00,FTM/EUR,0.22599,0.22849,0.22599,0.22801,8192.68611266,1868.0143605476064
1665360000,2022-10-10 00:00:00,FTM/EUR,0.22875,0.22884,0.21509,0.21509,147411.38159236,31706.714066700715
1665446400,2022-10-11 00:00:00,FTM/EUR,0.21000,0.21336,0.20836,0.21118,24522.65150712,5178.693545273602
1665532800,2022-10-12 00:00:00,FTM/EUR,0.21334,0.21501,0.21252,0.21485,13936.68263081,2994.296263229529
1665619200,2022-10-13 00:00:00,FTM/EUR,0.21120,0.21239,0.19312,0.21239,78129.39957686,16593.903176129294
1665705600,2022-10-14 00:00:00,FTM/EUR,0.21555,0.24096,0.20645,0.20717,7065.22613505,1463.7028983983084
1665792000,2022-10-15 00:00:00,FTM/EUR,0.21159,0.21159,0.21159,0.21159,141.91243906,30.0272529807054
1665878400,2022-10-16 00:00:00,FTM/EUR,0.21134,0.21349,0.21089,0.21307,7545.60144154,1607.741299148928
1665964800,2022-10-17 00:00:00,FTM/EUR,0.21274,0.21623,0.21234,0.21605,42337.19114677,9146.950147259658
1666051200,2022-10-18 00:00:00,FTM/EUR,0.21606,0.21837,0.20832,0.21164,38749.05433632,8200.849859738764
1666137600,2022-10-19 00:00:00,FTM/EUR,0.20980,0.21722,0.20309,0.20309,18076.46380607,3671.1490343747564
1666224000,2022-10-20 00:00:00,FTM/EUR,0.20319,0.23497,0.20298,0.20349,19564.00528371,3981.0794351821482
1666310400,2022-10-21 00:00:00,FTM/EUR,0.20164,0.20794,0.20000,0.20794,9407.30609700,1956.1552298101803
1666396800,2022-10-22 00:00:00,FTM/EUR,0.20585,0.20865,0.20585,0.20586,12015.06325803,2473.4209222980558
1666483200,2022-10-23 00:00:00,FTM/EUR,0.20870,0.20913,0.20589,0.20913,4024.13528926,841.5674130429438
1666569600,2022-10-24 00:00:00,FTM/EUR,0.21289,0.21289,0.20707,0.20707,413063.80852957,85533.12283221807
1666656000,2022-10-25 00:00:00,FTM/EUR,0.20895,0.21612,0.20637,0.21149,139365.67503306,29474.44661274186
1666742400,2022-10-26 00:00:00,FTM/EUR,0.21701,0.23789,0.21542,0.21772,245648.83458569,53482.66426599643
1666828800,2022-10-27 00:00:00,FTM/EUR,0.21830,0.22480,0.21600,0.21655,23111.81579473,5004.863710348781
1666915200,2022-10-28 00:00:00,FTM/EUR,0.21500,0.22829,0.21188,0.22738,20557.99238332,4674.476308119301
1667001600,2022-10-29 00:00:00,FTM/EUR,0.22713,0.23270,0.22470,0.22798,26384.62587588,6015.167007183122
1667088000,2022-10-30 00:00:00,FTM/EUR,0.22747,0.24747,0.22747,0.23798,70323.55797995,16735.6003280685
1667174400,2022-10-31 00:00:00,FTM/EUR,0.23699,0.24849,0.23062,0.24175,90260.39371775,21820.450181266064
1667260800,2022-11-01 00:00:00,FTM/EUR,0.24399,0.24480,0.23374,0.23374,73236.97495611,17118.410526241154
1667347200,2022-11-02 00:00:00,FTM/EUR,0.23218,0.23394,0.22080,0.22394,32954.67006501,7379.86881435834
1667433600,2022-11-03 00:00:00,FTM/EUR,0.23212,0.29500,0.23212,0.26061,296592.50709847,77294.97327493227
1667520000,2022-11-04 00:00:00,FTM/EUR,0.25146,0.29582,0.25146,0.27467,143826.09655925,39504.7139419292
1667606400,2022-11-05 00:00:00,FTM/EUR,0.27549,0.31519,0.27549,0.28094,111355.18732870,31284.12632812498
1667692800,2022-11-06 00:00:00,FTM/EUR,0.29276,0.29276,0.26941,0.26941,107701.68561482,29015.911121488654
1667779200,2022-11-07 00:00:00,FTM/EUR,0.26985,0.27080,0.25564,0.26274,77301.50068520,20310.196290029446
1667865600,2022-11-08 00:00:00,FTM/EUR,0.26870,0.26870,0.18000,0.21255,400467.84144349,85119.43969881379
1667952000,2022-11-09 00:00:00,FTM/EUR,0.21435,0.23999,0.17000,0.18974,404918.46370856,76829.22930406217
1668038400,2022-11-10 00:00:00,FTM/EUR,0.18974,0.24440,0.18091,0.21800,83921.47157859,18294.88080413262
1668124800,2022-11-11 00:00:00,FTM/EUR,0.24389,0.24440,0.18513,0.20497,54465.68584145,11163.831626922007
1668211200,2022-11-12 00:00:00,FTM/EUR,0.19700,0.22999,0.18005,0.18009,43380.46976088,7812.388799236879
1668297600,2022-11-13 00:00:00,FTM/EUR,0.19498,0.19884,0.17022,0.17498,62489.24269668,10934.367687065065
1668384000,2022-11-14 00:00:00,FTM/EUR,0.17022,0.19500,0.16500,0.17500,54842.74728715,9597.48077525125
1668470400,2022-11-15 00:00:00,FTM/EUR,0.19449,0.20995,0.17710,0.17950,27615.70115489,4957.018357302755
1668556800,2022-11-16 00:00:00,FTM/EUR,0.18217,0.18719,0.17298,0.17412,102392.04552755,17828.502967257005
1668643200,2022-11-17 00:00:00,FTM/EUR,0.17687,0.18299,0.17022,0.17388,58447.68800930,10162.883991057084
1668729600,2022-11-18 00:00:00,FTM/EUR,0.17424,0.17460,0.17124,0.17388,29588.88465933,5144.915264564301
1668816000,2022-11-19 00:00:00,FTM/EUR,0.17285,0.17682,0.17285,0.17652,15533.98463780,2742.0589682644563
1668902400,2022-11-20 00:00:00,FTM/EUR,0.18003,0.18019,0.16000,0.16261,40696.74000020,6617.6968914325225
1668988800,2022-11-21 00:00:00,FTM/EUR,0.16257,0.16988,0.16000,0.16502,43072.22652400,7107.778820990479
1669075200,2022-11-22 00:00:00,FTM/EUR,0.16429,0.17174,0.16000,0.17057,83997.66020602,14327.48090134083
1669161600,2022-11-23 00:00:00,FTM/EUR,0.17174,0.17800,0.17100,0.17720,32428.32851477,5746.299812817244
1669248000,2022-11-24 00:00:00,FTM/EUR,0.17859,0.18445,0.17439,0.17439,5727.63345719,998.841998599364
1669334400,2022-11-25 00:00:00,FTM/EUR,0.17466,0.18023,0.17224,0.17533,13532.05244359,2372.574754934635
1669420800,2022-11-26 00:00:00,FTM/EUR,0.18200,0.18537,0.18088,0.18088,11376.59472675,2057.79845417454
1669507200,2022-11-27 00:00:00,FTM/EUR,0.18903,0.18999,0.17347,0.18281,18670.55000477,3413.163246372004
1669593600,2022-11-28 00:00:00,FTM/EUR,0.17319,0.19611,0.17318,0.19586,48732.19031719,9544.686795524833
1669680000,2022-11-29 00:00:00,FTM/EUR,0.19381,0.21267,0.19221,0.21189,36978.44921319,7835.363603782828
1669766400,2022-11-30 00:00:00,FTM/EUR,0.21963,0.27000,0.21322,0.23601,231634.30076693,54668.01132400315
1669852800,2022-12-01 00:00:00,FTM/EUR,0.23459,0.26043,0.22407,0.24924,39242.72211948,9780.856061059196
1669939200,2022-12-02 00:00:00,FTM/EUR,0.23857,0.23857,0.23000,0.23378,42946.86037005,10040.11701731029
1670025600,2022-12-03 00:00:00,FTM/EUR,0.23008,0.24150,0.22661,0.22721,34085.15319959,7744.4876584788435
1670112000,2022-12-04 00:00:00,FTM/EUR,0.22930,0.23665,0.22776,0.23665,5226.04327988,1236.743142183602
1670198400,2022-12-05 00:00:00,FTM/EUR,0.23295,0.25008,0.23040,0.23679,28081.77672769,6649.4839113497155
1670284800,2022-12-06 00:00:00,FTM/EUR,0.24470,0.24470,0.23158,0.23281,53882.88385607,12544.474190531657
1670371200,2022-12-07 00:00:00,FTM/EUR,0.23211,0.23211,0.21780,0.21993,20784.11961483,4571.051426889561
1670457600,2022-12-08 00:00:00,FTM/EUR,0.22140,0.22233,0.21560,0.22233,15217.01972974,3383.199996513094
1670544000,2022-12-09 00:00:00,FTM/EUR,0.22811,0.23148,0.22811,0.22934,3533.70635789,810.4202161184926
1670630400,2022-12-10 00:00:00,FTM/EUR,0.24495,0.24500,0.20133,0.22805,43429.90740715,9904.190384200558
1670716800,2022-12-11 00:00:00,FTM/EUR,0.22804,0.23212,0.22100,0.22162,192747.01996933,42716.594565602914
1670803200,2022-12-12 00:00:00,FTM/EUR,0.22053,0.23773,0.20737,0.22141,55900.13246482,12376.848329035796
1670889600,2022-12-13 00:00:00,FTM/EUR,0.22026,0.24200,0.21390,0.23399,29262.13343296,6847.046601978311
1670976000,2022-12-14 00:00:00,FTM/EUR,0.23630,0.23992,0.22452,0.22452,43117.72966480,9680.792664340895
1671062400,2022-12-15 00:00:00,FTM/EUR,0.22375,0.22446,0.21512,0.21938,15368.06519166,3371.446141746371
1671148800,2022-12-16 00:00:00,FTM/EUR,0.21760,0.22519,0.18530,0.18531,103024.69780117,19091.506749534812
1671235200,2022-12-17 00:00:00,FTM/EUR,0.19058,0.20761,0.18901,0.19388,55705.84662501,10800.249543656939
1671321600,2022-12-18 00:00:00,FTM/EUR,0.19700,0.19877,0.19303,0.19573,10925.15891092,2138.3813536343714
1671408000,2022-12-19 00:00:00,FTM/EUR,0.19230,0.19473,0.18000,0.18055,74685.35618454,13484.441059118695
1671494400,2022-12-20 00:00:00,FTM/EUR,0.18492,0.19332,0.18492,0.19206,19704.36330408,3784.420016181605
1671580800,2022-12-21 00:00:00,FTM/EUR,0.19000,0.19014,0.18660,0.19014,64376.50775153,12240.549183875914
1671667200,2022-12-22 00:00:00,FTM/EUR,0.19074,0.19173,0.18599,0.19163,7141.54044944,1368.5333963261871
1671753600,2022-12-23 00:00:00,FTM/EUR,0.19368,0.19487,0.19187,0.19195,22189.50729778,4259.275925808872
1671840000,2022-12-24 00:00:00,FTM/EUR,0.19111,0.19253,0.19083,0.19160,6387.85295336,1223.912625863776
1671926400,2022-12-25 00:00:00,FTM/EUR,0.19103,0.19103,0.19000,0.19073,1840.09313806,350.9609642221838
1672012800,2022-12-26 00:00:00,FTM/EUR,0.19189,0.19189,0.19060,0.19065,3459.68167608,659.588311544652
1672099200,2022-12-27 00:00:00,FTM/EUR,0.19152,0.19229,0.18719,0.18990,11831.43903432,2246.790272617368
1672185600,2022-12-28 00:00:00,FTM/EUR,0.18803,0.19152,0.18279,0.19026,20772.33600551,3952.1446484083326
1672272000,2022-12-29 00:00:00,FTM/EUR,0.18948,0.19014,0.18708,0.18749,14077.46676570,2639.384243901093
1672358400,2022-12-30 00:00:00,FTM/EUR,0.18690,0.18797,0.18288,0.18522,59523.11696730,11024.871724683306
1672444800,2022-12-31 00:00:00,FTM/EUR,0.18569,0.18690,0.18558,0.18684,4220.47485952,788.5535227527168
1672531200,2023-01-01 00:00:00,FTM/EUR,0.18629,0.18893,0.18576,0.18780,38411.40951793,7213.662707467253
1672617600,2023-01-02 00:00:00,FTM/EUR,0.18624,0.19894,0.18624,0.19657,12684.08096181,2493.3097946629914
1672704000,2023-01-03 00:00:00,FTM/EUR,0.20369,0.20454,0.20007,0.20172,14438.04693450,2912.44282762734
1672790400,2023-01-04 00:00:00,FTM/EUR,0.20614,0.22041,0.20267,0.20342,35954.82186227,7313.929863222963
1672876800,2023-01-05 00:00:00,FTM/EUR,0.20995,0.21106,0.20455,0.20679,3618.61116892,748.2926036209668
1672963200,2023-01-06 00:00:00,FTM/EUR,0.20748,0.20748,0.20243,0.20586,27903.55439680,5744.225708125247
1673049600,2023-01-07 00:00:00,FTM/EUR,0.21140,0.21231,0.20994,0.21155,26732.19112959,5655.195033464764
1673136000,2023-01-08 00:00:00,FTM/EUR,0.21085,0.24093,0.21085,0.21758,109110.84758226,23740.33821694813
1673222400,2023-01-09 00:00:00,FTM/EUR,0.23023,0.23281,0.18900,0.22140,62242.86093090,13780.569410101261
1673308800,2023-01-10 00:00:00,FTM/EUR,0.22140,0.22840,0.20096,0.22412,121731.89168818,27282.551565154903
1673395200,2023-01-11 00:00:00,FTM/EUR,0.22225,0.23900,0.21918,0.23900,43489.80023376,10394.06225586864
1673481600,2023-01-12 00:00:00,FTM/EUR,0.23832,0.25661,0.22974,0.25313,79959.08243033,20240.042535589437
1673568000,2023-01-13 00:00:00,FTM/EUR,0.25055,0.28089,0.25055,0.27508,133031.74123611,36594.37137922914
1673654400,2023-01-14 00:00:00,FTM/EUR,0.27486,0.32000,0.27000,0.31999,176689.64323510,56538.918938799645
1673740800,2023-01-15 00:00:00,FTM/EUR,0.29908,0.31201,0.29024,0.30090,158809.70705060,47785.84085152554
1673827200,2023-01-16 00:00:00,FTM/EUR,0.30101,0.30830,0.28500,0.29404,114876.92646647,33778.41145820084
1673913600,2023-01-17 00:00:00,FTM/EUR,0.29072,0.31310,0.28900,0.30490,129619.33242191,39520.93445544036
1674000000,2023-01-18 00:00:00,FTM/EUR,0.30589,0.30980,0.27161,0.28000,140984.50903176,39475.662528892804
1674086400,2023-01-19 00:00:00,FTM/EUR,0.27813,0.28442,0.27001,0.28007,62162.18208221,17409.762335764553
1674172800,2023-01-20 00:00:00,FTM/EUR,0.27946,0.32558,0.27554,0.31789,127514.41043882,40535.55593439649
1674259200,2023-01-21 00:00:00,FTM/EUR,0.31971,0.38100,0.30000,0.32012,200533.25144340,64194.70445206121
1674345600,2023-01-22 00:00:00,FTM/EUR,0.31665,0.37000,0.31001,0.34958,200871.54370658,70220.67424894623
1674432000,2023-01-23 00:00:00,FTM/EUR,0.35277,0.37900,0.34188,0.36930,136556.32320710,50430.250160382035
1674518400,2023-01-24 00:00:00,FTM/EUR,0.37900,0.39000,0.34000,0.34700,257058.01016044,89199.12952567267
1674604800,2023-01-25 00:00:00,FTM/EUR,0.34836,0.38772,0.33681,0.36732,263841.26784560,96914.1745050458
1674691200,2023-01-26 00:00:00,FTM/EUR,0.37826,0.45654,0.37055,0.44337,424456.73210466,188191.3813132431
1674777600,2023-01-27 00:00:00,FTM/EUR,0.44114,0.45000,0.40011,0.43379,137661.60310480,59716.226810831184
1674864000,2023-01-28 00:00:00,FTM/EUR,0.43716,0.44500,0.40949,0.41000,117164.64335467,48037.5037754147
1674950400,2023-01-29 00:00:00,FTM/EUR,0.42104,0.46000,0.41440,0.45136,176943.55075449,79865.2410685466
1675036800,2023-01-30 00:00:00,FTM/EUR,0.45094,0.45346,0.37997,0.44029,276102.55081587,121565.1920987194
1675123200,2023-01-31 00:00:00,FTM/EUR,0.45000,0.50655,0.43146,0.49200,208793.20439258,102726.25656114936
1675209600,2023-02-01 00:00:00,FTM/EUR,0.49000,0.55551,0.45600,0.52471,232644.97300749,122071.14378676009
1675296000,2023-02-02 00:00:00,FTM/EUR,0.53603,0.60000,0.49109,0.55641,285036.40973258,158597.10873930482
1675382400,2023-02-03 00:00:00,FTM/EUR,0.55404,0.60420,0.55164,0.59051,342544.50907557,202275.95805421483
1675468800,2023-02-04 00:00:00,FTM/EUR,0.58519,0.62300,0.56405,0.56406,117933.15753149,66521.37683721224
1675555200,2023-02-05 00:00:00,FTM/EUR,0.57261,0.57672,0.51595,0.52816,214014.20444111,113033.74221761664
1675641600,2023-02-06 00:00:00,FTM/EUR,0.53247,0.53752,0.50085,0.50085,485334.60860141,243079.8387180162
1675728000,2023-02-07 00:00:00,FTM/EUR,0.50085,0.55050,0.48850,0.54902,298155.68610989,163693.4347880518
1675814400,2023-02-08 00:00:00,FTM/EUR,0.54212,0.56000,0.48000,0.49000,294103.19952640,144110.567767936
1675900800,2023-02-09 00:00:00,FTM/EUR,0.49538,0.49538,0.40441,0.41903,505527.23496567,211831.0772676647
1675987200,2023-02-10 00:00:00,FTM/EUR,0.41794,0.44100,0.40130,0.41080,197322.73915748,81060.18124589279
1676073600,2023-02-11 00:00:00,FTM/EUR,0.41210,0.45970,0.39338,0.45150,146737.81297331,66252.12255744947
1676160000,2023-02-12 00:00:00,FTM/EUR,0.44448,0.45900,0.40940,0.40940,115181.83739764,47155.444230593814
1676246400,2023-02-13 00:00:00,FTM/EUR,0.41457,0.43291,0.38900,0.43122,210441.52949635,90746.59634941605
1676332800,2023-02-14 00:00:00,FTM/EUR,0.43186,0.49900,0.42029,0.48723,344276.62127031,167741.89818153315
1676419200,2023-02-15 00:00:00,FTM/EUR,0.47589,0.55000,0.46863,0.53123,323379.24928023,171788.75859513658
1676505600,2023-02-16 00:00:00,FTM/EUR,0.53210,0.56000,0.48820,0.49443,236015.46073284,116693.12425013808
1676592000,2023-02-17 00:00:00,FTM/EUR,0.49406,0.55852,0.49359,0.51935,208862.07141698,108472.51679040855
1676678400,2023-02-18 00:00:00,FTM/EUR,0.51782,0.52822,0.50311,0.50774,113618.35047974,57688.58127258318
1676764800,2023-02-19 00:00:00,FTM/EUR,0.51170,0.51899,0.47876,0.49143,213428.14099290,104884.99132814085
1676851200,2023-02-20 00:00:00,FTM/EUR,0.48506,0.50079,0.47182,0.48054,222332.91799838,106839.86041494153
1676937600,2023-02-21 00:00:00,FTM/EUR,0.47827,0.51700,0.47827,0.48930,119519.10765317,58480.69937469608
1677024000,2023-02-22 00:00:00,FTM/EUR,0.48891,0.49000,0.44915,0.47836,186117.79202972,89031.30699533687
1677110400,2023-02-23 00:00:00,FTM/EUR,0.48499,0.49000,0.45916,0.46050,114823.46387636,52876.20511506378
1677196800,2023-02-24 00:00:00,FTM/EUR,0.46128,0.47601,0.43521,0.43806,172294.79002222,75475.4557171337
1677283200,2023-02-25 00:00:00,FTM/EUR,0.43970,0.44378,0.42000,0.43199,72367.30926648,31261.953930026695
1677369600,2023-02-26 00:00:00,FTM/EUR,0.43036,0.44830,0.43036,0.44650,45819.22986855,20458.286136307575
1677456000,2023-02-27 00:00:00,FTM/EUR,0.44594,0.44694,0.42280,0.42529,122302.94598887,52014.21989960652
1677542400,2023-02-28 00:00:00,FTM/EUR,0.43124,0.43244,0.40279,0.40279,173619.47669526,69932.18901808378
1677628800,2023-03-01 00:00:00,FTM/EUR,0.40558,0.44000,0.40000,0.43928,210648.49058562,92533.66894445116
1677715200,2023-03-02 00:00:00,FTM/EUR,0.43818,0.43893,0.41174,0.41990,100592.13822305,42238.63883985869
1677801600,2023-03-03 00:00:00,FTM/EUR,0.41622,0.41622,0.37000,0.39969,218072.43570806,87161.3718281545
1677888000,2023-03-04 00:00:00,FTM/EUR,0.40201,0.40561,0.36568,0.37701,222353.78827280,83829.60171672833
1677974400,2023-03-05 00:00:00,FTM/EUR,0.37588,0.38861,0.37214,0.37596,193573.83665301,72776.01962806564
1678060800,2023-03-06 00:00:00,FTM/EUR,0.37285,0.39791,0.37276,0.38688,52449.04742461,20291.487467633116
1678147200,2023-03-07 00:00:00,FTM/EUR,0.38729,0.40200,0.37080,0.37680,59884.09797616,22564.32811741709
1678233600,2023-03-08 00:00:00,FTM/EUR,0.37884,0.37884,0.33974,0.34000,151781.25712324,51605.627421901605
1678320000,2023-03-09 00:00:00,FTM/EUR,0.34278,0.35628,0.31000,0.31506,117255.26011305,36942.44225121753
1678406400,2023-03-10 00:00:00,FTM/EUR,0.31308,0.32147,0.28834,0.31990,327961.55492766,104914.90142135843
1678492800,2023-03-11 00:00:00,FTM/EUR,0.32051,0.32402,0.29471,0.31562,171942.89834472,54268.61757556052
1678579200,2023-03-12 00:00:00,FTM/EUR,0.31090,0.36906,0.31090,0.36906,140581.76491509,51883.10615956311
1678665600,2023-03-13 00:00:00,FTM/EUR,0.37083,0.39211,0.34168,0.38490,332702.27171837,128057.1043844006
1678752000,2023-03-14 00:00:00,FTM/EUR,0.38458,0.45000,0.37789,0.41997,132805.76153158,55774.43567041765
1678838400,2023-03-15 00:00:00,FTM/EUR,0.41875,0.45975,0.35977,0.36709,197114.67394455,72358.82565830486
1678924800,2023-03-16 00:00:00,FTM/EUR,0.36620,0.39235,0.36333,0.38289,91459.03884332,35018.751382718794
1679011200,2023-03-17 00:00:00,FTM/EUR,0.38502,0.47503,0.38442,0.47503,486047.75679000,230887.2659079537
1679097600,2023-03-18 00:00:00,FTM/EUR,0.47039,0.49789,0.44001,0.45303,563823.00636368,255428.73657293795
1679184000,2023-03-19 00:00:00,FTM/EUR,0.45630,0.49176,0.43184,0.46395,173042.80570641,80283.20970748892
1679270400,2023-03-20 00:00:00,FTM/EUR,0.46086,0.48000,0.42100,0.42862,275586.83663690,118122.02991930809
1679356800,2023-03-21 00:00:00,FTM/EUR,0.42744,0.46577,0.41500,0.44765,314921.54393057,140974.62914051965
1679443200,2023-03-22 00:00:00,FTM/EUR,0.44655,0.46500,0.41212,0.43478,269172.56683907,117030.84861029085
1679529600,2023-03-23 00:00:00,FTM/EUR,0.43311,0.46285,0.42800,0.46000,122438.48988467,56321.7053469482
1679616000,2023-03-24 00:00:00,FTM/EUR,0.45685,0.45783,0.41814,0.42714,130226.29064947,55624.85778801462
1679702400,2023-03-25 00:00:00,FTM/EUR,0.42560,0.42863,0.40000,0.40124,87824.17144310,35238.57054982944
1679788800,2023-03-26 00:00:00,FTM/EUR,0.40234,0.41875,0.40234,0.41771,135653.24150639,56663.715509634174
1679875200,2023-03-27 00:00:00,FTM/EUR,0.41598,0.41643,0.37735,0.38035,244367.93134280,92945.34268623398
1679961600,2023-03-28 00:00:00,FTM/EUR,0.37500,0.39420,0.36728,0.39009,127206.00478152,49621.79040522313
1680048000,2023-03-29 00:00:00,FTM/EUR,0.38928,0.43000,0.38851,0.41873,143024.05246042,59888.461486751665
1680134400,2023-03-30 00:00:00,FTM/EUR,0.42058,0.42493,0.40000,0.40921,332145.12941966,135917.10840981908
1680220800,2023-03-31 00:00:00,FTM/EUR,0.41253,0.44200,0.40639,0.44191,201721.39696662,89142.70253351906
1680307200,2023-04-01 00:00:00,FTM/EUR,0.43691,0.44501,0.42763,0.42928,40591.89307506,17425.287859261756
1680393600,2023-04-02 00:00:00,FTM/EUR,0.42740,0.43707,0.41024,0.41919,41576.42983357,17428.42362193421
1680480000,2023-04-03 00:00:00,FTM/EUR,0.41397,0.42080,0.38197,0.41656,112384.92950035,46815.0662326658
1680566400,2023-04-04 00:00:00,FTM/EUR,0.41513,0.42009,0.40419,0.41405,59911.33917693,24806.289986207863
1680652800,2023-04-05 00:00:00,FTM/EUR,0.42165,0.45031,0.41990,0.42897,206798.00357400,88710.13959313878
1680739200,2023-04-06 00:00:00,FTM/EUR,0.41991,0.42248,0.41190,0.41438,44283.65590243,18350.261332848946
1680825600,2023-04-07 00:00:00,FTM/EUR,0.41531,0.42880,0.41450,0.42344,65510.89618592,27739.933880965964
1680912000,2023-04-08 00:00:00,FTM/EUR,0.42652,0.43141,0.41503,0.41503,55471.56351272,23022.363004684183
1680998400,2023-04-09 00:00:00,FTM/EUR,0.41971,0.41971,0.40569,0.41898,152799.95548566,64020.12534938183
1681084800,2023-04-10 00:00:00,FTM/EUR,0.41531,0.43284,0.41342,0.42923,64553.25563962,27708.193918194094
1681171200,2023-04-11 00:00:00,FTM/EUR,0.43828,0.46207,0.41940,0.44960,173450.08339504,77983.15749440998
1681257600,2023-04-12 00:00:00,FTM/EUR,0.45289,0.48000,0.43201,0.45408,187897.14650926,85320.33628692478
1681344000,2023-04-13 00:00:00,FTM/EUR,0.45365,0.47538,0.45336,0.45987,105831.12932229,48668.5614414415
1681430400,2023-04-14 00:00:00,FTM/EUR,0.46585,0.47748,0.45274,0.46628,574543.12751843,267897.96949929354
1681516800,2023-04-15 00:00:00,FTM/EUR,0.46547,0.47300,0.46018,0.46135,329431.00405566,151982.99372107873
1681603200,2023-04-16 00:00:00,FTM/EUR,0.46212,0.48115,0.45626,0.47918,73707.75430125,35319.28170607297
1681689600,2023-04-17 00:00:00,FTM/EUR,0.47844,0.49616,0.47176,0.47725,234791.71871337,112054.34775595584
1681776000,2023-04-18 00:00:00,FTM/EUR,0.47449,0.49786,0.46510,0.48529,97412.17215865,47273.15302687126
1681862400,2023-04-19 00:00:00,FTM/EUR,0.48205,0.48236,0.42148,0.43087,358702.57031124,154554.17647000396
1681948800,2023-04-20 00:00:00,FTM/EUR,0.43179,0.43792,0.41507,0.42716,147834.63995351,63149.04480254133
1682035200,2023-04-21 00:00:00,FTM/EUR,0.42964,0.42964,0.37916,0.38750,201819.52527985,78205.06604594187
1682121600,2023-04-22 00:00:00,FTM/EUR,0.38422,0.39825,0.38270,0.39769,86535.36137529,34414.24786533908
1682208000,2023-04-23 00:00:00,FTM/EUR,0.39352,0.39883,0.37755,0.38877,91452.90771062,35554.146930657735
1682294400,2023-04-24 00:00:00,FTM/EUR,0.38771,0.39500,0.37500,0.38000,256979.01717470,97652.026526386
1682380800,2023-04-25 00:00:00,FTM/EUR,0.37500,0.39368,0.36250,0.39368,155472.89413013,61206.568961149576
1682467200,2023-04-26 00:00:00,FTM/EUR,0.39549,0.40864,0.36000,0.37787,148294.05364665,56035.87405145963
1682553600,2023-04-27 00:00:00,FTM/EUR,0.38194,0.39447,0.37989,0.38893,205003.32150035,79731.94183113112
1682640000,2023-04-28 00:00:00,FTM/EUR,0.38711,0.39061,0.37612,0.38333,128666.98156867,49321.91404471827
1682726400,2023-04-29 00:00:00,FTM/EUR,0.38283,0.39629,0.36925,0.38904,189476.96639208,73714.11900517481
1682812800,2023-04-30 00:00:00,FTM/EUR,0.38896,0.39182,0.38107,0.38769,21087.30013437,8175.335389093905
1682899200,2023-05-01 00:00:00,FTM/EUR,0.38000,0.38073,0.36900,0.37779,70621.95397276,26680.267991369004
1682985600,2023-05-02 00:00:00,FTM/EUR,0.37546,0.38041,0.37173,0.37824,111474.51102908,42164.119051639216
1683072000,2023-05-03 00:00:00,FTM/EUR,0.37593,0.40139,0.36834,0.40139,108303.76332808,43472.047562258034
1683158400,2023-05-04 00:00:00,FTM/EUR,0.39850,0.40244,0.38728,0.38928,51754.56443116,20147.016841761964
1683244800,2023-05-05 00:00:00,FTM/EUR,0.39040,0.39544,0.38208,0.39544,110138.91111715,43553.3310121658
1683331200,2023-05-06 00:00:00,FTM/EUR,0.39306,0.39306,0.36500,0.37441,105137.88911984,39364.6770653593
1683417600,2023-05-07 00:00:00,FTM/EUR,0.37437,0.37588,0.36769,0.36769,45316.95325490,16662.590542294183
1683504000,2023-05-08 00:00:00,FTM/EUR,0.36796,0.36928,0.32000,0.32908,325628.16074078,107157.71513657588
1683590400,2023-05-09 00:00:00,FTM/EUR,0.33012,0.33593,0.32894,0.33042,96754.86477606,31969.742419305745
1683676800,2023-05-10 00:00:00,FTM/EUR,0.33734,0.35760,0.32500,0.34221,92132.50883079,31528.665846984648
1683763200,2023-05-11 00:00:00,FTM/EUR,0.34621,0.34621,0.32979,0.33634,81289.84196333,27341.025445946412
1683849600,2023-05-12 00:00:00,FTM/EUR,0.33261,0.34258,0.33174,0.34149,60827.27412033,20771.905839351493
1683936000,2023-05-13 00:00:00,FTM/EUR,0.34021,0.34021,0.33440,0.33800,50135.00120964,16945.63040885832
1684022400,2023-05-14 00:00:00,FTM/EUR,0.33455,0.34613,0.33359,0.34104,22846.74604498,7791.654271179978
1684108800,2023-05-15 00:00:00,FTM/EUR,0.34054,0.36000,0.34054,0.35158,49495.91573748,17401.774054983216
1684195200,2023-05-16 00:00:00,FTM/EUR,0.35121,0.35313,0.34356,0.35095,41817.07708172,14675.703201829634
1684281600,2023-05-17 00:00:00,FTM/EUR,0.34891,0.36084,0.34356,0.35829,76953.84571774,27571.793382209064
1684368000,2023-05-18 00:00:00,FTM/EUR,0.35795,0.35830,0.33803,0.34564,72211.43841978,24959.161575412756
1684454400,2023-05-19 00:00:00,FTM/EUR,0.34160,0.34535,0.33979,0.34364,157538.47669973,54136.52213309522
1684540800,2023-05-20 00:00:00,FTM/EUR,0.34044,0.34741,0.34041,0.34741,13355.99403739,4640.00588852966
1684627200,2023-05-21 00:00:00,FTM/EUR,0.34671,0.34671,0.33282,0.33531,19968.39494148,6695.602507827659
1684713600,2023-05-22 00:00:00,FTM/EUR,0.33405,0.33646,0.32943,0.33357,133993.21065924,44696.11527960268
1684800000,2023-05-23 00:00:00,FTM/EUR,0.33306,0.34519,0.33218,0.33820,18159.83935645,6141.65767035139
1684886400,2023-05-24 00:00:00,FTM/EUR,0.33070,0.33149,0.30243,0.30754,120967.92592857,37202.475940072414
1684972800,2023-05-25 00:00:00,FTM/EUR,0.30406,0.31174,0.30000,0.30973,103366.85751254,32015.816777359014
1685059200,2023-05-26 00:00:00,FTM/EUR,0.30612,0.31181,0.30612,0.30911,17525.81717099,5417.405345724719
1685145600,2023-05-27 00:00:00,FTM/EUR,0.30741,0.30902,0.30696,0.30901,57118.26485555,17650.115023013506
1685232000,2023-05-28 00:00:00,FTM/EUR,0.31000,0.32879,0.31000,0.32879,111643.50382932,36707.26762404213
1685318400,2023-05-29 00:00:00,FTM/EUR,0.31800,0.31900,0.30906,0.31100,51825.54264123,16117.74376142253
1685404800,2023-05-30 00:00:00,FTM/EUR,0.30930,0.32500,0.30392,0.30578,74471.95465101,22772.03429318584
1685491200,2023-05-31 00:00:00,FTM/EUR,0.30493,0.30744,0.29109,0.29110,167435.34275241,48740.42827522656
1685577600,2023-06-01 00:00:00,FTM/EUR,0.28789,0.30578,0.28731,0.29042,67455.67755762,19590.477876284003
1685664000,2023-06-02 00:00:00,FTM/EUR,0.28658,0.31000,0.28658,0.30201,196006.93400165,59196.05413783831
1685750400,2023-06-03 00:00:00,FTM/EUR,0.30088,0.30300,0.29802,0.29844,22963.62497823,6853.264238502961
1685836800,2023-06-04 00:00:00,FTM/EUR,0.29929,0.30989,0.29797,0.30722,28280.99133202,8688.486157023184
1685923200,2023-06-05 00:00:00,FTM/EUR,0.30788,0.30957,0.26100,0.27253,334593.64272680,91186.8054523348
1686009600,2023-06-06 00:00:00,FTM/EUR,0.27117,0.29240,0.26891,0.28399,91377.57303373,25950.316965848986
1686096000,2023-06-07 00:00:00,FTM/EUR,0.28296,0.29848,0.27044,0.27126,43508.31561191,11802.065692886707
1686182400,2023-06-08 00:00:00,FTM/EUR,0.27460,0.27878,0.26780,0.27463,47094.00852010,12933.427559875061
1686268800,2023-06-09 00:00:00,FTM/EUR,0.27461,0.27729,0.26657,0.26719,51615.93322498,13791.261198382404
1686355200,2023-06-10 00:00:00,FTM/EUR,0.26357,0.26357,0.20000,0.22590,300439.94574004,67869.38374267503
1686441600,2023-06-11 00:00:00,FTM/EUR,0.22246,0.22788,0.21960,0.22533,169255.28382424,38138.293104116
1686528000,2023-06-12 00:00:00,FTM/EUR,0.22000,0.22900,0.21759,0.22817,98635.48354559,22505.658280597272
1686614400,2023-06-13 00:00:00,FTM/EUR,0.22804,0.25000,0.22759,0.24034,169526.48546294,40743.995516163
1686700800,2023-06-14 00:00:00,FTM/EUR,0.24147,0.24585,0.23000,0.23116,86062.88188838,19894.295777317922
1686787200,2023-06-15 00:00:00,FTM/EUR,0.23810,0.23897,0.22679,0.23693,128037.93877635,30336.028834280605
1686873600,2023-06-16 00:00:00,FTM/EUR,0.23569,0.24698,0.22993,0.24547,55482.56179010,13619.304442615847
1686960000,2023-06-17 00:00:00,FTM/EUR,0.24314,0.25500,0.24314,0.25010,68730.28936280,17189.44536963628
1687046400,2023-06-18 00:00:00,FTM/EUR,0.25011,0.25129,0.23700,0.23895,53520.45818587,12788.713483513635
1687132800,2023-06-19 00:00:00,FTM/EUR,0.24046,0.24504,0.23955,0.24193,65202.90133519,15774.537920022516
1687219200,2023-06-20 00:00:00,FTM/EUR,0.24180,0.25176,0.23286,0.25176,116188.32988554,29251.57393198355
1687305600,2023-06-21 00:00:00,FTM/EUR,0.25293,0.27900,0.25293,0.27376,154842.07924499,42389.56761410846
1687392000,2023-06-22 00:00:00,FTM/EUR,0.27304,0.27973,0.26500,0.26500,97851.66735344,25930.6918486616
1687478400,2023-06-23 00:00:00,FTM/EUR,0.26624,0.29000,0.26624,0.28529,108675.70460634,31004.091767142738
1687564800,2023-06-24 00:00:00,FTM/EUR,0.28633,0.29790,0.27620,0.28528,37428.79720295,10677.687266057575
1687651200,2023-06-25 00:00:00,FTM/EUR,0.28702,0.30162,0.28673,0.28824,115709.93529863,33352.231750477105
1687737600,2023-06-26 00:00:00,FTM/EUR,0.28683,0.29687,0.27952,0.27952,134554.45969302,37610.662573392954
1687824000,2023-06-27 00:00:00,FTM/EUR,0.28175,0.28638,0.27860,0.28638,109650.21830715,31401.62951880162
1687910400,2023-06-28 00:00:00,FTM/EUR,0.28233,0.29523,0.26457,0.26951,149406.74890802,40266.612898200474
1687996800,2023-06-29 00:00:00,FTM/EUR,0.26876,0.28106,0.26574,0.27517,90550.39615511,24916.752510001617
1688083200,2023-06-30 00:00:00,FTM/EUR,0.27605,0.29200,0.25417,0.27831,170829.76441629,47543.63173469767
1688169600,2023-07-01 00:00:00,FTM/EUR,0.28052,0.28238,0.27681,0.28072,28445.49374081,7985.219002920185
1688256000,2023-07-02 00:00:00,FTM/EUR,0.28125,0.28610,0.27749,0.28610,23178.73383263,6631.435749515444
1688342400,2023-07-03 00:00:00,FTM/EUR,0.29240,0.29528,0.28891,0.29271,90221.06756001,26408.608685490526
1688428800,2023-07-04 00:00:00,FTM/EUR,0.29369,0.29615,0.28908,0.29163,57786.90209655,16852.394258416876
1688515200,2023-07-05 00:00:00,FTM/EUR,0.29098,0.29308,0.27350,0.27418,57161.28040819,15672.479862317534
1688601600,2023-07-06 00:00:00,FTM/EUR,0.27229,0.28209,0.24781,0.24781,247761.97884185,61397.89597679885
1688688000,2023-07-07 00:00:00,FTM/EUR,0.24500,0.26499,0.23989,0.24538,248742.07337665,61036.329965162375
1688774400,2023-07-08 00:00:00,FTM/EUR,0.24813,0.25401,0.24333,0.25150,183390.53770641,46122.720233162116
1688860800,2023-07-09 00:00:00,FTM/EUR,0.25275,0.25311,0.24401,0.24401,47969.20314207,11704.9652586965
1688947200,2023-07-10 00:00:00,FTM/EUR,0.24283,0.25125,0.23612,0.24805,120148.49863842,29802.835087260082
1689033600,2023-07-11 00:00:00,FTM/EUR,0.24914,0.25360,0.24566,0.24696,91367.79469880,22564.19057881565
1689120000,2023-07-12 00:00:00,FTM/EUR,0.24614,0.25150,0.24075,0.24475,114211.80458600,27953.3391724235
1689206400,2023-07-13 00:00:00,FTM/EUR,0.24551,0.27624,0.24303,0.27333,261269.57921431,71412.81408664735
1689292800,2023-07-14 00:00:00,FTM/EUR,0.28000,0.28302,0.24378,0.25225,343774.14111915,86717.02709730557
1689379200,2023-07-15 00:00:00,FTM/EUR,0.25184,0.25622,0.24205,0.24568,546245.86164341,134201.68328855297
1689465600,2023-07-16 00:00:00,FTM/EUR,0.24542,0.24616,0.23040,0.23076,341040.28895356,78698.4570789235
1689552000,2023-07-17 00:00:00,FTM/EUR,0.23005,0.23933,0.22608,0.23411,276588.28004205,64752.082240644326
1689638400,2023-07-18 00:00:00,FTM/EUR,0.23530,0.23752,0.22478,0.22822,185565.43689791,42349.74400884102
1689724800,2023-07-19 00:00:00,FTM/EUR,0.22841,0.23459,0.22672,0.22735,167139.87544811,37999.25068312781
1689811200,2023-07-20 00:00:00,FTM/EUR,0.22802,0.23434,0.22614,0.23147,205362.17029871,47535.18155904241
1689897600,2023-07-21 00:00:00,FTM/EUR,0.23203,0.23434,0.22954,0.23194,116864.83074073,27105.628842004917
1689984000,2023-07-22 00:00:00,FTM/EUR,0.23130,0.23292,0.22483,0.22638,103149.18643056,23350.912824150175
1690070400,2023-07-23 00:00:00,FTM/EUR,0.22622,0.23462,0.22499,0.23021,66861.68119322,15392.227627491178
1690156800,2023-07-24 00:00:00,FTM/EUR,0.22976,0.23078,0.21674,0.22036,285932.93864161,63008.18235906518
1690243200,2023-07-25 00:00:00,FTM/EUR,0.21981,0.21981,0.21200,0.21259,209435.54387909,44523.90227325574
1690329600,2023-07-26 00:00:00,FTM/EUR,0.21190,0.22399,0.20505,0.22256,863995.70836981,192290.88485478493
1690416000,2023-07-27 00:00:00,FTM/EUR,0.22144,0.22407,0.21923,0.22069,305134.27150015,67340.0823773681
1690502400,2023-07-28 00:00:00,FTM/EUR,0.22408,0.22503,0.22157,0.22397,210623.55096438,47173.35670949219
1690588800,2023-07-29 00:00:00,FTM/EUR,0.22360,0.22370,0.22189,0.22205,4192.03215626,930.840740297533
1690675200,2023-07-30 00:00:00,FTM/EUR,0.22373,0.22376,0.21453,0.21687,54073.02456607,11726.816837643602
1690761600,2023-07-31 00:00:00,FTM/EUR,0.21842,0.21887,0.21200,0.21322,120606.85544669,25715.79371834324
1690848000,2023-08-01 00:00:00,FTM/EUR,0.21226,0.22710,0.20500,0.22275,353415.59674653,78723.32417528956
1690934400,2023-08-02 00:00:00,FTM/EUR,0.22586,0.22591,0.21013,0.21891,297102.96713317,65038.81053512224
1691020800,2023-08-03 00:00:00,FTM/EUR,0.21796,0.21888,0.21173,0.21390,80915.01801878,17307.722354217043
1691107200,2023-08-04 00:00:00,FTM/EUR,0.21327,0.21516,0.20800,0.21131,349374.58301695,73826.3431373117
1691193600,2023-08-05 00:00:00,FTM/EUR,0.21109,0.21503,0.21077,0.21388,44812.43262288,9584.483089381574
1691280000,2023-08-06 00:00:00,FTM/EUR,0.21454,0.21821,0.21454,0.21500,14138.86504007,3039.8559836150503
1691366400,2023-08-07 00:00:00,FTM/EUR,0.21794,0.21818,0.20553,0.21112,140245.09581849,29608.54462919961
1691452800,2023-08-08 00:00:00,FTM/EUR,0.21089,0.21857,0.21059,0.21638,71576.71603359,15487.769815348203
1691539200,2023-08-09 00:00:00,FTM/EUR,0.21700,0.21977,0.21225,0.21362,72050.04527865,15391.330672425212
1691625600,2023-08-10 00:00:00,FTM/EUR,0.21634,0.21826,0.21308,0.21671,82977.06886788,17981.96059435828
1691712000,2023-08-11 00:00:00,FTM/EUR,0.21791,0.22351,0.21686,0.22053,237634.68878058,52405.57791678131
1691798400,2023-08-12 00:00:00,FTM/EUR,0.22004,0.22078,0.21850,0.21894,32180.28211945,7045.550967232382
1691884800,2023-08-13 00:00:00,FTM/EUR,0.22000,0.22300,0.21679,0.21799,41685.28824333,9086.975984163506
1691971200,2023-08-14 00:00:00,FTM/EUR,0.21806,0.22448,0.21740,0.22113,168125.32145122,37177.552332508276
1692057600,2023-08-15 00:00:00,FTM/EUR,0.22119,0.22216,0.20007,0.20941,109591.60371630,22949.577734230385
1692144000,2023-08-16 00:00:00,FTM/EUR,0.20934,0.20941,0.19257,0.19556,289340.11429824,56583.35275216382
1692230400,2023-08-17 00:00:00,FTM/EUR,0.19578,0.20082,0.16000,0.17956,370946.82181847,66607.21132572448
1692316800,2023-08-18 00:00:00,FTM/EUR,0.17986,0.18611,0.17501,0.18447,279621.39109672,51581.75801561194
1692403200,2023-08-19 00:00:00,FTM/EUR,0.18522,0.19276,0.18456,0.19026,54089.44976233,10291.058711780906
1692489600,2023-08-20 00:00:00,FTM/EUR,0.19280,0.19541,0.18963,0.19186,225899.09043057,43340.99949000916
1692576000,2023-08-21 00:00:00,FTM/EUR,0.19025,0.19334,0.18337,0.18765,183656.50950688,34463.14400896603
1692662400,2023-08-22 00:00:00,FTM/EUR,0.18593,0.18655,0.17751,0.18291,61040.38224954,11164.896317263361
1692748800,2023-08-23 00:00:00,FTM/EUR,0.18620,0.19302,0.18464,0.19302,122331.18749717,23612.36581070375
1692835200,2023-08-24 00:00:00,FTM/EUR,0.19475,0.19475,0.18859,0.19388,179252.27939383,34753.431928875754
1692921600,2023-08-25 00:00:00,FTM/EUR,0.19388,0.19388,0.18893,0.19216,245109.92295767,47100.322795545864
1693008000,2023-08-26 00:00:00,FTM/EUR,0.19237,0.19237,0.18569,0.18700,28985.72039589,5420.32971403143
1693094400,2023-08-27 00:00:00,FTM/EUR,0.18502,0.18910,0.18486,0.18694,50952.23575775,9525.010952553785
1693180800,2023-08-28 00:00:00,FTM/EUR,0.18666,0.18928,0.18212,0.18696,92195.79214343,17236.92529913567
1693267200,2023-08-29 00:00:00,FTM/EUR,0.18643,0.20083,0.18408,0.19824,163035.54061673,32320.165571860554
1693353600,2023-08-30 00:00:00,FTM/EUR,0.19938,0.19938,0.19139,0.19398,80361.94356323,15588.609812395356
1693440000,2023-08-31 00:00:00,FTM/EUR,0.19316,0.19811,0.18472,0.18494,139611.47137452,25819.74551600373
1693526400,2023-09-01 00:00:00,FTM/EUR,0.18457,0.18995,0.18337,0.18975,186493.88744525,35387.21514273619
1693612800,2023-09-02 00:00:00,FTM/EUR,0.19031,0.19031,0.18621,0.18763,87678.36422254,16451.091479075178
1693699200,2023-09-03 00:00:00,FTM/EUR,0.18627,0.18732,0.18566,0.18566,32889.27213767,6106.222265079812
1693785600,2023-09-04 00:00:00,FTM/EUR,0.18700,0.19142,0.18525,0.18635,141115.28042842,26296.832507836065
1693872000,2023-09-05 00:00:00,FTM/EUR,0.18725,0.19107,0.18611,0.18796,124096.37208228,23325.154096585346
1693958400,2023-09-06 00:00:00,FTM/EUR,0.18818,0.19001,0.18390,0.18854,126954.95518594,23936.08725075713
1694044800,2023-09-07 00:00:00,FTM/EUR,0.18887,0.19041,0.18676,0.19041,47720.81017739,9086.519465876829
1694131200,2023-09-08 00:00:00,FTM/EUR,0.19385,0.19385,0.18639,0.18768,152009.01912359,28529.052709115374
1694217600,2023-09-09 00:00:00,FTM/EUR,0.18732,0.18823,0.18680,0.18779,10918.94221862,2050.46815923465
1694304000,2023-09-10 00:00:00,FTM/EUR,0.18648,0.18648,0.17500,0.18035,111138.56607413,20043.840391469344
1694390400,2023-09-11 00:00:00,FTM/EUR,0.17919,0.17962,0.17000,0.17390,159307.37116658,27703.551845868264
1694476800,2023-09-12 00:00:00,FTM/EUR,0.17481,0.18082,0.17415,0.17415,85592.71776945,14905.971799549718
1694563200,2023-09-13 00:00:00,FTM/EUR,0.17333,0.17964,0.17285,0.17964,117404.76716658,21090.59237380443
1694649600,2023-09-14 00:00:00,FTM/EUR,0.17924,0.18204,0.17664,0.18099,117442.37900762,21255.896176589144
1694736000,2023-09-15 00:00:00,FTM/EUR,0.18084,0.18290,0.17837,0.18290,10281.16204197,1880.424537476313
1694822400,2023-09-16 00:00:00,FTM/EUR,0.18449,0.18570,0.18308,0.18509,14933.63210441,2764.065966205247
1694908800,2023-09-17 00:00:00,FTM/EUR,0.18410,0.18410,0.17533,0.17851,25080.61175797,4477.140004915224
1694995200,2023-09-18 00:00:00,FTM/EUR,0.17939,0.18423,0.17866,0.17876,87726.18978693,15681.933686311608
1695081600,2023-09-19 00:00:00,FTM/EUR,0.17845,0.18268,0.17845,0.18202,27743.18278288,5049.814130139817
1695168000,2023-09-20 00:00:00,FTM/EUR,0.18116,0.18169,0.17827,0.18010,41064.12537470,7395.648979983471
1695254400,2023-09-21 00:00:00,FTM/EUR,0.18225,0.18225,0.17510,0.17674,158070.93251298,27937.45661234409
1695340800,2023-09-22 00:00:00,FTM/EUR,0.17669,0.17794,0.17516,0.17577,116295.40469507,20441.243283252454
1695427200,2023-09-23 00:00:00,FTM/EUR,0.17645,0.17740,0.17610,0.17676,10090.92262830,1783.6714837783081
1695513600,2023-09-24 00:00:00,FTM/EUR,0.17671,0.17865,0.17445,0.17500,27113.91125887,4744.93447030225
1695600000,2023-09-25 00:00:00,FTM/EUR,0.17631,0.17884,0.17508,0.17722,65197.96941801,11554.384140259732
1695686400,2023-09-26 00:00:00,FTM/EUR,0.18056,0.18056,0.17607,0.17714,45957.29319959,8140.874917375372
1695772800,2023-09-27 00:00:00,FTM/EUR,0.17782,0.18021,0.17572,0.17757,86931.91069369,15436.499381878535
1695859200,2023-09-28 00:00:00,FTM/EUR,0.17694,0.17976,0.17694,0.17803,48678.40230256,8666.215961924758
1695945600,2023-09-29 00:00:00,FTM/EUR,0.17889,0.18421,0.17889,0.18394,26694.00149614,4910.094635199992
1696032000,2023-09-30 00:00:00,FTM/EUR,0.18562,0.19072,0.18468,0.18835,111660.04201315,21031.1689131768
1696118400,2023-10-01 00:00:00,FTM/EUR,0.18861,0.19768,0.18861,0.19633,123844.25688734,24314.342954691463
1696204800,2023-10-02 00:00:00,FTM/EUR,0.19747,0.19854,0.18880,0.18979,48724.84762558,9247.488830858827
1696291200,2023-10-03 00:00:00,FTM/EUR,0.19115,0.19225,0.18939,0.19028,40584.79253402,7722.474323373326
1696377600,2023-10-04 00:00:00,FTM/EUR,0.18939,0.19200,0.18413,0.19200,115973.19846906,22266.85410605952
1696464000,2023-10-05 00:00:00,FTM/EUR,0.18970,0.18975,0.18323,0.18323,50889.33525337,9324.452898474985
1696550400,2023-10-06 00:00:00,FTM/EUR,0.18286,0.18506,0.18041,0.18359,50125.35748799,9202.514381220084
1696636800,2023-10-07 00:00:00,FTM/EUR,0.18362,0.18568,0.18187,0.18256,26966.75425108,4923.050656077165
1696723200,2023-10-08 00:00:00,FTM/EUR,0.18221,0.18230,0.17964,0.18230,44188.10082143,8055.4907797466885
1696809600,2023-10-09 00:00:00,FTM/EUR,0.18163,0.18306,0.17111,0.17301,65432.20129032,11320.425145238263
1696896000,2023-10-10 00:00:00,FTM/EUR,0.17166,0.17413,0.17052,0.17121,58351.80133644,9990.411906811893
1696982400,2023-10-11 00:00:00,FTM/EUR,0.16971,0.17263,0.16877,0.17053,67370.95405035,11488.768794206186
1697068800,2023-10-12 00:00:00,FTM/EUR,0.16983,0.17100,0.16629,0.17100,48537.57411404,8299.92517350084
1697155200,2023-10-13 00:00:00,FTM/EUR,0.17090,0.17640,0.17084,0.17553,44014.03346198,7725.7832935813485
1697241600,2023-10-14 00:00:00,FTM/EUR,0.17470,0.17650,0.17361,0.17630,14318.04398091,2524.2711538344333
1697328000,2023-10-15 00:00:00,FTM/EUR,0.17462,0.17662,0.17435,0.17662,32674.58956983,5770.986009823375
1697414400,2023-10-16 00:00:00,FTM/EUR,0.17590,0.18372,0.17528,0.17670,131817.88465155,23292.220217928887
1697500800,2023-10-17 00:00:00,FTM/EUR,0.17497,0.17561,0.16637,0.16750,306423.62126725,51325.95656226438
1697587200,2023-10-18 00:00:00,FTM/EUR,0.16687,0.16944,0.16569,0.16736,90627.82657236,15167.47305515017
1697673600,2023-10-19 00:00:00,FTM/EUR,0.16330,0.16766,0.16257,0.16653,155720.44673645,25932.12599502102
1697760000,2023-10-20 00:00:00,FTM/EUR,0.16853,0.17387,0.16853,0.17270,75772.74096535,13085.952364715946
1697846400,2023-10-21 00:00:00,FTM/EUR,0.17233,0.19409,0.17233,0.18779,176248.03198754,33097.61792694014
1697932800,2023-10-22 00:00:00,FTM/EUR,0.18821,0.19693,0.18363,0.19693,370309.56907018,72925.06343699055
1698019200,2023-10-23 00:00:00,FTM/EUR,0.19796,0.22100,0.19732,0.21570,660248.90417169,142415.68862983354
1698105600,2023-10-24 00:00:00,FTM/EUR,0.21686,0.22490,0.20677,0.21139,317798.30341305,67179.38335848464
1698192000,2023-10-25 00:00:00,FTM/EUR,0.21088,0.22181,0.20917,0.21473,91559.25826262,19660.519526732394
1698278400,2023-10-26 00:00:00,FTM/EUR,0.21480,0.23000,0.20646,0.21199,174698.92933203,37034.42602909704
1698364800,2023-10-27 00:00:00,FTM/EUR,0.21203,0.22000,0.20688,0.21560,108391.98723099,23369.312447001445
1698451200,2023-10-28 00:00:00,FTM/EUR,0.21633,0.22336,0.21633,0.22330,126009.61548270,28137.94713728691
1698537600,2023-10-29 00:00:00,FTM/EUR,0.22362,0.24000,0.21965,0.23572,186854.68473755,44045.38628633529
1698624000,2023-10-30 00:00:00,FTM/EUR,0.23718,0.23718,0.22481,0.22990,185801.47239216,42715.758502957586
1698710400,2023-10-31 00:00:00,FTM/EUR,0.23160,0.23800,0.22124,0.22850,103976.41478880,23758.6107792408
1698796800,2023-11-01 00:00:00,FTM/EUR,0.22248,0.24402,0.21867,0.24194,281416.19457884,68085.83411640454
1698883200,2023-11-02 00:00:00,FTM/EUR,0.24480,0.24493,0.22147,0.22812,337889.54297984,77079.3625445611
1698969600,2023-11-03 00:00:00,FTM/EUR,0.22622,0.22951,0.21986,0.22846,200585.68389715,45825.80534314289
1699056000,2023-11-04 00:00:00,FTM/EUR,0.22724,0.23636,0.22724,0.23598,40839.83388367,9637.383999868445
1699142400,2023-11-05 00:00:00,FTM/EUR,0.23543,0.25700,0.23543,0.24620,227738.72814510,56069.27486932362
1699228800,2023-11-06 00:00:00,FTM/EUR,0.24667,0.25916,0.24539,0.25916,108502.49412394,28119.50637716029
1699315200,2023-11-07 00:00:00,FTM/EUR,0.25458,0.25472,0.23972,0.24883,121411.74717271,30210.88504898543
1699401600,2023-11-08 00:00:00,FTM/EUR,0.25125,0.26342,0.24627,0.25512,213002.07575722,54341.089567181974
1699488000,2023-11-09 00:00:00,FTM/EUR,0.25257,0.27364,0.23000,0.24355,395438.66315497,96309.08641139293
1699574400,2023-11-10 00:00:00,FTM/EUR,0.24467,0.27930,0.24286,0.27448,317990.43860270,87282.0155876691
1699660800,2023-11-11 00:00:00,FTM/EUR,0.27584,0.29918,0.27287,0.29071,376589.62345202,109478.36943373675
1699747200,2023-11-12 00:00:00,FTM/EUR,0.29215,0.32130,0.28171,0.30921,530724.23439184,164105.2405163008
1699833600,2023-11-13 00:00:00,FTM/EUR,0.31574,0.31595,0.28359,0.28494,566381.50279238,161384.7454056608
1699920000,2023-11-14 00:00:00,FTM/EUR,0.28010,0.29560,0.26330,0.27927,441372.63636988,123262.1361590164
1700006400,2023-11-15 00:00:00,FTM/EUR,0.28393,0.30567,0.28393,0.30252,223765.15960600,67693.43608400712
1700092800,2023-11-16 00:00:00,FTM/EUR,0.30218,0.34864,0.30218,0.32041,620994.58677665,198972.87554910642
1700179200,2023-11-17 00:00:00,FTM/EUR,0.32266,0.33297,0.24100,0.31349,499756.98597333,156668.8175327792
1700265600,2023-11-18 00:00:00,FTM/EUR,0.31061,0.31061,0.28500,0.29925,234787.99685455,70260.3080587241
1700352000,2023-11-19 00:00:00,FTM/EUR,0.29514,0.30827,0.28991,0.30827,63693.21629500,19634.70778725965
1700438400,2023-11-20 00:00:00,FTM/EUR,0.30615,0.31868,0.28458,0.28465,240242.39408933,68384.99747752778
1700524800,2023-11-21 00:00:00,FTM/EUR,0.28607,0.28648,0.25500,0.26114,327787.02773452,85598.30442259254
1700611200,2023-11-22 00:00:00,FTM/EUR,0.25804,0.27941,0.25804,0.27421,443121.70382091,121508.40240473174
1700697600,2023-11-23 00:00:00,FTM/EUR,0.27659,0.27927,0.27099,0.27304,199366.12681067,54434.92726438533
1700784000,2023-11-24 00:00:00,FTM/EUR,0.27605,0.28236,0.27400,0.27400,262383.22148028,71893.00268559672
1700870400,2023-11-25 00:00:00,FTM/EUR,0.27716,0.29407,0.27716,0.28947,261505.16570165,75697.90031565663
1700956800,2023-11-26 00:00:00,FTM/EUR,0.29113,0.29416,0.28016,0.28279,99145.25645033,28037.287071588817
1701043200,2023-11-27 00:00:00,FTM/EUR,0.27937,0.27937,0.26699,0.26699,296382.96068356,79131.28667290369
1701129600,2023-11-28 00:00:00,FTM/EUR,0.27005,0.29150,0.26154,0.28809,165438.85304323,47661.27917322413
1701216000,2023-11-29 00:00:00,FTM/EUR,0.28776,0.29131,0.27311,0.27391,166466.35348664,45596.79888352556
1701302400,2023-11-30 00:00:00,FTM/EUR,0.27200,0.27904,0.27188,0.27904,216973.20606637,60544.20342075989
1701388800,2023-12-01 00:00:00,FTM/EUR,0.27494,0.29245,0.27494,0.28851,206085.60481672,59457.757845671884
1701475200,2023-12-02 00:00:00,FTM/EUR,0.29113,0.30288,0.28975,0.29752,258909.60508277,77030.78570422572
1701561600,2023-12-03 00:00:00,FTM/EUR,0.29610,0.29753,0.28592,0.29028,111264.35634578,32297.817360053017
1701648000,2023-12-04 00:00:00,FTM/EUR,0.29342,0.30184,0.26831,0.30184,120719.57427294,36437.99629854421
1701734400,2023-12-05 00:00:00,FTM/EUR,0.30283,0.31187,0.28982,0.30944,145749.34022668,45100.67583974386
1701820800,2023-12-06 00:00:00,FTM/EUR,0.30990,0.32057,0.30034,0.31273,161112.46096365,50384.69991716227
1701907200,2023-12-07 00:00:00,FTM/EUR,0.31161,0.32148,0.30095,0.31541,337271.89906703,106378.92968473193
1701993600,2023-12-08 00:00:00,FTM/EUR,0.31927,0.34434,0.31927,0.34243,429239.07899914,146984.33782167552
1702080000,2023-12-09 00:00:00,FTM/EUR,0.34298,0.39884,0.34295,0.37086,571587.25420795,211978.84909556035
1702166400,2023-12-10 00:00:00,FTM/EUR,0.37194,0.38624,0.35503,0.37620,263015.68448693,98946.50050398307
1702252800,2023-12-11 00:00:00,FTM/EUR,0.37531,0.37531,0.32480,0.33878,467226.01451007,158286.8291957215
1702339200,2023-12-12 00:00:00,FTM/EUR,0.34100,0.40500,0.34100,0.36288,696286.90730811,252668.59292396696
1702425600,2023-12-13 00:00:00,FTM/EUR,0.36530,0.36530,0.33408,0.36000,554365.08596544,199571.4309475584
1702512000,2023-12-14 00:00:00,FTM/EUR,0.36165,0.40500,0.36165,0.39834,454945.77883414,181223.10154079134
1702598400,2023-12-15 00:00:00,FTM/EUR,0.39692,0.42341,0.37623,0.38723,554555.79997646,214740.64242488463
1702684800,2023-12-16 00:00:00,FTM/EUR,0.39120,0.40461,0.37500,0.38072,160364.76998573,61054.07522896713
1702771200,2023-12-17 00:00:00,FTM/EUR,0.38641,0.39137,0.35856,0.36166,115090.75309544,41623.721764496826
1702857600,2023-12-18 00:00:00,FTM/EUR,0.36299,0.38246,0.34306,0.38237,448716.87175012,171575.87025109338
1702944000,2023-12-19 00:00:00,FTM/EUR,0.37895,0.38396,0.35800,0.36190,401256.12920650,145214.59315983235
1703030400,2023-12-20 00:00:00,FTM/EUR,0.36617,0.41369,0.35713,0.40907,584681.44569315,239175.6389896969
1703116800,2023-12-21 00:00:00,FTM/EUR,0.41252,0.45131,0.39969,0.44000,648156.41021546,285188.8204948024
1703203200,2023-12-22 00:00:00,FTM/EUR,0.44425,0.47053,0.43000,0.44379,370806.01137864,164559.99978972666
1703289600,2023-12-23 00:00:00,FTM/EUR,0.44659,0.47783,0.43434,0.46852,247653.31841951,116030.53274590883
1703376000,2023-12-24 00:00:00,FTM/EUR,0.47201,0.50000,0.45445,0.48015,214609.22091501,103044.61742234205
1703462400,2023-12-25 00:00:00,FTM/EUR,0.48723,0.51377,0.47182,0.50502,314936.71803417,159049.34134161653
1703548800,2023-12-26 00:00:00,FTM/EUR,0.50554,0.51319,0.44000,0.48620,510830.65558680,248365.8647463022
1703635200,2023-12-27 00:00:00,FTM/EUR,0.48513,0.48914,0.44945,0.45621,131031.06647826,59777.682838046996
1703721600,2023-12-28 00:00:00,FTM/EUR,0.46052,0.46809,0.42421,0.43712,193017.18452560,84371.67169983027
1703808000,2023-12-29 00:00:00,FTM/EUR,0.43179,0.45759,0.42346,0.42916,167821.01514856,72022.06686115601
1703894400,2023-12-30 00:00:00,FTM/EUR,0.43505,0.43505,0.41666,0.42300,150171.26217367,63522.44389946241
1703980800,2023-12-31 00:00:00,FTM/EUR,0.42550,0.44488,0.41694,0.42898,86545.17029181,37126.14715178066
1704067200,2024-01-01 00:00:00,FTM/EUR,0.43540,0.47843,0.42574,0.45668,100449.35845448,45873.21301899192
1704153600,2024-01-02 00:00:00,FTM/EUR,0.45607,0.47179,0.44000,0.44474,252603.73254621,112342.98401260145
1704240000,2024-01-03 00:00:00,FTM/EUR,0.44960,0.45538,0.36500,0.39213,713552.75072206,279805.44014064135
1704326400,2024-01-04 00:00:00,FTM/EUR,0.39826,0.41865,0.39000,0.41185,453433.82043735,186746.7189471226
1704412800,2024-01-05 00:00:00,FTM/EUR,0.41533,0.41533,0.36914,0.38643,260144.76658445,100527.74215122902
1704499200,2024-01-06 00:00:00,FTM/EUR,0.38239,0.38239,0.35529,0.36502,107969.46182235,39411.012954394195
1704585600,2024-01-07 00:00:00,FTM/EUR,0.36670,0.37361,0.34527,0.34666,485473.17632547,168294.13130498744
1704672000,2024-01-08 00:00:00,FTM/EUR,0.34378,0.36823,0.31879,0.36823,476539.81471356,175476.2559719742
1704758400,2024-01-09 00:00:00,FTM/EUR,0.36455,0.36855,0.33147,0.34342,435848.72870928,149679.17041334094
1704844800,2024-01-10 00:00:00,FTM/EUR,0.34348,0.39905,0.33594,0.38842,347935.76382176,135145.20938364803
1704931200,2024-01-11 00:00:00,FTM/EUR,0.38826,0.40505,0.37966,0.38519,284392.16822902,109545.01928013621
1705017600,2024-01-12 00:00:00,FTM/EUR,0.38085,0.38974,0.34631,0.35901,216144.43355356,77598.01309006357
1705104000,2024-01-13 00:00:00,FTM/EUR,0.35498,0.36439,0.35454,0.36385,89610.98492735,32604.956865816297
1705190400,2024-01-14 00:00:00,FTM/EUR,0.36321,0.36795,0.34499,0.34864,105331.65849733,36722.829418509136
1705276800,2024-01-15 00:00:00,FTM/EUR,0.35200,0.36500,0.34823,0.35593,175072.25272282,62313.46691163333
1705363200,2024-01-16 00:00:00,FTM/EUR,0.35527,0.38851,0.35454,0.38347,182863.54377428,70122.68313112315
1705449600,2024-01-17 00:00:00,FTM/EUR,0.38051,0.38461,0.36247,0.36634,113656.10144311,41636.776202668916
1705536000,2024-01-18 00:00:00,FTM/EUR,0.36664,0.36840,0.33764,0.33940,287134.80288198,97453.55209814402
1705622400,2024-01-19 00:00:00,FTM/EUR,0.33981,0.33981,0.31100,0.33322,282034.77590713,93979.62802777386
1705708800,2024-01-20 00:00:00,FTM/EUR,0.33036,0.34195,0.32883,0.34131,77890.39166170,26584.76957805483
1705795200,2024-01-21 00:00:00,FTM/EUR,0.33975,0.34573,0.33338,0.33404,50187.04721761,16764.481252570444
1705881600,2024-01-22 00:00:00,FTM/EUR,0.33471,0.33586,0.31000,0.31000,121235.98023628,37583.153873246796
1705968000,2024-01-23 00:00:00,FTM/EUR,0.30920,0.31595,0.28351,0.30258,376621.01146137,113957.98564798133
1706054400,2024-01-24 00:00:00,FTM/EUR,0.30072,0.34720,0.30072,0.31436,378175.99598418,118883.40609758682
1706140800,2024-01-25 00:00:00,FTM/EUR,0.31365,0.31394,0.30500,0.30906,144433.91574559,44638.746000332045
1706227200,2024-01-26 00:00:00,FTM/EUR,0.30816,0.33816,0.30739,0.33356,183083.49260315,61069.32979270672
1706313600,2024-01-27 00:00:00,FTM/EUR,0.33692,0.34537,0.33339,0.34498,142435.93462514,49137.5487269808
1706400000,2024-01-28 00:00:00,FTM/EUR,0.34720,0.36870,0.34002,0.34658,229864.12041476,79666.30685334752
1706486400,2024-01-29 00:00:00,FTM/EUR,0.35090,0.36438,0.34731,0.35500,201542.78466817,71547.68855720035
1706572800,2024-01-30 00:00:00,FTM/EUR,0.35405,0.36368,0.34436,0.34482,261185.89648809,90062.12082702319
1706659200,2024-01-31 00:00:00,FTM/EUR,0.34120,0.34340,0.32643,0.32794,366413.23300125,120161.55563042994
1706745600,2024-02-01 00:00:00,FTM/EUR,0.32407,0.32688,0.31827,0.32407,394636.49609288,127889.84928881963
1706832000,2024-02-02 00:00:00,FTM/EUR,0.32530,0.33673,0.32530,0.33397,417743.44858880,139513.77952520153
1706918400,2024-02-03 00:00:00,FTM/EUR,0.33634,0.33774,0.32769,0.33062,77366.62904645,25578.9548953373
1707004800,2024-02-04 00:00:00,FTM/EUR,0.32989,0.33069,0.32001,0.32892,71018.52196643,23359.412245198153
1707091200,2024-02-05 00:00:00,FTM/EUR,0.32057,0.33835,0.31833,0.33346,394641.76118291,131597.24168405315
1707177600,2024-02-06 00:00:00,FTM/EUR,0.33352,0.33825,0.32966,0.33161,49587.44623851,16443.6930471523
1707264000,2024-02-07 00:00:00,FTM/EUR,0.33219,0.34135,0.32775,0.33913,389102.02415197,131956.1694506576
1707350400,2024-02-08 00:00:00,FTM/EUR,0.34086,0.34950,0.34086,0.34930,116331.67394894,40634.65371036474
1707436800,2024-02-09 00:00:00,FTM/EUR,0.35089,0.37567,0.34778,0.36811,361538.18818234,133085.82245180118
1707523200,2024-02-10 00:00:00,FTM/EUR,0.36940,0.37107,0.35501,0.36746,148245.26083692,54474.203547134624
1707609600,2024-02-11 00:00:00,FTM/EUR,0.36811,0.36997,0.35592,0.35864,59083.36525314,21189.65811438613
1707696000,2024-02-12 00:00:00,FTM/EUR,0.35817,0.37578,0.34801,0.37235,219894.07303548,81877.55809476097
1707782400,2024-02-13 00:00:00,FTM/EUR,0.37001,0.37364,0.35829,0.36772,164726.15589146,60573.102044407664
1707868800,2024-02-14 00:00:00,FTM/EUR,0.36619,0.39000,0.36619,0.38349,208644.46182569,80013.06466553386
1707955200,2024-02-15 00:00:00,FTM/EUR,0.38454,0.39017,0.37747,0.38606,282071.86409306,108896.66385176676
1708041600,2024-02-16 00:00:00,FTM/EUR,0.38979,0.39506,0.37122,0.37839,115038.43289883,43529.39262458828
1708128000,2024-02-17 00:00:00,FTM/EUR,0.38073,0.38073,0.35978,0.36938,44240.89592287,16341.702135989719
1708214400,2024-02-18 00:00:00,FTM/EUR,0.37043,0.39378,0.36996,0.39040,286507.91831488,111852.69131012916
1708300800,2024-02-19 00:00:00,FTM/EUR,0.39499,0.40750,0.39381,0.40031,374369.91001477,149864.01867801257
1708387200,2024-02-20 00:00:00,FTM/EUR,0.40106,0.40659,0.37009,0.39415,337251.25898730,132927.58372984428
1708473600,2024-02-21 00:00:00,FTM/EUR,0.39224,0.39224,0.36357,0.37487,105879.62390798,39691.09461438446
1708560000,2024-02-22 00:00:00,FTM/EUR,0.36433,0.38596,0.36376,0.37488,108357.81777514,40621.17872754449
1708646400,2024-02-23 00:00:00,FTM/EUR,0.37352,0.37408,0.35721,0.36509,137835.69050536,50322.432246601886
1708732800,2024-02-24 00:00:00,FTM/EUR,0.36489,0.38999,0.35844,0.38874,99188.15549714,38558.4035679582
1708819200,2024-02-25 00:00:00,FTM/EUR,0.38919,0.38942,0.38052,0.38645,51490.02538051,19898.32030829809
1708905600,2024-02-26 00:00:00,FTM/EUR,0.38311,0.40210,0.37900,0.39989,206267.36545761,82484.25677284367
1708992000,2024-02-27 00:00:00,FTM/EUR,0.40147,0.41936,0.39824,0.41305,250429.80037768,103440.02904600071
1709078400,2024-02-28 00:00:00,FTM/EUR,0.41176,0.45740,0.35110,0.43898,464160.16749423,203757.03032661707
1709164800,2024-02-29 00:00:00,FTM/EUR,0.44686,0.45241,0.41963,0.42858,306711.56325696,131450.44178066793
1709251200,2024-03-01 00:00:00,FTM/EUR,0.42643,0.46855,0.42639,0.45090,190173.19430654,85749.09331281889
1709337600,2024-03-02 00:00:00,FTM/EUR,0.45456,0.50000,0.45456,0.50000,311623.37413124,155811.68706562
1709424000,2024-03-03 00:00:00,FTM/EUR,0.50092,0.65000,0.41400,0.64771,1249925.70323436,809589.3772419274
1709510400,2024-03-04 00:00:00,FTM/EUR,0.64883,0.69000,0.56400,0.59458,940427.38608882,559159.3152206907
1709596800,2024-03-05 00:00:00,FTM/EUR,0.59217,0.67022,0.52000,0.58545,2075006.92752926,1214812.8057220054
1709683200,2024-03-06 00:00:00,FTM/EUR,0.58732,0.67200,0.56912,0.64938,483168.01653384,313759.64657674497
1709769600,2024-03-07 00:00:00,FTM/EUR,0.65135,0.78150,0.64763,0.75340,1218894.63899166,918315.2210163166
1709856000,2024-03-08 00:00:00,FTM/EUR,0.77953,0.78783,0.69600,0.74960,384735.82083223,288397.9712958396
1709942400,2024-03-09 00:00:00,FTM/EUR,0.74560,0.76506,0.72526,0.72539,94251.07164281,68368.78485897795
1710028800,2024-03-10 00:00:00,FTM/EUR,0.72537,0.74557,0.67013,0.68166,393137.11678028,267985.8470244457
1710115200,2024-03-11 00:00:00,FTM/EUR,0.68316,0.78050,0.65717,0.74251,525434.27804046,390140.2057878219
1710201600,2024-03-12 00:00:00,FTM/EUR,0.74890,0.75678,0.69182,0.75619,133395.68202062,100872.48078717265
1710288000,2024-03-13 00:00:00,FTM/EUR,0.76177,0.83430,0.73575,0.81739,419674.72393195,343037.92259473656
1710374400,2024-03-14 00:00:00,FTM/EUR,0.81511,0.82264,0.72037,0.76484,729382.49739429,557860.9093070488
1710460800,2024-03-15 00:00:00,FTM/EUR,0.76894,0.80204,0.66051,0.80204,803182.91907614,644184.8284158274
1710547200,2024-03-16 00:00:00,FTM/EUR,0.81000,0.90000,0.72284,0.72700,739555.24426718,537656.6625822398
1710633600,2024-03-17 00:00:00,FTM/EUR,0.73374,0.83835,0.69843,0.78734,373444.02537645,294027.4189398941
1710720000,2024-03-18 00:00:00,FTM/EUR,0.76024,0.87500,0.74684,0.85982,456609.74674908,392602.192449794
1710806400,2024-03-19 00:00:00,FTM/EUR,0.85430,0.99548,0.73000,0.94429,1357798.58300019,1282155.6239412494
1710892800,2024-03-20 00:00:00,FTM/EUR,0.94635,1.05502,0.82772,1.02191,702496.05303250,717887.7415544421
1710979200,2024-03-21 00:00:00,FTM/EUR,1.02078,1.05781,0.94688,1.02396,790472.26571226,809411.9811987258
1711065600,2024-03-22 00:00:00,FTM/EUR,1.00438,1.13120,0.97724,1.05556,760838.54908214,803110.7388691438
1711152000,2024-03-23 00:00:00,FTM/EUR,1.04438,1.05088,0.96110,0.96110,301059.81972378,289348.59273652494
1711238400,2024-03-24 00:00:00,FTM/EUR,0.96744,1.00949,0.95620,0.98870,224706.97646608,222167.7876320133
1711324800,2024-03-25 00:00:00,FTM/EUR,0.98040,1.13071,0.97556,1.04003,588460.64133036,612016.7208028142
1711411200,2024-03-26 00:00:00,FTM/EUR,1.03927,1.06225,0.97607,0.98871,453303.13320029,448185.3408264587
1711497600,2024-03-27 00:00:00,FTM/EUR,0.99261,1.01152,0.91474,0.92479,257016.42499602,237686.21967206933
1711584000,2024-03-28 00:00:00,FTM/EUR,0.92294,0.95895,0.91981,0.94669,140275.66090929,132797.56542621573
1711670400,2024-03-29 00:00:00,FTM/EUR,0.94364,0.94572,0.84100,0.90992,167741.92202715,152631.7296909443
1711756800,2024-03-30 00:00:00,FTM/EUR,0.91091,0.91110,0.86500,0.86733,84163.68133946,72997.68573615384
1711843200,2024-03-31 00:00:00,FTM/EUR,0.86733,0.94693,0.86733,0.93055,156367.01288718,145507.32384216535
1711929600,2024-04-01 00:00:00,FTM/EUR,0.91478,0.92653,0.83918,0.88846,386619.92351105,343496.3372426275
1712016000,2024-04-02 00:00:00,FTM/EUR,0.87630,0.87630,0.80286,0.80286,268655.28647266,215692.58329743982
1712102400,2024-04-03 00:00:00,FTM/EUR,0.80105,0.83233,0.74000,0.75800,608606.16677552,461323.47441584413
1712188800,2024-04-04 00:00:00,FTM/EUR,0.75353,0.82251,0.74720,0.78438,280003.45779793,219629.11222754032
1712275200,2024-04-05 00:00:00,FTM/EUR,0.78443,0.78443,0.71440,0.73716,187574.83681698,138272.66670800498
1712361600,2024-04-06 00:00:00,FTM/EUR,0.73662,0.78861,0.73662,0.78397,75401.81934869,59112.7643147925
1712448000,2024-04-07 00:00:00,FTM/EUR,0.77823,0.84468,0.77764,0.80190,102512.48865813,82204.76465495443
1712534400,2024-04-08 00:00:00,FTM/EUR,0.80168,0.87026,0.78506,0.86055,275157.60250368,236786.8748345418
1712620800,2024-04-09 00:00:00,FTM/EUR,0.85127,0.95525,0.85127,0.92711,497175.34053842,460936.2299665746
1712707200,2024-04-10 00:00:00,FTM/EUR,0.94676,0.96235,0.88214,0.91840,583688.88199751,536059.8692265132
1712793600,2024-04-11 00:00:00,FTM/EUR,0.92388,0.93663,0.83215,0.85372,374413.24871660,319644.07869433577
1712880000,2024-04-12 00:00:00,FTM/EUR,0.86313,0.90000,0.64000,0.70250,943903.55016767,663092.2439927881
1712966400,2024-04-13 00:00:00,FTM/EUR,0.69909,0.71279,0.54000,0.63810,481405.24192252,307184.68487076
1713052800,2024-04-14 00:00:00,FTM/EUR,0.64163,0.68219,0.60607,0.67145,265632.13094888,178358.69432562546
1713139200,2024-04-15 00:00:00,FTM/EUR,0.66069,0.70455,0.58979,0.61372,352934.47152452,216602.94386402844
1713225600,2024-04-16 00:00:00,FTM/EUR,0.60693,0.65600,0.59349,0.65329,157212.81396556,102705.5592355607
1713312000,2024-04-17 00:00:00,FTM/EUR,0.66200,0.67000,0.61400,0.63392,164685.31243122,104397.31325639898
1713398400,2024-04-18 00:00:00,FTM/EUR,0.63000,0.65624,0.60500,0.64501,88283.07417079,56943.465670901256
1713484800,2024-04-19 00:00:00,FTM/EUR,0.64067,0.67418,0.59003,0.64844,96301.31719315,62445.626120726185
1713571200,2024-04-20 00:00:00,FTM/EUR,0.64027,0.71680,0.64027,0.71585,186318.62643603,133376.18873423207
1713657600,2024-04-21 00:00:00,FTM/EUR,0.71035,0.73915,0.69350,0.70723,91060.77921042,64400.91488098534
1713744000,2024-04-22 00:00:00,FTM/EUR,0.70020,0.74364,0.69786,0.71300,121553.78283603,86667.84716208938
1713830400,2024-04-23 00:00:00,FTM/EUR,0.71482,0.72265,0.67700,0.67917,428714.31791544,291169.9032986294
1713916800,2024-04-24 00:00:00,FTM/EUR,0.68701,0.71614,0.66544,0.67143,261429.72749634,175531.76193286755
1714003200,2024-04-25 00:00:00,FTM/EUR,0.68275,0.73356,0.66534,0.70272,149840.24247290,105295.73519055628
1714089600,2024-04-26 00:00:00,FTM/EUR,0.70913,0.72464,0.67200,0.67343,105924.02380852,71332.41535337162
1714176000,2024-04-27 00:00:00,FTM/EUR,0.67846,0.68613,0.63149,0.67028,249810.01025251,167442.6536720524
1714262400,2024-04-28 00:00:00,FTM/EUR,0.67662,0.68391,0.66105,0.66105,42716.06227842,28237.452969149545
1714348800,2024-04-29 00:00:00,FTM/EUR,0.66884,0.67565,0.65275,0.67406,141276.94208229,95229.1355799884
1714435200,2024-04-30 00:00:00,FTM/EUR,0.67597,0.67597,0.59564,0.60494,224338.50531374,135711.33540449388
1714521600,2024-05-01 00:00:00,FTM/EUR,0.60323,0.64109,0.57258,0.62233,133931.95536205,83349.8737804646
1714608000,2024-05-02 00:00:00,FTM/EUR,0.62748,0.64114,0.61408,0.63304,107669.31591459,68158.98374657206
1714694400,2024-05-03 00:00:00,FTM/EUR,0.63801,0.65646,0.61762,0.65210,66744.84627227,43524.31425414727
1714780800,2024-05-04 00:00:00,FTM/EUR,0.65246,0.66250,0.64079,0.64407,67197.62356515,43279.973409606166
1714867200,2024-05-05 00:00:00,FTM/EUR,0.64367,0.67000,0.62911,0.65984,89936.95731015,59344.001911529376
1714953600,2024-05-06 00:00:00,FTM/EUR,0.66307,0.69280,0.64855,0.65313,57830.62028275,37770.91302527251
1715040000,2024-05-07 00:00:00,FTM/EUR,0.64400,0.65984,0.63095,0.63188,90461.47186742,57160.79484358535
1715126400,2024-05-08 00:00:00,FTM/EUR,0.62572,0.63007,0.61000,0.61023,91034.84342849,55552.19250536746
1715212800,2024-05-09 00:00:00,FTM/EUR,0.61504,0.66280,0.60792,0.66280,140376.08256161,93041.2675218351
1715299200,2024-05-10 00:00:00,FTM/EUR,0.66727,0.68606,0.64855,0.66661,152903.45466020,101926.97191103591
1715385600,2024-05-11 00:00:00,FTM/EUR,0.66166,0.67800,0.65182,0.66264,32068.81860372,21250.08195956902
1715472000,2024-05-12 00:00:00,FTM/EUR,0.65885,0.67666,0.65095,0.65330,45728.78088056,29874.61254926985
1715558400,2024-05-13 00:00:00,FTM/EUR,0.65000,0.65333,0.61500,0.62515,225006.88342069,140663.05317044436
1715644800,2024-05-14 00:00:00,FTM/EUR,0.62258,0.63032,0.59000,0.59303,151206.80213708,89670.16987135254
1715731200,2024-05-15 00:00:00,FTM/EUR,0.59537,0.70621,0.59050,0.69437,235522.39129776,163539.68284542562
1715817600,2024-05-16 00:00:00,FTM/EUR,0.69907,0.76427,0.69356,0.73487,265623.05198595,195198.41221291508
1715904000,2024-05-17 00:00:00,FTM/EUR,0.73671,0.77740,0.72305,0.72305,128537.57706955,92939.09510013812
1715990400,2024-05-18 00:00:00,FTM/EUR,0.72000,0.82535,0.72000,0.81262,185918.79167070,151081.32848744423
1716076800,2024-05-19 00:00:00,FTM/EUR,0.82700,0.83999,0.77100,0.78700,48980.40879093,38547.58171846191
1716163200,2024-05-20 00:00:00,FTM/EUR,0.78785,0.88638,0.77299,0.84708,540619.70382866,457948.1387191813
1716249600,2024-05-21 00:00:00,FTM/EUR,0.84870,0.85575,0.79860,0.80578,156880.03422447,126410.79397739345
1716336000,2024-05-22 00:00:00,FTM/EUR,0.79943,0.80076,0.77000,0.77831,103438.33954695,80507.09405278665
1716422400,2024-05-23 00:00:00,FTM/EUR,0.78323,0.78966,0.71440,0.75200,208515.41883723,156803.59496559697
1716508800,2024-05-24 00:00:00,FTM/EUR,0.75806,0.76406,0.72933,0.73906,145478.62979312,107517.43613490327
1716595200,2024-05-25 00:00:00,FTM/EUR,0.74300,0.76782,0.74097,0.76016,38107.16182930,28967.540136160686
1716681600,2024-05-26 00:00:00,FTM/EUR,0.76178,0.76227,0.73938,0.75351,23137.30408621,17434.190002000098
1716768000,2024-05-27 00:00:00,FTM/EUR,0.75806,0.78149,0.74489,0.76564,60687.48379853,46464.765095506504
1716854400,2024-05-28 00:00:00,FTM/EUR,0.75530,0.76637,0.72500,0.75945,100041.23064475,75976.31261315539
1716940800,2024-05-29 00:00:00,FTM/EUR,0.76530,0.77531,0.73877,0.75115,58436.62568977,43894.67138687074
1717027200,2024-05-30 00:00:00,FTM/EUR,0.74320,0.74727,0.71906,0.72360,50840.14846022,36787.93142581519
1717113600,2024-05-31 00:00:00,FTM/EUR,0.71781,0.74013,0.70610,0.73281,16910.08318642,12391.878059840441
1717200000,2024-06-01 00:00:00,FTM/EUR,0.73032,0.73032,0.71912,0.72389,14371.76811170,10403.579218378512
1717286400,2024-06-02 00:00:00,FTM/EUR,0.72791,0.73500,0.70562,0.70800,11584.14855905,8201.5771798074
1717372800,2024-06-03 00:00:00,FTM/EUR,0.70858,0.75976,0.70858,0.73781,115383.73220724,85131.27145982374
1717459200,2024-06-04 00:00:00,FTM/EUR,0.73951,0.78000,0.73951,0.76526,67170.39316579,51402.81507405246
1717545600,2024-06-05 00:00:00,FTM/EUR,0.77380,0.78448,0.75996,0.75996,41629.99666831,31637.132268048867
1717632000,2024-06-06 00:00:00,FTM/EUR,0.76654,0.76662,0.73000,0.74010,52568.93918747,38906.271892646546
1717718400,2024-06-07 00:00:00,FTM/EUR,0.74010,0.74010,0.74010,0.74010,0.00000000,0.0
