https://www.Saxcoin-b6.nl,HOT,Holo
unix,date,symbol,open,high,low,close,volume,total
1617926400000,2021-04-09 00:00:00,HOT/EUR,0.01931,0.02061,0.01714,0.01766,25609439.0,473212.515424
1618012800000,2021-04-10 00:00:00,HOT/EUR,0.01766,0.01813,0.01478,0.01609,101490048.7,1669983.15211
1618099200000,2021-04-11 00:00:00,HOT/EUR,0.01614,0.01894,0.01447,0.01661,124913037.3,2057836.429382
1618185600000,2021-04-12 00:00:00,HOT/EUR,0.01656,0.01847,0.0157,0.01572,83008448.1,1393527.257773
1618272000000,2021-04-13 00:00:00,HOT/EUR,0.01574,0.01664,0.01533,0.0157,82537771.7,1306570.772849
1618358400000,2021-04-14 00:00:00,HOT/EUR,0.01574,0.01585,0.01361,0.01475,107543544.3,1605439.812434
1618444800000,2021-04-15 00:00:00,HOT/EUR,0.01476,0.01792,0.0144,0.01557,173627985.7,2868769.558908
1618531200000,2021-04-16 00:00:00,HOT/EUR,0.01555,0.01732,0.01417,0.01595,175234359.7,2730410.566568
1618617600000,2021-04-17 00:00:00,HOT/EUR,0.0159,0.01814,0.01564,0.01589,144891363.6,2410568.249216
1618704000000,2021-04-18 00:00:00,HOT/EUR,0.01596,0.01601,0.011,0.01429,113710713.9,1615783.589641
1618790400000,2021-04-19 00:00:00,HOT/EUR,0.01434,0.0156,0.013,0.01317,87678806.5,1242281.213805
1618876800000,2021-04-20 00:00:00,HOT/EUR,0.01321,0.01556,0.01161,0.01338,112285221.8,1496991.104784
1618963200000,2021-04-21 00:00:00,HOT/EUR,0.01338,0.01424,0.01225,0.01241,60143376.7,801557.059021
1619049600000,2021-04-22 00:00:00,HOT/EUR,0.01242,0.01286,0.00964,0.01064,118057019.6,1370576.264424
1619136000000,2021-04-23 00:00:00,HOT/EUR,0.01063,0.0115,0.00745,0.01052,300155575.6,2868609.763826
1619222400000,2021-04-24 00:00:00,HOT/EUR,0.01051,0.01284,0.00975,0.01006,138188326.9,1544539.439481
1619308800000,2021-04-25 00:00:00,HOT/EUR,0.0101,0.01096,0.00875,0.00971,78833519.1,789151.79596
1619395200000,2021-04-26 00:00:00,HOT/EUR,0.00978,0.01193,0.00966,0.01164,138859936.9,1536441.279203
1619481600000,2021-04-27 00:00:00,HOT/EUR,0.01164,0.01467,0.01123,0.01364,222272117.4,3010113.483267
1619568000000,2021-04-28 00:00:00,HOT/EUR,0.01366,0.01438,0.01184,0.01306,149617966.3,1954830.905675
1619654400000,2021-04-29 00:00:00,HOT/EUR,0.01306,0.01355,0.01225,0.01274,73246608.8,945940.208589
1619740800000,2021-04-30 00:00:00,HOT/EUR,0.01273,0.01354,0.01247,0.01342,85091161.6,1113808.840361
1619827200000,2021-05-01 00:00:00,HOT/EUR,0.01338,0.0141,0.01301,0.01347,68464336.8,926506.671856
1619913600000,2021-05-02 00:00:00,HOT/EUR,0.01347,0.0135,0.01247,0.01291,54028597.7,701764.65116
1620000000000,2021-05-03 00:00:00,HOT/EUR,0.01293,0.01355,0.01211,0.01266,62529953.4,814119.139516
1620086400000,2021-05-04 00:00:00,HOT/EUR,0.01269,0.01269,0.01094,0.0113,131823145.8,1555233.694861
1620172800000,2021-05-05 00:00:00,HOT/EUR,0.01127,0.01354,0.01117,0.0123,157262381.3,1962713.495664
1620259200000,2021-05-06 00:00:00,HOT/EUR,0.01231,0.01307,0.0119,0.01249,159043950.3,1979848.422691
1620345600000,2021-05-07 00:00:00,HOT/EUR,0.01247,0.01387,0.01207,0.01259,226865576.8,2925358.444477
1620432000000,2021-05-08 00:00:00,HOT/EUR,0.01259,0.01321,0.01207,0.01219,98946443.7,1240150.425386
1620518400000,2021-05-09 00:00:00,HOT/EUR,0.01219,0.01235,0.01136,0.01187,131289507.1,1556359.967187
1620604800000,2021-05-10 00:00:00,HOT/EUR,0.01186,0.01237,0.0093,0.01048,148612095.7,1660581.642123
1620691200000,2021-05-11 00:00:00,HOT/EUR,0.0105,0.01136,0.01008,0.01079,117451223.5,1255535.67382
1620777600000,2021-05-12 00:00:00,HOT/EUR,0.01079,0.01117,0.0088,0.0088,104100509.2,1059221.349021
1620864000000,2021-05-13 00:00:00,HOT/EUR,0.0088,0.0099,0.0083,0.00937,152677722.0,1396423.636171
1620950400000,2021-05-14 00:00:00,HOT/EUR,0.00936,0.01027,0.00921,0.0098,121857250.5,1191359.460637
1621036800000,2021-05-15 00:00:00,HOT/EUR,0.00978,0.00988,0.00886,0.00897,109818226.8,1016855.291129
1621123200000,2021-05-16 00:00:00,HOT/EUR,0.009,0.01068,0.00868,0.0096,245048343.2,2363805.264927
1621209600000,2021-05-17 00:00:00,HOT/EUR,0.0096,0.00992,0.00871,0.00904,160078582.3,1484387.775344
1621296000000,2021-05-18 00:00:00,HOT/EUR,0.00912,0.00954,0.00887,0.00906,117081846.7,1075978.347668
1621382400000,2021-05-19 00:00:00,HOT/EUR,0.00906,0.0092,0.004,0.00595,294696431.3,1942974.707479
1621468800000,2021-05-20 00:00:00,HOT/EUR,0.00608,0.008,0.00536,0.00701,251895914.4,1719877.8208
1621555200000,2021-05-21 00:00:00,HOT/EUR,0.00705,0.00744,0.00533,0.0063,186336111.6,1231610.828363
1621641600000,2021-05-22 00:00:00,HOT/EUR,0.00632,0.00638,0.00563,0.00584,101517198.0,606387.877482
1621728000000,2021-05-23 00:00:00,HOT/EUR,0.00583,0.00602,0.00412,0.00498,176305562.6,911333.908835
1621814400000,2021-05-24 00:00:00,HOT/EUR,0.005,0.0064,0.00487,0.00632,113100131.4,661181.164755
1621900800000,2021-05-25 00:00:00,HOT/EUR,0.0063,0.00851,0.00597,0.00766,564250169.7,4067940.034915
1621987200000,2021-05-26 00:00:00,HOT/EUR,0.00764,0.0095,0.00747,0.00884,637700058.3,5485929.406764
1622073600000,2021-05-27 00:00:00,HOT/EUR,0.0088,0.0088,0.00765,0.00782,274970752.3,2241570.976258
1622160000000,2021-05-28 00:00:00,HOT/EUR,0.00783,0.0082,0.00657,0.0069,316980647.4,2362055.049184
1622246400000,2021-05-29 00:00:00,HOT/EUR,0.00691,0.0074,0.00624,0.00674,302798144.8,2035767.326132
1622332800000,2021-05-30 00:00:00,HOT/EUR,0.00674,0.00762,0.0064,0.0071,653896934.9,4632480.914627
1622419200000,2021-05-31 00:00:00,HOT/EUR,0.0071,0.00758,0.00689,0.00735,537861850.8,3888822.754265
1622505600000,2021-06-01 00:00:00,HOT/EUR,0.00735,0.0075,0.0069,0.007,1026550805.8,7318903.403661
1622592000000,2021-06-02 00:00:00,HOT/EUR,0.00699,0.0074,0.00692,0.00717,713243832.1,5083270.231421
1622678400000,2021-06-03 00:00:00,HOT/EUR,0.00716,0.00806,0.00713,0.00765,3023890371.4,22800894.082844
1622764800000,2021-06-04 00:00:00,HOT/EUR,0.00765,0.00771,0.00663,0.00705,1580626630.0,11111788.766107
1622851200000,2021-06-05 00:00:00,HOT/EUR,0.00706,0.00753,0.00665,0.00691,1033858474.3,7442814.154393
1622937600000,2021-06-06 00:00:00,HOT/EUR,0.00689,0.00714,0.00684,0.00707,598564322.5,4191478.890497
1623024000000,2021-06-07 00:00:00,HOT/EUR,0.00707,0.0072,0.00631,0.00641,1019393226.8,7151844.982173
1623110400000,2021-06-08 00:00:00,HOT/EUR,0.00642,0.00677,0.00576,0.00656,655332157.7,4178796.70088
1623196800000,2021-06-09 00:00:00,HOT/EUR,0.00653,0.00687,0.00624,0.00677,330715926.6,2198631.53535
1623283200000,2021-06-10 00:00:00,HOT/EUR,0.00678,0.00684,0.00637,0.00645,510689309.6,3373228.397027
1623369600000,2021-06-11 00:00:00,HOT/EUR,0.00645,0.00662,0.00611,0.00621,726762714.6,4671843.918335
1623456000000,2021-06-12 00:00:00,HOT/EUR,0.00616,0.00632,0.00592,0.00609,67695597.3,412370.282489
1623542400000,2021-06-13 00:00:00,HOT/EUR,0.00611,0.00718,0.00603,0.00677,758996475.6,4786980.749006
1623628800000,2021-06-14 00:00:00,HOT/EUR,0.00678,0.00699,0.00656,0.00685,559238114.0,3779977.552166
1623715200000,2021-06-15 00:00:00,HOT/EUR,0.00683,0.00703,0.00657,0.00666,294084061.9,1971253.822627
1623801600000,2021-06-16 00:00:00,HOT/EUR,0.00665,0.00668,0.00633,0.00647,724452689.5,4712675.917544
1623888000000,2021-06-17 00:00:00,HOT/EUR,0.00644,0.00668,0.00633,0.00646,1647680746.1,10647523.420253
1623974400000,2021-06-18 00:00:00,HOT/EUR,0.00645,0.00646,0.00585,0.00608,799526492.3,4972385.701775
1624060800000,2021-06-19 00:00:00,HOT/EUR,0.00608,0.00618,0.00589,0.00593,2201432318.4,13353302.150601
1624147200000,2021-06-20 00:00:00,HOT/EUR,0.00594,0.00643,0.00562,0.00625,891032299.4,5328105.738082
1624233600000,2021-06-21 00:00:00,HOT/EUR,0.00628,0.00628,0.00496,0.00501,881733831.1,4933633.605911
1624320000000,2021-06-22 00:00:00,HOT/EUR,0.00504,0.00531,0.00405,0.00456,1840360479.6,8900756.647013
1624406400000,2021-06-23 00:00:00,HOT/EUR,0.00457,0.0052,0.00436,0.00497,529801282.9,2604896.493187
1624492800000,2021-06-24 00:00:00,HOT/EUR,0.00497,0.00521,0.00478,0.0051,923598043.0,4642509.972031
1624579200000,2021-06-25 00:00:00,HOT/EUR,0.00512,0.00524,0.00455,0.00472,843363133.3,4242390.672776
1624665600000,2021-06-26 00:00:00,HOT/EUR,0.00466,0.00493,0.00447,0.00471,786493533.1,3664727.768034
1624752000000,2021-06-27 00:00:00,HOT/EUR,0.00475,0.00498,0.00465,0.00496,267683879.5,1294262.979749
1624838400000,2021-06-28 00:00:00,HOT/EUR,0.00495,0.00509,0.00487,0.005,808182608.5,4003895.62272
1624924800000,2021-06-29 00:00:00,HOT/EUR,0.00498,0.00555,0.00498,0.00523,540580880.9,2887679.01123
1625011200000,2021-06-30 00:00:00,HOT/EUR,0.00526,0.00532,0.00486,0.00517,870410888.1,4355936.015109
1625097600000,2021-07-01 00:00:00,HOT/EUR,0.00516,0.00519,0.00487,0.005,546502538.8,2763613.730834
1625184000000,2021-07-02 00:00:00,HOT/EUR,0.00495,0.00504,0.00482,0.00496,418862061.3,2055363.264597
1625270400000,2021-07-03 00:00:00,HOT/EUR,0.00497,0.00515,0.00495,0.00511,176235506.2,894589.436987
1625356800000,2021-07-04 00:00:00,HOT/EUR,0.00509,0.00535,0.005,0.00521,44700453.3,233910.414522
1625443200000,2021-07-05 00:00:00,HOT/EUR,0.00519,0.00519,0.00493,0.00503,490762952.5,2477389.58758
1625529600000,2021-07-06 00:00:00,HOT/EUR,0.00503,0.00523,0.00502,0.0051,1061651873.5,5429592.514249
1625616000000,2021-07-07 00:00:00,HOT/EUR,0.0051,0.00527,0.00506,0.00509,439106269.8,2262095.437968
1625702400000,2021-07-08 00:00:00,HOT/EUR,0.00509,0.0051,0.00479,0.00485,334774001.4,1640352.883316
1625788800000,2021-07-09 00:00:00,HOT/EUR,0.00484,0.00496,0.00463,0.0049,374690568.3,1790850.811258
1625875200000,2021-07-10 00:00:00,HOT/EUR,0.00489,0.00499,0.0047,0.00481,204551189.2,979003.339792
1625961600000,2021-07-11 00:00:00,HOT/EUR,0.00481,0.00493,0.00475,0.00486,296807207.9,1432288.710904
1626048000000,2021-07-12 00:00:00,HOT/EUR,0.00486,0.00491,0.00465,0.00475,166671341.3,807178.648831
1626134400000,2021-07-13 00:00:00,HOT/EUR,0.00471,0.00479,0.00457,0.00467,472762532.3,2227635.828889
1626220800000,2021-07-14 00:00:00,HOT/EUR,0.00469,0.00475,0.00436,0.00469,92305686.3,422059.390184
1626307200000,2021-07-15 00:00:00,HOT/EUR,0.0047,0.00477,0.00443,0.00449,182800912.6,829967.519795
1626393600000,2021-07-16 00:00:00,HOT/EUR,0.0045,0.00463,0.00426,0.00428,126830632.6,556259.517583
1626480000000,2021-07-17 00:00:00,HOT/EUR,0.00425,0.00475,0.00423,0.00442,431522137.1,1883216.818378
1626566400000,2021-07-18 00:00:00,HOT/EUR,0.00441,0.00451,0.00432,0.00438,184995263.2,818028.820244
1626652800000,2021-07-19 00:00:00,HOT/EUR,0.00437,0.00439,0.00408,0.00414,1024493503.3,4341856.781715
1626739200000,2021-07-20 00:00:00,HOT/EUR,0.00412,0.00417,0.00375,0.00383,769838391.1,3014731.431349
1626825600000,2021-07-21 00:00:00,HOT/EUR,0.00384,0.00427,0.00374,0.00411,498691987.0,1975742.407883
1626912000000,2021-07-22 00:00:00,HOT/EUR,0.00409,0.00426,0.00404,0.00421,732579519.2,3045800.18741
1626998400000,2021-07-23 00:00:00,HOT/EUR,0.00421,0.00445,0.00409,0.00443,245060979.9,1033063.421999
1627084800000,2021-07-24 00:00:00,HOT/EUR,0.00443,0.00467,0.00432,0.00446,104961445.9,467952.023316
1627171200000,2021-07-25 00:00:00,HOT/EUR,0.00447,0.00457,0.00434,0.00455,448297578.0,1984444.320455
1627257600000,2021-07-26 00:00:00,HOT/EUR,0.00456,0.00572,0.00453,0.00505,551588614.9,2783505.94226
1627344000000,2021-07-27 00:00:00,HOT/EUR,0.00505,0.00561,0.00477,0.00539,831264089.5,4362685.880611
1627430400000,2021-07-28 00:00:00,HOT/EUR,0.00539,0.00548,0.0052,0.00531,413166966.1,2204587.292632
1627516800000,2021-07-29 00:00:00,HOT/EUR,0.00531,0.00546,0.0052,0.0053,754296976.2,4005274.941189
1627603200000,2021-07-30 00:00:00,HOT/EUR,0.00531,0.0054,0.00504,0.0054,305140066.5,1616179.877962
1627689600000,2021-07-31 00:00:00,HOT/EUR,0.00538,0.00546,0.00521,0.00536,436855469.0,2344111.378442
1627776000000,2021-08-01 00:00:00,HOT/EUR,0.00536,0.00567,0.00525,0.00532,490896538.0,2709186.356782
1627862400000,2021-08-02 00:00:00,HOT/EUR,0.00533,0.00544,0.00526,0.00531,198623779.2,1061714.519053
1627948800000,2021-08-03 00:00:00,HOT/EUR,0.00529,0.00536,0.00514,0.00521,119569659.7,621678.180092
1628035200000,2021-08-04 00:00:00,HOT/EUR,0.00524,0.00546,0.00517,0.00545,25791462.7,138057.792836
1628121600000,2021-08-05 00:00:00,HOT/EUR,0.00545,0.00562,0.00534,0.00557,740880261.2,4060629.043033
1628208000000,2021-08-06 00:00:00,HOT/EUR,0.00557,0.00728,0.00547,0.00673,710520303.4,4758625.069315
1628294400000,2021-08-07 00:00:00,HOT/EUR,0.00674,0.00711,0.0063,0.00675,189339809.0,1289891.885356
1628380800000,2021-08-08 00:00:00,HOT/EUR,0.00674,0.00773,0.00654,0.00706,930347723.2,6631778.419221
1628467200000,2021-08-09 00:00:00,HOT/EUR,0.00705,0.00756,0.00685,0.00738,470121294.7,3380184.006063
1628553600000,2021-08-10 00:00:00,HOT/EUR,0.00736,0.00852,0.00729,0.00844,382445710.4,2986700.568757
1628640000000,2021-08-11 00:00:00,HOT/EUR,0.00845,0.01066,0.00824,0.00998,708953273.2,6855664.476851
1628726400000,2021-08-12 00:00:00,HOT/EUR,0.00998,0.01041,0.0089,0.00952,302501537.9,2905516.179663
1628812800000,2021-08-13 00:00:00,HOT/EUR,0.0095,0.01072,0.00948,0.01043,347980606.0,3539647.166843
1628899200000,2021-08-14 00:00:00,HOT/EUR,0.01035,0.01063,0.00992,0.01015,221969219.3,2281398.916936
1628985600000,2021-08-15 00:00:00,HOT/EUR,0.01019,0.01045,0.00951,0.0101,178703661.0,1787298.604406
1629072000000,2021-08-16 00:00:00,HOT/EUR,0.01009,0.01043,0.00952,0.00982,172450360.0,1735180.354841
1629158400000,2021-08-17 00:00:00,HOT/EUR,0.00974,0.00998,0.00869,0.00887,188147952.1,1788438.775479
1629244800000,2021-08-18 00:00:00,HOT/EUR,0.0089,0.00948,0.00832,0.00888,125036800.1,1127516.068436
1629331200000,2021-08-19 00:00:00,HOT/EUR,0.00891,0.00934,0.00843,0.00922,121434091.3,1083254.16025
1629417600000,2021-08-20 00:00:00,HOT/EUR,0.0092,0.00995,0.00919,0.00969,103004348.7,981784.49005
1629504000000,2021-08-21 00:00:00,HOT/EUR,0.00969,0.00973,0.00919,0.00926,139642927.2,1323981.968966
1629590400000,2021-08-22 00:00:00,HOT/EUR,0.00926,0.01015,0.00925,0.0095,145681666.4,1396197.263618
1629676800000,2021-08-23 00:00:00,HOT/EUR,0.00951,0.00988,0.00941,0.00962,95277329.9,918696.754096
1629763200000,2021-08-24 00:00:00,HOT/EUR,0.00959,0.01015,0.00901,0.00915,225487035.8,2181293.880269
1629849600000,2021-08-25 00:00:00,HOT/EUR,0.00917,0.00948,0.00874,0.00939,84335300.3,780788.571609
1629936000000,2021-08-26 00:00:00,HOT/EUR,0.0094,0.00948,0.00848,0.008593,76433956.9,678213.1620631
1630022400000,2021-08-27 00:00:00,HOT/EUR,0.008586,0.009074,0.008196,0.008996,105807987.9,935228.9551582
1630108800000,2021-08-28 00:00:00,HOT/EUR,0.008996,0.009875,0.008779,0.009741,134295730.0,1271192.1623248
1630195200000,2021-08-29 00:00:00,HOT/EUR,0.009697,0.009841,0.009265,0.009454,88340931.9,843240.0467858
1630281600000,2021-08-30 00:00:00,HOT/EUR,0.009454,0.009505,0.008895,0.008984,116178271.2,1077858.6438726
1630368000000,2021-08-31 00:00:00,HOT/EUR,0.008985,0.009408,0.008835,0.009082,80072013.9,730126.2335661
1630454400000,2021-09-01 00:00:00,HOT/EUR,0.008981,0.009542,0.008884,0.009386,119939591.3,1116972.7845546
1630540800000,2021-09-02 00:00:00,HOT/EUR,0.009386,0.0113,0.009305,0.010984,331313500.6,3416195.7878256
1630627200000,2021-09-03 00:00:00,HOT/EUR,0.011002,0.011221,0.010185,0.010485,305768361.9,3263260.7004909
1630713600000,2021-09-04 00:00:00,HOT/EUR,0.010489,0.0108,0.009938,0.010239,198648654.3,2071896.5995037
1630800000000,2021-09-05 00:00:00,HOT/EUR,0.010241,0.011318,0.010113,0.011079,263080308.8,2820029.6320296
1630886400000,2021-09-06 00:00:00,HOT/EUR,0.011077,0.011227,0.009635,0.01046,285811780.2,2991008.4982393
1630972800000,2021-09-07 00:00:00,HOT/EUR,0.010454,0.01069,0.007,0.008615,351558253.6,3267660.8746354
1631059200000,2021-09-08 00:00:00,HOT/EUR,0.008677,0.008931,0.007569,0.008614,118780662.6,999699.684572
1631145600000,2021-09-09 00:00:00,HOT/EUR,0.008712,0.009119,0.008494,0.008693,69858181.4,615103.8062394
1631232000000,2021-09-10 00:00:00,HOT/EUR,0.008761,0.00898,0.008025,0.008311,106787553.5,913487.9146172
1631318400000,2021-09-11 00:00:00,HOT/EUR,0.008319,0.008611,0.008182,0.00835,76273548.7,639923.5509568
1631404800000,2021-09-12 00:00:00,HOT/EUR,0.008364,0.008946,0.008158,0.008526,54700163.2,469417.0992568
1631491200000,2021-09-13 00:00:00,HOT/EUR,0.008525,0.008605,0.007965,0.008187,171359890.3,1397565.0611074
1631577600000,2021-09-14 00:00:00,HOT/EUR,0.008199,0.008448,0.008084,0.008413,143294295.7,1187013.995195
1631664000000,2021-09-15 00:00:00,HOT/EUR,0.008406,0.008745,0.008331,0.008589,67304679.7,574532.2818486
1631750400000,2021-09-16 00:00:00,HOT/EUR,0.008588,0.008654,0.008127,0.008297,46473963.8,390573.381441
1631836800000,2021-09-17 00:00:00,HOT/EUR,0.008297,0.008486,0.007965,0.008118,94321648.6,774816.7622978
1631923200000,2021-09-18 00:00:00,HOT/EUR,0.008121,0.008865,0.007994,0.008316,200918475.1,1667023.1828703
1632009600000,2021-09-19 00:00:00,HOT/EUR,0.008309,0.008444,0.00796,0.008105,159895376.7,1318052.7865248
1632096000000,2021-09-20 00:00:00,HOT/EUR,0.008105,0.008105,0.00668,0.006956,158894204.3,1171491.1527107
1632182400000,2021-09-21 00:00:00,HOT/EUR,0.0069,0.007453,0.006375,0.006534,111311645.3,765250.2825653
1632268800000,2021-09-22 00:00:00,HOT/EUR,0.006541,0.0077,0.006454,0.007604,62794135.5,452581.0180739
1632355200000,2021-09-23 00:00:00,HOT/EUR,0.007555,0.007768,0.007344,0.007529,90576078.4,682751.6017341
1632441600000,2021-09-24 00:00:00,HOT/EUR,0.007567,0.007568,0.006541,0.007015,93719081.1,650550.9860983
1632528000000,2021-09-25 00:00:00,HOT/EUR,0.007045,0.007152,0.00675,0.006847,91785448.7,637344.3066505
1632614400000,2021-09-26 00:00:00,HOT/EUR,0.006839,0.006957,0.006368,0.006775,57297139.3,384870.9520553
1632700800000,2021-09-27 00:00:00,HOT/EUR,0.006773,0.007066,0.006624,0.006624,26281091.6,180311.3903302
1632787200000,2021-09-28 00:00:00,HOT/EUR,0.006629,0.00678,0.006425,0.006446,30893511.3,204060.0576525
1632873600000,2021-09-29 00:00:00,HOT/EUR,0.006471,0.00685,0.006447,0.00657,75810565.4,500738.6587679
1632960000000,2021-09-30 00:00:00,HOT/EUR,0.0066,0.006865,0.0066,0.006837,269930122.0,1818626.3353611
1633046400000,2021-10-01 00:00:00,HOT/EUR,0.00684,0.007539,0.006778,0.007441,154108190.8,1111565.2419189
1633132800000,2021-10-02 00:00:00,HOT/EUR,0.007432,0.007664,0.007241,0.00741,65039963.2,483512.0784028
1633219200000,2021-10-03 00:00:00,HOT/EUR,0.007417,0.008462,0.007259,0.008098,137882329.8,1099309.9593498
1633305600000,2021-10-04 00:00:00,HOT/EUR,0.008077,0.008214,0.007477,0.007811,186805341.6,1476397.7634414
1633392000000,2021-10-05 00:00:00,HOT/EUR,0.007794,0.009085,0.007794,0.008443,164196105.0,1368851.8188341
1633478400000,2021-10-06 00:00:00,HOT/EUR,0.008499,0.008752,0.007901,0.008306,185071362.2,1539112.0769082
1633564800000,2021-10-07 00:00:00,HOT/EUR,0.008295,0.008452,0.007988,0.008075,183497572.6,1499119.9844633
1633651200000,2021-10-08 00:00:00,HOT/EUR,0.008083,0.008412,0.008,0.008099,134392818.3,1105381.7374345
1633737600000,2021-10-09 00:00:00,HOT/EUR,0.008094,0.008779,0.008023,0.008329,197120424.3,1646250.9779237
1633824000000,2021-10-10 00:00:00,HOT/EUR,0.008327,0.008498,0.007907,0.007945,121126300.4,1001674.1335765
1633910400000,2021-10-11 00:00:00,HOT/EUR,0.007928,0.008338,0.007758,0.007991,126537619.3,1026336.0758585
1633996800000,2021-10-12 00:00:00,HOT/EUR,0.007983,0.008131,0.007432,0.007877,116998150.4,903614.8162747
1634083200000,2021-10-13 00:00:00,HOT/EUR,0.007912,0.008101,0.007691,0.007952,96850186.6,765801.2742461
1634169600000,2021-10-14 00:00:00,HOT/EUR,0.007958,0.008324,0.007872,0.007924,166611807.2,1341635.6560063
1634256000000,2021-10-15 00:00:00,HOT/EUR,0.007923,0.00809,0.007658,0.007878,275803989.2,2170215.8058195
1634342400000,2021-10-16 00:00:00,HOT/EUR,0.007886,0.008283,0.00782,0.007979,169906644.7,1353838.4376613
1634428800000,2021-10-17 00:00:00,HOT/EUR,0.007958,0.008534,0.0078,0.008014,146940459.2,1201168.3157332
1634515200000,2021-10-18 00:00:00,HOT/EUR,0.008028,0.008254,0.00782,0.007949,241971990.4,1924359.5141807
1634601600000,2021-10-19 00:00:00,HOT/EUR,0.007953,0.008028,0.007807,0.007876,91857693.8,727134.8708648
1634688000000,2021-10-20 00:00:00,HOT/EUR,0.007876,0.008471,0.007816,0.008307,138045733.0,1111092.6053398
1634774400000,2021-10-21 00:00:00,HOT/EUR,0.008313,0.00881,0.008033,0.008208,301005289.7,2512801.9559691
1634860800000,2021-10-22 00:00:00,HOT/EUR,0.00822,0.008668,0.008099,0.008284,137015418.3,1151756.9630514
1634947200000,2021-10-23 00:00:00,HOT/EUR,0.008295,0.008386,0.008159,0.008253,81031077.4,671964.1994374
1635033600000,2021-10-24 00:00:00,HOT/EUR,0.00827,0.008272,0.007831,0.00799,215100549.4,1733254.2238304
1635120000000,2021-10-25 00:00:00,HOT/EUR,0.008012,0.008401,0.00797,0.00829,369097604.6,3030348.2520981
1635206400000,2021-10-26 00:00:00,HOT/EUR,0.00829,0.010202,0.008279,0.009916,435434641.4,4080461.3882901
1635292800000,2021-10-27 00:00:00,HOT/EUR,0.009934,0.010476,0.008004,0.008891,402356114.1,3715827.9765168
1635379200000,2021-10-28 00:00:00,HOT/EUR,0.008924,0.009579,0.008567,0.008795,338138316.7,3061309.3253728
1635465600000,2021-10-29 00:00:00,HOT/EUR,0.008795,0.009465,0.008747,0.009332,222874912.0,2007849.2118226
1635552000000,2021-10-30 00:00:00,HOT/EUR,0.009307,0.009907,0.008888,0.00919,298724652.2,2845616.5190381
1635638400000,2021-10-31 00:00:00,HOT/EUR,0.009089,0.0136,0.008942,0.012132,1323394804.6,15403861.3148389
1635724800000,2021-11-01 00:00:00,HOT/EUR,0.012172,0.012768,0.010761,0.011328,327425091.7,3784591.261965
1635811200000,2021-11-02 00:00:00,HOT/EUR,0.011326,0.012819,0.011186,0.011996,157302353.4,1901646.4865427
1635897600000,2021-11-03 00:00:00,HOT/EUR,0.011997,0.014349,0.011032,0.013599,264979552.8,3450802.5104783
1635984000000,2021-11-04 00:00:00,HOT/EUR,0.01359,0.0146,0.012333,0.012877,260973614.2,3491797.4002711
1636070400000,2021-11-05 00:00:00,HOT/EUR,0.012877,0.013616,0.01204,0.012323,168340166.9,2137790.4473369
1636156800000,2021-11-06 00:00:00,HOT/EUR,0.012322,0.01325,0.011797,0.012806,181599375.4,2271943.1157323
1636243200000,2021-11-07 00:00:00,HOT/EUR,0.012806,0.013361,0.012571,0.01291,63995057.2,820823.0616413
1636329600000,2021-11-08 00:00:00,HOT/EUR,0.012899,0.013269,0.012276,0.012777,146272397.3,1865360.6598666
1636416000000,2021-11-09 00:00:00,HOT/EUR,0.01275,0.013199,0.012447,0.012857,199363355.7,2551171.7858746
1636502400000,2021-11-10 00:00:00,HOT/EUR,0.012893,0.01355,0.0106,0.012,187318016.8,2303492.4885198
1636588800000,2021-11-11 00:00:00,HOT/EUR,0.011964,0.012672,0.011709,0.012238,66262652.6,812975.2417503
1636675200000,2021-11-12 00:00:00,HOT/EUR,0.0122,0.012337,0.011248,0.011814,97641207.0,1162431.867182
1636761600000,2021-11-13 00:00:00,HOT/EUR,0.011827,0.012168,0.011654,0.011832,47760179.2,566523.5302033
1636848000000,2021-11-14 00:00:00,HOT/EUR,0.011839,0.012137,0.011495,0.011749,99160125.2,1174072.5276277
1636934400000,2021-11-15 00:00:00,HOT/EUR,0.011773,0.012543,0.011743,0.012008,76199162.3,923536.2349626
1637020800000,2021-11-16 00:00:00,HOT/EUR,0.011954,0.011967,0.010219,0.011161,75471839.0,844073.0777508
1637107200000,2021-11-17 00:00:00,HOT/EUR,0.011149,0.011366,0.010743,0.011102,77262939.5,860687.8470801
1637193600000,2021-11-18 00:00:00,HOT/EUR,0.011091,0.011229,0.009407,0.010271,150150998.9,1590164.5358982
1637280000000,2021-11-19 00:00:00,HOT/EUR,0.01032,0.011571,0.010043,0.011247,63065192.0,697725.0172302
1637366400000,2021-11-20 00:00:00,HOT/EUR,0.0113,0.012543,0.01105,0.012072,73157974.6,862611.9959525
1637452800000,2021-11-21 00:00:00,HOT/EUR,0.012052,0.013032,0.011869,0.012344,100402983.4,1253208.7316429
1637539200000,2021-11-22 00:00:00,HOT/EUR,0.012344,0.012349,0.011382,0.011596,62044011.3,736600.5388452
1637625600000,2021-11-23 00:00:00,HOT/EUR,0.011586,0.012853,0.011084,0.012459,70825092.4,833555.6920051
1637712000000,2021-11-24 00:00:00,HOT/EUR,0.012446,0.012752,0.011628,0.011923,76959298.3,935084.1701762
1637798400000,2021-11-25 00:00:00,HOT/EUR,0.011938,0.012486,0.011758,0.01236,52845091.7,640355.136413
1637884800000,2021-11-26 00:00:00,HOT/EUR,0.01241,0.012486,0.01041,0.010565,91043927.2,1002384.3220532
1637971200000,2021-11-27 00:00:00,HOT/EUR,0.010597,0.011278,0.010539,0.010801,44443158.0,487587.6243336
1638057600000,2021-11-28 00:00:00,HOT/EUR,0.010766,0.011015,0.009757,0.011015,48929874.2,507475.4944713
1638144000000,2021-11-29 00:00:00,HOT/EUR,0.010951,0.011131,0.010627,0.010916,45395006.4,494903.406662
1638230400000,2021-11-30 00:00:00,HOT/EUR,0.010925,0.011152,0.010401,0.010577,104764613.2,1131766.9515352
1638316800000,2021-12-01 00:00:00,HOT/EUR,0.01059,0.010855,0.01031,0.010415,36691314.3,390807.2664676
1638403200000,2021-12-02 00:00:00,HOT/EUR,0.010405,0.010436,0.010058,0.010194,33141854.2,338420.4900779
1638489600000,2021-12-03 00:00:00,HOT/EUR,0.010214,0.01058,0.009213,0.009764,51200471.3,509418.3509271
1638576000000,2021-12-04 00:00:00,HOT/EUR,0.009765,0.009765,0.005465,0.00905,188374261.8,1479903.5989245
1638662400000,2021-12-05 00:00:00,HOT/EUR,0.009074,0.009386,0.007752,0.008221,77788107.0,653921.3410713
1638748800000,2021-12-06 00:00:00,HOT/EUR,0.008236,0.008612,0.007382,0.008572,75837013.2,606898.5687075
1638835200000,2021-12-07 00:00:00,HOT/EUR,0.008569,0.009414,0.008397,0.008572,54075819.1,478430.1778238
1638921600000,2021-12-08 00:00:00,HOT/EUR,0.008552,0.009122,0.008236,0.008728,61350768.3,532362.9288618
1639008000000,2021-12-09 00:00:00,HOT/EUR,0.008723,0.008807,0.007892,0.007899,52614416.7,434569.4701876
1639094400000,2021-12-10 00:00:00,HOT/EUR,0.00793,0.008278,0.00742,0.007452,54802524.9,431848.8686784
1639180800000,2021-12-11 00:00:00,HOT/EUR,0.007462,0.007812,0.007281,0.007724,55168735.3,418395.0450051
1639267200000,2021-12-12 00:00:00,HOT/EUR,0.007723,0.007915,0.007488,0.007742,83552769.0,643161.0163635
1639353600000,2021-12-13 00:00:00,HOT/EUR,0.007753,0.007753,0.00669,0.006883,104194709.9,751326.3949631
1639440000000,2021-12-14 00:00:00,HOT/EUR,0.006887,0.007234,0.00674,0.007108,70175508.4,488550.2959357
1639526400000,2021-12-15 00:00:00,HOT/EUR,0.007094,0.007644,0.0066,0.00725,135546832.4,971488.7244595
1639612800000,2021-12-16 00:00:00,HOT/EUR,0.007274,0.007347,0.006874,0.006908,45117407.2,322099.3438364
1639699200000,2021-12-17 00:00:00,HOT/EUR,0.006912,0.007028,0.006325,0.006562,81155111.1,538817.528588
1639785600000,2021-12-18 00:00:00,HOT/EUR,0.006574,0.006781,0.006449,0.006639,38302962.3,253462.8105069
1639872000000,2021-12-19 00:00:00,HOT/EUR,0.00664,0.006969,0.006412,0.006561,55244921.1,371508.6499919
1639958400000,2021-12-20 00:00:00,HOT/EUR,0.006536,0.006933,0.005987,0.006757,105920238.9,675178.7208064
1640044800000,2021-12-21 00:00:00,HOT/EUR,0.006815,0.0073,0.006688,0.007172,71868361.6,507527.955011
1640131200000,2021-12-22 00:00:00,HOT/EUR,0.007172,0.007594,0.007114,0.007211,44741189.4,328488.4877435
1640217600000,2021-12-23 00:00:00,HOT/EUR,0.007231,0.007782,0.007043,0.00764,39648491.4,293283.9360182
1640304000000,2021-12-24 00:00:00,HOT/EUR,0.007645,0.008163,0.007477,0.007608,43349719.3,336729.5919712
1640390400000,2021-12-25 00:00:00,HOT/EUR,0.007613,0.007738,0.00753,0.007655,18798987.0,143793.2783356
1640476800000,2021-12-26 00:00:00,HOT/EUR,0.007637,0.007803,0.0074,0.007681,23214865.5,176125.0765592
1640563200000,2021-12-27 00:00:00,HOT/EUR,0.007686,0.007846,0.007499,0.007553,39149756.9,300537.9845914
1640649600000,2021-12-28 00:00:00,HOT/EUR,0.00755,0.00755,0.006705,0.006825,65195201.6,461019.1289347
1640736000000,2021-12-29 00:00:00,HOT/EUR,0.006793,0.007042,0.006448,0.006519,57477262.4,389191.4758151
1640822400000,2021-12-30 00:00:00,HOT/EUR,0.006534,0.006676,0.006388,0.006514,42917376.0,281034.3543969
1640908800000,2021-12-31 00:00:00,HOT/EUR,0.006523,0.006681,0.00627,0.006429,41862264.0,272820.4833829
1640995200000,2022-01-01 00:00:00,HOT/EUR,0.006432,0.006566,0.006427,0.006562,27603548.4,179649.1260239
1641081600000,2022-01-02 00:00:00,HOT/EUR,0.006532,0.006707,0.006495,0.006584,29027914.0,190489.6783975
1641168000000,2022-01-03 00:00:00,HOT/EUR,0.006576,0.006586,0.006373,0.006458,44576083.9,289765.737417
1641254400000,2022-01-04 00:00:00,HOT/EUR,0.00646,0.00664,0.006289,0.006408,55553556.1,358935.7560216
1641340800000,2022-01-05 00:00:00,HOT/EUR,0.006387,0.006618,0.005568,0.005964,88764617.3,552240.0570899
1641427200000,2022-01-06 00:00:00,HOT/EUR,0.005972,0.005986,0.005692,0.005889,68202142.1,400400.3774701
1641513600000,2022-01-07 00:00:00,HOT/EUR,0.005905,0.005905,0.005405,0.00552,75622854.9,422837.8149768
1641600000000,2022-01-08 00:00:00,HOT/EUR,0.00552,0.005628,0.00505,0.00524,57599469.9,305304.9707364
1641686400000,2022-01-09 00:00:00,HOT/EUR,0.005199,0.005509,0.005153,0.005369,31046965.2,165523.3783075
1641772800000,2022-01-10 00:00:00,HOT/EUR,0.005343,0.005437,0.004894,0.005117,54464911.3,279140.6414789
1641859200000,2022-01-11 00:00:00,HOT/EUR,0.005088,0.005371,0.005078,0.005361,26477015.5,138743.3163603
1641945600000,2022-01-12 00:00:00,HOT/EUR,0.005383,0.005784,0.005341,0.005733,37730997.0,211295.6311497
1642032000000,2022-01-13 00:00:00,HOT/EUR,0.005737,0.005752,0.005316,0.005326,47698676.3,262947.214107
1642118400000,2022-01-14 00:00:00,HOT/EUR,0.005323,0.005603,0.00523,0.005553,32213451.4,175039.5457964
1642204800000,2022-01-15 00:00:00,HOT/EUR,0.005553,0.005642,0.005431,0.005518,21037594.3,116375.9259978
1642291200000,2022-01-16 00:00:00,HOT/EUR,0.005519,0.005657,0.005467,0.005594,21713005.1,120970.1577231
1642377600000,2022-01-17 00:00:00,HOT/EUR,0.005611,0.005613,0.005179,0.005253,38524456.4,205926.3875015
1642464000000,2022-01-18 00:00:00,HOT/EUR,0.005253,0.005286,0.005051,0.005259,25741255.5,131943.2931741
1642550400000,2022-01-19 00:00:00,HOT/EUR,0.005236,0.00528,0.004988,0.00505,18865109.7,96133.573128
1642636800000,2022-01-20 00:00:00,HOT/EUR,0.005041,0.005226,0.004799,0.004799,17449781.1,88043.7831037
1642723200000,2022-01-21 00:00:00,HOT/EUR,0.004795,0.004865,0.003976,0.004074,58777823.0,257635.9952893
1642809600000,2022-01-22 00:00:00,HOT/EUR,0.004076,0.004161,0.003396,0.003833,122417051.5,465157.4142455
1642896000000,2022-01-23 00:00:00,HOT/EUR,0.003838,0.004169,0.003787,0.003997,28361429.9,113465.5901205
1642982400000,2022-01-24 00:00:00,HOT/EUR,0.00398,0.004121,0.003561,0.004009,40816910.4,154790.648552
1643068800000,2022-01-25 00:00:00,HOT/EUR,0.003999,0.004071,0.00379,0.003853,24327674.6,96210.210348
1643155200000,2022-01-26 00:00:00,HOT/EUR,0.003842,0.004387,0.003793,0.003988,32427896.4,133474.1431008
1643241600000,2022-01-27 00:00:00,HOT/EUR,0.003984,0.004042,0.003796,0.003937,15977478.0,62774.2633726
1643328000000,2022-01-28 00:00:00,HOT/EUR,0.003922,0.004057,0.003826,0.004018,8356932.3,32855.8893772
1643414400000,2022-01-29 00:00:00,HOT/EUR,0.004016,0.0042,0.004016,0.00414,15221085.9,62521.8534977
1643500800000,2022-01-30 00:00:00,HOT/EUR,0.00414,0.004186,0.003959,0.004005,11394972.9,46159.145528
1643587200000,2022-01-31 00:00:00,HOT/EUR,0.003952,0.004075,0.003842,0.00404,7859383.2,31069.5005205
1643673600000,2022-02-01 00:00:00,HOT/EUR,0.00403,0.004131,0.00403,0.004041,17466656.3,71225.5227342
1643760000000,2022-02-02 00:00:00,HOT/EUR,0.004054,0.004073,0.00377,0.003801,13057232.0,50975.6269229
1643846400000,2022-02-03 00:00:00,HOT/EUR,0.003821,0.003841,0.0037,0.003841,16361599.1,61815.1430293
1643932800000,2022-02-04 00:00:00,HOT/EUR,0.003829,0.004218,0.003813,0.0042,15560569.2,61926.2823439
1644019200000,2022-02-05 00:00:00,HOT/EUR,0.004186,0.004549,0.004174,0.00433,18108033.1,79110.5029875
1644105600000,2022-02-06 00:00:00,HOT/EUR,0.004288,0.004532,0.004178,0.004476,18363211.7,79354.2526991
1644192000000,2022-02-07 00:00:00,HOT/EUR,0.004508,0.005232,0.004413,0.004946,49658751.7,240942.2221148
1644278400000,2022-02-08 00:00:00,HOT/EUR,0.004996,0.005425,0.00475,0.004935,62287166.8,317542.349147
1644364800000,2022-02-09 00:00:00,HOT/EUR,0.004966,0.005132,0.004863,0.005011,17656024.4,88713.2792619
1644451200000,2022-02-10 00:00:00,HOT/EUR,0.004996,0.005123,0.004671,0.004815,20467801.1,100734.1988108
1644537600000,2022-02-11 00:00:00,HOT/EUR,0.004788,0.004914,0.004283,0.004371,17971967.8,83700.4013987
1644624000000,2022-02-12 00:00:00,HOT/EUR,0.004365,0.004465,0.004211,0.004301,13858161.0,59965.4126635
1644710400000,2022-02-13 00:00:00,HOT/EUR,0.004292,0.004459,0.004171,0.004225,17042605.6,73431.4966421
1644796800000,2022-02-14 00:00:00,HOT/EUR,0.004208,0.004288,0.004089,0.004252,15533745.5,65041.2973488
1644883200000,2022-02-15 00:00:00,HOT/EUR,0.004288,0.004576,0.004264,0.004536,21027331.4,94032.4464215
1644969600000,2022-02-16 00:00:00,HOT/EUR,0.004544,0.004736,0.004394,0.004573,10395224.8,47401.3054593
1645056000000,2022-02-17 00:00:00,HOT/EUR,0.004601,0.004601,0.004171,0.004236,10090946.6,44114.0216257
1645142400000,2022-02-18 00:00:00,HOT/EUR,0.004261,0.004723,0.004224,0.004362,29439613.6,130812.5048782
1645228800000,2022-02-19 00:00:00,HOT/EUR,0.004359,0.004433,0.004193,0.004288,7162523.0,30837.4131755
1645315200000,2022-02-20 00:00:00,HOT/EUR,0.004271,0.004271,0.003951,0.004054,27137616.7,110309.6068183
1645401600000,2022-02-21 00:00:00,HOT/EUR,0.004054,0.00425,0.003691,0.003691,21512377.3,86096.8860385
1645488000000,2022-02-22 00:00:00,HOT/EUR,0.003696,0.003837,0.00356,0.003837,31640085.7,116884.4779879
1645574400000,2022-02-23 00:00:00,HOT/EUR,0.003818,0.004009,0.003691,0.003691,13610798.5,52399.7422435
1645660800000,2022-02-24 00:00:00,HOT/EUR,0.00371,0.00382,0.00318,0.003644,45934728.9,155598.6051157
1645747200000,2022-02-25 00:00:00,HOT/EUR,0.00367,0.0039,0.003606,0.003846,17207717.2,64716.8780307
1645833600000,2022-02-26 00:00:00,HOT/EUR,0.003852,0.003984,0.003755,0.00378,10366923.3,40061.1900941
1645920000000,2022-02-27 00:00:00,HOT/EUR,0.00378,0.003892,0.00357,0.003636,12302561.7,45331.5786992
1646006400000,2022-02-28 00:00:00,HOT/EUR,0.003646,0.004127,0.003644,0.004127,37671399.7,148014.5524993
1646092800000,2022-03-01 00:00:00,HOT/EUR,0.004141,0.004314,0.00406,0.004193,32150973.6,134747.7275693
1646179200000,2022-03-02 00:00:00,HOT/EUR,0.004199,0.00425,0.003982,0.004032,31452058.5,129019.4024807
1646265600000,2022-03-03 00:00:00,HOT/EUR,0.004026,0.004065,0.003862,0.003947,17833704.2,70829.5273415
1646352000000,2022-03-04 00:00:00,HOT/EUR,0.003903,0.003976,0.003696,0.003765,39404294.1,150291.1541932
1646438400000,2022-03-05 00:00:00,HOT/EUR,0.003764,0.003903,0.003674,0.003858,19688781.5,75001.316832
1646524800000,2022-03-06 00:00:00,HOT/EUR,0.003859,0.003996,0.003724,0.003775,59514527.0,230055.2446565
1646611200000,2022-03-07 00:00:00,HOT/EUR,0.003736,0.003881,0.00363,0.003686,56648858.2,212311.9001523
1646697600000,2022-03-08 00:00:00,HOT/EUR,0.003668,0.003785,0.003653,0.00371,29442417.5,109150.1534617
1646784000000,2022-03-09 00:00:00,HOT/EUR,0.003733,0.003881,0.00372,0.003794,35875455.8,136585.8586234
1646870400000,2022-03-10 00:00:00,HOT/EUR,0.003799,0.00381,0.003543,0.003653,36917539.5,134041.2352953
1646956800000,2022-03-11 00:00:00,HOT/EUR,0.00361,0.003689,0.003558,0.003609,37717299.4,136583.3700125
1647043200000,2022-03-12 00:00:00,HOT/EUR,0.003599,0.003674,0.003598,0.003598,30174005.4,109851.7043935
1647129600000,2022-03-13 00:00:00,HOT/EUR,0.003586,0.003662,0.003443,0.003478,42508232.7,150677.1609433
1647216000000,2022-03-14 00:00:00,HOT/EUR,0.003459,0.003606,0.003431,0.003586,29900800.6,105660.7506194
1647302400000,2022-03-15 00:00:00,HOT/EUR,0.00359,0.003801,0.003426,0.003621,49598557.4,177541.8863228
1647388800000,2022-03-16 00:00:00,HOT/EUR,0.003654,0.003778,0.00358,0.00376,22671605.8,82974.3727398
1647475200000,2022-03-17 00:00:00,HOT/EUR,0.003754,0.003793,0.003647,0.003647,45380518.9,168753.3855538
1647561600000,2022-03-18 00:00:00,HOT/EUR,0.003644,0.003772,0.003584,0.003744,36004629.7,132328.625047
1647648000000,2022-03-19 00:00:00,HOT/EUR,0.003732,0.004369,0.003719,0.004266,117482777.1,485804.7192939
1647734400000,2022-03-20 00:00:00,HOT/EUR,0.00429,0.004295,0.00382,0.003931,76442412.3,309776.700473
1647820800000,2022-03-21 00:00:00,HOT/EUR,0.003932,0.004074,0.003868,0.003984,26922161.7,106987.0972865
1647907200000,2022-03-22 00:00:00,HOT/EUR,0.003989,0.004224,0.003923,0.004079,41340054.2,170240.3656005
1647993600000,2022-03-23 00:00:00,HOT/EUR,0.004082,0.004256,0.004,0.004241,9308255.2,38397.791297
1648080000000,2022-03-24 00:00:00,HOT/EUR,0.004239,0.004965,0.00422,0.004845,88779579.4,412779.696341
1648166400000,2022-03-25 00:00:00,HOT/EUR,0.004838,0.004933,0.00447,0.004602,60280188.7,281659.8142396
1648252800000,2022-03-26 00:00:00,HOT/EUR,0.004629,0.004761,0.004567,0.004706,13402996.5,62749.8524917
1648339200000,2022-03-27 00:00:00,HOT/EUR,0.004702,0.00668,0.004695,0.006417,331155937.5,1916299.2655147
1648425600000,2022-03-28 00:00:00,HOT/EUR,0.006409,0.006673,0.005621,0.005698,156114495.2,962395.9185669
1648512000000,2022-03-29 00:00:00,HOT/EUR,0.005752,0.006087,0.005472,0.005645,66233236.0,381412.6995249
1648598400000,2022-03-30 00:00:00,HOT/EUR,0.005626,0.006252,0.005403,0.00583,140322547.6,828286.0413361
1648684800000,2022-03-31 00:00:00,HOT/EUR,0.00582,0.006455,0.005646,0.005868,184291948.6,1103506.0857418
1648771200000,2022-04-01 00:00:00,HOT/EUR,0.005872,0.006235,0.005613,0.00596,117497465.8,693707.4352013
1648857600000,2022-04-02 00:00:00,HOT/EUR,0.005951,0.006219,0.005824,0.005825,61745256.2,371509.3579243
1648944000000,2022-04-03 00:00:00,HOT/EUR,0.005864,0.006573,0.005689,0.006248,80017380.4,493222.7086129
1649030400000,2022-04-04 00:00:00,HOT/EUR,0.006238,0.006403,0.0058,0.006063,99994334.9,611984.1194143
1649116800000,2022-04-05 00:00:00,HOT/EUR,0.006048,0.0062,0.005755,0.005801,57176449.5,344714.3019812
1649203200000,2022-04-06 00:00:00,HOT/EUR,0.005795,0.005825,0.0051,0.005152,142446200.6,777591.7732403
1649289600000,2022-04-07 00:00:00,HOT/EUR,0.005158,0.005451,0.005073,0.005393,47631157.2,252778.4281094
1649376000000,2022-04-08 00:00:00,HOT/EUR,0.005365,0.005449,0.004845,0.00491,43252963.1,221419.2020476
1649462400000,2022-04-09 00:00:00,HOT/EUR,0.004888,0.004997,0.004813,0.004984,35208340.4,173209.36691
1649548800000,2022-04-10 00:00:00,HOT/EUR,0.004983,0.00504,0.004778,0.004788,30077774.5,147379.8306821
1649635200000,2022-04-11 00:00:00,HOT/EUR,0.004808,0.004815,0.004183,0.004307,55944763.6,250461.4735869
1649721600000,2022-04-12 00:00:00,HOT/EUR,0.004317,0.004734,0.004288,0.004612,61142377.5,278138.9626412
1649808000000,2022-04-13 00:00:00,HOT/EUR,0.004595,0.004788,0.004495,0.004749,24722143.8,115370.0560351
1649894400000,2022-04-14 00:00:00,HOT/EUR,0.004721,0.004821,0.004536,0.004602,33138475.8,155729.6051532
1649980800000,2022-04-15 00:00:00,HOT/EUR,0.004605,0.004755,0.004556,0.004658,8951073.6,41571.1558121
1650067200000,2022-04-16 00:00:00,HOT/EUR,0.004654,0.004698,0.004563,0.004629,4342155.5,20110.1384705
1650153600000,2022-04-17 00:00:00,HOT/EUR,0.00463,0.004679,0.004415,0.004439,9952178.4,45659.3792055
1650240000000,2022-04-18 00:00:00,HOT/EUR,0.004431,0.004657,0.00423,0.004657,23508001.7,103031.7691003
1650326400000,2022-04-19 00:00:00,HOT/EUR,0.004655,0.0048,0.004586,0.004746,14205355.0,66556.2360912
1650412800000,2022-04-20 00:00:00,HOT/EUR,0.004731,0.00484,0.004573,0.004651,25265080.7,118112.7136607
1650499200000,2022-04-21 00:00:00,HOT/EUR,0.004658,0.004797,0.0044,0.004469,14471984.2,67353.191111
1650585600000,2022-04-22 00:00:00,HOT/EUR,0.004474,0.004618,0.004421,0.004453,10644940.8,47744.0785195
1650672000000,2022-04-23 00:00:00,HOT/EUR,0.004454,0.004495,0.004344,0.00437,16877803.1,74754.0782017
1650758400000,2022-04-24 00:00:00,HOT/EUR,0.004366,0.004428,0.004273,0.004315,15612620.5,68119.8942761
1650844800000,2022-04-25 00:00:00,HOT/EUR,0.004289,0.004359,0.004002,0.004357,38704694.1,160527.7926074
1650931200000,2022-04-26 00:00:00,HOT/EUR,0.004393,0.004515,0.003979,0.004057,44293793.4,186589.2679495
1651017600000,2022-04-27 00:00:00,HOT/EUR,0.004058,0.004248,0.003989,0.004205,25222045.7,104423.5543107
1651104000000,2022-04-28 00:00:00,HOT/EUR,0.004193,0.004277,0.004109,0.004141,14146677.1,59266.0681543
1651190400000,2022-04-29 00:00:00,HOT/EUR,0.004157,0.004171,0.003845,0.00393,23326890.1,92754.279216
1651276800000,2022-04-30 00:00:00,HOT/EUR,0.003937,0.004113,0.003538,0.003694,26732934.5,102760.6617355
1651363200000,2022-05-01 00:00:00,HOT/EUR,0.003654,0.003958,0.003586,0.003923,26520793.0,99672.9570571
1651449600000,2022-05-02 00:00:00,HOT/EUR,0.003898,0.00394,0.003696,0.003839,18274515.3,69749.4976432
1651536000000,2022-05-03 00:00:00,HOT/EUR,0.003804,0.004097,0.003753,0.003823,5831421.5,22824.5441804
1651622400000,2022-05-04 00:00:00,HOT/EUR,0.003846,0.004252,0.003846,0.004184,9050024.3,36522.2597087
1651708800000,2022-05-05 00:00:00,HOT/EUR,0.004186,0.004211,0.003682,0.00381,10626631.9,41542.7371269
1651795200000,2022-05-06 00:00:00,HOT/EUR,0.00381,0.003878,0.003651,0.003823,16526387.0,62191.9656905
1651881600000,2022-05-07 00:00:00,HOT/EUR,0.003777,0.003831,0.00357,0.00369,17501476.5,64742.4292405
1651968000000,2022-05-08 00:00:00,HOT/EUR,0.003645,0.003703,0.003563,0.003566,28743271.0,104308.0671449
1652054400000,2022-05-09 00:00:00,HOT/EUR,0.00363,0.003649,0.003085,0.003103,69355807.1,237569.1155192
1652140800000,2022-05-10 00:00:00,HOT/EUR,0.003133,0.003616,0.003029,0.003417,34462064.9,115080.092589
1652227200000,2022-05-11 00:00:00,HOT/EUR,0.003417,0.003435,0.002386,0.002504,125419616.2,370839.1341057
1652313600000,2022-05-12 00:00:00,HOT/EUR,0.002516,0.002676,0.001741,0.00224,282096029.4,637304.0788202
1652400000000,2022-05-13 00:00:00,HOT/EUR,0.002255,0.002929,0.002225,0.002608,244436669.5,633902.0173343
1652486400000,2022-05-14 00:00:00,HOT/EUR,0.00266,0.002717,0.002377,0.002637,196900410.3,496014.378307
1652572800000,2022-05-15 00:00:00,HOT/EUR,0.002634,0.00268,0.002464,0.002656,114028824.8,294638.5863305
1652659200000,2022-05-16 00:00:00,HOT/EUR,0.002663,0.002663,0.002427,0.002483,67343773.4,169547.6084618
1652745600000,2022-05-17 00:00:00,HOT/EUR,0.002543,0.002618,0.00243,0.002566,115303104.2,291055.6465755
1652832000000,2022-05-18 00:00:00,HOT/EUR,0.002562,0.002581,0.002355,0.002382,68033246.9,169100.6648293
1652918400000,2022-05-19 00:00:00,HOT/EUR,0.002392,0.002523,0.00234,0.002456,93921013.6,227463.444483
1653004800000,2022-05-20 00:00:00,HOT/EUR,0.00245,0.002482,0.002296,0.002352,76683069.8,182775.2769609
1653091200000,2022-05-21 00:00:00,HOT/EUR,0.002347,0.002466,0.002317,0.002408,37612936.3,90429.2626033
1653177600000,2022-05-22 00:00:00,HOT/EUR,0.002409,0.002499,0.002367,0.002496,33676365.0,82460.104691
1653264000000,2022-05-23 00:00:00,HOT/EUR,0.0025,0.002581,0.002347,0.002347,16407068.6,40660.0095472
1653350400000,2022-05-24 00:00:00,HOT/EUR,0.002387,0.002464,0.002252,0.002429,24003486.9,57147.9354471
1653436800000,2022-05-25 00:00:00,HOT/EUR,0.002424,0.00247,0.002342,0.002347,18508263.5,43857.9134094
1653523200000,2022-05-26 00:00:00,HOT/EUR,0.002362,0.002394,0.002142,0.002231,22484269.7,50056.5803159
1653609600000,2022-05-27 00:00:00,HOT/EUR,0.002174,0.002243,0.002101,0.002125,4097833.3,8893.073128
1653696000000,2022-05-28 00:00:00,HOT/EUR,0.002136,0.002205,0.002113,0.002184,2067727.7,4494.8093686
1653782400000,2022-05-29 00:00:00,HOT/EUR,0.00217,0.002244,0.00216,0.00224,4254562.5,9427.8523649
1653868800000,2022-05-30 00:00:00,HOT/EUR,0.002243,0.002433,0.002238,0.002427,10110871.6,23920.5922225
1653955200000,2022-05-31 00:00:00,HOT/EUR,0.002451,0.002942,0.002379,0.002757,82178828.7,226658.6126011
1654041600000,2022-06-01 00:00:00,HOT/EUR,0.002768,0.00279,0.002286,0.002366,15132637.0,37804.5476452
1654128000000,2022-06-02 00:00:00,HOT/EUR,0.002351,0.002581,0.002347,0.002545,16391288.6,40940.0519528
1654214400000,2022-06-03 00:00:00,HOT/EUR,0.00256,0.002561,0.002345,0.002405,24561952.1,60168.0916795
1654300800000,2022-06-04 00:00:00,HOT/EUR,0.002412,0.002487,0.002371,0.002487,5954927.1,14603.2204409
1654387200000,2022-06-05 00:00:00,HOT/EUR,0.002455,0.002499,0.002395,0.002457,9473182.6,23335.3403879
1654473600000,2022-06-06 00:00:00,HOT/EUR,0.002477,0.00259,0.002434,0.002523,11021825.0,27527.1516942
1654560000000,2022-06-07 00:00:00,HOT/EUR,0.002502,0.002502,0.002347,0.002391,29408928.0,71221.4645631
1654646400000,2022-06-08 00:00:00,HOT/EUR,0.002406,0.002442,0.002326,0.002326,6683856.2,15927.7468867
1654732800000,2022-06-09 00:00:00,HOT/EUR,0.002321,0.002375,0.002295,0.002323,19118906.3,44410.9604434
1654819200000,2022-06-10 00:00:00,HOT/EUR,0.002307,0.002319,0.002183,0.002184,12579685.1,28112.6460833
1654905600000,2022-06-11 00:00:00,HOT/EUR,0.002259,0.00227,0.002034,0.002092,6805780.5,14479.6615538
1654992000000,2022-06-12 00:00:00,HOT/EUR,0.0021,0.002117,0.001931,0.001977,13469820.3,27514.5911886
1655078400000,2022-06-13 00:00:00,HOT/EUR,0.001985,0.002207,0.001786,0.001939,93967980.5,183619.2288394
1655164800000,2022-06-14 00:00:00,HOT/EUR,0.001941,0.002028,0.001846,0.001989,28674922.8,56768.9443315
1655251200000,2022-06-15 00:00:00,HOT/EUR,0.001979,0.002065,0.001783,0.002052,40166844.1,76504.971281
1655337600000,2022-06-16 00:00:00,HOT/EUR,0.002093,0.002114,0.001852,0.001878,21185966.8,41683.3564379
1655424000000,2022-06-17 00:00:00,HOT/EUR,0.00189,0.001981,0.001876,0.001954,11377866.8,22166.8649203
1655510400000,2022-06-18 00:00:00,HOT/EUR,0.001957,0.001987,0.001729,0.00184,40343372.5,74930.9729393
1655596800000,2022-06-19 00:00:00,HOT/EUR,0.001838,0.001982,0.001777,0.001941,25594252.5,47671.8433763
1655683200000,2022-06-20 00:00:00,HOT/EUR,0.001948,0.002044,0.00187,0.001991,25516132.9,50259.3983858
1655769600000,2022-06-21 00:00:00,HOT/EUR,0.001984,0.002324,0.001963,0.002155,85602911.9,188714.9690599
1655856000000,2022-06-22 00:00:00,HOT/EUR,0.002127,0.002142,0.00198,0.002011,41977352.6,87104.5683448
1655942400000,2022-06-23 00:00:00,HOT/EUR,0.001974,0.002172,0.00197,0.002155,7197131.3,15093.4309922
1656028800000,2022-06-24 00:00:00,HOT/EUR,0.00216,0.00224,0.002133,0.002227,10463406.4,22642.859916
1656115200000,2022-06-25 00:00:00,HOT/EUR,0.00219,0.002288,0.002156,0.002258,5758816.8,12802.2140949
1656201600000,2022-06-26 00:00:00,HOT/EUR,0.002275,0.002353,0.002128,0.002128,22964099.6,52492.1781884
1656288000000,2022-06-27 00:00:00,HOT/EUR,0.002159,0.002231,0.002136,0.002174,4498604.8,9757.2671088
1656374400000,2022-06-28 00:00:00,HOT/EUR,0.002157,0.002228,0.002077,0.002077,20746960.9,44942.0128243
1656460800000,2022-06-29 00:00:00,HOT/EUR,0.002097,0.002124,0.002045,0.002077,10888382.1,22497.7665552
1656547200000,2022-06-30 00:00:00,HOT/EUR,0.002054,0.002063,0.0019,0.001975,7233384.5,14071.0387542
1656633600000,2022-07-01 00:00:00,HOT/EUR,0.002026,0.002066,0.001946,0.001956,15115315.4,30103.4319367
1656720000000,2022-07-02 00:00:00,HOT/EUR,0.001953,0.001988,0.001921,0.001971,3490595.0,6838.8475161
1656806400000,2022-07-03 00:00:00,HOT/EUR,0.00195,0.001995,0.001934,0.001995,11607185.0,22792.7876568
1656892800000,2022-07-04 00:00:00,HOT/EUR,0.001968,0.002084,0.001946,0.002082,10702740.6,21608.8405526
1656979200000,2022-07-05 00:00:00,HOT/EUR,0.002063,0.002082,0.001964,0.002059,9572665.3,19276.6536009
1657065600000,2022-07-06 00:00:00,HOT/EUR,0.002039,0.002081,0.002002,0.002068,10110363.4,20675.4427334
1657152000000,2022-07-07 00:00:00,HOT/EUR,0.002054,0.002154,0.002038,0.002135,14358027.2,30353.5485308
1657238400000,2022-07-08 00:00:00,HOT/EUR,0.002136,0.00218,0.002054,0.002084,4970023.8,10429.9685838
1657324800000,2022-07-09 00:00:00,HOT/EUR,0.002084,0.002146,0.002084,0.002146,1051629.0,2234.1799003
1657411200000,2022-07-10 00:00:00,HOT/EUR,0.002115,0.002115,0.002009,0.002014,4361098.2,8928.2659229
1657497600000,2022-07-11 00:00:00,HOT/EUR,0.002025,0.002025,0.001915,0.001915,2623346.0,5171.0843076
1657584000000,2022-07-12 00:00:00,HOT/EUR,0.001959,0.001959,0.00189,0.00189,7569889.6,14641.7470284
1657670400000,2022-07-13 00:00:00,HOT/EUR,0.00189,0.001961,0.001852,0.001946,4380002.5,8346.9650477
1657756800000,2022-07-14 00:00:00,HOT/EUR,0.001958,0.002035,0.001899,0.001996,6596043.4,13005.5759578
1657843200000,2022-07-15 00:00:00,HOT/EUR,0.002013,0.002032,0.001956,0.001984,2505109.7,5006.0099745
1657929600000,2022-07-16 00:00:00,HOT/EUR,0.001983,0.002043,0.001954,0.002014,13414423.9,26974.6865518
1658016000000,2022-07-17 00:00:00,HOT/EUR,0.002036,0.002129,0.002007,0.002053,14760608.1,30709.0606799
1658102400000,2022-07-18 00:00:00,HOT/EUR,0.002043,0.002174,0.002043,0.002174,17398675.6,36826.6989194
1658188800000,2022-07-19 00:00:00,HOT/EUR,0.002133,0.002347,0.002101,0.002229,31777357.8,70364.6984598
1658275200000,2022-07-20 00:00:00,HOT/EUR,0.002245,0.002324,0.002061,0.00213,26537235.4,58431.5462126
1658361600000,2022-07-21 00:00:00,HOT/EUR,0.002069,0.00213,0.002028,0.002124,12410937.7,26183.7096755
1658448000000,2022-07-22 00:00:00,HOT/EUR,0.002147,0.002211,0.002044,0.002073,10439698.7,22459.6206193
1658534400000,2022-07-23 00:00:00,HOT/EUR,0.002055,0.002108,0.002012,0.002084,3025326.7,6228.8502009
1658620800000,2022-07-24 00:00:00,HOT/EUR,0.002086,0.002108,0.002069,0.00209,2354221.7,4910.6196319
1658707200000,2022-07-25 00:00:00,HOT/EUR,0.002025,0.002038,0.001921,0.001921,14555928.5,29378.170482
1658793600000,2022-07-26 00:00:00,HOT/EUR,0.001915,0.001982,0.001879,0.001982,9509621.7,18353.2616526
1658880000000,2022-07-27 00:00:00,HOT/EUR,0.001963,0.002056,0.001945,0.002043,17068578.3,33957.799943
1658966400000,2022-07-28 00:00:00,HOT/EUR,0.002064,0.0022,0.002031,0.002151,9497490.5,19973.1541938
1659052800000,2022-07-29 00:00:00,HOT/EUR,0.002173,0.002206,0.002087,0.002149,8796596.8,18916.6442183
1659139200000,2022-07-30 00:00:00,HOT/EUR,0.002156,0.002327,0.002144,0.002167,12421706.2,27931.9139555
1659225600000,2022-07-31 00:00:00,HOT/EUR,0.002181,0.002372,0.002181,0.002196,15782710.6,36107.9193643
1659312000000,2022-08-01 00:00:00,HOT/EUR,0.002254,0.002315,0.002208,0.002294,9174371.9,20852.2750184
1659398400000,2022-08-02 00:00:00,HOT/EUR,0.002303,0.002335,0.002161,0.002238,8371070.6,18519.079766
1659484800000,2022-08-03 00:00:00,HOT/EUR,0.002237,0.002462,0.002153,0.002402,23568673.2,54540.6084313
1659571200000,2022-08-04 00:00:00,HOT/EUR,0.002404,0.0025,0.002255,0.002289,21763729.6,51116.3965938
1659657600000,2022-08-05 00:00:00,HOT/EUR,0.002314,0.002871,0.0023,0.002824,90868158.0,240024.6470088
1659744000000,2022-08-06 00:00:00,HOT/EUR,0.002806,0.002808,0.002541,0.002544,18294054.3,48422.2915128
1659830400000,2022-08-07 00:00:00,HOT/EUR,0.002564,0.002656,0.002475,0.002571,31228816.8,80241.4595608
1659916800000,2022-08-08 00:00:00,HOT/EUR,0.002615,0.002674,0.00258,0.002614,5459693.7,14362.633966
1660003200000,2022-08-09 00:00:00,HOT/EUR,0.002631,0.002655,0.002321,0.002433,15866304.0,39157.0685173
1660089600000,2022-08-10 00:00:00,HOT/EUR,0.002417,0.002553,0.002373,0.00253,7758020.4,19305.8625766
1660176000000,2022-08-11 00:00:00,HOT/EUR,0.002547,0.002577,0.002473,0.002473,3275303.1,8292.5551434
1660262400000,2022-08-12 00:00:00,HOT/EUR,0.002464,0.002548,0.002445,0.002531,3484140.8,8723.5768521
1660348800000,2022-08-13 00:00:00,HOT/EUR,0.002539,0.002581,0.00251,0.002516,5579980.4,14114.0900242
1660435200000,2022-08-14 00:00:00,HOT/EUR,0.002537,0.002632,0.002496,0.002579,12423779.8,31957.2492648
1660521600000,2022-08-15 00:00:00,HOT/EUR,0.002554,0.002855,0.002544,0.00269,40653398.6,109304.5634048
1660608000000,2022-08-16 00:00:00,HOT/EUR,0.00268,0.002747,0.002586,0.002605,9371598.4,24811.1989635
1660694400000,2022-08-17 00:00:00,HOT/EUR,0.002605,0.002675,0.002409,0.002434,8945587.1,22585.0364071
1660780800000,2022-08-18 00:00:00,HOT/EUR,0.002434,0.002506,0.00227,0.00232,7589059.0,18235.0913587
1660867200000,2022-08-19 00:00:00,HOT/EUR,0.002308,0.002313,0.002161,0.002199,17820263.8,39789.186148
1660953600000,2022-08-20 00:00:00,HOT/EUR,0.002183,0.00223,0.0021,0.002145,3501381.9,7611.8090282
1661040000000,2022-08-21 00:00:00,HOT/EUR,0.002147,0.002235,0.002136,0.002214,3839916.6,8416.2995968
1661126400000,2022-08-22 00:00:00,HOT/EUR,0.0022,0.0022,0.0021,0.002186,9468652.8,20103.8481831
1661212800000,2022-08-23 00:00:00,HOT/EUR,0.0022,0.002231,0.002147,0.002207,4215931.9,9276.1115009
1661299200000,2022-08-24 00:00:00,HOT/EUR,0.002207,0.002269,0.002201,0.002216,3313798.8,7381.3165427
1661385600000,2022-08-25 00:00:00,HOT/EUR,0.002211,0.002262,0.0022,0.002241,1909718.0,4268.5688331
1661472000000,2022-08-26 00:00:00,HOT/EUR,0.00222,0.002246,0.002054,0.002054,4945082.2,10738.3447515
1661558400000,2022-08-27 00:00:00,HOT/EUR,0.002069,0.002096,0.002035,0.00205,3661761.6,7590.1846976
1661644800000,2022-08-28 00:00:00,HOT/EUR,0.002063,0.002112,0.00201,0.00201,2867234.7,5990.563359
1661731200000,2022-08-29 00:00:00,HOT/EUR,0.002007,0.002124,0.002007,0.002124,3260243.8,6778.826609
1661817600000,2022-08-30 00:00:00,HOT/EUR,0.00213,0.002168,0.002045,0.002105,6454084.0,13783.3407512
1661904000000,2022-08-31 00:00:00,HOT/EUR,0.002132,0.002168,0.002068,0.002068,2480247.5,5278.808444
1661990400000,2022-09-01 00:00:00,HOT/EUR,0.002076,0.002111,0.002021,0.002056,16706599.5,34597.5581693
1662076800000,2022-09-02 00:00:00,HOT/EUR,0.002051,0.002178,0.002024,0.002034,7267388.0,15079.2030303
1662163200000,2022-09-03 00:00:00,HOT/EUR,0.002049,0.00215,0.002038,0.002081,45264597.8,93861.2902546
1662249600000,2022-09-04 00:00:00,HOT/EUR,0.002071,0.00237,0.002065,0.002186,44886640.0,95063.6173573
1662336000000,2022-09-05 00:00:00,HOT/EUR,0.002158,0.002178,0.002065,0.002096,27284278.1,57383.0952179
1662422400000,2022-09-06 00:00:00,HOT/EUR,0.002119,0.0023,0.001935,0.002052,44483747.5,92273.8900289
1662508800000,2022-09-07 00:00:00,HOT/EUR,0.002049,0.002101,0.001911,0.002022,32858545.0,66467.1007656
1662595200000,2022-09-08 00:00:00,HOT/EUR,0.002053,0.002129,0.001981,0.00203,68714471.1,140466.1539371
1662681600000,2022-09-09 00:00:00,HOT/EUR,0.002026,0.002261,0.002016,0.002131,77486146.6,168608.1529228
1662768000000,2022-09-10 00:00:00,HOT/EUR,0.002168,0.0024,0.002133,0.002172,89232463.6,196878.1528778
1662854400000,2022-09-11 00:00:00,HOT/EUR,0.002175,0.0024,0.0021,0.0021,34960506.4,76915.9680374
1662940800000,2022-09-12 00:00:00,HOT/EUR,0.002124,0.002341,0.00208,0.00217,68618515.6,151867.50169
1663027200000,2022-09-13 00:00:00,HOT/EUR,0.002182,0.00227,0.002072,0.002078,107838169.1,232534.4647332
1663113600000,2022-09-14 00:00:00,HOT/EUR,0.002087,0.002163,0.002015,0.002079,52216660.7,109054.9595781
1663200000000,2022-09-15 00:00:00,HOT/EUR,0.002111,0.002122,0.00202,0.002036,35618586.3,73481.3532204
1663286400000,2022-09-16 00:00:00,HOT/EUR,0.002024,0.002156,0.002012,0.002056,59469745.8,123236.3142679
1663372800000,2022-09-17 00:00:00,HOT/EUR,0.002068,0.002147,0.002068,0.002138,15816403.1,33201.6998926
1663459200000,2022-09-18 00:00:00,HOT/EUR,0.002134,0.002157,0.001956,0.001985,43163746.2,88401.6156692
1663545600000,2022-09-19 00:00:00,HOT/EUR,0.00197,0.002052,0.00194,0.002031,14123481.3,28203.3306686
1663632000000,2022-09-20 00:00:00,HOT/EUR,0.002035,0.00206,0.001999,0.002003,44181458.8,89076.8965874
1663718400000,2022-09-21 00:00:00,HOT/EUR,0.002004,0.002113,0.001979,0.002017,50534586.2,101580.4688456
1663804800000,2022-09-22 00:00:00,HOT/EUR,0.002017,0.002147,0.002005,0.002127,2418137.8,5010.6444226
1663891200000,2022-09-23 00:00:00,HOT/EUR,0.002152,0.00219,0.00207,0.002182,9376523.7,20079.788552
1663977600000,2022-09-24 00:00:00,HOT/EUR,0.002179,0.002229,0.0021,0.00212,19273364.7,42081.9566728
1664064000000,2022-09-25 00:00:00,HOT/EUR,0.00211,0.002155,0.002094,0.002094,4002951.6,8545.1690451
1664150400000,2022-09-26 00:00:00,HOT/EUR,0.002074,0.00213,0.002063,0.00213,14574128.4,30474.177001
1664236800000,2022-09-27 00:00:00,HOT/EUR,0.002131,0.002209,0.002106,0.002119,11873683.5,25687.9286678
1664323200000,2022-09-28 00:00:00,HOT/EUR,0.002106,0.002128,0.002054,0.002079,7512140.8,15581.8831954
1664409600000,2022-09-29 00:00:00,HOT/EUR,0.002091,0.002112,0.002069,0.002075,1859742.2,3876.1491468
1664496000000,2022-09-30 00:00:00,HOT/EUR,0.002113,0.002169,0.002063,0.002063,9125849.3,19192.1903189
1664582400000,2022-10-01 00:00:00,HOT/EUR,0.002106,0.002136,0.002072,0.002078,15309712.1,31969.6214126
1664668800000,2022-10-02 00:00:00,HOT/EUR,0.002093,0.002093,0.001991,0.002002,23273906.3,47334.1501612
1664755200000,2022-10-03 00:00:00,HOT/EUR,0.001991,0.002088,0.001985,0.002037,7844864.7,15977.5618758
1664841600000,2022-10-04 00:00:00,HOT/EUR,0.002036,0.00205,0.002017,0.002021,2378951.4,4833.9152819
1664928000000,2022-10-05 00:00:00,HOT/EUR,0.002044,0.002059,0.002019,0.002047,2374646.5,4824.3028707
1665014400000,2022-10-06 00:00:00,HOT/EUR,0.002037,0.00218,0.001998,0.002046,201095397.9,414236.6434296
1665100800000,2022-10-07 00:00:00,HOT/EUR,0.002063,0.00208,0.002036,0.002061,1272785.6,2615.2944179
1665187200000,2022-10-08 00:00:00,HOT/EUR,0.002065,0.002162,0.002038,0.002038,23309844.9,48707.7403094
1665273600000,2022-10-09 00:00:00,HOT/EUR,0.002042,0.002095,0.002042,0.002054,1975912.9,4085.1446454
1665360000000,2022-10-10 00:00:00,HOT/EUR,0.002067,0.002168,0.002037,0.002131,16718455.4,35073.9380322
1665446400000,2022-10-11 00:00:00,HOT/EUR,0.002151,0.002152,0.002024,0.002041,19074992.1,39988.0883253
1665532800000,2022-10-12 00:00:00,HOT/EUR,0.002063,0.002068,0.002024,0.002047,7257558.9,14757.8124484
1665619200000,2022-10-13 00:00:00,HOT/EUR,0.00204,0.002138,0.001885,0.002022,42226580.7,83930.9655303
1665705600000,2022-10-14 00:00:00,HOT/EUR,0.002015,0.002097,0.002015,0.00202,7661744.9,15744.2027733
1665792000000,2022-10-15 00:00:00,HOT/EUR,0.00202,0.002074,0.002,0.002005,7782107.6,15702.7309744
1665878400000,2022-10-16 00:00:00,HOT/EUR,0.002025,0.002057,0.002009,0.002031,4838017.2,9829.245327
1665964800000,2022-10-17 00:00:00,HOT/EUR,0.002018,0.002057,0.002017,0.002029,6493915.7,13202.7560939
1666051200000,2022-10-18 00:00:00,HOT/EUR,0.002051,0.002058,0.001982,0.001997,18073110.9,36577.9748158
1666137600000,2022-10-19 00:00:00,HOT/EUR,0.002007,0.0021,0.001951,0.001989,25224014.2,51101.161274
1666224000000,2022-10-20 00:00:00,HOT/EUR,0.001964,0.001993,0.001928,0.001983,3237473.8,6388.8277146
1666310400000,2022-10-21 00:00:00,HOT/EUR,0.001992,0.001993,0.001899,0.001953,18968905.2,36543.6250644
1666396800000,2022-10-22 00:00:00,HOT/EUR,0.001941,0.001969,0.001915,0.00192,16556447.2,31862.0259489
1666483200000,2022-10-23 00:00:00,HOT/EUR,0.001934,0.001981,0.001888,0.001955,29597321.0,57052.905044
1666569600000,2022-10-24 00:00:00,HOT/EUR,0.00195,0.002017,0.001893,0.00191,18592208.4,36024.3967056
1666656000000,2022-10-25 00:00:00,HOT/EUR,0.001916,0.002122,0.001896,0.001928,88748456.5,175429.6096722
1666742400000,2022-10-26 00:00:00,HOT/EUR,0.001978,0.001993,0.001927,0.00194,9474162.6,18492.2322154
1666828800000,2022-10-27 00:00:00,HOT/EUR,0.001964,0.002054,0.001934,0.001957,32277815.3,63929.7979303
1666915200000,2022-10-28 00:00:00,HOT/EUR,0.001964,0.002005,0.001925,0.001984,15708283.9,30782.9977154
1667001600000,2022-10-29 00:00:00,HOT/EUR,0.001985,0.002462,0.001985,0.002292,106410194.7,243969.1118412
1667088000000,2022-10-30 00:00:00,HOT/EUR,0.002279,0.002288,0.002035,0.002081,99828610.5,208727.5695616
1667174400000,2022-10-31 00:00:00,HOT/EUR,0.002065,0.002111,0.002027,0.002039,21887075.8,45321.8869424
1667260800000,2022-11-01 00:00:00,HOT/EUR,0.002063,0.002205,0.002054,0.002094,49838638.2,105605.7043137
1667347200000,2022-11-02 00:00:00,HOT/EUR,0.002102,0.002105,0.001975,0.002028,69990551.8,141330.0933502
1667433600000,2022-11-03 00:00:00,HOT/EUR,0.00202,0.002474,0.00202,0.002099,146709366.3,313790.9283028
1667520000000,2022-11-04 00:00:00,HOT/EUR,0.002095,0.002334,0.002087,0.00218,58945030.3,128295.5790123
1667606400000,2022-11-05 00:00:00,HOT/EUR,0.002186,0.00258,0.002119,0.002146,299739625.0,697031.3001486
1667692800000,2022-11-06 00:00:00,HOT/EUR,0.002157,0.002226,0.00206,0.002061,59510682.1,126830.2678244
1667779200000,2022-11-07 00:00:00,HOT/EUR,0.00206,0.002459,0.002025,0.00208,154573088.7,343280.1992104
1667865600000,2022-11-08 00:00:00,HOT/EUR,0.002083,0.002106,0.001696,0.001795,139796468.6,273123.082285
1667952000000,2022-11-09 00:00:00,HOT/EUR,0.001792,0.001826,0.001402,0.001494,277453331.2,469533.8044456
1668038400000,2022-11-10 00:00:00,HOT/EUR,0.001486,0.001746,0.001486,0.001663,60472975.8,97613.400188
1668124800000,2022-11-11 00:00:00,HOT/EUR,0.001683,0.001716,0.00153,0.0016,360114958.7,588176.9326535
1668211200000,2022-11-12 00:00:00,HOT/EUR,0.001586,0.001586,0.001507,0.001529,47483331.3,73165.8171911
1668297600000,2022-11-13 00:00:00,HOT/EUR,0.001546,0.001574,0.001457,0.00149,61229927.5,91187.5052177
1668384000000,2022-11-14 00:00:00,HOT/EUR,0.001469,0.001527,0.001403,0.001492,65309970.0,95345.0191427
1668470400000,2022-11-15 00:00:00,HOT/EUR,0.001507,0.001574,0.001484,0.001541,15416010.4,23502.3123826
1668556800000,2022-11-16 00:00:00,HOT/EUR,0.00154,0.001594,0.001475,0.001485,22846439.3,35032.9565539
1668643200000,2022-11-17 00:00:00,HOT/EUR,0.00149,0.001554,0.001479,0.001486,34137342.2,51455.4081993
1668729600000,2022-11-18 00:00:00,HOT/EUR,0.00149,0.001743,0.001483,0.001518,36046715.1,57565.2483934
1668816000000,2022-11-19 00:00:00,HOT/EUR,0.0015,0.001581,0.001483,0.001532,21710331.6,33489.2176662
1668902400000,2022-11-20 00:00:00,HOT/EUR,0.00155,0.001553,0.001453,0.001453,14755488.7,22425.5497753
1668988800000,2022-11-21 00:00:00,HOT/EUR,0.001451,0.0017,0.00137,0.001422,170025809.4,272303.1992037
1669075200000,2022-11-22 00:00:00,HOT/EUR,0.001417,0.00173,0.001376,0.001544,44584803.3,69378.2654609
1669161600000,2022-11-23 00:00:00,HOT/EUR,0.001555,0.001625,0.001515,0.001588,16367781.2,25747.2778554
1669248000000,2022-11-24 00:00:00,HOT/EUR,0.001588,0.001634,0.00154,0.0016,11677477.8,18445.2765323
1669334400000,2022-11-25 00:00:00,HOT/EUR,0.001589,0.00162,0.00155,0.001563,15504731.8,24580.8840893
1669420800000,2022-11-26 00:00:00,HOT/EUR,0.001594,0.001746,0.001574,0.001574,177949824.8,292751.9102781
1669507200000,2022-11-27 00:00:00,HOT/EUR,0.001576,0.001619,0.001545,0.001545,6351212.6,10014.1529664
1669593600000,2022-11-28 00:00:00,HOT/EUR,0.001545,0.001577,0.001489,0.001541,14665195.1,22357.362668
1669680000000,2022-11-29 00:00:00,HOT/EUR,0.001533,0.001581,0.001524,0.001563,4949538.5,7723.8977219
1669766400000,2022-11-30 00:00:00,HOT/EUR,0.001581,0.001665,0.00154,0.001602,27898511.3,45355.7649821
1669852800000,2022-12-01 00:00:00,HOT/EUR,0.001589,0.001662,0.001541,0.001552,9334250.4,14710.0333792
1669939200000,2022-12-02 00:00:00,HOT/EUR,0.00154,0.001655,0.00154,0.001583,24752942.4,39704.3630031
1670025600000,2022-12-03 00:00:00,HOT/EUR,0.001601,0.001633,0.001575,0.001576,101285902.3,162739.0373454
1670112000000,2022-12-04 00:00:00,HOT/EUR,0.001576,0.001661,0.001576,0.00164,28875975.1,46192.1142833
1670198400000,2022-12-05 00:00:00,HOT/EUR,0.001634,0.001731,0.001599,0.001618,81019647.9,135041.3776429
1670284800000,2022-12-06 00:00:00,HOT/EUR,0.001618,0.0017,0.001591,0.001645,89471069.3,148220.4503226
1670371200000,2022-12-07 00:00:00,HOT/EUR,0.001649,0.001733,0.00159,0.00159,201582742.5,337860.1527766
1670457600000,2022-12-08 00:00:00,HOT/EUR,0.00161,0.001683,0.001588,0.001634,58620167.4,95497.0645516
1670544000000,2022-12-09 00:00:00,HOT/EUR,0.001629,0.001713,0.0016,0.001605,295454719.1,493339.9147226
1670630400000,2022-12-10 00:00:00,HOT/EUR,0.001619,0.001657,0.001601,0.00161,25240261.7,41582.1529189
1670716800000,2022-12-11 00:00:00,HOT/EUR,0.001606,0.001657,0.001582,0.001584,34190253.0,55786.4169281
1670803200000,2022-12-12 00:00:00,HOT/EUR,0.001584,0.001584,0.001522,0.001567,6428210.7,9977.6547892
1670889600000,2022-12-13 00:00:00,HOT/EUR,0.001571,0.001597,0.001522,0.001586,14673720.4,23059.2617037
1670976000000,2022-12-14 00:00:00,HOT/EUR,0.001586,0.00163,0.001571,0.001576,17363288.9,27627.5748434
1671062400000,2022-12-15 00:00:00,HOT/EUR,0.001573,0.001626,0.001558,0.001596,21937019.3,34931.1971829
1671148800000,2022-12-16 00:00:00,HOT/EUR,0.001592,0.001625,0.001413,0.001429,21265930.6,32266.8877953
1671235200000,2022-12-17 00:00:00,HOT/EUR,0.001448,0.001462,0.001406,0.001462,7555528.6,10863.4729712
1671321600000,2022-12-18 00:00:00,HOT/EUR,0.001452,0.001464,0.001431,0.001447,4355670.9,6286.2019089
1671408000000,2022-12-19 00:00:00,HOT/EUR,0.001441,0.001449,0.001323,0.001348,5001063.6,7068.281819
1671494400000,2022-12-20 00:00:00,HOT/EUR,0.001351,0.001441,0.001351,0.001405,11359446.0,16000.6583634
1671580800000,2022-12-21 00:00:00,HOT/EUR,0.001402,0.001424,0.001375,0.001383,4392054.9,6096.9396671
1671667200000,2022-12-22 00:00:00,HOT/EUR,0.001406,0.001458,0.001372,0.001392,17693214.4,25215.5372898
1671753600000,2022-12-23 00:00:00,HOT/EUR,0.001433,0.001433,0.001375,0.001406,2436806.7,3405.0203723
1671840000000,2022-12-24 00:00:00,HOT/EUR,0.001404,0.001404,0.00137,0.001398,2205335.1,3052.1782352
1671926400000,2022-12-25 00:00:00,HOT/EUR,0.001379,0.001394,0.001354,0.001389,1078718.6,1481.8511447
1672012800000,2022-12-26 00:00:00,HOT/EUR,0.001397,0.001397,0.001371,0.001375,1560495.1,2150.7528455
1672099200000,2022-12-27 00:00:00,HOT/EUR,0.001376,0.001405,0.001354,0.00136,3766989.1,5165.6333656
1672185600000,2022-12-28 00:00:00,HOT/EUR,0.00136,0.001537,0.001323,0.001418,19755551.1,28072.1917561
1672272000000,2022-12-29 00:00:00,HOT/EUR,0.001419,0.00144,0.001292,0.001326,28193068.6,37593.5491621
1672358400000,2022-12-30 00:00:00,HOT/EUR,0.00132,0.001342,0.001293,0.001312,1956059.1,2578.9965919
1672444800000,2022-12-31 00:00:00,HOT/EUR,0.001316,0.001353,0.001316,0.00135,3764730.4,4995.7385542
1672531200000,2023-01-01 00:00:00,HOT/EUR,0.001316,0.00135,0.001313,0.00135,968394.4,1284.6356886
1672617600000,2023-01-02 00:00:00,HOT/EUR,0.00135,0.001395,0.001333,0.00137,5587225.1,7607.0312973
1672704000000,2023-01-03 00:00:00,HOT/EUR,0.00135,0.001416,0.001344,0.001368,2659337.2,3653.6402763
1672790400000,2023-01-04 00:00:00,HOT/EUR,0.00137,0.001402,0.001364,0.001387,3323292.0,4595.3095771
1672876800000,2023-01-05 00:00:00,HOT/EUR,0.001372,0.001409,0.001372,0.001383,2239138.7,3096.7357924
1672963200000,2023-01-06 00:00:00,HOT/EUR,0.001383,0.001401,0.001359,0.001401,4708556.1,6502.2142194
1673049600000,2023-01-07 00:00:00,HOT/EUR,0.001398,0.001408,0.001383,0.001396,767154.7,1068.9203697
1673136000000,2023-01-08 00:00:00,HOT/EUR,0.001393,0.001428,0.001374,0.001428,2134450.5,2975.3783437
1673222400000,2023-01-09 00:00:00,HOT/EUR,0.00144,0.001502,0.00142,0.001432,11551527.8,16846.7814411
1673308800000,2023-01-10 00:00:00,HOT/EUR,0.001455,0.00158,0.001435,0.001506,11509432.1,17334.8497025
1673395200000,2023-01-11 00:00:00,HOT/EUR,0.001486,0.001529,0.001433,0.00148,3721760.9,5492.3744382
1673481600000,2023-01-12 00:00:00,HOT/EUR,0.001513,0.001571,0.001477,0.001544,13189270.5,19981.0746457
1673568000000,2023-01-13 00:00:00,HOT/EUR,0.001544,0.001681,0.001512,0.001643,8589305.9,13642.3416396
1673654400000,2023-01-14 00:00:00,HOT/EUR,0.001684,0.00176,0.001591,0.001722,18818870.7,31323.1290769
1673740800000,2023-01-15 00:00:00,HOT/EUR,0.001742,0.001777,0.001664,0.001758,13024007.3,22272.2825439
1673827200000,2023-01-16 00:00:00,HOT/EUR,0.001758,0.001805,0.001692,0.001766,7016902.3,12323.8046043
1673913600000,2023-01-17 00:00:00,HOT/EUR,0.001748,0.001967,0.001743,0.00186,13867845.7,25825.6333444
1674000000000,2023-01-18 00:00:00,HOT/EUR,0.001845,0.00191,0.001681,0.001735,21824092.1,39578.2985135
1674086400000,2023-01-19 00:00:00,HOT/EUR,0.001764,0.00182,0.001685,0.001794,5611632.5,9773.1200371
1674172800000,2023-01-20 00:00:00,HOT/EUR,0.001784,0.0019,0.001754,0.001888,6020761.8,11005.0601171
1674259200000,2023-01-21 00:00:00,HOT/EUR,0.001888,0.001933,0.001839,0.001839,10016467.2,18847.6853638
1674345600000,2023-01-22 00:00:00,HOT/EUR,0.001842,0.0019,0.001808,0.001856,7432677.1,13851.3557259
1674432000000,2023-01-23 00:00:00,HOT/EUR,0.00186,0.001948,0.001856,0.001897,5346357.7,10095.203011
1674518400000,2023-01-24 00:00:00,HOT/EUR,0.001938,0.001959,0.001797,0.001817,14973070.3,28443.8905709
1674604800000,2023-01-25 00:00:00,HOT/EUR,0.001797,0.00192,0.001772,0.001879,9754932.8,18055.2164524
1674691200000,2023-01-26 00:00:00,HOT/EUR,0.001886,0.001993,0.001886,0.00196,15426352.7,29909.7073978
1674777600000,2023-01-27 00:00:00,HOT/EUR,0.00198,0.0023,0.0019,0.002026,28524536.4,59673.0872371
1674864000000,2023-01-28 00:00:00,HOT/EUR,0.002037,0.002071,0.001971,0.001986,4622670.6,9337.8558216
1674950400000,2023-01-29 00:00:00,HOT/EUR,0.00202,0.002045,0.002004,0.002035,2099155.7,4269.1925687
1675036800000,2023-01-30 00:00:00,HOT/EUR,0.00202,0.002035,0.00186,0.001924,7602414.5,14764.0911473
1675123200000,2023-01-31 00:00:00,HOT/EUR,0.001912,0.001969,0.001888,0.001956,2977086.7,5744.4458801
1675209600000,2023-02-01 00:00:00,HOT/EUR,0.001958,0.00202,0.001876,0.001988,10608425.2,20465.9380593
1675296000000,2023-02-02 00:00:00,HOT/EUR,0.001988,0.002076,0.001969,0.001982,10947408.1,22124.0441672
1675382400000,2023-02-03 00:00:00,HOT/EUR,0.002008,0.002062,0.001971,0.002048,8944796.2,17976.4250009
1675468800000,2023-02-04 00:00:00,HOT/EUR,0.002044,0.002124,0.002037,0.002096,5399422.3,11242.1558145
1675555200000,2023-02-05 00:00:00,HOT/EUR,0.002094,0.002099,0.001936,0.001995,1878551.5,3747.6013848
1675641600000,2023-02-06 00:00:00,HOT/EUR,0.001995,0.002044,0.001965,0.001976,4502266.4,9011.8224769
1675728000000,2023-02-07 00:00:00,HOT/EUR,0.001973,0.002119,0.001973,0.002119,11512387.1,23915.6161776
1675814400000,2023-02-08 00:00:00,HOT/EUR,0.002095,0.002132,0.002,0.00207,24246380.0,49332.7855448
1675900800000,2023-02-09 00:00:00,HOT/EUR,0.00209,0.002115,0.001863,0.001864,19731404.7,40038.514296
1675987200000,2023-02-10 00:00:00,HOT/EUR,0.001891,0.00197,0.001851,0.001963,9735442.3,18711.0346704
1676073600000,2023-02-11 00:00:00,HOT/EUR,0.001949,0.001992,0.001927,0.001972,491103.5,956.6000919
1676160000000,2023-02-12 00:00:00,HOT/EUR,0.001971,0.00202,0.00189,0.00189,4236100.2,8314.5149061
1676246400000,2023-02-13 00:00:00,HOT/EUR,0.001935,0.001936,0.001801,0.001884,16608965.1,30664.4239451
1676332800000,2023-02-14 00:00:00,HOT/EUR,0.001887,0.002,0.001867,0.002,11209029.2,21614.8758137
1676419200000,2023-02-15 00:00:00,HOT/EUR,0.00197,0.0021,0.001967,0.0021,5136829.6,10428.972896
1676505600000,2023-02-16 00:00:00,HOT/EUR,0.002091,0.002184,0.002001,0.002038,25200858.6,53086.0276673
1676592000000,2023-02-17 00:00:00,HOT/EUR,0.002035,0.00212,0.002025,0.002084,6069867.0,12643.8031472
1676678400000,2023-02-18 00:00:00,HOT/EUR,0.002109,0.002131,0.002048,0.002063,4301730.6,8971.9650669
1676764800000,2023-02-19 00:00:00,HOT/EUR,0.00208,0.0022,0.002044,0.002199,10514890.5,22288.4641357
1676851200000,2023-02-20 00:00:00,HOT/EUR,0.002193,0.00228,0.00211,0.002198,10948824.2,24096.7063493
1676937600000,2023-02-21 00:00:00,HOT/EUR,0.002189,0.002222,0.002075,0.002107,8858393.5,19027.8344067
1677024000000,2023-02-22 00:00:00,HOT/EUR,0.00212,0.00212,0.002004,0.002078,6872427.9,14112.155757
1677110400000,2023-02-23 00:00:00,HOT/EUR,0.002113,0.002149,0.002047,0.002057,3873622.5,8168.56451
1677196800000,2023-02-24 00:00:00,HOT/EUR,0.002081,0.002099,0.001925,0.001925,51055512.3,105183.9093565
1677283200000,2023-02-25 00:00:00,HOT/EUR,0.001958,0.001991,0.001885,0.00195,3821579.6,7400.0460568
1677369600000,2023-02-26 00:00:00,HOT/EUR,0.00196,0.001999,0.001927,0.001969,8484930.9,16604.9953669
1677456000000,2023-02-27 00:00:00,HOT/EUR,0.001993,0.00202,0.001927,0.001984,8404433.2,16571.0584618
1677542400000,2023-02-28 00:00:00,HOT/EUR,0.002009,0.002009,0.001908,0.001934,4295517.3,8455.9298483
1677628800000,2023-03-01 00:00:00,HOT/EUR,0.00194,0.001997,0.001922,0.00198,4758091.3,9330.9154855
1677715200000,2023-03-02 00:00:00,HOT/EUR,0.001982,0.002004,0.001889,0.001959,5769225.9,11221.3401053
1677801600000,2023-03-03 00:00:00,HOT/EUR,0.00192,0.00192,0.001753,0.001787,9853782.4,17887.6562581
1677888000000,2023-03-04 00:00:00,HOT/EUR,0.001787,0.001818,0.0017,0.001746,6264810.8,10989.3175304
1677974400000,2023-03-05 00:00:00,HOT/EUR,0.001742,0.001778,0.001726,0.001733,1952870.9,3412.6429016
1678060800000,2023-03-06 00:00:00,HOT/EUR,0.00172,0.00178,0.00169,0.001714,6940883.7,11909.2186765
1678147200000,2023-03-07 00:00:00,HOT/EUR,0.001714,0.001739,0.001635,0.001675,4098274.8,6897.640863
1678233600000,2023-03-08 00:00:00,HOT/EUR,0.001671,0.001671,0.001564,0.001564,7494298.4,12044.7421752
1678320000000,2023-03-09 00:00:00,HOT/EUR,0.001601,0.001657,0.00147,0.001491,12680815.7,19789.3004091
1678406400000,2023-03-10 00:00:00,HOT/EUR,0.00148,0.001539,0.001368,0.001482,10794910.7,15772.0677937
1678492800000,2023-03-11 00:00:00,HOT/EUR,0.001499,0.001535,0.001405,0.001465,9736409.9,14442.6563983
1678579200000,2023-03-12 00:00:00,HOT/EUR,0.001455,0.00158,0.00145,0.00158,6616536.4,9932.3823326
1678665600000,2023-03-13 00:00:00,HOT/EUR,0.001599,0.00168,0.001527,0.001674,10861929.2,17552.9346722
1678752000000,2023-03-14 00:00:00,HOT/EUR,0.001632,0.001811,0.001615,0.00171,21531885.8,35899.8693002
1678838400000,2023-03-15 00:00:00,HOT/EUR,0.001709,0.001759,0.001574,0.001613,16373804.0,27563.2268462
1678924800000,2023-03-16 00:00:00,HOT/EUR,0.001585,0.00171,0.001585,0.001644,7821459.9,12869.3472568
1679011200000,2023-03-17 00:00:00,HOT/EUR,0.001643,0.00181,0.001635,0.001772,16264925.6,28295.3856821
1679097600000,2023-03-18 00:00:00,HOT/EUR,0.001817,0.001871,0.001744,0.001779,8074057.8,14679.0274808
1679184000000,2023-03-19 00:00:00,HOT/EUR,0.001777,0.001846,0.001726,0.001795,14433957.0,25593.0515613
1679270400000,2023-03-20 00:00:00,HOT/EUR,0.001783,0.001795,0.00167,0.001685,11337549.8,19367.5287546
1679356800000,2023-03-21 00:00:00,HOT/EUR,0.001669,0.001753,0.001631,0.001718,4886947.6,8329.452412
1679443200000,2023-03-22 00:00:00,HOT/EUR,0.001721,0.001743,0.0016,0.001649,9510371.7,16067.7095677
1679529600000,2023-03-23 00:00:00,HOT/EUR,0.00166,0.00176,0.00166,0.001752,9334922.4,16123.0326045
1679616000000,2023-03-24 00:00:00,HOT/EUR,0.00178,0.001788,0.001664,0.001684,4600768.5,7908.6197738
1679702400000,2023-03-25 00:00:00,HOT/EUR,0.0017,0.001709,0.00162,0.001678,2194258.1,3641.4380869
1679788800000,2023-03-26 00:00:00,HOT/EUR,0.001677,0.001722,0.001648,0.001703,3863993.1,6497.1957386
1679875200000,2023-03-27 00:00:00,HOT/EUR,0.001718,0.001718,0.001565,0.001591,12270893.4,19925.4170284
1679961600000,2023-03-28 00:00:00,HOT/EUR,0.001594,0.001658,0.001576,0.001651,3106929.0,4987.6537705
1680048000000,2023-03-29 00:00:00,HOT/EUR,0.001617,0.001729,0.001617,0.001706,18250600.0,31078.8530432
1680134400000,2023-03-30 00:00:00,HOT/EUR,0.001706,0.002113,0.001651,0.001876,38102978.3,72049.468114
1680220800000,2023-03-31 00:00:00,HOT/EUR,0.00188,0.002167,0.001756,0.001985,63858846.4,125798.3834256
1680307200000,2023-04-01 00:00:00,HOT/EUR,0.001991,0.002042,0.001873,0.001885,21842437.6,42270.5117517
1680393600000,2023-04-02 00:00:00,HOT/EUR,0.001887,0.001911,0.001775,0.001831,19494800.1,36140.302129
1680480000000,2023-04-03 00:00:00,HOT/EUR,0.001833,0.001851,0.00175,0.001806,15016403.4,26940.793184
1680566400000,2023-04-04 00:00:00,HOT/EUR,0.001807,0.001829,0.001778,0.001808,10462470.3,18887.595055
1680652800000,2023-04-05 00:00:00,HOT/EUR,0.001807,0.001842,0.001785,0.001818,15315252.0,27744.3136166
1680739200000,2023-04-06 00:00:00,HOT/EUR,0.001817,0.001837,0.00178,0.001791,14697332.0,26409.6060388
1680825600000,2023-04-07 00:00:00,HOT/EUR,0.001795,0.001808,0.00178,0.001789,705449.8,1264.5123135
