https://www.Saxcoin-b6.nl,LINK,Chainlink
unix,date,symbol,open,high,low,close,volume,total
1648425600,2022-03-28 00:00:00,LINK/EUR,15.40,15.83,14.86,15.02,85053.97490185,1277510.703025787
1648512000,2022-03-29 00:00:00,LINK/EUR,15.08,15.73,14.98,15.32,69566.80743992,1065763.4899795745
1648598400,2022-03-30 00:00:00,LINK/EUR,15.25,15.74,14.90,15.39,42715.90864082,657397.8339822198
1648684800,2022-03-31 00:00:00,LINK/EUR,15.40,16.25,15.05,15.15,99965.86567375,1514482.8649573126
1648771200,2022-04-01 00:00:00,LINK/EUR,15.34,15.74,14.69,15.71,50277.39039757,789857.8031458248
1648857600,2022-04-02 00:00:00,LINK/EUR,15.68,16.17,15.51,15.77,57740.35319498,910565.3698848346
1648944000,2022-04-03 00:00:00,LINK/EUR,15.77,16.59,15.55,16.38,50323.82938854,824304.3253842851
1649030400,2022-04-04 00:00:00,LINK/EUR,16.31,16.31,15.36,15.93,49611.39939840,790309.592416512
1649116800,2022-04-05 00:00:00,LINK/EUR,16.03,16.05,15.29,15.34,44611.97617414,684347.7145113075
1649203200,2022-04-06 00:00:00,LINK/EUR,15.33,15.33,14.05,14.15,107461.43649332,1520579.326380478
1649289600,2022-04-07 00:00:00,LINK/EUR,14.23,14.59,13.86,14.50,63888.12521487,926377.815615615
1649376000,2022-04-08 00:00:00,LINK/EUR,14.49,14.65,13.82,13.93,41771.61684874,581878.6227029482
1649462400,2022-04-09 00:00:00,LINK/EUR,13.98,14.22,13.94,14.20,36243.94134814,514663.96714358794
1649548800,2022-04-10 00:00:00,LINK/EUR,14.21,14.61,13.95,13.95,60833.48550797,848627.1228361814
1649635200,2022-04-11 00:00:00,LINK/EUR,13.98,13.98,12.43,12.62,60738.69536014,766522.3354449668
1649721600,2022-04-12 00:00:00,LINK/EUR,12.68,13.16,12.59,12.93,66518.64588040,860086.091233572
1649808000,2022-04-13 00:00:00,LINK/EUR,12.92,13.06,12.67,13.03,23430.76419499,305302.85746071965
1649894400,2022-04-14 00:00:00,LINK/EUR,12.98,13.14,12.32,12.60,51229.31121818,645489.321349068
1649980800,2022-04-15 00:00:00,LINK/EUR,12.62,13.11,12.61,13.06,26657.72598905,348149.901416993
1650067200,2022-04-16 00:00:00,LINK/EUR,13.06,13.20,12.82,13.09,26714.91249032,349698.2044982888
1650153600,2022-04-17 00:00:00,LINK/EUR,13.10,13.51,12.64,12.70,76651.91872362,973479.3677899739
1650240000,2022-04-18 00:00:00,LINK/EUR,12.68,13.04,12.19,13.00,85397.72482509,1110170.42272617
1650326400,2022-04-19 00:00:00,LINK/EUR,13.05,13.35,12.81,13.20,27230.33192469,359440.381405908
1650412800,2022-04-20 00:00:00,LINK/EUR,13.18,13.37,12.66,12.93,69644.88450938,900508.3567062834
1650499200,2022-04-21 00:00:00,LINK/EUR,12.93,13.20,12.34,12.56,57858.35855699,726700.9834757944
1650585600,2022-04-22 00:00:00,LINK/EUR,12.50,12.83,12.47,12.57,85699.05641599,1077237.1391489943
1650672000,2022-04-23 00:00:00,LINK/EUR,12.60,12.67,12.24,12.37,35477.94759460,438862.211745202
1650758400,2022-04-24 00:00:00,LINK/EUR,12.37,12.64,12.26,12.27,67182.70676120,824331.811959924
1650844800,2022-04-25 00:00:00,LINK/EUR,12.27,12.60,11.67,12.60,66954.29910066,843624.1686683161
1650931200,2022-04-26 00:00:00,LINK/EUR,12.54,12.60,11.46,11.59,45728.00715334,529987.6029072106
1651017600,2022-04-27 00:00:00,LINK/EUR,11.64,12.11,11.58,12.07,38242.14288687,461582.66464452096
1651104000,2022-04-28 00:00:00,LINK/EUR,12.07,12.33,11.81,12.04,46484.76041572,559676.5154052688
1651190400,2022-04-29 00:00:00,LINK/EUR,12.09,12.09,11.23,11.38,30513.19894872,347240.20403643366
1651276800,2022-04-30 00:00:00,LINK/EUR,11.37,11.61,10.14,10.43,37186.92946645,387859.67433507345
1651363200,2022-05-01 00:00:00,LINK/EUR,10.44,10.86,10.29,10.76,35378.24700597,380669.9377842372
1651449600,2022-05-02 00:00:00,LINK/EUR,10.72,10.79,10.27,10.68,34981.57378310,373603.208003508
1651536000,2022-05-03 00:00:00,LINK/EUR,10.56,10.94,10.26,10.55,34235.56584221,361185.21963531553
1651622400,2022-05-04 00:00:00,LINK/EUR,10.54,11.47,10.54,11.47,53343.77192491,611853.0639787177
1651708800,2022-05-05 00:00:00,LINK/EUR,11.50,11.56,10.07,10.36,69988.29921175,725078.77983373
1651795200,2022-05-06 00:00:00,LINK/EUR,10.34,10.47,9.85,10.25,62083.56844826,636356.576594665
1651881600,2022-05-07 00:00:00,LINK/EUR,10.24,10.27,9.49,9.71,44037.73410076,427606.3981183796
1651968000,2022-05-08 00:00:00,LINK/EUR,9.68,9.84,9.33,9.48,53716.63742481,509233.7227871988
1652054400,2022-05-09 00:00:00,LINK/EUR,9.49,9.64,7.58,7.67,154215.12739427,1182830.027114051
1652140800,2022-05-10 00:00:00,LINK/EUR,7.73,8.82,7.49,8.16,331880.00659255,2708140.853795208
1652227200,2022-05-11 00:00:00,LINK/EUR,8.18,8.37,6.22,6.56,417002.29359237,2735535.045965947
1652313600,2022-05-12 00:00:00,LINK/EUR,6.50,7.02,5.05,6.29,375702.88450869,2363171.14355966
1652400000,2022-05-13 00:00:00,LINK/EUR,6.31,7.41,6.30,6.85,202400.99416457,1386446.8100273043
1652486400,2022-05-14 00:00:00,LINK/EUR,6.86,7.12,6.38,7.00,105841.17312108,740888.21184756
1652572800,2022-05-15 00:00:00,LINK/EUR,6.97,7.66,6.74,7.66,147802.45554662,1132166.8094871093
1652659200,2022-05-16 00:00:00,LINK/EUR,7.64,7.64,6.86,7.09,92605.59656900,656573.67967421
1652745600,2022-05-17 00:00:00,LINK/EUR,7.07,7.55,6.93,7.32,81765.55541184,598523.8656146688
1652832000,2022-05-18 00:00:00,LINK/EUR,7.35,7.38,6.47,6.47,79545.18508907,514657.3475262829
1652918400,2022-05-19 00:00:00,LINK/EUR,6.51,6.84,6.33,6.81,76638.71227486,521909.63059179654
1653004800,2022-05-20 00:00:00,LINK/EUR,6.80,6.94,6.40,6.50,98412.34286383,639680.228614895
1653091200,2022-05-21 00:00:00,LINK/EUR,6.49,6.70,6.41,6.66,27414.57545997,182581.0725634002
1653177600,2022-05-22 00:00:00,LINK/EUR,6.67,6.99,6.55,6.93,87449.88691678,606027.7163332853
1653264000,2022-05-23 00:00:00,LINK/EUR,6.90,7.17,6.55,6.56,72518.08381825,475718.62984772
1653350400,2022-05-24 00:00:00,LINK/EUR,6.55,6.79,6.26,6.74,70999.32468062,478535.4483473789
1653436800,2022-05-25 00:00:00,LINK/EUR,6.76,6.89,6.50,6.50,41279.71432941,268318.143141165
1653523200,2022-05-26 00:00:00,LINK/EUR,6.48,6.61,5.82,6.11,64778.47874760,395796.505147836
1653609600,2022-05-27 00:00:00,LINK/EUR,6.15,6.23,5.79,5.81,82984.22477234,482138.3459272954
1653696000,2022-05-28 00:00:00,LINK/EUR,5.86,6.18,5.78,6.11,45336.16291328,277003.95540014084
1653782400,2022-05-29 00:00:00,LINK/EUR,6.09,6.28,5.91,6.26,45511.51577229,284902.0887345354
1653868800,2022-05-30 00:00:00,LINK/EUR,6.27,6.98,6.20,6.92,125417.48732220,867889.012269624
1653955200,2022-05-31 00:00:00,LINK/EUR,6.95,7.17,6.70,7.12,88180.24791904,627843.3651835648
1654041600,2022-06-01 00:00:00,LINK/EUR,7.05,7.22,6.36,6.52,112863.65499728,735871.0305822656
1654128000,2022-06-02 00:00:00,LINK/EUR,6.48,6.72,6.38,6.69,77845.13869633,520783.97787844774
1654214400,2022-06-03 00:00:00,LINK/EUR,6.68,6.71,6.24,6.40,86875.16296865,556001.04299936
1654300800,2022-06-04 00:00:00,LINK/EUR,6.40,6.93,6.24,6.89,60123.50311731,414250.93647826585
1654387200,2022-06-05 00:00:00,LINK/EUR,6.92,7.34,6.77,7.11,86458.33434494,614718.7571925235
1654473600,2022-06-06 00:00:00,LINK/EUR,7.13,7.61,7.13,7.46,101705.95998130,758726.4614604979
1654560000,2022-06-07 00:00:00,LINK/EUR,7.43,8.39,6.85,8.14,176597.20684269,1437501.2636994969
1654646400,2022-06-08 00:00:00,LINK/EUR,8.17,8.37,7.69,8.12,193908.71120705,1574538.7350012457
1654732800,2022-06-09 00:00:00,LINK/EUR,8.15,9.04,7.89,8.72,137444.77174668,1198518.4096310497
1654819200,2022-06-10 00:00:00,LINK/EUR,8.72,8.96,7.61,7.63,126570.10899232,965729.9316114016
1654905600,2022-06-11 00:00:00,LINK/EUR,7.66,7.99,6.60,6.65,94217.02039062,626543.1855976231
1654992000,2022-06-12 00:00:00,LINK/EUR,6.69,6.78,5.98,6.03,144650.78031501,872244.2052995103
1655078400,2022-06-13 00:00:00,LINK/EUR,6.00,6.01,5.06,5.66,278329.43080389,1575344.5783500173
1655164800,2022-06-14 00:00:00,LINK/EUR,5.64,6.55,5.18,6.44,284102.94602857,1829622.972423991
1655251200,2022-06-15 00:00:00,LINK/EUR,6.41,7.04,5.56,6.99,250200.12978572,1748898.9072021828
1655337600,2022-06-16 00:00:00,LINK/EUR,7.01,7.15,5.92,6.01,163346.29374216,981711.2253903815
1655424000,2022-06-17 00:00:00,LINK/EUR,5.98,6.38,5.94,6.06,82720.38685312,501285.54432990716
1655510400,2022-06-18 00:00:00,LINK/EUR,6.03,6.14,5.16,5.64,116621.02724724,657742.5936744335
1655596800,2022-06-19 00:00:00,LINK/EUR,5.65,6.49,5.56,6.27,81714.03733303,512347.0140780981
1655683200,2022-06-20 00:00:00,LINK/EUR,6.33,6.90,6.00,6.64,103164.88154959,685014.8134892776
1655769600,2022-06-21 00:00:00,LINK/EUR,6.62,7.13,6.41,6.49,83748.40822983,543527.1694115967
1655856000,2022-06-22 00:00:00,LINK/EUR,6.51,6.64,6.11,6.26,92231.14607362,577366.9744208611
1655942400,2022-06-23 00:00:00,LINK/EUR,6.27,6.73,6.27,6.65,75909.75853257,504799.8942415906
1656028800,2022-06-24 00:00:00,LINK/EUR,6.65,7.03,6.61,6.87,59949.13899232,411850.5848772384
1656115200,2022-06-25 00:00:00,LINK/EUR,6.84,6.98,6.45,6.88,54140.21409684,372484.67298625916
1656201600,2022-06-26 00:00:00,LINK/EUR,6.90,7.09,6.33,6.33,66302.52432403,419694.97897110996
1656288000,2022-06-27 00:00:00,LINK/EUR,6.33,6.60,6.06,6.20,67753.96097850,420074.55806670006
1656374400,2022-06-28 00:00:00,LINK/EUR,6.20,6.85,5.96,6.00,139913.39870219,839480.3922131399
1656460800,2022-06-29 00:00:00,LINK/EUR,6.00,6.17,5.87,5.95,101564.07385788,604306.2394543859
1656547200,2022-06-30 00:00:00,LINK/EUR,5.97,6.01,5.65,5.99,70419.12028557,421810.5305105643
1656633600,2022-07-01 00:00:00,LINK/EUR,5.95,6.12,5.68,5.81,72350.48561496,420356.32142291754
1656720000,2022-07-02 00:00:00,LINK/EUR,5.80,6.00,5.74,5.98,42456.57638943,253890.32680879143
1656806400,2022-07-03 00:00:00,LINK/EUR,5.96,5.97,5.77,5.95,43536.52337722,259042.31409445903
1656892800,2022-07-04 00:00:00,LINK/EUR,5.95,6.16,5.77,6.15,45843.95034668,281940.29463208205
1656979200,2022-07-05 00:00:00,LINK/EUR,6.14,6.27,5.91,6.15,118462.86805746,728546.638553379
1657065600,2022-07-06 00:00:00,LINK/EUR,6.18,6.29,6.01,6.21,69976.92499986,434556.70424913056
1657152000,2022-07-07 00:00:00,LINK/EUR,6.24,6.63,6.19,6.56,62041.74475128,406993.8455683968
1657238400,2022-07-08 00:00:00,LINK/EUR,6.53,6.71,6.20,6.22,120344.87500252,748545.1225156743
1657324800,2022-07-09 00:00:00,LINK/EUR,6.28,6.46,6.23,6.37,34548.66497810,220074.995910497
1657411200,2022-07-10 00:00:00,LINK/EUR,6.36,6.36,6.00,6.09,60344.94823557,367500.7347546213
1657497600,2022-07-11 00:00:00,LINK/EUR,6.09,6.38,5.95,6.01,103369.44621229,621250.3717358629
1657584000,2022-07-12 00:00:00,LINK/EUR,5.98,6.20,5.91,5.93,85349.53226560,506122.726335008
1657670400,2022-07-13 00:00:00,LINK/EUR,5.90,6.18,5.70,6.15,76290.44870982,469186.25956539303
1657756800,2022-07-14 00:00:00,LINK/EUR,6.19,6.35,5.99,6.25,130353.20532321,814707.5332700625
1657843200,2022-07-15 00:00:00,LINK/EUR,6.26,6.39,6.09,6.28,50027.88896202,314175.1426814856
1657929600,2022-07-16 00:00:00,LINK/EUR,6.25,6.56,6.10,6.53,49257.47020489,321651.2804379317
1658016000,2022-07-17 00:00:00,LINK/EUR,6.54,6.65,6.27,6.28,71372.81978494,448221.3082494232
1658102400,2022-07-18 00:00:00,LINK/EUR,6.28,7.00,6.28,6.98,118870.75253428,829717.8526892745
1658188800,2022-07-19 00:00:00,LINK/EUR,6.88,7.21,6.64,7.10,109554.92086223,777839.938121833
1658275200,2022-07-20 00:00:00,LINK/EUR,7.08,7.40,6.72,6.74,106386.04603671,717041.9502874254
1658361600,2022-07-21 00:00:00,LINK/EUR,6.75,6.91,6.52,6.85,90834.62709413,622217.1955947905
1658448000,2022-07-22 00:00:00,LINK/EUR,6.86,7.17,6.62,6.66,72452.75009223,482535.31561425177
1658534400,2022-07-23 00:00:00,LINK/EUR,6.65,6.88,6.48,6.73,57988.75659991,390264.3319173943
1658620800,2022-07-24 00:00:00,LINK/EUR,6.71,7.09,6.71,6.94,66024.44205727,458209.62787745387
1658707200,2022-07-25 00:00:00,LINK/EUR,6.97,7.00,6.29,6.30,76719.43808247,483332.45991956105
1658793600,2022-07-26 00:00:00,LINK/EUR,6.30,6.30,6.01,6.27,65062.20843609,407940.04689428426
1658880000,2022-07-27 00:00:00,LINK/EUR,6.27,6.73,6.12,6.73,58199.25100404,391680.95925718924
1658966400,2022-07-28 00:00:00,LINK/EUR,6.72,7.15,6.58,7.09,77456.31898804,549165.3016252036
1659052800,2022-07-29 00:00:00,LINK/EUR,7.11,7.95,6.99,7.72,165553.10842114,1278069.9970112008
1659139200,2022-07-30 00:00:00,LINK/EUR,7.76,8.03,7.51,7.65,78683.31072833,601927.3270717246
1659225600,2022-07-31 00:00:00,LINK/EUR,7.63,7.91,7.44,7.52,61998.15061568,466226.0926299136
1659312000,2022-08-01 00:00:00,LINK/EUR,7.49,7.69,7.23,7.39,64267.82417868,474939.2206804452
1659398400,2022-08-02 00:00:00,LINK/EUR,7.38,7.47,6.85,7.05,69691.53394671,491325.31432430545
1659484800,2022-08-03 00:00:00,LINK/EUR,7.06,7.49,6.95,7.18,62901.57372271,451633.2993290578
1659571200,2022-08-04 00:00:00,LINK/EUR,7.17,7.41,7.03,7.19,58647.83944170,421677.96558582305
1659657600,2022-08-05 00:00:00,LINK/EUR,7.18,7.75,7.18,7.72,67090.33342927,517937.3740739644
1659744000,2022-08-06 00:00:00,LINK/EUR,7.73,7.92,7.61,7.65,68886.11300246,526978.764468819
1659830400,2022-08-07 00:00:00,LINK/EUR,7.65,8.21,7.52,8.18,48539.67633684,397054.5524353512
1659916800,2022-08-08 00:00:00,LINK/EUR,8.18,8.61,8.11,8.45,89433.37751502,755712.0400019189
1660003200,2022-08-09 00:00:00,LINK/EUR,8.40,8.79,8.08,8.61,155350.06011159,1337564.0175607898
1660089600,2022-08-10 00:00:00,LINK/EUR,8.51,9.01,8.13,8.80,157593.11711974,1386819.430653712
1660176000,2022-08-11 00:00:00,LINK/EUR,8.80,8.96,8.56,8.69,105040.03325308,912797.888969265
1660262400,2022-08-12 00:00:00,LINK/EUR,8.67,9.26,8.54,9.11,86265.01128741,785874.2528283051
1660348800,2022-08-13 00:00:00,LINK/EUR,9.08,9.23,8.83,8.89,63736.12261223,566614.1300227247
1660435200,2022-08-14 00:00:00,LINK/EUR,8.92,9.13,8.46,8.55,88534.55544512,756970.4490557761
1660521600,2022-08-15 00:00:00,LINK/EUR,8.53,8.82,8.33,8.51,75890.24272808,645825.9656159608
1660608000,2022-08-16 00:00:00,LINK/EUR,8.52,8.67,8.24,8.31,73504.80884560,610824.961506936
1660694400,2022-08-17 00:00:00,LINK/EUR,8.30,8.58,7.85,7.92,93989.08856164,744393.5814081888
1660780800,2022-08-18 00:00:00,LINK/EUR,7.91,8.10,7.56,7.57,95565.66698701,723432.0990916657
1660867200,2022-08-19 00:00:00,LINK/EUR,7.57,7.62,6.81,6.86,103849.74704275,712409.264713265
1660953600,2022-08-20 00:00:00,LINK/EUR,6.88,7.18,6.65,6.88,106115.66417923,730075.7695531024
1661040000,2022-08-21 00:00:00,LINK/EUR,6.88,7.14,6.86,7.09,73354.73599973,520085.07823808567
1661126400,2022-08-22 00:00:00,LINK/EUR,7.06,7.09,6.69,7.07,63550.16275540,449299.650680678
1661212800,2022-08-23 00:00:00,LINK/EUR,7.10,7.37,6.83,7.27,83524.33640419,607221.9256584613
1661299200,2022-08-24 00:00:00,LINK/EUR,7.27,7.40,7.06,7.15,41141.42879991,294161.2159193565
1661385600,2022-08-25 00:00:00,LINK/EUR,7.15,7.36,7.04,7.14,50927.26080503,363620.64214791416
1661472000,2022-08-26 00:00:00,LINK/EUR,7.07,7.16,6.44,6.50,65230.27396515,423996.780773475
1661558400,2022-08-27 00:00:00,LINK/EUR,6.52,6.64,6.45,6.56,60121.89725471,394399.64599089755
1661644800,2022-08-28 00:00:00,LINK/EUR,6.55,6.65,6.27,6.27,42130.17119220,264156.173375094
1661731200,2022-08-29 00:00:00,LINK/EUR,6.30,6.71,6.24,6.71,31955.32771387,214420.2489600677
1661817600,2022-08-30 00:00:00,LINK/EUR,6.68,6.81,6.37,6.55,36851.31198092,241376.093475026
1661904000,2022-08-31 00:00:00,LINK/EUR,6.58,6.87,6.53,6.60,31358.91057328,206968.809783648
1661990400,2022-09-01 00:00:00,LINK/EUR,6.63,7.00,6.45,6.94,28935.21620590,200810.40046894603
1662076800,2022-09-02 00:00:00,LINK/EUR,6.93,7.21,6.83,6.94,42999.35965010,298415.555971694
1662163200,2022-09-03 00:00:00,LINK/EUR,6.94,6.99,6.77,6.88,19683.90172737,135425.24388430562
1662249600,2022-09-04 00:00:00,LINK/EUR,6.89,7.29,6.83,7.14,8848.26129227,63176.58562680779
1662336000,2022-09-05 00:00:00,LINK/EUR,7.26,7.45,7.15,7.41,49206.75744081,364622.0726364021
1662422400,2022-09-06 00:00:00,LINK/EUR,7.41,7.57,6.65,6.78,57744.01715247,391504.4362937466
1662508800,2022-09-07 00:00:00,LINK/EUR,6.70,7.14,6.67,7.09,36224.41936483,256831.1332966447
1662595200,2022-09-08 00:00:00,LINK/EUR,7.10,7.50,7.02,7.40,61656.32493336,456256.80450686405
1662681600,2022-09-09 00:00:00,LINK/EUR,7.40,8.06,7.40,7.69,79513.22146136,611456.6730378583
1662768000,2022-09-10 00:00:00,LINK/EUR,7.69,7.97,7.59,7.87,34841.11462250,274199.572079075
1662854400,2022-09-11 00:00:00,LINK/EUR,7.89,8.13,7.71,7.97,51308.31596716,408927.27825826517
1662940800,2022-09-12 00:00:00,LINK/EUR,7.96,8.21,7.53,7.64,35613.16538573,272084.58354697714
1663027200,2022-09-13 00:00:00,LINK/EUR,7.62,7.82,7.06,7.09,55182.23671620,391242.058317858
1663113600,2022-09-14 00:00:00,LINK/EUR,7.02,7.50,7.02,7.49,39212.35321011,293700.5255437239
1663200000,2022-09-15 00:00:00,LINK/EUR,7.46,7.60,7.03,7.59,58371.94806011,443043.0857762349
1663286400,2022-09-16 00:00:00,LINK/EUR,7.56,7.80,7.43,7.60,32865.37421751,249776.84405307597
1663372800,2022-09-17 00:00:00,LINK/EUR,7.66,8.13,7.66,8.09,26609.60661229,215271.7174934261
1663459200,2022-09-18 00:00:00,LINK/EUR,8.07,8.13,7.37,7.47,52903.08733195,395186.0623696665
1663545600,2022-09-19 00:00:00,LINK/EUR,7.53,7.66,7.05,7.28,34984.22722795,254685.17421947603
1663632000,2022-09-20 00:00:00,LINK/EUR,7.30,7.30,6.84,6.91,32926.54853155,227522.4503530105
1663718400,2022-09-21 00:00:00,LINK/EUR,6.87,7.38,6.64,6.83,49185.80799112,335939.0685793496
1663804800,2022-09-22 00:00:00,LINK/EUR,6.80,7.28,6.78,7.23,62488.78064901,451793.8840923423
1663891200,2022-09-23 00:00:00,LINK/EUR,7.23,7.72,7.13,7.68,251006.59048287,1927730.6149084414
1663977600,2022-09-24 00:00:00,LINK/EUR,7.69,8.11,7.60,7.85,110389.68694449,866559.0425142464
1664064000,2022-09-25 00:00:00,LINK/EUR,7.88,8.30,7.83,8.13,140020.94570959,1138370.288618967
1664150400,2022-09-26 00:00:00,LINK/EUR,8.13,8.26,7.76,8.25,197644.75530901,1630569.2312993326
1664236800,2022-09-27 00:00:00,LINK/EUR,8.26,8.70,8.00,8.41,265438.35714474,2232336.5835872632
1664323200,2022-09-28 00:00:00,LINK/EUR,8.40,8.88,7.96,8.03,463510.12214721,3721986.280842096
1664409600,2022-09-29 00:00:00,LINK/EUR,8.03,8.09,7.79,8.04,111043.01389469,892785.8317133075
1664496000,2022-09-30 00:00:00,LINK/EUR,8.03,8.05,7.68,7.75,105668.11799509,818927.9144619475
1664582400,2022-10-01 00:00:00,LINK/EUR,7.73,7.80,7.48,7.54,29501.70469642,222442.8534110068
1664668800,2022-10-02 00:00:00,LINK/EUR,7.54,7.69,7.25,7.29,53991.18333054,393595.7264796366
1664755200,2022-10-03 00:00:00,LINK/EUR,7.25,7.46,7.13,7.45,72232.18130912,538129.750752944
1664841600,2022-10-04 00:00:00,LINK/EUR,7.46,7.88,7.46,7.79,70544.16766143,549539.0660825396
1664928000,2022-10-05 00:00:00,LINK/EUR,7.74,8.02,7.66,7.95,76708.02106410,609828.767459595
1665014400,2022-10-06 00:00:00,LINK/EUR,7.95,8.00,7.77,7.77,26997.11404755,209767.57614946348
1665100800,2022-10-07 00:00:00,LINK/EUR,7.80,7.93,7.67,7.81,41849.95894018,326848.1793228058
1665187200,2022-10-08 00:00:00,LINK/EUR,7.80,7.85,7.55,7.64,17241.37994440,131724.142775216
1665273600,2022-10-09 00:00:00,LINK/EUR,7.66,7.86,7.63,7.82,27766.55136959,217134.4317101938
1665360000,2022-10-10 00:00:00,LINK/EUR,7.85,7.94,7.55,7.56,48160.41517440,364092.738718464
1665446400,2022-10-11 00:00:00,LINK/EUR,7.55,7.58,7.30,7.30,79738.55755044,582091.470118212
1665532800,2022-10-12 00:00:00,LINK/EUR,7.33,7.48,7.32,7.35,34285.80297522,252000.651867867
1665619200,2022-10-13 00:00:00,LINK/EUR,7.36,7.36,6.56,7.20,158449.53874243,1140836.6789454962
1665705600,2022-10-14 00:00:00,LINK/EUR,7.19,7.41,7.01,7.08,46746.22974337,330963.3065830596
1665792000,2022-10-15 00:00:00,LINK/EUR,7.10,7.17,7.04,7.11,30451.97182831,216513.5196992841
1665878400,2022-10-16 00:00:00,LINK/EUR,7.12,7.42,7.12,7.36,23371.02399968,172010.73663764482
1665964800,2022-10-17 00:00:00,LINK/EUR,7.37,7.48,7.26,7.46,24792.16893800,184949.58027747998
1666051200,2022-10-18 00:00:00,LINK/EUR,7.45,7.47,7.08,7.22,29751.19529206,214803.6300086732
1666137600,2022-10-19 00:00:00,LINK/EUR,7.18,7.20,6.88,6.94,13733.70999972,95311.9473980568
1666224000,2022-10-20 00:00:00,LINK/EUR,6.97,7.03,6.76,6.81,26127.97053052,177931.4793128412
1666310400,2022-10-21 00:00:00,LINK/EUR,6.80,6.93,6.63,6.91,69885.79051429,482910.8124537439
1666396800,2022-10-22 00:00:00,LINK/EUR,6.89,7.02,6.83,6.97,32515.58529906,226633.62953444818
1666483200,2022-10-23 00:00:00,LINK/EUR,6.99,7.18,6.92,7.16,39416.43398719,282221.66734828043
1666569600,2022-10-24 00:00:00,LINK/EUR,7.18,7.19,6.89,6.98,24667.84681506,172181.57076911879
1666656000,2022-10-25 00:00:00,LINK/EUR,6.98,7.29,6.93,7.10,42918.60853437,304722.120594027
1666742400,2022-10-26 00:00:00,LINK/EUR,7.09,7.24,7.04,7.09,35742.58608620,253414.93535115797
1666828800,2022-10-27 00:00:00,LINK/EUR,7.12,7.31,6.90,6.97,41641.80963261,290243.4131392917
1666915200,2022-10-28 00:00:00,LINK/EUR,6.90,7.22,6.85,7.15,44286.07444645,316645.4322921175
1667001600,2022-10-29 00:00:00,LINK/EUR,7.14,7.67,7.11,7.65,159683.83113786,1221581.308204629
1667088000,2022-10-30 00:00:00,LINK/EUR,7.68,7.95,7.52,7.82,158020.98194604,1235724.078818033
1667174400,2022-10-31 00:00:00,LINK/EUR,7.82,8.39,7.72,7.94,106641.48112609,846733.3601411546
1667260800,2022-11-01 00:00:00,LINK/EUR,7.97,7.99,7.69,7.79,69550.58070600,541799.02369974
1667347200,2022-11-02 00:00:00,LINK/EUR,7.77,8.03,7.48,7.57,178106.73582826,1348267.990219928
1667433600,2022-11-03 00:00:00,LINK/EUR,7.57,8.21,7.54,7.91,124048.11178617,981220.5642286048
1667520000,2022-11-04 00:00:00,LINK/EUR,7.88,8.92,7.87,8.75,273158.21515523,2390134.382608263
1667606400,2022-11-05 00:00:00,LINK/EUR,8.77,9.03,8.62,8.69,225171.86626653,1956743.5178561457
1667692800,2022-11-06 00:00:00,LINK/EUR,8.70,8.80,8.16,8.17,161707.42651820,1321149.674653694
1667779200,2022-11-07 00:00:00,LINK/EUR,8.15,9.21,7.96,8.91,147613.77182906,1315238.7069969245
1667865600,2022-11-08 00:00:00,LINK/EUR,8.92,9.38,6.62,7.62,1171630.05287204,8927821.002884945
1667952000,2022-11-09 00:00:00,LINK/EUR,7.63,7.84,5.80,6.21,281983.67343124,1751118.6120080005
1668038400,2022-11-10 00:00:00,LINK/EUR,6.16,7.38,6.10,7.02,123516.47297562,867085.6402888523
1668124800,2022-11-11 00:00:00,LINK/EUR,7.09,7.11,6.34,6.77,77607.78267607,525404.6887169939
1668211200,2022-11-12 00:00:00,LINK/EUR,6.80,6.80,5.98,5.99,62114.15719367,372063.8015900833
1668297600,2022-11-13 00:00:00,LINK/EUR,6.03,6.29,5.74,5.90,42285.84540573,249486.487893807
1668384000,2022-11-14 00:00:00,LINK/EUR,5.87,6.21,5.52,6.06,75602.64055653,458152.0017725717
1668470400,2022-11-15 00:00:00,LINK/EUR,6.09,6.39,6.03,6.20,42486.15195404,263414.142115048
1668556800,2022-11-16 00:00:00,LINK/EUR,6.22,6.31,5.85,5.96,123903.72794467,738466.2185502332
1668643200,2022-11-17 00:00:00,LINK/EUR,5.96,6.10,5.83,5.99,56979.34688165,341306.2878210835
1668729600,2022-11-18 00:00:00,LINK/EUR,6.04,6.18,5.87,5.99,40364.07157770,241780.788750423
1668816000,2022-11-19 00:00:00,LINK/EUR,5.98,6.00,5.81,5.94,40168.32219020,238599.83380978802
1668902400,2022-11-20 00:00:00,LINK/EUR,5.95,6.04,5.53,5.58,101706.81269841,567524.0148571278
1668988800,2022-11-21 00:00:00,LINK/EUR,5.56,5.74,5.41,5.74,121311.15040831,696326.0033436994
1669075200,2022-11-22 00:00:00,LINK/EUR,5.73,6.27,5.67,6.26,79844.37845891,499825.80915277655
1669161600,2022-11-23 00:00:00,LINK/EUR,6.19,6.53,6.14,6.46,50937.10416824,329053.69292683044
1669248000,2022-11-24 00:00:00,LINK/EUR,6.44,6.67,6.31,6.56,30479.08133123,199942.7735328688
1669334400,2022-11-25 00:00:00,LINK/EUR,6.53,6.70,6.40,6.55,48521.80196169,317817.80284906947
1669420800,2022-11-26 00:00:00,LINK/EUR,6.64,6.99,6.56,6.87,68759.32290336,472376.54834608315
1669507200,2022-11-27 00:00:00,LINK/EUR,6.88,6.99,6.61,6.61,52664.02047168,348109.1753178048
1669593600,2022-11-28 00:00:00,LINK/EUR,6.66,7.09,6.34,6.95,103509.81819583,719393.2364610184
1669680000,2022-11-29 00:00:00,LINK/EUR,6.95,7.22,6.88,7.08,24481.75218414,173330.8054637112
1669766400,2022-11-30 00:00:00,LINK/EUR,7.16,7.44,7.05,7.35,23160.92362984,170232.78867932397
1669852800,2022-12-01 00:00:00,LINK/EUR,7.38,7.43,7.11,7.30,98382.28266405,718190.6634475649
1669939200,2022-12-02 00:00:00,LINK/EUR,7.29,7.33,7.14,7.19,54542.08503726,392157.5914178995
1670025600,2022-12-03 00:00:00,LINK/EUR,7.20,7.20,6.84,6.89,9698.24872800,66820.93373592
1670112000,2022-12-04 00:00:00,LINK/EUR,6.91,7.08,6.83,7.07,42394.40473993,299728.4415113051
1670198400,2022-12-05 00:00:00,LINK/EUR,7.05,7.20,6.83,6.94,45989.25840022,319165.4532975268
1670284800,2022-12-06 00:00:00,LINK/EUR,6.95,6.96,6.65,6.83,14560.30427014,99446.8781650562
1670371200,2022-12-07 00:00:00,LINK/EUR,6.80,6.82,6.46,6.56,13890.42790685,91121.207068936
1670457600,2022-12-08 00:00:00,LINK/EUR,6.54,6.69,6.48,6.66,7914.28363099,52709.128982393406
1670544000,2022-12-09 00:00:00,LINK/EUR,6.62,6.67,6.46,6.52,9468.82901813,61736.7651982076
1670630400,2022-12-10 00:00:00,LINK/EUR,6.50,6.56,6.35,6.50,8621.38374410,56038.994336649994
1670716800,2022-12-11 00:00:00,LINK/EUR,6.55,6.59,6.31,6.38,9632.44306919,61454.9867814322
1670803200,2022-12-12 00:00:00,LINK/EUR,6.34,6.37,6.15,6.35,30854.75863245,195927.7173160575
1670889600,2022-12-13 00:00:00,LINK/EUR,6.31,6.61,6.12,6.49,90617.07058815,588104.7881170935
1670976000,2022-12-14 00:00:00,LINK/EUR,6.53,6.54,6.27,6.30,112236.51993032,707090.075561016
1671062400,2022-12-15 00:00:00,LINK/EUR,6.29,6.30,6.01,6.05,103132.96486791,623954.4374508555
1671148800,2022-12-16 00:00:00,LINK/EUR,6.06,6.15,5.48,5.58,112702.53191834,628880.1281043373
1671235200,2022-12-17 00:00:00,LINK/EUR,5.56,5.73,5.47,5.69,96818.11568318,550895.0782372942
1671321600,2022-12-18 00:00:00,LINK/EUR,5.71,5.72,5.59,5.61,42051.24415691,235907.4797202651
1671408000,2022-12-19 00:00:00,LINK/EUR,5.63,5.71,5.37,5.45,110983.60369067,604860.6401141515
1671494400,2022-12-20 00:00:00,LINK/EUR,5.45,5.75,5.43,5.67,51416.91820106,291533.9262000102
1671580800,2022-12-21 00:00:00,LINK/EUR,5.67,5.67,5.56,5.64,38829.02420418,218995.6965115752
1671667200,2022-12-22 00:00:00,LINK/EUR,5.63,5.68,5.53,5.65,26789.37220782,151359.95297418302
1671753600,2022-12-23 00:00:00,LINK/EUR,5.65,5.69,5.58,5.59,30616.77840557,171147.7912871363
1671840000,2022-12-24 00:00:00,LINK/EUR,5.60,5.61,5.54,5.57,9972.42751449,55546.421255709305
1671926400,2022-12-25 00:00:00,LINK/EUR,5.55,5.64,5.54,5.64,32886.50764995,185479.90314571798
1672012800,2022-12-26 00:00:00,LINK/EUR,5.64,5.67,5.60,5.67,22276.50558697,126307.7866781199
1672099200,2022-12-27 00:00:00,LINK/EUR,5.68,5.68,5.50,5.54,22833.78884576,126499.19020551039
1672185600,2022-12-28 00:00:00,LINK/EUR,5.54,5.54,5.31,5.34,81231.49294066,433776.1723031244
1672272000,2022-12-29 00:00:00,LINK/EUR,5.34,5.37,5.16,5.24,51311.21991147,268870.7923361028
1672358400,2022-12-30 00:00:00,LINK/EUR,5.25,5.27,5.07,5.10,70437.15245962,359229.477544062
1672444800,2022-12-31 00:00:00,LINK/EUR,5.10,5.24,5.04,5.19,31395.22582204,162941.22201638762
1672531200,2023-01-01 00:00:00,LINK/EUR,5.16,5.26,5.15,5.25,26351.43889303,138345.0541884075
1672617600,2023-01-02 00:00:00,LINK/EUR,5.26,5.37,5.19,5.34,56214.63507371,300186.1512936114
1672704000,2023-01-03 00:00:00,LINK/EUR,5.30,5.39,5.28,5.33,40881.17954376,217896.6869682408
1672790400,2023-01-04 00:00:00,LINK/EUR,5.33,5.51,5.33,5.46,106729.15413994,582741.1816040725
1672876800,2023-01-05 00:00:00,LINK/EUR,5.47,5.48,5.33,5.37,109506.15905711,588048.0741366807
1672963200,2023-01-06 00:00:00,LINK/EUR,5.37,5.39,5.25,5.36,100081.76876160,536438.280562176
1673049600,2023-01-07 00:00:00,LINK/EUR,5.36,5.48,5.36,5.48,56271.55100298,308368.0994963304
1673136000,2023-01-08 00:00:00,LINK/EUR,5.48,5.60,5.41,5.60,89751.45823364,502608.166108384
1673222400,2023-01-09 00:00:00,LINK/EUR,5.59,5.82,5.56,5.66,259445.46930377,1468461.356259338
1673308800,2023-01-10 00:00:00,LINK/EUR,5.66,5.86,5.57,5.74,146380.93453201,840226.5642137374
1673395200,2023-01-11 00:00:00,LINK/EUR,5.74,5.85,5.59,5.85,139289.35618129,814842.7336605465
1673481600,2023-01-12 00:00:00,LINK/EUR,5.84,5.93,5.65,5.88,296539.80063548,1743654.0277366221
1673568000,2023-01-13 00:00:00,LINK/EUR,5.89,6.11,5.80,6.10,272033.65091315,1659405.2705702148
1673654400,2023-01-14 00:00:00,LINK/EUR,6.09,6.55,5.95,6.33,681166.01606993,4311780.881722657
1673740800,2023-01-15 00:00:00,LINK/EUR,6.33,6.38,6.09,6.19,235240.06543603,1456136.0050490259
1673827200,2023-01-16 00:00:00,LINK/EUR,6.18,6.39,5.93,6.16,245382.90725003,1511558.7086601849
1673913600,2023-01-17 00:00:00,LINK/EUR,6.12,6.48,6.05,6.33,216360.06947495,1369559.2397764334
1674000000,2023-01-18 00:00:00,LINK/EUR,6.32,6.47,5.78,5.87,385452.71561922,2262607.4406848215
1674086400,2023-01-19 00:00:00,LINK/EUR,5.87,6.03,5.84,6.01,161085.90742598,968126.3036301398
1674172800,2023-01-20 00:00:00,LINK/EUR,6.01,6.41,5.93,6.41,191830.25138574,1229631.9113825934
1674259200,2023-01-21 00:00:00,LINK/EUR,6.40,6.55,6.28,6.32,339725.47520074,2147065.003268677
1674345600,2023-01-22 00:00:00,LINK/EUR,6.31,6.69,6.26,6.43,376915.06313546,2423563.855961008
1674432000,2023-01-23 00:00:00,LINK/EUR,6.43,6.64,6.32,6.47,161543.56672802,1045186.8767302893
1674518400,2023-01-24 00:00:00,LINK/EUR,6.45,6.61,6.05,6.12,88368.73220103,540816.6410703036
1674604800,2023-01-25 00:00:00,LINK/EUR,6.11,6.50,5.98,6.36,115237.01025925,732907.3852488301
1674691200,2023-01-26 00:00:00,LINK/EUR,6.41,6.71,6.27,6.57,120368.28527284,790819.6342425589
1674777600,2023-01-27 00:00:00,LINK/EUR,6.62,6.89,6.37,6.79,104109.30986621,706902.2139915659
1674864000,2023-01-28 00:00:00,LINK/EUR,6.80,6.90,6.56,6.63,50758.65950404,336529.91251178517
1674950400,2023-01-29 00:00:00,LINK/EUR,6.63,6.91,6.58,6.79,80202.87994056,544577.5547964025
1675036800,2023-01-30 00:00:00,LINK/EUR,6.78,6.83,6.23,6.37,170875.25835067,1088475.3956937678
1675123200,2023-01-31 00:00:00,LINK/EUR,6.37,6.51,6.32,6.39,163414.34266483,1044217.6496282637
1675209600,2023-02-01 00:00:00,LINK/EUR,6.41,6.62,6.13,6.56,198437.60922874,1301750.7165405343
1675296000,2023-02-02 00:00:00,LINK/EUR,6.56,6.85,6.45,6.51,241089.18809406,1569490.6144923305
1675382400,2023-02-03 00:00:00,LINK/EUR,6.52,6.76,6.45,6.75,203605.49217304,1374337.07216802
1675468800,2023-02-04 00:00:00,LINK/EUR,6.75,6.80,6.60,6.70,75955.72168886,508903.33531536197
1675555200,2023-02-05 00:00:00,LINK/EUR,6.72,6.72,6.37,6.48,157401.38492296,1019960.9743007808
1675641600,2023-02-06 00:00:00,LINK/EUR,6.47,6.57,6.32,6.36,118101.91277907,751128.1652748853
1675728000,2023-02-07 00:00:00,LINK/EUR,6.35,6.71,6.35,6.71,65050.41588786,436488.2906075406
1675814400,2023-02-08 00:00:00,LINK/EUR,6.72,6.79,6.48,6.65,94486.09263032,628332.515991628
1675900800,2023-02-09 00:00:00,LINK/EUR,6.66,7.27,6.36,6.54,660186.62223407,4317620.509410818
1675987200,2023-02-10 00:00:00,LINK/EUR,6.50,6.62,6.32,6.46,134950.04338829,871777.2802883534
1676073600,2023-02-11 00:00:00,LINK/EUR,6.46,6.59,6.42,6.58,69458.43468870,457036.500251646
1676160000,2023-02-12 00:00:00,LINK/EUR,6.54,6.64,6.28,6.37,41523.51035092,264504.7609353604
1676246400,2023-02-13 00:00:00,LINK/EUR,6.38,6.41,6.01,6.23,60205.75182433,375081.8338655759
1676332800,2023-02-14 00:00:00,LINK/EUR,6.21,6.36,6.08,6.34,50206.58849561,318309.77106216736
1676419200,2023-02-15 00:00:00,LINK/EUR,6.34,6.82,6.29,6.81,92669.02249061,631076.0431610541
1676505600,2023-02-16 00:00:00,LINK/EUR,6.83,7.00,6.57,6.58,110260.37572510,725513.272271158
1676592000,2023-02-17 00:00:00,LINK/EUR,6.56,7.20,6.55,7.15,115980.15870860,829258.1347664901
1676678400,2023-02-18 00:00:00,LINK/EUR,7.16,7.71,7.01,7.47,246228.52381975,1839327.0729335325
1676764800,2023-02-19 00:00:00,LINK/EUR,7.43,7.74,7.32,7.44,210364.38867181,1565111.0517182667
1676851200,2023-02-20 00:00:00,LINK/EUR,7.55,7.82,7.25,7.50,63022.57735440,472669.330158
1676937600,2023-02-21 00:00:00,LINK/EUR,7.51,7.55,7.06,7.15,49150.80238853,351428.2370779895
1677024000,2023-02-22 00:00:00,LINK/EUR,7.17,7.27,6.87,7.26,171827.49182584,1247467.5906555983
1677110400,2023-02-23 00:00:00,LINK/EUR,7.28,7.72,7.23,7.48,158974.69088424,1189130.6878141153
1677196800,2023-02-24 00:00:00,LINK/EUR,7.50,7.68,6.85,7.08,112724.73973854,798091.1573488632
1677283200,2023-02-25 00:00:00,LINK/EUR,7.08,7.10,6.82,7.00,94592.96223059,662150.73561413
1677369600,2023-02-26 00:00:00,LINK/EUR,7.00,7.15,6.93,7.09,111290.13115331,789047.0298769679
1677456000,2023-02-27 00:00:00,LINK/EUR,7.08,7.09,6.75,6.86,60416.28188701,414455.69374488865
1677542400,2023-02-28 00:00:00,LINK/EUR,6.86,6.99,6.72,6.80,94636.92960569,643531.121318692
1677628800,2023-03-01 00:00:00,LINK/EUR,6.79,7.07,6.77,7.07,64543.11164852,456319.7993550364
1677715200,2023-03-02 00:00:00,LINK/EUR,7.08,7.10,6.76,6.85,33439.45277411,229060.2515026535
1677801600,2023-03-03 00:00:00,LINK/EUR,6.84,6.84,6.29,6.53,63836.97847181,416855.4694209193
1677888000,2023-03-04 00:00:00,LINK/EUR,6.55,6.59,6.33,6.45,21098.25885531,136083.7696167495
1677974400,2023-03-05 00:00:00,LINK/EUR,6.45,6.60,6.41,6.55,42925.70806993,281163.3878580415
1678060800,2023-03-06 00:00:00,LINK/EUR,6.55,6.56,6.41,6.41,91188.62977044,584519.1168285204
1678147200,2023-03-07 00:00:00,LINK/EUR,6.41,6.53,6.32,6.52,79995.14397214,521568.33869835275
1678233600,2023-03-08 00:00:00,LINK/EUR,6.54,6.58,6.17,6.24,51227.71133933,319660.9187574192
1678320000,2023-03-09 00:00:00,LINK/EUR,6.24,6.31,5.69,5.83,56889.01994246,331662.9862645418
1678406400,2023-03-10 00:00:00,LINK/EUR,5.84,5.89,5.57,5.85,112094.58008313,655753.2934863105
1678492800,2023-03-11 00:00:00,LINK/EUR,5.85,6.04,5.59,5.82,137454.74811398,799986.6340233636
1678579200,2023-03-12 00:00:00,LINK/EUR,5.81,6.18,5.75,6.16,52974.53318051,326323.1243919416
1678665600,2023-03-13 00:00:00,LINK/EUR,6.19,6.43,5.95,6.28,115347.77456991,724384.0242990348
1678752000,2023-03-14 00:00:00,LINK/EUR,6.26,6.69,6.14,6.47,76623.45567143,495753.7581941521
1678838400,2023-03-15 00:00:00,LINK/EUR,6.45,6.60,6.07,6.19,53822.95411701,333164.0859842919
1678924800,2023-03-16 00:00:00,LINK/EUR,6.19,6.30,6.10,6.30,50852.94753149,320373.56944838696
1679011200,2023-03-17 00:00:00,LINK/EUR,6.28,6.81,6.23,6.76,75765.54727063,512175.0995494588
1679097600,2023-03-18 00:00:00,LINK/EUR,6.75,6.84,6.42,6.50,82391.91188258,535547.4272367699
1679184000,2023-03-19 00:00:00,LINK/EUR,6.53,6.82,6.53,6.63,22013.49485618,145949.47089647342
1679270400,2023-03-20 00:00:00,LINK/EUR,6.67,6.95,6.51,6.56,104937.17516299,688387.8690692143
1679356800,2023-03-21 00:00:00,LINK/EUR,6.57,6.94,6.40,6.89,60913.44178669,419693.6139102941
1679443200,2023-03-22 00:00:00,LINK/EUR,6.87,7.16,6.47,6.61,201054.09188464,1328967.5473574705
1679529600,2023-03-23 00:00:00,LINK/EUR,6.61,7.05,6.53,7.03,256086.02421309,1800284.7502180226
1679616000,2023-03-24 00:00:00,LINK/EUR,7.04,7.08,6.63,6.69,204105.18718211,1365463.702248316
1679702400,2023-03-25 00:00:00,LINK/EUR,6.70,6.74,6.50,6.60,38337.65955363,253028.553053958
1679788800,2023-03-26 00:00:00,LINK/EUR,6.59,6.77,6.57,6.74,24024.55554817,161925.5043946658
1679875200,2023-03-27 00:00:00,LINK/EUR,6.75,6.75,6.28,6.37,65116.84100051,414794.2771732487
1679961600,2023-03-28 00:00:00,LINK/EUR,6.36,6.49,6.25,6.41,41158.39603333,263825.3185736453
1680048000,2023-03-29 00:00:00,LINK/EUR,6.42,6.90,6.40,6.82,39483.04675405,269274.37886262103
1680134400,2023-03-30 00:00:00,LINK/EUR,6.82,6.97,6.56,6.63,23283.97297117,154372.7407988571
1680220800,2023-03-31 00:00:00,LINK/EUR,6.63,7.07,6.63,7.00,52492.89995489,367450.29968423
1680307200,2023-04-01 00:00:00,LINK/EUR,7.02,7.03,6.86,6.97,12803.66758820,89241.563089754
1680393600,2023-04-02 00:00:00,LINK/EUR,6.95,6.95,6.66,6.71,19363.36554583,129928.18281251931
1680480000,2023-04-03 00:00:00,LINK/EUR,6.72,6.83,6.45,6.63,57350.36891503,380232.9459066489
1680566400,2023-04-04 00:00:00,LINK/EUR,6.64,6.82,6.62,6.73,33698.35131247,226789.9043329231
1680652800,2023-04-05 00:00:00,LINK/EUR,6.72,6.94,6.61,6.72,40707.09577515,273551.68360900803
1680739200,2023-04-06 00:00:00,LINK/EUR,6.72,6.72,6.53,6.60,26146.82417353,172569.039545298
1680825600,2023-04-07 00:00:00,LINK/EUR,6.58,6.69,6.52,6.68,18597.97509576,124234.4736396768
1680912000,2023-04-08 00:00:00,LINK/EUR,6.68,6.69,6.50,6.57,10389.51737701,68259.1291669557
1680998400,2023-04-09 00:00:00,LINK/EUR,6.55,6.66,6.48,6.63,17116.13165940,113479.952901822
1681084800,2023-04-10 00:00:00,LINK/EUR,6.61,6.78,6.55,6.76,39616.91948707,267810.3757325932
1681171200,2023-04-11 00:00:00,LINK/EUR,6.75,6.85,6.68,6.70,25489.01102015,170776.373835005
1681257600,2023-04-12 00:00:00,LINK/EUR,6.71,6.71,6.51,6.59,26931.44686894,177478.2348663146
1681344000,2023-04-13 00:00:00,LINK/EUR,6.58,6.83,6.53,6.74,34650.68978465,233545.649148541
1681430400,2023-04-14 00:00:00,LINK/EUR,6.76,7.14,6.75,7.04,92107.54542963,648437.1198245952
1681516800,2023-04-15 00:00:00,LINK/EUR,7.04,7.36,6.93,7.29,99121.44377770,722595.325139433
1681603200,2023-04-16 00:00:00,LINK/EUR,7.29,7.44,7.19,7.41,57623.24517729,426988.2467637189
1681689600,2023-04-17 00:00:00,LINK/EUR,7.41,7.56,7.18,7.47,88800.03579181,663336.2673648207
1681776000,2023-04-18 00:00:00,LINK/EUR,7.47,8.01,7.36,7.81,76570.79575503,598017.9148467843
1681862400,2023-04-19 00:00:00,LINK/EUR,7.81,7.83,6.98,7.09,122585.57266974,869131.7102284565
1681948800,2023-04-20 00:00:00,LINK/EUR,7.08,7.25,6.81,6.85,96369.60241427,660131.7765377495
1682035200,2023-04-21 00:00:00,LINK/EUR,6.85,6.93,6.39,6.47,126857.88916472,820770.5428957384
1682121600,2023-04-22 00:00:00,LINK/EUR,6.48,6.60,6.45,6.56,49780.21790872,326558.2294812032
1682208000,2023-04-23 00:00:00,LINK/EUR,6.54,6.54,6.27,6.44,59174.66566856,381084.8469055264
1682294400,2023-04-24 00:00:00,LINK/EUR,6.46,6.59,6.35,6.40,68280.58122225,436995.7198224
1682380800,2023-04-25 00:00:00,LINK/EUR,6.39,6.65,6.31,6.63,47339.99472501,313864.1650268163
1682467200,2023-04-26 00:00:00,LINK/EUR,6.62,6.79,6.10,6.34,114736.02891692,727426.4233332728
1682553600,2023-04-27 00:00:00,LINK/EUR,6.34,6.56,6.33,6.50,108084.86400816,702551.61605304
1682640000,2023-04-28 00:00:00,LINK/EUR,6.50,6.54,6.33,6.39,46430.30507828,296689.64945020917
1682726400,2023-04-29 00:00:00,LINK/EUR,6.38,6.55,6.36,6.52,23304.98351977,151948.4925489004
1682812800,2023-04-30 00:00:00,LINK/EUR,6.53,6.62,6.37,6.38,31176.35197258,198905.1255850604
1682899200,2023-05-01 00:00:00,LINK/EUR,6.38,6.43,6.18,6.29,97184.79131616,611292.3373786464
1682985600,2023-05-02 00:00:00,LINK/EUR,6.28,6.37,6.21,6.34,53822.15011518,341232.43173024117
1683072000,2023-05-03 00:00:00,LINK/EUR,6.34,6.45,6.17,6.43,77151.52639834,496084.31474132615
1683158400,2023-05-04 00:00:00,LINK/EUR,6.44,6.46,6.33,6.34,31788.40397906,201538.4812272404
1683244800,2023-05-05 00:00:00,LINK/EUR,6.35,6.61,6.28,6.56,43331.52703299,284254.8173364144
1683331200,2023-05-06 00:00:00,LINK/EUR,6.56,6.60,6.25,6.30,34876.32906868,219720.873132684
1683417600,2023-05-07 00:00:00,LINK/EUR,6.30,6.34,6.24,6.28,30066.73899241,188819.1208723348
1683504000,2023-05-08 00:00:00,LINK/EUR,6.27,6.27,5.82,6.00,125013.02751144,750078.16506864
1683590400,2023-05-09 00:00:00,LINK/EUR,5.99,6.03,5.91,5.93,53796.56441224,319013.6269645832
1683676800,2023-05-10 00:00:00,LINK/EUR,5.95,6.08,5.75,6.00,44820.66520556,268923.99123336
1683763200,2023-05-11 00:00:00,LINK/EUR,6.00,6.00,5.70,5.84,59369.48652765,346717.801321476
1683849600,2023-05-12 00:00:00,LINK/EUR,5.83,6.11,5.70,6.11,33610.56863187,205360.57434072573
1683936000,2023-05-13 00:00:00,LINK/EUR,6.09,6.10,5.99,5.99,11333.77423640,67889.30767603601
1684022400,2023-05-14 00:00:00,LINK/EUR,5.98,6.09,5.95,6.02,6144.12725417,36987.646070103394
1684108800,2023-05-15 00:00:00,LINK/EUR,6.02,6.17,5.97,6.11,15105.26881261,92293.19244504711
1684195200,2023-05-16 00:00:00,LINK/EUR,6.11,6.17,6.03,6.13,23145.15179395,141879.7804969135
1684281600,2023-05-17 00:00:00,LINK/EUR,6.12,6.28,6.05,6.22,29706.98585773,184777.45203508058
1684368000,2023-05-18 00:00:00,LINK/EUR,6.23,6.23,5.99,6.08,14591.96751080,88719.16246566399
1684454400,2023-05-19 00:00:00,LINK/EUR,6.05,6.06,5.98,6.02,9986.78472116,60120.4440213832
1684540800,2023-05-20 00:00:00,LINK/EUR,6.03,6.05,6.00,6.02,2580.37559548,15533.861084789598
1684627200,2023-05-21 00:00:00,LINK/EUR,6.05,6.05,5.88,5.94,3703.22109328,21997.1332940832
1684713600,2023-05-22 00:00:00,LINK/EUR,5.92,6.09,5.86,6.03,8106.10078881,48879.7877565243
1684800000,2023-05-23 00:00:00,LINK/EUR,6.03,6.13,6.01,6.04,5609.27378299,33880.0136492596
1684886400,2023-05-24 00:00:00,LINK/EUR,6.04,6.04,5.77,5.90,20838.52489050,122947.29685395001
1684972800,2023-05-25 00:00:00,LINK/EUR,5.89,5.91,5.74,5.86,16033.54697762,93956.58528885321
1685059200,2023-05-26 00:00:00,LINK/EUR,5.85,5.96,5.82,5.92,8870.80254090,52515.151042128
1685145600,2023-05-27 00:00:00,LINK/EUR,5.93,5.99,5.91,5.99,5755.76981501,34477.061191909896
1685232000,2023-05-28 00:00:00,LINK/EUR,5.99,6.20,5.99,6.19,19462.40316270,120472.275577113
1685318400,2023-05-29 00:00:00,LINK/EUR,6.17,6.22,6.10,6.20,11637.28327017,72151.156275054
1685404800,2023-05-30 00:00:00,LINK/EUR,6.21,6.21,6.10,6.16,6338.07712786,39042.5551076176
1685491200,2023-05-31 00:00:00,LINK/EUR,6.16,6.18,6.01,6.06,9940.92790563,60242.0231081178
1685577600,2023-06-01 00:00:00,LINK/EUR,6.08,6.08,5.88,5.88,5584.73683263,32838.252575864404
1685664000,2023-06-02 00:00:00,LINK/EUR,5.91,6.04,5.87,6.04,7545.32659547,45573.7726366388
1685750400,2023-06-03 00:00:00,LINK/EUR,5.99,6.02,5.95,5.99,2100.35806561,12581.144813003899
1685836800,2023-06-04 00:00:00,LINK/EUR,6.00,6.10,5.99,6.06,5499.54732543,33327.25679210579
1685923200,2023-06-05 00:00:00,LINK/EUR,6.03,6.03,5.57,5.65,24828.00181862,140278.21027520302
1686009600,2023-06-06 00:00:00,LINK/EUR,5.66,5.91,5.61,5.86,21405.39567541,125435.61865790261
1686096000,2023-06-07 00:00:00,LINK/EUR,5.83,5.86,5.47,5.52,16697.33966799,92169.31496730479
1686182400,2023-06-08 00:00:00,LINK/EUR,5.53,5.61,5.51,5.56,8191.00808662,45542.00496160719
1686268800,2023-06-09 00:00:00,LINK/EUR,5.54,5.65,5.50,5.57,7138.49960580,39761.442804306
1686355200,2023-06-10 00:00:00,LINK/EUR,5.58,5.86,4.49,4.89,128152.34399320,626664.9621267479
1686441600,2023-06-11 00:00:00,LINK/EUR,4.89,4.90,4.75,4.79,39865.44446586,190955.4789914694
1686528000,2023-06-12 00:00:00,LINK/EUR,4.82,4.83,4.68,4.82,31014.09976639,149487.9608739998
1686614400,2023-06-13 00:00:00,LINK/EUR,4.77,5.00,4.75,4.91,33110.39121993,162572.02088985633
1686700800,2023-06-14 00:00:00,LINK/EUR,4.92,5.07,4.75,4.83,23897.69001060,115425.842751198
1686787200,2023-06-15 00:00:00,LINK/EUR,4.84,4.95,4.72,4.84,19836.03848227,96006.4262541868
1686873600,2023-06-16 00:00:00,LINK/EUR,4.83,4.92,4.68,4.87,21667.14491568,105518.9957393616
1686960000,2023-06-17 00:00:00,LINK/EUR,4.86,4.92,4.77,4.83,5880.44658147,28402.5569885001
1687046400,2023-06-18 00:00:00,LINK/EUR,4.81,4.85,4.67,4.72,11089.80982986,52343.90239693919
1687132800,2023-06-19 00:00:00,LINK/EUR,4.70,4.74,4.58,4.66,18124.40842894,84459.7432788604
1687219200,2023-06-20 00:00:00,LINK/EUR,4.70,4.83,4.60,4.81,17497.41573865,84162.5697029065
1687305600,2023-06-21 00:00:00,LINK/EUR,4.82,5.08,4.82,5.06,17571.50987926,88911.83998905559
1687392000,2023-06-22 00:00:00,LINK/EUR,5.15,5.27,5.03,5.06,17183.42408630,86948.125876678
1687478400,2023-06-23 00:00:00,LINK/EUR,5.18,5.64,5.18,5.55,22685.49869447,125904.51775430849
1687564800,2023-06-24 00:00:00,LINK/EUR,5.54,5.67,5.48,5.64,17425.10330866,98277.5826608424
1687651200,2023-06-25 00:00:00,LINK/EUR,5.63,5.85,5.57,5.62,13301.24992372,74753.0245713064
1687737600,2023-06-26 00:00:00,LINK/EUR,5.53,5.73,5.53,5.56,19020.51437139,105754.05990492839
1687824000,2023-06-27 00:00:00,LINK/EUR,5.57,5.71,5.57,5.64,13012.04648215,73387.942159326
1687910400,2023-06-28 00:00:00,LINK/EUR,5.59,5.60,5.29,5.38,22546.01552116,121297.56350384079
1687996800,2023-06-29 00:00:00,LINK/EUR,5.32,5.64,5.32,5.45,16241.20631234,88514.574402253
1688083200,2023-06-30 00:00:00,LINK/EUR,5.41,5.90,5.30,5.79,41836.04940687,242230.7260657773
1688169600,2023-07-01 00:00:00,LINK/EUR,5.77,5.94,5.66,5.91,19429.01387971,114825.4720290861
1688256000,2023-07-02 00:00:00,LINK/EUR,5.96,6.00,5.82,6.00,12001.48378699,72008.90272194
1688342400,2023-07-03 00:00:00,LINK/EUR,6.00,6.12,5.98,6.05,15276.65587082,92423.76801846099
1688428800,2023-07-04 00:00:00,LINK/EUR,6.04,6.07,5.88,6.01,7405.32228866,44505.986954846594
1688515200,2023-07-05 00:00:00,LINK/EUR,6.00,6.03,5.72,5.81,9825.63698127,57086.950861178695
1688601600,2023-07-06 00:00:00,LINK/EUR,5.79,5.99,5.59,5.59,16173.14591814,90407.8856824026
1688688000,2023-07-07 00:00:00,LINK/EUR,5.57,5.68,5.54,5.63,5840.53145127,32882.1920706501
1688774400,2023-07-08 00:00:00,LINK/EUR,5.61,5.67,5.58,5.65,3061.23731866,17295.990850429
1688860800,2023-07-09 00:00:00,LINK/EUR,5.65,5.68,5.60,5.62,7176.34765607,40331.0738271134
1688947200,2023-07-10 00:00:00,LINK/EUR,5.52,5.71,5.51,5.59,12493.33145047,69837.72280812729
1689033600,2023-07-11 00:00:00,LINK/EUR,5.61,5.67,5.59,5.65,4591.05987804,25939.488310926
1689120000,2023-07-12 00:00:00,LINK/EUR,5.65,5.70,5.57,5.60,8250.93379574,46205.229256144
1689206400,2023-07-13 00:00:00,LINK/EUR,5.58,6.38,5.58,6.36,42667.24296913,271363.6652836668
1689292800,2023-07-14 00:00:00,LINK/EUR,6.35,6.53,5.97,6.19,63420.84009303,392575.0001758557
1689379200,2023-07-15 00:00:00,LINK/EUR,6.16,6.25,6.10,6.16,8281.61189739,51014.7292879224
1689465600,2023-07-16 00:00:00,LINK/EUR,6.14,6.14,5.88,5.91,12559.06723885,74224.0873816035
1689552000,2023-07-17 00:00:00,LINK/EUR,5.86,6.46,5.77,6.40,30863.33526434,197525.34569177602
1689638400,2023-07-18 00:00:00,LINK/EUR,6.40,6.49,6.06,6.19,40808.84616509,252606.75776190712
1689724800,2023-07-19 00:00:00,LINK/EUR,6.15,6.30,6.05,6.19,24378.39969416,150902.29410685043
1689811200,2023-07-20 00:00:00,LINK/EUR,6.18,7.59,6.17,7.48,134181.31356403,1003676.2254589443
1689897600,2023-07-21 00:00:00,LINK/EUR,7.51,7.55,7.19,7.33,37257.93338614,273100.6517204062
1689984000,2023-07-22 00:00:00,LINK/EUR,7.33,7.51,7.00,7.08,27822.52420757,196983.4713895956
1690070400,2023-07-23 00:00:00,LINK/EUR,7.06,7.27,7.06,7.10,13930.05697303,98903.40450851299
1690156800,2023-07-24 00:00:00,LINK/EUR,7.06,7.06,6.73,6.85,44786.41741795,306786.9593129575
1690243200,2023-07-25 00:00:00,LINK/EUR,6.85,6.89,6.66,6.70,11790.43197439,78995.894228413
1690329600,2023-07-26 00:00:00,LINK/EUR,6.70,7.05,6.60,7.01,17663.04120666,123817.9188586866
1690416000,2023-07-27 00:00:00,LINK/EUR,7.00,7.38,7.00,7.27,30411.69644179,221093.0331318133
1690502400,2023-07-28 00:00:00,LINK/EUR,7.24,7.35,7.04,7.04,11093.93743423,78101.3195369792
1690588800,2023-07-29 00:00:00,LINK/EUR,7.03,7.15,7.01,7.11,6887.71992205,48971.6886457755
1690675200,2023-07-30 00:00:00,LINK/EUR,7.10,7.13,6.70,6.86,8988.40634101,61660.46749932861
1690761600,2023-07-31 00:00:00,LINK/EUR,6.84,6.99,6.77,6.85,12191.64897239,83512.7954608715
1690848000,2023-08-01 00:00:00,LINK/EUR,6.90,6.93,6.59,6.93,16047.89946757,111211.94331026009
1690934400,2023-08-02 00:00:00,LINK/EUR,6.93,7.00,6.69,6.74,14193.19315858,95662.1218888292
1691020800,2023-08-03 00:00:00,LINK/EUR,6.70,6.75,6.46,6.50,22699.02629505,147543.670917825
1691107200,2023-08-04 00:00:00,LINK/EUR,6.50,6.57,6.37,6.48,21174.30272904,137209.4816841792
1691193600,2023-08-05 00:00:00,LINK/EUR,6.47,6.56,6.44,6.56,3312.43744633,21729.5896479248
1691280000,2023-08-06 00:00:00,LINK/EUR,6.56,6.60,6.43,6.44,2407.89964262,15506.873698472802
1691366400,2023-08-07 00:00:00,LINK/EUR,6.43,6.69,6.32,6.69,15282.60185444,102240.6064062036
1691452800,2023-08-08 00:00:00,LINK/EUR,6.64,6.85,6.63,6.78,12283.42896703,83281.64839646341
1691539200,2023-08-09 00:00:00,LINK/EUR,6.83,7.20,6.74,7.01,22082.04011091,154795.10117747908
1691625600,2023-08-10 00:00:00,LINK/EUR,6.95,6.99,6.86,6.94,13656.61133864,94776.8826901616
1691712000,2023-08-11 00:00:00,LINK/EUR,6.95,6.95,6.76,6.85,9196.28509450,62994.55289732499
1691798400,2023-08-12 00:00:00,LINK/EUR,6.87,6.87,6.75,6.81,3724.48661502,25363.7538482862
1691884800,2023-08-13 00:00:00,LINK/EUR,6.80,6.90,6.69,6.70,3090.58632111,20706.928351437
1691971200,2023-08-14 00:00:00,LINK/EUR,6.72,6.95,6.68,6.81,6426.72428341,43765.9923700221
1692057600,2023-08-15 00:00:00,LINK/EUR,6.75,6.77,6.23,6.46,35265.72492104,227816.5829899184
1692144000,2023-08-16 00:00:00,LINK/EUR,6.47,6.47,6.07,6.21,23353.31752992,145024.1018608032
1692230400,2023-08-17 00:00:00,LINK/EUR,6.20,6.72,5.30,5.70,55226.33364406,314790.10177114204
1692316800,2023-08-18 00:00:00,LINK/EUR,5.69,5.78,5.59,5.69,40884.00982801,232630.0159213769
1692403200,2023-08-19 00:00:00,LINK/EUR,5.68,5.77,5.65,5.69,19153.48246827,108983.3152444563
1692489600,2023-08-20 00:00:00,LINK/EUR,5.70,5.75,5.65,5.72,8193.89152472,46869.0595213984
1692576000,2023-08-21 00:00:00,LINK/EUR,5.72,5.75,5.54,5.66,15863.06261444,89784.9343977304
1692662400,2023-08-22 00:00:00,LINK/EUR,5.67,5.73,5.43,5.61,17019.54029936,95479.62107940961
1692748800,2023-08-23 00:00:00,LINK/EUR,5.64,5.92,5.64,5.84,13687.46279965,79934.782749956
1692835200,2023-08-24 00:00:00,LINK/EUR,5.83,5.84,5.55,5.63,3487.89075099,19636.8249280737
1692921600,2023-08-25 00:00:00,LINK/EUR,5.60,5.62,5.49,5.54,11495.72064976,63686.2923996704
1693008000,2023-08-26 00:00:00,LINK/EUR,5.57,5.60,5.53,5.55,2370.91544149,13158.580700269498
1693094400,2023-08-27 00:00:00,LINK/EUR,5.58,5.60,5.52,5.58,7189.51984206,40117.5207186948
1693180800,2023-08-28 00:00:00,LINK/EUR,5.52,5.57,5.43,5.53,14903.12028770,82414.255190981
1693267200,2023-08-29 00:00:00,LINK/EUR,5.51,5.81,5.40,5.67,23634.23187201,134006.0947142967
1693353600,2023-08-30 00:00:00,LINK/EUR,5.69,5.69,5.38,5.42,36746.08817476,199163.7979071992
1693440000,2023-08-31 00:00:00,LINK/EUR,5.41,5.57,5.30,5.41,32479.96759394,175716.6246832154
1693526400,2023-09-01 00:00:00,LINK/EUR,5.43,5.56,5.40,5.48,31465.14538030,172428.99668404402
1693612800,2023-09-02 00:00:00,LINK/EUR,5.56,5.56,5.48,5.53,17454.23870938,96521.94006287139
1693699200,2023-09-03 00:00:00,LINK/EUR,5.54,5.63,5.54,5.61,21831.42290393,122474.28249104731
1693785600,2023-09-04 00:00:00,LINK/EUR,5.60,5.70,5.54,5.56,19331.66434136,107484.05373796159
1693872000,2023-09-05 00:00:00,LINK/EUR,5.56,5.72,5.48,5.72,5326.90281501,30469.8841018572
1693958400,2023-09-06 00:00:00,LINK/EUR,5.73,5.90,5.70,5.87,10370.63242315,60875.612323890506
1694044800,2023-09-07 00:00:00,LINK/EUR,5.92,6.02,5.80,5.97,36131.43887162,215704.69006357138
1694131200,2023-09-08 00:00:00,LINK/EUR,5.94,5.97,5.74,5.84,6766.67960186,39517.4088748624
1694217600,2023-09-09 00:00:00,LINK/EUR,5.84,5.87,5.75,5.78,2774.31782695,16035.557039771
1694304000,2023-09-10 00:00:00,LINK/EUR,5.76,5.76,5.58,5.66,4103.78139173,23227.4026771918
1694390400,2023-09-11 00:00:00,LINK/EUR,5.57,5.61,5.36,5.42,21895.83277389,118675.4136344838
1694476800,2023-09-12 00:00:00,LINK/EUR,5.44,5.66,5.41,5.55,12832.58108457,71220.8250193635
1694563200,2023-09-13 00:00:00,LINK/EUR,5.57,5.66,5.52,5.62,19509.85783878,109645.40105394361
1694649600,2023-09-14 00:00:00,LINK/EUR,5.63,5.84,5.60,5.82,13074.96461335,76096.294049697
1694736000,2023-09-15 00:00:00,LINK/EUR,5.79,5.97,5.73,5.97,12392.14086218,73981.08094721459
1694822400,2023-09-16 00:00:00,LINK/EUR,5.99,6.02,5.80,5.89,7394.28652151,43552.3476116939
1694908800,2023-09-17 00:00:00,LINK/EUR,5.79,5.85,5.68,5.74,5999.72701132,34438.4330449768
1694995200,2023-09-18 00:00:00,LINK/EUR,5.72,6.39,5.72,6.13,32278.01216533,197864.2145734729
1695081600,2023-09-19 00:00:00,LINK/EUR,6.11,6.51,6.10,6.43,21759.57523104,139914.06873558718
1695168000,2023-09-20 00:00:00,LINK/EUR,6.42,6.58,6.33,6.50,21151.97089521,137487.810818865
1695254400,2023-09-21 00:00:00,LINK/EUR,6.52,6.52,6.20,6.30,13293.84586349,83751.22893998699
1695340800,2023-09-22 00:00:00,LINK/EUR,6.25,6.54,6.20,6.53,9388.54375596,61307.1907264188
1695427200,2023-09-23 00:00:00,LINK/EUR,6.53,6.79,6.50,6.75,33179.16637990,223959.37306432502
1695513600,2023-09-24 00:00:00,LINK/EUR,6.76,6.79,6.54,6.56,10962.25040163,71912.3626346928
1695600000,2023-09-25 00:00:00,LINK/EUR,6.71,7.09,6.70,7.04,37488.48710548,263918.9492225792
1695686400,2023-09-26 00:00:00,LINK/EUR,7.09,7.14,6.85,6.96,14750.95229699,102666.62798705041
1695772800,2023-09-27 00:00:00,LINK/EUR,6.99,7.45,6.90,7.26,47667.60601617,346066.8196773942
1695859200,2023-09-28 00:00:00,LINK/EUR,7.25,7.62,7.21,7.39,27449.29563763,202850.2947620857
1695945600,2023-09-29 00:00:00,LINK/EUR,7.38,7.63,7.24,7.52,11116.53533220,83596.345698144
1696032000,2023-09-30 00:00:00,LINK/EUR,7.56,7.82,7.52,7.73,18815.30774299,145442.3288533127
1696118400,2023-10-01 00:00:00,LINK/EUR,7.75,7.80,7.36,7.61,66433.68974258,505560.3789410338
1696204800,2023-10-02 00:00:00,LINK/EUR,7.65,7.65,7.04,7.10,43878.59175451,311538.001457021
1696291200,2023-10-03 00:00:00,LINK/EUR,7.13,7.38,7.06,7.09,23892.89105373,169400.59757094568
1696377600,2023-10-04 00:00:00,LINK/EUR,7.03,7.39,6.88,7.36,39470.23990650,290500.96571184
1696464000,2023-10-05 00:00:00,LINK/EUR,7.26,7.40,7.08,7.08,19466.06325579,137819.7278509932
1696550400,2023-10-06 00:00:00,LINK/EUR,7.09,7.33,7.09,7.22,18045.01284403,130284.9927338966
1696636800,2023-10-07 00:00:00,LINK/EUR,7.23,7.24,7.08,7.13,5630.87805427,40148.160526945096
1696723200,2023-10-08 00:00:00,LINK/EUR,7.10,7.51,7.10,7.31,23334.81048098,170577.46461596378
1696809600,2023-10-09 00:00:00,LINK/EUR,7.27,7.28,6.81,6.88,34446.87148111,236994.47579003678
1696896000,2023-10-10 00:00:00,LINK/EUR,6.90,6.99,6.79,6.85,16203.61278833,110994.7476000605
1696982400,2023-10-11 00:00:00,LINK/EUR,6.89,6.99,6.72,6.96,6110.72714982,42530.6609627472
1697068800,2023-10-12 00:00:00,LINK/EUR,6.91,6.96,6.75,6.87,9571.89672921,65758.93052967271
1697155200,2023-10-13 00:00:00,LINK/EUR,6.84,7.04,6.75,6.91,11346.16989357,78402.0339645687
1697241600,2023-10-14 00:00:00,LINK/EUR,6.94,7.02,6.87,6.97,6184.94368773,43109.0575034781
1697328000,2023-10-15 00:00:00,LINK/EUR,6.97,7.19,6.97,7.05,13188.39611817,92978.1926330985
1697414400,2023-10-16 00:00:00,LINK/EUR,7.07,7.41,7.05,7.11,24425.23612600,173663.42885586
1697500800,2023-10-17 00:00:00,LINK/EUR,7.12,7.13,6.89,6.93,13022.53333064,90246.1559813352
1697587200,2023-10-18 00:00:00,LINK/EUR,6.90,7.07,6.90,7.00,7416.02105453,51912.14738171
1697673600,2023-10-19 00:00:00,LINK/EUR,6.98,7.01,6.85,6.90,11559.85690085,79763.01261586501
1697760000,2023-10-20 00:00:00,LINK/EUR,6.90,7.27,6.89,7.19,14537.98004579,104528.07652923011
1697846400,2023-10-21 00:00:00,LINK/EUR,7.13,8.64,7.13,8.37,87171.26180005,729623.4612664183
1697932800,2023-10-22 00:00:00,LINK/EUR,8.40,9.66,8.37,9.66,101762.17290831,983022.5902942747
1698019200,2023-10-23 00:00:00,LINK/EUR,9.66,10.40,9.25,9.78,208737.89315178,2041456.5950244083
1698105600,2023-10-24 00:00:00,LINK/EUR,9.93,10.42,9.15,9.79,96566.55627909,945386.5859722911
1698192000,2023-10-25 00:00:00,LINK/EUR,9.80,11.13,9.76,10.40,137762.64721110,1432731.5309954402
1698278400,2023-10-26 00:00:00,LINK/EUR,10.47,10.81,9.86,10.33,52887.64618852,546329.3851274116
1698364800,2023-10-27 00:00:00,LINK/EUR,10.25,10.82,10.06,10.66,58586.20101443,624528.9028138238
1698451200,2023-10-28 00:00:00,LINK/EUR,10.52,11.03,10.30,10.34,51420.88863956,531691.9885330504
1698537600,2023-10-29 00:00:00,LINK/EUR,10.25,10.67,10.20,10.53,25394.54081252,267404.5147558356
1698624000,2023-10-30 00:00:00,LINK/EUR,10.58,11.17,10.35,10.58,41354.16395760,437527.054671408
1698710400,2023-10-31 00:00:00,LINK/EUR,10.66,11.41,10.38,10.74,52659.43758905,565562.359706397
1698796800,2023-11-01 00:00:00,LINK/EUR,10.72,11.12,10.13,10.99,59899.09703979,658291.0764672922
1698883200,2023-11-02 00:00:00,LINK/EUR,11.03,11.08,10.20,10.37,40135.49668625,416205.10063641245
1698969600,2023-11-03 00:00:00,LINK/EUR,10.19,10.82,9.91,10.70,27307.81590192,292193.630150544
1699056000,2023-11-04 00:00:00,LINK/EUR,10.71,10.84,10.41,10.73,18599.66110678,199574.36367574942
1699142400,2023-11-05 00:00:00,LINK/EUR,10.74,11.70,10.65,11.44,56309.59669203,644181.7861568232
1699228800,2023-11-06 00:00:00,LINK/EUR,11.41,12.37,11.34,12.11,70661.90080120,855715.6187025319
1699315200,2023-11-07 00:00:00,LINK/EUR,12.02,12.44,11.77,12.22,53678.72610218,655954.0329686396
1699401600,2023-11-08 00:00:00,LINK/EUR,12.21,14.00,12.05,13.95,81640.47887423,1138884.6802955084
1699488000,2023-11-09 00:00:00,LINK/EUR,13.96,14.94,12.31,13.69,123947.83271474,1696845.8298647904
1699574400,2023-11-10 00:00:00,LINK/EUR,13.66,14.65,13.26,14.51,80271.41491995,1164738.2304884745
1699660800,2023-11-11 00:00:00,LINK/EUR,14.55,15.56,13.85,15.45,76568.76164684,1182987.3674436777
1699747200,2023-11-12 00:00:00,LINK/EUR,15.49,15.49,14.53,14.98,29261.98498914,438344.5351373172
1699833600,2023-11-13 00:00:00,LINK/EUR,14.96,15.24,13.39,13.41,80422.35077046,1078463.7238318687
1699920000,2023-11-14 00:00:00,LINK/EUR,13.41,13.94,12.24,12.81,76788.15713084,983656.2928460605
1700006400,2023-11-15 00:00:00,LINK/EUR,12.84,14.20,12.84,13.87,83276.42906376,1155044.0711143513
1700092800,2023-11-16 00:00:00,LINK/EUR,13.85,14.02,12.50,12.80,54217.77676466,693987.542587648
1700179200,2023-11-17 00:00:00,LINK/EUR,12.79,13.14,11.84,12.55,35003.67971639,439296.1804406945
1700265600,2023-11-18 00:00:00,LINK/EUR,12.51,12.69,11.88,12.64,11574.58576098,146302.76401878722
1700352000,2023-11-19 00:00:00,LINK/EUR,12.60,13.83,12.30,13.71,43674.79690573,598781.4655775584
1700438400,2023-11-20 00:00:00,LINK/EUR,13.68,14.09,13.16,13.16,29318.12142459,385826.47794760444
1700524800,2023-11-21 00:00:00,LINK/EUR,13.34,13.35,12.21,12.22,43113.54311743,526847.4968949946
1700611200,2023-11-22 00:00:00,LINK/EUR,12.23,13.41,12.20,13.11,36842.31275763,483002.7202525293
1700697600,2023-11-23 00:00:00,LINK/EUR,13.06,13.63,12.98,13.23,26827.06346228,354922.0496059644
1700784000,2023-11-24 00:00:00,LINK/EUR,13.23,13.56,13.06,13.21,19213.43642139,253809.49512656193
1700870400,2023-11-25 00:00:00,LINK/EUR,13.31,13.68,13.25,13.46,15767.46726531,212230.10939107262
1700956800,2023-11-26 00:00:00,LINK/EUR,13.53,14.01,13.19,13.53,19867.32602578,268804.9211288034
1701043200,2023-11-27 00:00:00,LINK/EUR,13.52,13.95,12.69,12.96,16764.16542681,217263.5839314576
1701129600,2023-11-28 00:00:00,LINK/EUR,12.94,13.38,12.64,13.20,22203.09180212,293080.811787984
1701216000,2023-11-29 00:00:00,LINK/EUR,13.12,13.63,13.12,13.24,12898.53478328,170776.6005306272
1701302400,2023-11-30 00:00:00,LINK/EUR,13.21,13.57,13.09,13.22,22460.94341821,296933.67198873626
1701388800,2023-12-01 00:00:00,LINK/EUR,13.23,13.82,13.10,13.77,22731.05059484,313006.56669094675
1701475200,2023-12-02 00:00:00,LINK/EUR,13.76,14.89,13.76,14.70,29012.94614197,426490.30828695896
1701561600,2023-12-03 00:00:00,LINK/EUR,14.72,14.96,14.45,14.46,12783.55774039,184850.24492603942
1701648000,2023-12-04 00:00:00,LINK/EUR,14.42,15.09,13.92,14.58,36637.82548023,534179.4955017534
1701734400,2023-12-05 00:00:00,LINK/EUR,14.68,14.88,14.03,14.57,25103.25299248,365754.3961004336
1701820800,2023-12-06 00:00:00,LINK/EUR,14.66,14.95,14.16,14.16,36580.07806853,517973.9054503848
1701907200,2023-12-07 00:00:00,LINK/EUR,14.19,14.64,13.62,14.59,27428.96802893,400188.64354208874
1701993600,2023-12-08 00:00:00,LINK/EUR,14.60,16.09,14.45,15.77,76513.64250879,1206620.1423636184
1702080000,2023-12-09 00:00:00,LINK/EUR,15.80,16.08,14.90,15.07,56488.23168699,851277.6515229393
1702166400,2023-12-10 00:00:00,LINK/EUR,15.09,15.31,14.70,15.18,18358.26331319,278678.4370942242
1702252800,2023-12-11 00:00:00,LINK/EUR,15.21,15.26,13.10,13.76,56310.50775648,774832.5867291648
1702339200,2023-12-12 00:00:00,LINK/EUR,13.74,14.04,13.13,13.47,32322.79398384,435388.03496232483
1702425600,2023-12-13 00:00:00,LINK/EUR,13.41,13.75,12.87,13.57,35842.17414236,486378.30311182525
1702512000,2023-12-14 00:00:00,LINK/EUR,13.57,14.15,13.05,14.00,40497.06962695,566958.9747772999
1702598400,2023-12-15 00:00:00,LINK/EUR,13.99,14.01,13.09,13.10,14994.21404574,196424.203999194
1702684800,2023-12-16 00:00:00,LINK/EUR,13.13,13.59,12.95,13.13,16802.04146397,220610.8044219261
1702771200,2023-12-17 00:00:00,LINK/EUR,13.13,13.18,12.77,12.77,12014.86448031,153429.8194135587
1702857600,2023-12-18 00:00:00,LINK/EUR,12.89,13.42,12.51,13.39,23261.84690840,311476.130103476
1702944000,2023-12-19 00:00:00,LINK/EUR,13.40,13.55,12.70,12.83,12176.02559894,156218.4084344002
1703030400,2023-12-20 00:00:00,LINK/EUR,12.83,13.51,12.81,13.00,14425.18019094,187527.34248222
1703116800,2023-12-21 00:00:00,LINK/EUR,13.00,13.90,12.99,13.90,18880.80887294,262443.243333866
1703203200,2023-12-22 00:00:00,LINK/EUR,13.93,14.29,13.68,14.09,45928.13140966,647127.3715621094
1703289600,2023-12-23 00:00:00,LINK/EUR,14.05,14.49,13.60,14.27,30742.47046886,438695.05359063216
1703376000,2023-12-24 00:00:00,LINK/EUR,14.18,14.52,13.80,13.98,31824.35360780,444904.463437044
1703462400,2023-12-25 00:00:00,LINK/EUR,13.94,14.28,13.81,14.15,54646.31804849,773245.4003861336
1703548800,2023-12-26 00:00:00,LINK/EUR,14.13,14.41,13.00,13.65,65238.28910207,890502.6462432555
1703635200,2023-12-27 00:00:00,LINK/EUR,13.65,15.08,13.29,15.08,82626.93290953,1246014.1482757125
1703721600,2023-12-28 00:00:00,LINK/EUR,15.07,15.89,14.46,14.47,99801.19931072,1444123.3540261183
1703808000,2023-12-29 00:00:00,LINK/EUR,14.56,14.69,13.77,14.13,54016.17221802,763248.5134406227
1703894400,2023-12-30 00:00:00,LINK/EUR,14.09,14.17,13.67,13.82,16870.67938592,233152.78911341442
1703980800,2023-12-31 00:00:00,LINK/EUR,13.81,14.60,13.39,13.54,57342.05164386,776411.3792578644
1704067200,2024-01-01 00:00:00,LINK/EUR,13.59,14.14,13.49,14.07,19151.98209833,269468.38812350313
1704153600,2024-01-02 00:00:00,LINK/EUR,14.11,14.60,13.79,13.88,34008.88334717,472043.3008587196
1704240000,2024-01-03 00:00:00,LINK/EUR,13.96,14.23,11.80,12.99,127850.09242307,1660772.7005756793
1704326400,2024-01-04 00:00:00,LINK/EUR,13.02,13.51,12.85,13.29,48166.81817021,640137.0134820908
1704412800,2024-01-05 00:00:00,LINK/EUR,13.31,13.44,12.56,12.88,67999.45615889,875832.9953265032
1704499200,2024-01-06 00:00:00,LINK/EUR,12.88,12.88,12.07,12.29,12738.92068744,156561.3352486376
1704585600,2024-01-07 00:00:00,LINK/EUR,12.46,12.56,11.90,12.01,36654.88949493,440225.2228341093
1704672000,2024-01-08 00:00:00,LINK/EUR,12.03,13.17,11.47,12.98,61226.09062168,794714.6562694064
1704758400,2024-01-09 00:00:00,LINK/EUR,12.98,13.98,12.19,12.54,87229.81639204,1093861.8975561815
1704844800,2024-01-10 00:00:00,LINK/EUR,12.65,14.01,12.45,13.69,64177.72216963,878593.0165022346
1704931200,2024-01-11 00:00:00,LINK/EUR,13.69,14.30,13.32,13.68,75944.41324177,1038919.5731474136
1705017600,2024-01-12 00:00:00,LINK/EUR,13.64,13.96,12.51,12.95,57505.19545875,744692.2811908125
1705104000,2024-01-13 00:00:00,LINK/EUR,12.94,13.20,12.64,13.14,21788.41953190,286299.832649166
1705190400,2024-01-14 00:00:00,LINK/EUR,13.16,14.09,13.08,13.48,47962.13832954,646529.6246821992
1705276800,2024-01-15 00:00:00,LINK/EUR,13.59,14.63,13.57,13.89,76378.37693086,1060895.6555696456
1705363200,2024-01-16 00:00:00,LINK/EUR,13.84,14.12,13.55,14.12,27893.48134006,393855.95652164717
1705449600,2024-01-17 00:00:00,LINK/EUR,14.16,15.08,14.09,14.48,68226.31722163,987917.0733692024
1705536000,2024-01-18 00:00:00,LINK/EUR,14.44,14.44,13.07,13.49,29834.61078340,402468.899468066
1705622400,2024-01-19 00:00:00,LINK/EUR,13.44,15.05,13.35,14.76,54700.46798104,807378.9074001503
1705708800,2024-01-20 00:00:00,LINK/EUR,14.73,15.18,14.37,14.43,52886.73348411,763155.5641757073
1705795200,2024-01-21 00:00:00,LINK/EUR,14.43,14.60,14.12,14.17,20323.28014775,287980.8796936175
1705881600,2024-01-22 00:00:00,LINK/EUR,14.13,14.63,13.33,13.39,49308.34069893,660238.6819586727
1705968000,2024-01-23 00:00:00,LINK/EUR,13.53,13.65,12.50,13.17,81052.84494623,1067465.9679418493
1706054400,2024-01-24 00:00:00,LINK/EUR,13.11,13.25,12.79,12.99,47623.94756228,618635.0788340173
1706140800,2024-01-25 00:00:00,LINK/EUR,13.06,13.07,12.47,12.72,19708.13834508,250687.51974941758
1706227200,2024-01-26 00:00:00,LINK/EUR,12.75,13.16,12.69,13.06,14042.61793255,183396.590199103
1706313600,2024-01-27 00:00:00,LINK/EUR,13.12,13.28,13.00,13.21,18892.90806435,249575.3155300635
1706400000,2024-01-28 00:00:00,LINK/EUR,13.22,13.55,13.10,13.36,21514.28208628,287430.8086727008
1706486400,2024-01-29 00:00:00,LINK/EUR,13.29,13.93,13.23,13.84,28374.82269463,392707.54609367915
1706572800,2024-01-30 00:00:00,LINK/EUR,13.86,14.57,13.76,14.24,27764.45481319,395365.8365398256
1706659200,2024-01-31 00:00:00,LINK/EUR,14.30,14.84,13.95,14.23,70840.95374605,1008066.7718062915
1706745600,2024-02-01 00:00:00,LINK/EUR,14.32,15.99,14.02,15.76,138777.23400327,2187129.207891535
1706832000,2024-02-02 00:00:00,LINK/EUR,15.82,17.48,15.81,16.50,115896.34288826,1912289.6576562899
1706918400,2024-02-03 00:00:00,LINK/EUR,16.47,16.81,16.22,16.38,25732.90497987,421504.9835702706
1707004800,2024-02-04 00:00:00,LINK/EUR,16.41,17.30,16.24,16.86,34856.18475720,587675.2750063919
1707091200,2024-02-05 00:00:00,LINK/EUR,16.88,18.48,16.53,17.79,117760.64162018,2094961.814423002
1707177600,2024-02-06 00:00:00,LINK/EUR,17.87,17.96,16.94,17.00,71161.05774853,1209737.98172501
1707264000,2024-02-07 00:00:00,LINK/EUR,17.00,17.66,16.78,17.46,53225.55394266,929318.1718388436
1707350400,2024-02-08 00:00:00,LINK/EUR,17.49,17.86,16.68,16.93,48768.75348690,825654.996533217
1707436800,2024-02-09 00:00:00,LINK/EUR,16.90,17.28,16.76,17.15,42749.68420541,733157.0841227814
1707523200,2024-02-10 00:00:00,LINK/EUR,17.12,17.65,16.68,17.60,34051.78477840,599311.41209984
1707609600,2024-02-11 00:00:00,LINK/EUR,17.64,19.06,17.43,18.58,56464.31571152,1049106.9859200416
1707696000,2024-02-12 00:00:00,LINK/EUR,18.77,19.32,18.30,18.99,57741.35688536,1096508.3672529864
1707782400,2024-02-13 00:00:00,LINK/EUR,18.99,19.10,18.19,18.55,55255.84645459,1024995.9517326445
1707868800,2024-02-14 00:00:00,LINK/EUR,18.62,19.08,18.43,18.92,41837.72106191,791569.6824913373
1707955200,2024-02-15 00:00:00,LINK/EUR,19.01,19.11,18.27,18.46,27607.59382330,509636.181978118
1708041600,2024-02-16 00:00:00,LINK/EUR,18.53,18.86,17.78,18.16,32302.96525199,586621.8489761384
1708128000,2024-02-17 00:00:00,LINK/EUR,18.10,18.79,17.85,18.60,37726.07146375,701704.92922575
1708214400,2024-02-18 00:00:00,LINK/EUR,18.55,18.90,18.35,18.78,31602.83890651,593501.3146642578
1708300800,2024-02-19 00:00:00,LINK/EUR,18.54,18.74,18.32,18.38,31498.57745758,578943.8536703204
1708387200,2024-02-20 00:00:00,LINK/EUR,18.43,18.43,17.10,17.84,42861.66527218,764652.1084556911
1708473600,2024-02-21 00:00:00,LINK/EUR,17.85,17.86,16.66,17.20,48131.74655442,827866.040736024
1708560000,2024-02-22 00:00:00,LINK/EUR,17.14,17.52,16.70,16.70,41959.35018936,700721.1481623119
1708646400,2024-02-23 00:00:00,LINK/EUR,16.78,16.85,16.28,16.57,21017.88661013,348266.3811298541
1708732800,2024-02-24 00:00:00,LINK/EUR,16.59,17.15,16.51,17.11,25742.09908286,440447.3153077346
1708819200,2024-02-25 00:00:00,LINK/EUR,17.12,17.40,16.96,17.27,14302.28036694,247000.38193705378
1708905600,2024-02-26 00:00:00,LINK/EUR,17.30,17.73,16.71,17.59,50433.13167867,887118.7862278052
1708992000,2024-02-27 00:00:00,LINK/EUR,17.58,17.86,17.27,17.60,38357.30690288,675088.601490688
1709078400,2024-02-28 00:00:00,LINK/EUR,17.55,19.17,16.40,17.93,85876.83258465,1539771.6082427744
1709164800,2024-02-29 00:00:00,LINK/EUR,17.93,18.85,17.45,17.83,43939.55422585,783442.2518469054
1709251200,2024-03-01 00:00:00,LINK/EUR,17.87,18.55,17.87,18.46,21105.71361017,389611.47324373823
1709337600,2024-03-02 00:00:00,LINK/EUR,18.52,20.01,18.44,19.75,48642.19030357,960683.2584955075
1709424000,2024-03-03 00:00:00,LINK/EUR,19.74,19.85,17.89,18.92,35347.77790588,668779.9579792497
1709510400,2024-03-04 00:00:00,LINK/EUR,18.90,19.22,18.27,18.83,41600.92071329,783345.3370312506
1709596800,2024-03-05 00:00:00,LINK/EUR,18.82,19.38,15.41,17.51,121562.67516077,2128562.442065083
1709683200,2024-03-06 00:00:00,LINK/EUR,17.52,18.49,16.97,18.41,40538.41526964,746312.2251140723
1709769600,2024-03-07 00:00:00,LINK/EUR,18.45,18.71,18.00,18.39,27640.79565007,508314.2320047873
1709856000,2024-03-08 00:00:00,LINK/EUR,18.41,18.62,17.57,18.04,45338.54458789,817907.3443655355
1709942400,2024-03-09 00:00:00,LINK/EUR,18.05,18.61,18.04,18.35,17204.82577460,315708.55296391004
1710028800,2024-03-10 00:00:00,LINK/EUR,18.26,20.09,17.76,19.88,40237.21173429,799915.7692776852
1710115200,2024-03-11 00:00:00,LINK/EUR,19.83,20.91,19.07,19.45,81843.42427168,1591854.6020841761
1710201600,2024-03-12 00:00:00,LINK/EUR,19.44,19.50,17.90,18.96,71015.41706775,1346452.30760454
1710288000,2024-03-13 00:00:00,LINK/EUR,18.97,19.20,18.49,18.98,29142.87152778,553131.7015972644
1710374400,2024-03-14 00:00:00,LINK/EUR,18.94,20.06,18.27,19.21,82777.49151251,1590155.611955317
1710460800,2024-03-15 00:00:00,LINK/EUR,19.19,19.29,16.96,18.04,81503.22784977,1470318.2304098508
1710547200,2024-03-16 00:00:00,LINK/EUR,18.07,18.21,16.36,16.65,22050.67581173,367143.7522653045
1710633600,2024-03-17 00:00:00,LINK/EUR,16.70,17.29,15.92,17.04,24203.15850549,412421.82093354955
1710720000,2024-03-18 00:00:00,LINK/EUR,17.06,17.90,16.61,16.84,35770.25855944,602371.1541409696
1710806400,2024-03-19 00:00:00,LINK/EUR,16.80,16.87,15.20,15.47,62667.77644770,969470.501645919
1710892800,2024-03-20 00:00:00,LINK/EUR,15.54,16.96,14.97,16.82,70974.13014382,1193784.8690190525
1710979200,2024-03-21 00:00:00,LINK/EUR,16.79,17.42,16.39,17.00,38311.86091239,651301.6355106301
1711065600,2024-03-22 00:00:00,LINK/EUR,16.98,17.09,16.05,16.90,17614.04107982,297677.29424895794
1711152000,2024-03-23 00:00:00,LINK/EUR,17.03,17.11,16.60,16.70,15956.00845995,266465.341281165
1711238400,2024-03-24 00:00:00,LINK/EUR,16.74,17.22,16.64,17.14,14419.88170558,247156.7724336412
1711324800,2024-03-25 00:00:00,LINK/EUR,17.04,17.98,17.02,17.84,18865.83809693,336566.55164923123
1711411200,2024-03-26 00:00:00,LINK/EUR,17.86,19.10,17.86,18.46,28238.99405996,521291.8303468616
1711497600,2024-03-27 00:00:00,LINK/EUR,18.47,18.61,17.55,17.83,25605.00622261,456537.2609491363
1711584000,2024-03-28 00:00:00,LINK/EUR,17.79,18.36,17.61,17.78,27048.22328478,480917.4100033884
1711670400,2024-03-29 00:00:00,LINK/EUR,17.74,17.83,17.39,17.62,24099.41212407,424631.64162611344
1711756800,2024-03-30 00:00:00,LINK/EUR,17.56,17.88,17.43,17.49,5130.83122690,89738.23815848099
1711843200,2024-03-31 00:00:00,LINK/EUR,17.61,17.91,17.59,17.75,3323.35832576,58989.61028224
1711929600,2024-04-01 00:00:00,LINK/EUR,17.81,17.88,16.63,17.16,15437.35449226,264905.0030871816
1712016000,2024-04-02 00:00:00,LINK/EUR,17.09,17.23,16.21,16.75,23218.21738652,388905.14122421
1712102400,2024-04-03 00:00:00,LINK/EUR,16.62,17.00,16.07,16.36,33207.07162461,543267.6917786195
1712188800,2024-04-04 00:00:00,LINK/EUR,16.43,16.82,16.07,16.33,21313.30927391,348046.34044295026
1712275200,2024-04-05 00:00:00,LINK/EUR,16.36,16.37,15.58,16.01,24271.45231991,388585.95164175914
1712361600,2024-04-06 00:00:00,LINK/EUR,16.01,16.29,16.01,16.29,2409.33529823,39248.072008166695
1712448000,2024-04-07 00:00:00,LINK/EUR,16.23,16.56,16.23,16.55,5587.82649005,92478.5284103275
1712534400,2024-04-08 00:00:00,LINK/EUR,16.55,17.23,16.21,16.66,17031.95104427,283752.30439753825
1712620800,2024-04-09 00:00:00,LINK/EUR,16.66,16.66,15.89,16.01,18378.31456931,294236.81625465315
1712707200,2024-04-10 00:00:00,LINK/EUR,16.03,16.33,15.59,16.20,15380.34173867,249161.536166454
1712793600,2024-04-11 00:00:00,LINK/EUR,16.18,16.40,15.87,16.30,11407.48157055,185941.949599965
1712880000,2024-04-12 00:00:00,LINK/EUR,16.38,16.67,12.96,14.31,71028.16902187,1016413.0987029597
1712966400,2024-04-13 00:00:00,LINK/EUR,14.31,14.51,11.28,12.77,103543.36690502,1322248.7953771052
1713052800,2024-04-14 00:00:00,LINK/EUR,12.72,13.46,12.16,13.29,90646.57443157,1204692.9741955653
1713139200,2024-04-15 00:00:00,LINK/EUR,13.22,13.79,12.48,12.80,95389.85255628,1220990.112720384
1713225600,2024-04-16 00:00:00,LINK/EUR,12.76,13.00,12.08,12.70,33236.63548442,422105.27065213403
1713312000,2024-04-17 00:00:00,LINK/EUR,12.68,12.80,12.00,12.31,24553.34983157,302251.73642662674
1713398400,2024-04-18 00:00:00,LINK/EUR,12.26,13.14,12.04,13.05,45840.06587602,598212.859682061
1713484800,2024-04-19 00:00:00,LINK/EUR,12.97,13.25,12.03,13.11,33141.74615381,434488.29207644914
1713571200,2024-04-20 00:00:00,LINK/EUR,13.10,14.15,12.98,14.08,9390.39876341,132216.8145888128
1713657600,2024-04-21 00:00:00,LINK/EUR,14.03,14.24,13.71,14.17,26033.93379575,368900.8418857775
1713744000,2024-04-22 00:00:00,LINK/EUR,14.17,15.03,14.12,14.64,19897.79286864,291303.6875968896
1713830400,2024-04-23 00:00:00,LINK/EUR,14.50,14.63,14.11,14.20,33708.54634738,478661.35813279595
1713916800,2024-04-24 00:00:00,LINK/EUR,14.14,14.62,13.46,13.52,26634.96517541,360104.7291715432
1714003200,2024-04-25 00:00:00,LINK/EUR,13.58,13.89,13.47,13.62,14021.57879602,190973.9032017924
1714089600,2024-04-26 00:00:00,LINK/EUR,13.50,13.87,13.45,13.60,4776.16199400,64955.8031184
1714176000,2024-04-27 00:00:00,LINK/EUR,13.55,13.59,12.99,13.34,30766.83370440,410429.561616696
1714262400,2024-04-28 00:00:00,LINK/EUR,13.35,13.49,12.83,12.90,9399.55297245,121254.23334460499
1714348800,2024-04-29 00:00:00,LINK/EUR,12.93,13.22,12.87,13.14,31816.21546568,418065.07121903525
1714435200,2024-04-30 00:00:00,LINK/EUR,13.16,13.17,11.97,12.33,21845.67764833,269357.20540390885
1714521600,2024-05-01 00:00:00,LINK/EUR,12.30,12.57,11.64,12.46,39951.06152686,497790.2266246757
1714608000,2024-05-02 00:00:00,LINK/EUR,12.43,12.82,12.14,12.75,11886.51438913,151553.0584614075
1714694400,2024-05-03 00:00:00,LINK/EUR,12.65,13.20,12.54,13.11,17423.19448206,228418.0796598066
1714780800,2024-05-04 00:00:00,LINK/EUR,13.09,13.43,13.08,13.34,7797.29992798,104015.9810392532
1714867200,2024-05-05 00:00:00,LINK/EUR,13.32,13.62,13.16,13.36,3302.52781552,44121.7716153472
1714953600,2024-05-06 00:00:00,LINK/EUR,13.36,14.08,13.36,13.47,5597.25673369,75395.0482028043
1715040000,2024-05-07 00:00:00,LINK/EUR,13.40,13.64,13.02,13.03,17071.66326448,222443.7723361744
1715126400,2024-05-08 00:00:00,LINK/EUR,13.02,13.12,12.76,12.89,19058.06848789,245658.5028089021
1715212800,2024-05-09 00:00:00,LINK/EUR,13.01,13.28,12.88,13.21,15388.72131105,203285.0085189705
1715299200,2024-05-10 00:00:00,LINK/EUR,13.19,13.31,12.57,12.63,9740.68344705,123024.8319362415
1715385600,2024-05-11 00:00:00,LINK/EUR,12.64,12.68,12.34,12.34,6184.59426651,76317.8932487334
1715472000,2024-05-12 00:00:00,LINK/EUR,12.42,12.57,12.34,12.56,2628.72375060,33016.770307536004
1715558400,2024-05-13 00:00:00,LINK/EUR,12.61,12.67,12.15,12.39,17068.13527049,211474.19600137108
1715644800,2024-05-14 00:00:00,LINK/EUR,12.41,12.55,11.96,12.00,10358.79619778,124305.55437336
1715731200,2024-05-15 00:00:00,LINK/EUR,12.05,12.78,11.87,12.78,11561.29218649,147753.3141433422
1715817600,2024-05-16 00:00:00,LINK/EUR,12.71,14.58,12.48,14.27,30816.78005555,439755.4513926985
1715904000,2024-05-17 00:00:00,LINK/EUR,14.32,15.44,14.26,14.92,73988.80542033,1103912.9768713235
1715990400,2024-05-18 00:00:00,LINK/EUR,14.99,15.23,14.80,15.00,27171.29275321,407569.39129815
1716076800,2024-05-19 00:00:00,LINK/EUR,15.02,15.73,15.01,15.22,32022.04374726,487375.5058332972
1716163200,2024-05-20 00:00:00,LINK/EUR,15.11,16.00,15.07,15.85,34037.92193875,539501.0627291874
1716249600,2024-05-21 00:00:00,LINK/EUR,15.86,16.03,15.24,15.36,38257.92597346,587641.7429523455
1716336000,2024-05-22 00:00:00,LINK/EUR,15.43,15.60,14.91,15.12,15417.80550078,233117.21917179358
1716422400,2024-05-23 00:00:00,LINK/EUR,15.14,15.47,14.30,15.25,40698.83851710,620657.287385775
1716508800,2024-05-24 00:00:00,LINK/EUR,15.48,16.37,15.46,15.88,49718.60024826,789531.3719423689
1716595200,2024-05-25 00:00:00,LINK/EUR,15.88,16.06,15.61,16.06,10362.46319648,166421.15893546876
1716681600,2024-05-26 00:00:00,LINK/EUR,16.11,16.50,15.68,15.71,13124.23431666,206181.72111472863
1716768000,2024-05-27 00:00:00,LINK/EUR,15.71,17.35,15.57,17.29,29558.78018932,511071.3094733428
1716854400,2024-05-28 00:00:00,LINK/EUR,17.12,17.25,16.44,17.03,24433.73579444,416106.5205793132
1716940800,2024-05-29 00:00:00,LINK/EUR,17.08,17.72,16.64,17.10,31374.20598845,536498.922402495
1717027200,2024-05-30 00:00:00,LINK/EUR,17.14,17.76,16.42,16.57,16959.70610410,281022.33014493703
1717113600,2024-05-31 00:00:00,LINK/EUR,16.48,17.20,16.10,16.96,17075.42357544,289599.1838394624
1717200000,2024-06-01 00:00:00,LINK/EUR,16.89,17.21,16.86,16.93,8200.18601640,138829.14925765202
1717286400,2024-06-02 00:00:00,LINK/EUR,16.96,17.10,16.67,16.73,7115.27081858,119038.4807948434
1717372800,2024-06-03 00:00:00,LINK/EUR,16.52,16.88,16.10,16.17,39972.01324164,646347.4541173188
1717459200,2024-06-04 00:00:00,LINK/EUR,16.08,16.43,16.05,16.28,21236.88486363,345736.4855798964
1717545600,2024-06-05 00:00:00,LINK/EUR,16.44,16.61,16.21,16.24,8369.76992711,135925.0636162664
1717632000,2024-06-06 00:00:00,LINK/EUR,16.29,16.29,15.75,15.98,14808.41655542,236638.4965556116
1717718400,2024-06-07 00:00:00,LINK/EUR,15.98,15.98,15.98,15.98,0.00000000,0.0
