https://www.Saxcoin-b6.nl,RUNE,THORChain
unix,date,symbol,open,high,low,close,volume,total
1624579200000,2021-06-25 00:00:00,RUNE/EUR,5.221,5.57,4.4,4.648,40436.3,186685.9962
1624665600000,2021-06-26 00:00:00,RUNE/EUR,4.784,5.198,4.208,4.496,10549.4,46573.5468
1624752000000,2021-06-27 00:00:00,RUNE/EUR,4.516,5.049,4.19,5.049,35874.3,165405.9269
1624838400000,2021-06-28 00:00:00,RUNE/EUR,5.125,5.655,4.989,5.274,92085.9,492881.6061
1624924800000,2021-06-29 00:00:00,RUNE/EUR,5.282,6.01,5.282,5.554,65479.7,371449.0721
1625011200000,2021-06-30 00:00:00,RUNE/EUR,5.554,5.771,5.193,5.748,58168.6,321595.6819
1625097600000,2021-07-01 00:00:00,RUNE/EUR,5.665,5.665,5.146,5.203,40205.6,212675.2211
1625184000000,2021-07-02 00:00:00,RUNE/EUR,5.198,5.354,4.695,4.881,62672.6,306005.293
1625270400000,2021-07-03 00:00:00,RUNE/EUR,4.858,5.305,4.765,5.023,40369.8,204275.4775
1625356800000,2021-07-04 00:00:00,RUNE/EUR,5.014,5.514,4.899,5.268,36235.7,192051.7361
1625443200000,2021-07-05 00:00:00,RUNE/EUR,5.228,5.273,4.9,5.162,37203.1,189418.1752
1625529600000,2021-07-06 00:00:00,RUNE/EUR,5.22,6.315,5.181,5.933,165568.3,980370.9341
1625616000000,2021-07-07 00:00:00,RUNE/EUR,5.916,6.5,5.885,6.005,107263.4,664510.5628
1625702400000,2021-07-08 00:00:00,RUNE/EUR,6.038,6.038,5.084,5.266,73971.5,411750.056
1625788800000,2021-07-09 00:00:00,RUNE/EUR,5.238,5.41,4.95,5.22,62300.1,323889.2549
1625875200000,2021-07-10 00:00:00,RUNE/EUR,5.256,5.514,4.987,5.16,45114.9,233371.298
1625961600000,2021-07-11 00:00:00,RUNE/EUR,5.238,5.342,5.035,5.277,24740.8,128729.5161
1626048000000,2021-07-12 00:00:00,RUNE/EUR,5.31,5.645,4.888,5.156,51645.8,270102.021
1626134400000,2021-07-13 00:00:00,RUNE/EUR,5.142,5.244,4.707,4.801,46223.9,228975.0834
1626220800000,2021-07-14 00:00:00,RUNE/EUR,4.788,5.2,4.49,4.921,95017.7,461085.8253
1626307200000,2021-07-15 00:00:00,RUNE/EUR,4.927,5.072,3.982,4.17,112280.4,503313.3961
1626393600000,2021-07-16 00:00:00,RUNE/EUR,4.194,4.393,3.864,3.925,108130.2,443623.914
1626480000000,2021-07-17 00:00:00,RUNE/EUR,3.904,3.947,3.377,3.636,137079.4,494325.6832
1626566400000,2021-07-18 00:00:00,RUNE/EUR,3.638,3.955,3.509,3.509,64928.1,243158.5804
1626652800000,2021-07-19 00:00:00,RUNE/EUR,3.507,3.521,3.043,3.128,140680.7,458055.7665
1626739200000,2021-07-20 00:00:00,RUNE/EUR,3.146,3.34,2.607,3.033,167721.6,489695.5298
1626825600000,2021-07-21 00:00:00,RUNE/EUR,3.056,4.053,2.98,3.665,199120.0,698904.9886
1626912000000,2021-07-22 00:00:00,RUNE/EUR,3.675,4.13,2.92,2.996,380038.9,1333704.0848
1626998400000,2021-07-23 00:00:00,RUNE/EUR,2.991,3.616,2.98,3.296,459579.7,1490121.3154
1627084800000,2021-07-24 00:00:00,RUNE/EUR,3.279,3.35,2.964,3.085,171171.0,538742.807
1627171200000,2021-07-25 00:00:00,RUNE/EUR,3.07,3.076,2.839,3.004,129006.4,383479.8811
1627257600000,2021-07-26 00:00:00,RUNE/EUR,3.012,3.78,2.992,3.31,431831.8,1507825.8255
1627344000000,2021-07-27 00:00:00,RUNE/EUR,3.316,3.653,3.05,3.381,214479.2,710195.6522
1627430400000,2021-07-28 00:00:00,RUNE/EUR,3.387,4.073,3.285,3.976,232128.7,850264.4533
1627516800000,2021-07-29 00:00:00,RUNE/EUR,3.987,5.02,3.898,4.644,558549.6,2592419.6983
1627603200000,2021-07-30 00:00:00,RUNE/EUR,4.644,5.5,4.355,5.335,338805.3,1641896.8002
1627689600000,2021-07-31 00:00:00,RUNE/EUR,5.361,5.716,5.056,5.49,288668.0,1563590.7543
1627776000000,2021-08-01 00:00:00,RUNE/EUR,5.51,5.721,5.06,5.129,187598.5,1023758.0808
1627862400000,2021-08-02 00:00:00,RUNE/EUR,5.111,6.358,4.941,6.252,311984.7,1778511.399
1627948800000,2021-08-03 00:00:00,RUNE/EUR,6.214,6.512,5.65,5.771,256248.6,1539888.3227
1628035200000,2021-08-04 00:00:00,RUNE/EUR,5.794,7.042,5.682,6.754,300923.1,1976038.2135
1628121600000,2021-08-05 00:00:00,RUNE/EUR,6.765,7.17,6.519,6.916,175652.2,1198287.3436
1628208000000,2021-08-06 00:00:00,RUNE/EUR,6.931,6.956,6.593,6.661,176726.0,1195068.5307
1628294400000,2021-08-07 00:00:00,RUNE/EUR,6.672,6.99,6.231,6.512,211242.9,1390058.2309
1628380800000,2021-08-08 00:00:00,RUNE/EUR,6.501,6.548,5.622,5.789,188071.1,1140093.3854
1628467200000,2021-08-09 00:00:00,RUNE/EUR,5.801,6.6,5.53,5.927,213053.3,1312820.4274
1628553600000,2021-08-10 00:00:00,RUNE/EUR,5.889,6.33,5.712,6.131,192001.0,1159803.3896
1628640000000,2021-08-11 00:00:00,RUNE/EUR,6.151,6.595,6.024,6.107,192332.1,1224527.2186
1628726400000,2021-08-12 00:00:00,RUNE/EUR,6.105,6.359,5.627,5.867,115731.5,685921.7309
1628812800000,2021-08-13 00:00:00,RUNE/EUR,5.881,6.459,5.811,6.255,101423.6,625500.7227
1628899200000,2021-08-14 00:00:00,RUNE/EUR,6.263,6.7,6.076,6.64,150721.7,957632.7391
1628985600000,2021-08-15 00:00:00,RUNE/EUR,6.638,7.521,6.638,7.212,174837.6,1247878.1999
1629072000000,2021-08-16 00:00:00,RUNE/EUR,7.247,8.244,7.081,7.454,133128.4,1027819.0907
1629158400000,2021-08-17 00:00:00,RUNE/EUR,7.456,8.378,7.088,7.275,147072.0,1144011.6518
1629244800000,2021-08-18 00:00:00,RUNE/EUR,7.303,7.418,6.762,6.982,101799.5,723262.5109
1629331200000,2021-08-19 00:00:00,RUNE/EUR,7.014,7.748,6.843,7.56,104959.4,759758.1767
1629417600000,2021-08-20 00:00:00,RUNE/EUR,7.597,8.121,7.479,7.954,97652.3,771913.3828
1629504000000,2021-08-21 00:00:00,RUNE/EUR,7.945,10.066,7.79,9.736,236269.7,2136229.5038
1629590400000,2021-08-22 00:00:00,RUNE/EUR,9.71,9.898,8.722,9.133,125635.7,1153781.9701
1629676800000,2021-08-23 00:00:00,RUNE/EUR,9.159,10.703,9.107,9.818,175525.6,1759711.2282
1629763200000,2021-08-24 00:00:00,RUNE/EUR,9.815,10.308,8.826,8.946,169136.5,1611653.2134
1629849600000,2021-08-25 00:00:00,RUNE/EUR,8.925,9.372,8.452,9.007,114490.6,1012600.171
1629936000000,2021-08-26 00:00:00,RUNE/EUR,9.001,9.255,7.951,8.218,85204.5,709269.0609
1630022400000,2021-08-27 00:00:00,RUNE/EUR,8.246,9.106,8.003,8.852,89252.1,780064.6794
1630108800000,2021-08-28 00:00:00,RUNE/EUR,8.855,9.091,8.35,8.502,66280.9,572207.804
1630195200000,2021-08-29 00:00:00,RUNE/EUR,8.564,8.727,8.2,8.52,75730.8,642600.4727
1630281600000,2021-08-30 00:00:00,RUNE/EUR,8.47,8.89,7.941,8.195,70026.0,581862.5496
1630368000000,2021-08-31 00:00:00,RUNE/EUR,8.19,8.79,8.096,8.474,69887.6,587499.5804
1630454400000,2021-09-01 00:00:00,RUNE/EUR,8.405,9.371,8.172,9.061,75826.6,680936.3991
1630540800000,2021-09-02 00:00:00,RUNE/EUR,9.105,9.179,8.689,8.777,67906.6,603763.5247
1630627200000,2021-09-03 00:00:00,RUNE/EUR,8.772,8.836,8.48,8.634,57952.7,503583.5895
1630713600000,2021-09-04 00:00:00,RUNE/EUR,8.622,9.24,8.505,8.765,53729.6,478176.5624
1630800000000,2021-09-05 00:00:00,RUNE/EUR,8.764,9.043,8.699,8.781,44439.6,391640.2445
1630886400000,2021-09-06 00:00:00,RUNE/EUR,8.788,10.246,8.746,9.906,207398.3,1991461.7772
1630972800000,2021-09-07 00:00:00,RUNE/EUR,9.942,10.257,6.5,8.175,267748.7,2159007.7149
1631059200000,2021-09-08 00:00:00,RUNE/EUR,8.222,8.5,6.854,7.654,85121.4,647000.0284
1631145600000,2021-09-09 00:00:00,RUNE/EUR,7.728,8.196,7.385,7.7,68620.6,533685.4736
1631232000000,2021-09-10 00:00:00,RUNE/EUR,7.824,8.27,6.961,7.233,69012.5,516304.5075
1631318400000,2021-09-11 00:00:00,RUNE/EUR,7.25,7.898,7.15,7.289,34563.8,257004.8645
1631404800000,2021-09-12 00:00:00,RUNE/EUR,7.297,8.015,7.106,7.781,92140.9,694450.3366
1631491200000,2021-09-13 00:00:00,RUNE/EUR,7.781,7.93,6.706,7.151,74831.9,529294.5717
1631577600000,2021-09-14 00:00:00,RUNE/EUR,7.161,7.926,7.1,7.86,64418.2,485041.6594
1631664000000,2021-09-15 00:00:00,RUNE/EUR,7.929,8.684,7.757,8.599,32615.2,263663.2765
1631750400000,2021-09-16 00:00:00,RUNE/EUR,8.668,9.6,8.307,8.567,99542.5,892607.9614
1631836800000,2021-09-17 00:00:00,RUNE/EUR,8.606,8.67,7.914,8.25,54337.1,450609.0448
1631923200000,2021-09-18 00:00:00,RUNE/EUR,8.215,9.193,8.058,8.489,44418.0,386514.2129
1632009600000,2021-09-19 00:00:00,RUNE/EUR,8.475,8.511,7.661,7.796,44595.8,363218.002
1632096000000,2021-09-20 00:00:00,RUNE/EUR,7.787,7.792,6.1,6.345,120543.1,821236.1974
1632182400000,2021-09-21 00:00:00,RUNE/EUR,6.361,6.764,5.568,5.74,92622.4,568240.4954
1632268800000,2021-09-22 00:00:00,RUNE/EUR,5.787,6.88,5.673,6.642,95358.8,606465.0623
1632355200000,2021-09-23 00:00:00,RUNE/EUR,6.633,7.82,6.431,7.815,79589.6,553724.1842
1632441600000,2021-09-24 00:00:00,RUNE/EUR,7.815,7.913,6.38,6.808,147703.1,1025408.4935
1632528000000,2021-09-25 00:00:00,RUNE/EUR,6.821,6.961,6.249,6.261,71123.3,471622.8538
1632614400000,2021-09-26 00:00:00,RUNE/EUR,6.25,6.515,5.8,6.179,69506.7,426847.9574
1632700800000,2021-09-27 00:00:00,RUNE/EUR,6.168,6.7,5.945,5.984,41767.9,264416.8304
1632787200000,2021-09-28 00:00:00,RUNE/EUR,5.945,6.123,5.604,5.694,55603.6,323977.5649
1632873600000,2021-09-29 00:00:00,RUNE/EUR,5.781,6.12,5.485,5.638,37275.5,215293.5342
1632960000000,2021-09-30 00:00:00,RUNE/EUR,5.623,6.052,5.596,6.023,71365.3,416468.3093
1633046400000,2021-10-01 00:00:00,RUNE/EUR,6.044,6.893,5.937,6.884,98723.1,644753.955
1633132800000,2021-10-02 00:00:00,RUNE/EUR,6.871,7.734,6.796,7.115,82232.0,599975.57
1633219200000,2021-10-03 00:00:00,RUNE/EUR,7.081,7.793,6.837,7.538,60680.0,447148.7424
1633305600000,2021-10-04 00:00:00,RUNE/EUR,7.481,7.975,7.013,7.821,63774.4,481815.9901
1633392000000,2021-10-05 00:00:00,RUNE/EUR,7.878,7.934,7.37,7.64,60014.4,457346.155
1633478400000,2021-10-06 00:00:00,RUNE/EUR,7.663,7.702,6.955,7.404,91427.5,670193.8778
1633564800000,2021-10-07 00:00:00,RUNE/EUR,7.362,7.55,7.107,7.252,39355.6,285815.2547
1633651200000,2021-10-08 00:00:00,RUNE/EUR,7.24,7.594,7.022,7.149,43014.5,313816.7974
1633737600000,2021-10-09 00:00:00,RUNE/EUR,7.074,7.221,6.89,6.969,24419.8,172645.8546
1633824000000,2021-10-10 00:00:00,RUNE/EUR,6.955,7.124,6.455,6.525,40034.9,273242.7456
1633910400000,2021-10-11 00:00:00,RUNE/EUR,6.484,6.892,6.298,6.383,33990.9,223574.6543
1633996800000,2021-10-12 00:00:00,RUNE/EUR,6.405,6.44,5.939,6.296,46661.7,288581.9042
1634083200000,2021-10-13 00:00:00,RUNE/EUR,6.312,6.513,6.079,6.299,36429.6,227390.7624
1634169600000,2021-10-14 00:00:00,RUNE/EUR,6.321,6.76,6.273,6.665,34523.1,226566.3114
1634256000000,2021-10-15 00:00:00,RUNE/EUR,6.687,7.034,6.491,6.844,60536.9,410109.452
1634342400000,2021-10-16 00:00:00,RUNE/EUR,6.847,7.312,6.751,6.943,37294.7,263294.5474
1634428800000,2021-10-17 00:00:00,RUNE/EUR,6.931,6.97,6.39,6.673,26963.3,180948.8677
1634515200000,2021-10-18 00:00:00,RUNE/EUR,6.676,6.855,6.424,6.598,33470.8,221695.308
1634601600000,2021-10-19 00:00:00,RUNE/EUR,6.572,6.72,6.145,6.435,58759.8,378540.7508
1634688000000,2021-10-20 00:00:00,RUNE/EUR,6.421,6.959,6.281,6.785,59433.5,396374.9314
1634774400000,2021-10-21 00:00:00,RUNE/EUR,6.816,8.183,6.775,7.945,212760.5,1584194.7733
1634860800000,2021-10-22 00:00:00,RUNE/EUR,7.97,9.758,7.767,9.354,360597.5,3234505.0012
1634947200000,2021-10-23 00:00:00,RUNE/EUR,9.323,10.002,9.027,9.374,108062.3,1031884.0051
1635033600000,2021-10-24 00:00:00,RUNE/EUR,9.374,10.75,9.373,10.689,171655.4,1719226.4088
1635120000000,2021-10-25 00:00:00,RUNE/EUR,10.727,11.969,10.68,11.902,177686.8,1977954.3557
1635206400000,2021-10-26 00:00:00,RUNE/EUR,11.942,12.058,10.485,10.787,127290.6,1427129.0248
1635292800000,2021-10-27 00:00:00,RUNE/EUR,10.794,11.696,9.626,10.602,255236.0,2773288.1854
1635379200000,2021-10-28 00:00:00,RUNE/EUR,10.715,11.55,10.2,11.313,184951.9,2005470.3501
1635465600000,2021-10-29 00:00:00,RUNE/EUR,11.406,12.26,11.009,11.696,155341.5,1789990.799
1635552000000,2021-10-30 00:00:00,RUNE/EUR,11.752,13.0,11.644,12.174,191354.4,2401309.9314
1635638400000,2021-10-31 00:00:00,RUNE/EUR,12.174,12.884,11.338,12.884,48361.0,585894.0971
1635724800000,2021-11-01 00:00:00,RUNE/EUR,12.884,14.641,12.377,13.823,298922.4,4141816.121
1635811200000,2021-11-02 00:00:00,RUNE/EUR,13.711,14.915,13.705,14.374,143031.8,2031226.6602
1635897600000,2021-11-03 00:00:00,RUNE/EUR,14.352,14.865,13.33,13.332,116795.8,1647892.9149
1635984000000,2021-11-04 00:00:00,RUNE/EUR,13.328,13.334,12.2,12.329,58945.7,749672.7257
1636070400000,2021-11-05 00:00:00,RUNE/EUR,12.27,12.964,11.69,12.051,57058.9,702205.1417
1636156800000,2021-11-06 00:00:00,RUNE/EUR,12.045,12.472,11.556,11.969,28373.2,339738.4764
1636243200000,2021-11-07 00:00:00,RUNE/EUR,11.976,12.774,11.862,12.231,35023.3,433753.782
1636329600000,2021-11-08 00:00:00,RUNE/EUR,12.178,12.326,11.605,11.869,47335.8,565934.5189
1636416000000,2021-11-09 00:00:00,RUNE/EUR,11.822,11.839,10.9,11.142,72940.5,825892.4784
1636502400000,2021-11-10 00:00:00,RUNE/EUR,11.154,12.057,10.257,10.773,112559.2,1267287.6447
1636588800000,2021-11-11 00:00:00,RUNE/EUR,10.695,11.825,10.528,11.233,33365.0,378021.647
1636675200000,2021-11-12 00:00:00,RUNE/EUR,11.177,11.431,10.291,10.493,52928.1,568782.0284
1636761600000,2021-11-13 00:00:00,RUNE/EUR,10.518,11.577,10.385,11.4,27034.1,295734.905
1636848000000,2021-11-14 00:00:00,RUNE/EUR,11.459,12.15,10.879,11.123,47125.2,543538.6853
1636934400000,2021-11-15 00:00:00,RUNE/EUR,11.146,11.6,10.592,10.693,54502.8,605365.3224
1637020800000,2021-11-16 00:00:00,RUNE/EUR,10.641,10.641,8.966,9.641,131269.4,1281362.2501
1637107200000,2021-11-17 00:00:00,RUNE/EUR,9.613,9.878,9.067,9.634,67093.8,636555.8213
1637193600000,2021-11-18 00:00:00,RUNE/EUR,9.605,10.025,8.167,8.632,99815.7,885311.9251
1637280000000,2021-11-19 00:00:00,RUNE/EUR,8.632,9.959,8.56,9.875,55607.7,523449.9906
1637366400000,2021-11-20 00:00:00,RUNE/EUR,9.794,10.39,9.471,10.266,54444.5,543389.2453
1637452800000,2021-11-21 00:00:00,RUNE/EUR,10.233,10.273,9.586,9.711,32821.6,322912.3417
1637539200000,2021-11-22 00:00:00,RUNE/EUR,9.679,10.1,9.043,9.205,58840.0,552960.3881
1637625600000,2021-11-23 00:00:00,RUNE/EUR,9.205,9.487,8.823,9.421,41139.3,378365.113
1637712000000,2021-11-24 00:00:00,RUNE/EUR,9.443,10.698,9.348,9.927,77677.7,775195.3567
1637798400000,2021-11-25 00:00:00,RUNE/EUR,9.94,11.717,9.69,11.564,79904.9,860897.8378
1637884800000,2021-11-26 00:00:00,RUNE/EUR,11.6,12.076,9.614,9.765,136293.1,1419971.6122
1637971200000,2021-11-27 00:00:00,RUNE/EUR,9.777,10.794,9.67,9.973,48338.7,490611.7243
1638057600000,2021-11-28 00:00:00,RUNE/EUR,9.969,9.985,8.885,9.931,51507.9,489862.5459
1638144000000,2021-11-29 00:00:00,RUNE/EUR,9.901,10.145,9.4,9.45,36540.1,353252.4527
1638230400000,2021-11-30 00:00:00,RUNE/EUR,9.458,10.181,9.0,9.906,57838.0,556561.5012
1638316800000,2021-12-01 00:00:00,RUNE/EUR,9.952,10.261,9.428,9.571,42537.9,419708.3236
1638403200000,2021-12-02 00:00:00,RUNE/EUR,9.563,9.587,9.168,9.303,44063.5,413745.2782
1638489600000,2021-12-03 00:00:00,RUNE/EUR,9.281,9.46,8.338,8.922,59267.6,529349.1833
1638576000000,2021-12-04 00:00:00,RUNE/EUR,8.92,8.93,5.65,7.84,167108.6,1191744.7594
1638662400000,2021-12-05 00:00:00,RUNE/EUR,7.855,7.95,6.66,6.93,76412.3,553027.8177
1638748800000,2021-12-06 00:00:00,RUNE/EUR,6.961,6.961,5.847,6.779,127843.8,819449.5744
1638835200000,2021-12-07 00:00:00,RUNE/EUR,6.786,7.038,6.329,6.465,92706.3,621254.0051
1638921600000,2021-12-08 00:00:00,RUNE/EUR,6.477,7.092,6.246,7.068,70709.8,468762.1846
1639008000000,2021-12-09 00:00:00,RUNE/EUR,7.088,7.381,6.171,6.183,57513.7,378586.9955
1639094400000,2021-12-10 00:00:00,RUNE/EUR,6.205,6.628,5.792,5.792,81032.1,499869.9532
1639180800000,2021-12-11 00:00:00,RUNE/EUR,5.791,6.353,5.681,6.22,41646.5,248641.7862
1639267200000,2021-12-12 00:00:00,RUNE/EUR,6.223,6.411,5.9,6.309,26279.9,161659.0782
1639353600000,2021-12-13 00:00:00,RUNE/EUR,6.377,6.381,5.313,5.562,74828.8,425550.7462
1639440000000,2021-12-14 00:00:00,RUNE/EUR,5.539,5.721,5.356,5.556,55422.1,306876.9451
1639526400000,2021-12-15 00:00:00,RUNE/EUR,5.594,6.084,5.126,5.899,61240.5,340430.7755
1639612800000,2021-12-16 00:00:00,RUNE/EUR,5.89,6.396,5.716,5.76,46839.8,282333.6311
1639699200000,2021-12-17 00:00:00,RUNE/EUR,5.721,5.843,5.326,5.585,56928.4,317520.8876
1639785600000,2021-12-18 00:00:00,RUNE/EUR,5.581,5.827,5.417,5.771,37484.3,213078.3446
1639872000000,2021-12-19 00:00:00,RUNE/EUR,5.778,5.796,5.464,5.489,26926.1,151444.86
1639958400000,2021-12-20 00:00:00,RUNE/EUR,5.473,5.872,5.184,5.657,67023.8,365929.2395
1640044800000,2021-12-21 00:00:00,RUNE/EUR,5.684,6.258,5.578,6.095,44702.5,267399.6183
1640131200000,2021-12-22 00:00:00,RUNE/EUR,6.074,6.793,6.071,6.39,63619.9,412533.4577
1640217600000,2021-12-23 00:00:00,RUNE/EUR,6.422,6.95,6.164,6.901,93840.7,617940.9859
1640304000000,2021-12-24 00:00:00,RUNE/EUR,6.843,7.223,6.553,6.718,43999.3,302723.4137
1640390400000,2021-12-25 00:00:00,RUNE/EUR,6.744,7.173,6.724,6.982,29222.7,202773.7654
1640476800000,2021-12-26 00:00:00,RUNE/EUR,6.996,7.031,6.607,6.885,85367.7,584442.6524
1640563200000,2021-12-27 00:00:00,RUNE/EUR,6.885,7.843,6.816,7.31,70263.4,519298.534
1640649600000,2021-12-28 00:00:00,RUNE/EUR,7.27,7.27,6.321,6.393,89409.0,602602.4026
1640736000000,2021-12-29 00:00:00,RUNE/EUR,6.402,6.644,5.912,5.991,66483.1,418423.9176
1640822400000,2021-12-30 00:00:00,RUNE/EUR,5.969,6.282,5.85,6.079,40365.4,245985.4339
1640908800000,2021-12-31 00:00:00,RUNE/EUR,6.081,6.425,5.836,5.988,34785.3,212222.0141
1640995200000,2022-01-01 00:00:00,RUNE/EUR,5.979,6.571,5.979,6.499,21769.8,137117.8324
1641081600000,2022-01-02 00:00:00,RUNE/EUR,6.48,6.813,6.45,6.514,32170.3,212402.4755
1641168000000,2022-01-03 00:00:00,RUNE/EUR,6.495,6.548,6.187,6.459,50780.2,323536.3456
1641254400000,2022-01-04 00:00:00,RUNE/EUR,6.496,7.338,6.3,6.9,68498.6,480872.5596
1641340800000,2022-01-05 00:00:00,RUNE/EUR,6.913,7.27,5.954,6.287,86140.9,568787.3108
1641427200000,2022-01-06 00:00:00,RUNE/EUR,6.271,6.405,5.782,6.188,78644.4,479753.9976
1641513600000,2022-01-07 00:00:00,RUNE/EUR,6.188,6.21,5.624,5.747,65938.6,389725.6672
1641600000000,2022-01-08 00:00:00,RUNE/EUR,5.766,5.98,5.13,5.351,77873.3,428320.7452
1641686400000,2022-01-09 00:00:00,RUNE/EUR,5.351,5.66,5.224,5.47,51072.1,277374.032
1641772800000,2022-01-10 00:00:00,RUNE/EUR,5.477,5.652,4.857,5.073,67115.4,343917.7785
1641859200000,2022-01-11 00:00:00,RUNE/EUR,5.022,5.66,4.999,5.435,63030.1,339716.3947
1641945600000,2022-01-12 00:00:00,RUNE/EUR,5.45,6.155,5.323,6.135,47199.0,268363.4417
1642032000000,2022-01-13 00:00:00,RUNE/EUR,6.12,6.238,5.497,5.512,81732.9,474820.1673
1642118400000,2022-01-14 00:00:00,RUNE/EUR,5.54,5.684,5.338,5.62,55507.3,307654.7016
1642204800000,2022-01-15 00:00:00,RUNE/EUR,5.604,5.854,5.513,5.726,36832.1,208822.1205
1642291200000,2022-01-16 00:00:00,RUNE/EUR,5.714,5.748,5.446,5.524,36113.3,201604.7632
1642377600000,2022-01-17 00:00:00,RUNE/EUR,5.54,5.54,5.065,5.175,26059.1,136633.5404
1642464000000,2022-01-18 00:00:00,RUNE/EUR,5.186,5.225,4.911,5.129,34260.2,172978.894
1642550400000,2022-01-19 00:00:00,RUNE/EUR,5.131,5.131,4.719,4.749,29257.1,141280.6002
1642636800000,2022-01-20 00:00:00,RUNE/EUR,4.745,5.201,4.45,4.487,45730.9,221162.4607
1642723200000,2022-01-21 00:00:00,RUNE/EUR,4.474,4.539,3.676,3.792,107854.3,448089.3102
1642809600000,2022-01-22 00:00:00,RUNE/EUR,3.777,3.829,3.14,3.412,85507.1,294289.3329
1642896000000,2022-01-23 00:00:00,RUNE/EUR,3.464,3.749,3.308,3.464,58775.6,206508.9305
1642982400000,2022-01-24 00:00:00,RUNE/EUR,3.464,3.464,2.89,3.365,74540.3,233117.5053
1643068800000,2022-01-25 00:00:00,RUNE/EUR,3.351,3.833,3.25,3.706,58808.8,209962.3248
1643155200000,2022-01-26 00:00:00,RUNE/EUR,3.678,4.072,3.548,3.636,95298.5,362400.556
1643241600000,2022-01-27 00:00:00,RUNE/EUR,3.633,3.705,3.413,3.551,28300.6,101085.1096
1643328000000,2022-01-28 00:00:00,RUNE/EUR,3.6,3.685,3.437,3.62,22680.7,80319.5781
1643414400000,2022-01-29 00:00:00,RUNE/EUR,3.62,3.889,3.62,3.805,23092.1,86667.9471
1643500800000,2022-01-30 00:00:00,RUNE/EUR,3.805,3.847,3.551,3.624,17564.5,65054.0233
1643587200000,2022-01-31 00:00:00,RUNE/EUR,3.571,3.693,3.423,3.672,12250.2,43595.9959
1643673600000,2022-02-01 00:00:00,RUNE/EUR,3.672,3.812,3.639,3.729,31268.8,116568.5094
1643760000000,2022-02-02 00:00:00,RUNE/EUR,3.687,3.78,3.379,3.39,27219.2,97911.0416
1643846400000,2022-02-03 00:00:00,RUNE/EUR,3.386,3.528,3.269,3.364,33635.7,112969.6513
1643932800000,2022-02-04 00:00:00,RUNE/EUR,3.343,3.755,3.332,3.753,29944.3,105465.2825
1644019200000,2022-02-05 00:00:00,RUNE/EUR,3.742,4.23,3.742,4.078,65560.9,265807.9548
1644105600000,2022-02-06 00:00:00,RUNE/EUR,4.098,4.412,4.063,4.252,49300.0,207707.0607
1644192000000,2022-02-07 00:00:00,RUNE/EUR,4.269,4.576,4.12,4.384,63582.5,277837.8482
1644278400000,2022-02-08 00:00:00,RUNE/EUR,4.384,4.488,4.006,4.234,30391.8,128089.304
1644364800000,2022-02-09 00:00:00,RUNE/EUR,4.201,4.345,4.087,4.292,13045.9,55510.1965
1644451200000,2022-02-10 00:00:00,RUNE/EUR,4.305,4.362,3.945,3.971,31284.5,128940.2989
1644537600000,2022-02-11 00:00:00,RUNE/EUR,3.971,4.01,3.538,3.615,32820.0,126192.9768
1644624000000,2022-02-12 00:00:00,RUNE/EUR,3.59,3.721,3.494,3.551,21927.0,79245.9745
1644710400000,2022-02-13 00:00:00,RUNE/EUR,3.563,3.65,3.43,3.456,15344.5,54668.0488
1644796800000,2022-02-14 00:00:00,RUNE/EUR,3.453,3.642,3.369,3.642,14224.7,49458.516
1644883200000,2022-02-15 00:00:00,RUNE/EUR,3.649,3.969,3.633,3.956,24572.4,95135.2216
1644969600000,2022-02-16 00:00:00,RUNE/EUR,3.918,4.2,3.762,4.0,26928.1,106889.4864
1645056000000,2022-02-17 00:00:00,RUNE/EUR,4.045,4.098,3.578,3.637,53065.2,199187.3895
1645142400000,2022-02-18 00:00:00,RUNE/EUR,3.629,3.767,3.49,3.568,33573.4,120648.1451
1645228800000,2022-02-19 00:00:00,RUNE/EUR,3.598,3.715,3.443,3.555,12791.1,45880.1564
1645315200000,2022-02-20 00:00:00,RUNE/EUR,3.529,3.529,3.289,3.365,23632.5,79878.6084
1645401600000,2022-02-21 00:00:00,RUNE/EUR,3.365,3.521,3.085,3.102,26886.5,89442.9555
1645488000000,2022-02-22 00:00:00,RUNE/EUR,3.099,3.243,3.0,3.221,42335.2,131502.1084
1645574400000,2022-02-23 00:00:00,RUNE/EUR,3.242,3.401,3.089,3.113,26402.6,85944.6436
1645660800000,2022-02-24 00:00:00,RUNE/EUR,3.085,3.137,2.683,3.082,61327.6,173846.5562
1645747200000,2022-02-25 00:00:00,RUNE/EUR,3.07,3.283,3.043,3.257,19212.6,60419.8578
1645833600000,2022-02-26 00:00:00,RUNE/EUR,3.281,3.516,3.257,3.397,22057.1,73981.0207
1645920000000,2022-02-27 00:00:00,RUNE/EUR,3.397,3.505,3.08,3.13,19847.2,65630.6434
1646006400000,2022-02-28 00:00:00,RUNE/EUR,3.089,3.582,3.042,3.572,35222.4,115829.6726
1646092800000,2022-03-01 00:00:00,RUNE/EUR,3.595,5.03,3.595,4.963,149172.2,652480.5002
1646179200000,2022-03-02 00:00:00,RUNE/EUR,4.971,5.332,4.703,4.879,95787.4,475841.2535
1646265600000,2022-03-03 00:00:00,RUNE/EUR,4.915,5.464,4.671,4.751,92375.9,468803.4185
1646352000000,2022-03-04 00:00:00,RUNE/EUR,4.845,5.543,4.734,4.825,112455.3,581684.7425
1646438400000,2022-03-05 00:00:00,RUNE/EUR,4.79,4.79,4.329,4.398,82952.6,375053.1576
1646524800000,2022-03-06 00:00:00,RUNE/EUR,4.385,4.612,4.2,4.306,28697.5,127127.6282
1646611200000,2022-03-07 00:00:00,RUNE/EUR,4.34,4.473,3.873,3.95,47557.2,195430.6248
1646697600000,2022-03-08 00:00:00,RUNE/EUR,3.956,4.016,3.7,3.755,38560.6,150051.348
1646784000000,2022-03-09 00:00:00,RUNE/EUR,3.771,5.079,3.771,4.963,207451.8,922154.8253
1646870400000,2022-03-10 00:00:00,RUNE/EUR,4.966,4.994,4.367,4.87,128746.2,600935.601
1646956800000,2022-03-11 00:00:00,RUNE/EUR,4.831,5.74,4.599,5.208,163433.8,856457.5159
1647043200000,2022-03-12 00:00:00,RUNE/EUR,5.236,6.191,5.16,6.005,200801.7,1134681.1043
1647129600000,2022-03-13 00:00:00,RUNE/EUR,5.99,6.155,5.568,5.889,203192.6,1199089.8651
1647216000000,2022-03-14 00:00:00,RUNE/EUR,5.836,7.061,5.776,6.653,339132.8,2228431.6732
1647302400000,2022-03-15 00:00:00,RUNE/EUR,6.65,7.296,6.573,6.75,313248.0,2193984.9234
1647388800000,2022-03-16 00:00:00,RUNE/EUR,6.743,7.074,6.158,6.971,292913.8,1912099.6292
1647475200000,2022-03-17 00:00:00,RUNE/EUR,6.965,7.787,6.956,7.131,214598.8,1602366.7734
1647561600000,2022-03-18 00:00:00,RUNE/EUR,7.137,8.06,6.7,7.979,240707.2,1725356.2328
1647648000000,2022-03-19 00:00:00,RUNE/EUR,7.964,8.445,7.548,7.998,213597.6,1696289.8897
1647734400000,2022-03-20 00:00:00,RUNE/EUR,7.945,8.677,7.755,7.784,173270.6,1437221.5003
1647820800000,2022-03-21 00:00:00,RUNE/EUR,7.816,8.235,7.461,7.9,563535.3,4492633.0445
1647907200000,2022-03-22 00:00:00,RUNE/EUR,7.897,8.31,7.65,7.773,89668.5,716523.9798
1647993600000,2022-03-23 00:00:00,RUNE/EUR,7.793,7.836,7.482,7.667,66402.1,506806.0849
1648080000000,2022-03-24 00:00:00,RUNE/EUR,7.677,7.83,7.208,7.478,98871.4,741386.1771
1648166400000,2022-03-25 00:00:00,RUNE/EUR,7.488,8.999,7.34,8.675,217761.0,1828560.4075
1648252800000,2022-03-26 00:00:00,RUNE/EUR,8.687,9.711,8.581,9.69,159058.2,1466004.4007
1648339200000,2022-03-27 00:00:00,RUNE/EUR,9.653,9.986,9.158,9.461,112321.2,1063313.0533
1648425600000,2022-03-28 00:00:00,RUNE/EUR,9.498,10.005,9.044,9.126,119343.0,1146852.4437
1648512000000,2022-03-29 00:00:00,RUNE/EUR,9.143,11.596,9.143,10.767,329618.2,3578513.8998
1648598400000,2022-03-30 00:00:00,RUNE/EUR,10.698,11.3,10.523,10.718,137043.6,1489012.7785
1648684800000,2022-03-31 00:00:00,RUNE/EUR,10.675,11.815,10.25,10.359,251784.2,2799747.7286
1648771200000,2022-04-01 00:00:00,RUNE/EUR,10.399,11.4,10.0,11.239,105469.4,1115095.6275
1648857600000,2022-04-02 00:00:00,RUNE/EUR,11.186,11.24,10.306,10.373,56583.1,614900.6518
1648944000000,2022-04-03 00:00:00,RUNE/EUR,10.373,10.667,10.052,10.151,51810.1,534789.5741
1649030400000,2022-04-04 00:00:00,RUNE/EUR,10.143,10.179,9.295,10.113,107089.0,1052805.5404
1649116800000,2022-04-05 00:00:00,RUNE/EUR,10.089,10.924,9.842,9.941,127514.7,1321586.0762
1649203200000,2022-04-06 00:00:00,RUNE/EUR,9.954,9.964,8.4,8.465,241286.3,2179938.7162
1649289600000,2022-04-07 00:00:00,RUNE/EUR,8.458,9.145,8.22,9.063,101408.3,877885.9054
1649376000000,2022-04-08 00:00:00,RUNE/EUR,9.034,9.182,7.889,7.961,73007.9,625144.9216
1649462400000,2022-04-09 00:00:00,RUNE/EUR,7.99,8.671,7.961,8.666,61864.2,510980.401
1649548800000,2022-04-10 00:00:00,RUNE/EUR,8.601,8.736,8.145,8.171,34452.4,292625.4769
1649635200000,2022-04-11 00:00:00,RUNE/EUR,8.175,8.177,6.929,7.089,104682.1,776558.2283
1649721600000,2022-04-12 00:00:00,RUNE/EUR,7.107,7.591,6.946,7.226,82962.7,602168.337
1649808000000,2022-04-13 00:00:00,RUNE/EUR,7.191,7.988,6.865,7.972,99507.3,747665.7674
1649894400000,2022-04-14 00:00:00,RUNE/EUR,7.97,8.586,7.673,7.715,111962.5,904761.0486
1649980800000,2022-04-15 00:00:00,RUNE/EUR,7.711,8.063,7.615,7.871,39287.8,307768.999
1650067200000,2022-04-16 00:00:00,RUNE/EUR,7.871,7.876,7.244,7.404,36278.5,270858.162
1650153600000,2022-04-17 00:00:00,RUNE/EUR,7.401,7.588,7.037,7.065,28965.1,214233.9575
1650240000000,2022-04-18 00:00:00,RUNE/EUR,7.047,7.872,6.674,7.668,120484.0,867575.874
1650326400000,2022-04-19 00:00:00,RUNE/EUR,7.669,8.574,7.669,8.528,98681.8,810673.7776
1650412800000,2022-04-20 00:00:00,RUNE/EUR,8.525,8.914,8.15,8.391,102901.5,871959.1481
1650499200000,2022-04-21 00:00:00,RUNE/EUR,8.372,9.089,7.853,7.977,156064.9,1331403.5138
1650585600000,2022-04-22 00:00:00,RUNE/EUR,7.938,8.597,7.739,7.863,96655.9,790042.2211
1650672000000,2022-04-23 00:00:00,RUNE/EUR,7.848,7.933,7.545,7.613,50206.6,389369.6228
1650758400000,2022-04-24 00:00:00,RUNE/EUR,7.611,7.704,7.215,7.233,44243.9,328474.2197
1650844800000,2022-04-25 00:00:00,RUNE/EUR,7.226,7.962,6.845,7.898,121219.8,895136.6783
1650931200000,2022-04-26 00:00:00,RUNE/EUR,7.906,8.052,7.001,7.267,115538.7,850729.6979
1651017600000,2022-04-27 00:00:00,RUNE/EUR,7.234,7.582,7.068,7.256,79235.0,582858.4035
1651104000000,2022-04-28 00:00:00,RUNE/EUR,7.256,7.504,7.06,7.186,74681.3,542859.1774
1651190400000,2022-04-29 00:00:00,RUNE/EUR,7.2,7.274,6.366,6.48,129989.9,874601.2433
1651276800000,2022-04-30 00:00:00,RUNE/EUR,6.486,6.812,5.561,5.767,69484.6,430687.7605
1651363200000,2022-05-01 00:00:00,RUNE/EUR,5.765,6.319,5.636,6.073,71813.0,426153.9557
1651449600000,2022-05-02 00:00:00,RUNE/EUR,6.077,6.347,5.791,5.992,82122.9,499470.619
1651536000000,2022-05-03 00:00:00,RUNE/EUR,6.024,6.131,5.8,5.905,26895.1,160363.3018
1651622400000,2022-05-04 00:00:00,RUNE/EUR,5.921,7.032,5.909,7.011,130276.0,850590.3475
1651708800000,2022-05-05 00:00:00,RUNE/EUR,7.004,7.32,5.983,6.35,132671.0,868127.5148
1651795200000,2022-05-06 00:00:00,RUNE/EUR,6.346,6.446,5.809,6.001,48300.7,295280.5025
1651881600000,2022-05-07 00:00:00,RUNE/EUR,5.95,6.017,5.37,5.585,37913.5,217402.2412
1651968000000,2022-05-08 00:00:00,RUNE/EUR,5.63,5.802,5.363,5.471,45721.9,254338.0184
1652054400000,2022-05-09 00:00:00,RUNE/EUR,5.471,5.6,4.283,4.307,123731.2,595518.6343
1652140800000,2022-05-10 00:00:00,RUNE/EUR,4.32,5.154,4.0,4.188,141341.0,649857.7058
1652227200000,2022-05-11 00:00:00,RUNE/EUR,4.194,4.313,2.71,2.97,365057.9,1258981.4092
1652313600000,2022-05-12 00:00:00,RUNE/EUR,2.99,3.214,2.098,2.836,249340.8,667253.8218
1652400000000,2022-05-13 00:00:00,RUNE/EUR,2.831,3.575,2.819,3.094,153205.0,507851.9524
1652486400000,2022-05-14 00:00:00,RUNE/EUR,3.118,3.364,2.88,3.364,51367.3,158555.9652
1652572800000,2022-05-15 00:00:00,RUNE/EUR,3.302,3.677,3.113,3.613,56952.0,194029.3035
1652659200000,2022-05-16 00:00:00,RUNE/EUR,3.613,3.613,3.03,3.05,103219.0,333215.7991
1652745600000,2022-05-17 00:00:00,RUNE/EUR,3.1,3.356,3.048,3.23,64276.6,205803.0793
1652832000000,2022-05-18 00:00:00,RUNE/EUR,3.23,3.292,2.81,2.832,81678.4,245841.9572
1652918400000,2022-05-19 00:00:00,RUNE/EUR,2.833,3.0,2.712,2.89,69656.0,198126.9041
1653004800000,2022-05-20 00:00:00,RUNE/EUR,2.871,2.974,2.632,2.734,105374.9,291639.5485
1653091200000,2022-05-21 00:00:00,RUNE/EUR,2.72,2.836,2.678,2.807,22450.0,61967.1269
1653177600000,2022-05-22 00:00:00,RUNE/EUR,2.814,2.972,2.741,2.94,39034.3,111438.5091
1653264000000,2022-05-23 00:00:00,RUNE/EUR,2.928,3.177,2.74,2.758,93885.8,281172.2294
1653350400000,2022-05-24 00:00:00,RUNE/EUR,2.769,2.901,2.67,2.85,36388.0,101508.7548
1653436800000,2022-05-25 00:00:00,RUNE/EUR,2.833,2.962,2.762,2.888,26235.5,75086.9747
1653523200000,2022-05-26 00:00:00,RUNE/EUR,2.912,2.984,2.485,2.487,68751.7,180726.7257
1653609600000,2022-05-27 00:00:00,RUNE/EUR,2.504,2.508,2.223,2.264,87714.9,204552.6375
1653696000000,2022-05-28 00:00:00,RUNE/EUR,2.266,2.418,2.247,2.404,40393.5,94802.8811
1653782400000,2022-05-29 00:00:00,RUNE/EUR,2.394,2.564,2.283,2.512,49453.9,122350.5662
1653868800000,2022-05-30 00:00:00,RUNE/EUR,2.515,3.17,2.481,3.06,94932.3,274165.623
1653955200000,2022-05-31 00:00:00,RUNE/EUR,3.075,3.253,2.877,2.945,104859.7,319144.8487
1654041600000,2022-06-01 00:00:00,RUNE/EUR,2.947,3.018,2.565,2.62,83571.7,232032.0344
1654128000000,2022-06-02 00:00:00,RUNE/EUR,2.58,2.745,2.54,2.698,40941.0,108515.5373
1654214400000,2022-06-03 00:00:00,RUNE/EUR,2.686,2.73,2.485,2.551,34673.9,88878.6499
1654300800000,2022-06-04 00:00:00,RUNE/EUR,2.551,2.815,2.498,2.762,26545.8,71369.9243
1654387200000,2022-06-05 00:00:00,RUNE/EUR,2.784,2.793,2.622,2.623,18622.9,50215.3952
1654473600000,2022-06-06 00:00:00,RUNE/EUR,2.668,3.065,2.66,2.909,76228.7,224109.1356
1654560000000,2022-06-07 00:00:00,RUNE/EUR,2.903,2.914,2.63,2.72,129820.9,357190.5649
1654646400000,2022-06-08 00:00:00,RUNE/EUR,2.726,2.787,2.638,2.673,57909.7,156395.5235
1654732800000,2022-06-09 00:00:00,RUNE/EUR,2.662,2.765,2.615,2.646,34065.7,91604.611
1654819200000,2022-06-10 00:00:00,RUNE/EUR,2.634,2.678,2.46,2.496,48189.5,123224.488
1654905600000,2022-06-11 00:00:00,RUNE/EUR,2.499,2.572,2.317,2.339,33126.0,81210.4147
1654992000000,2022-06-12 00:00:00,RUNE/EUR,2.367,2.377,2.115,2.115,49394.9,111332.2075
1655078400000,2022-06-13 00:00:00,RUNE/EUR,2.131,2.136,1.7,1.753,127494.7,236961.3044
1655164800000,2022-06-14 00:00:00,RUNE/EUR,1.75,1.909,1.615,1.854,109139.6,197049.6437
1655251200000,2022-06-15 00:00:00,RUNE/EUR,1.831,1.958,1.58,1.944,213380.8,363042.2442
1655337600000,2022-06-16 00:00:00,RUNE/EUR,1.964,2.0,1.57,1.596,83951.1,149331.6459
1655424000000,2022-06-17 00:00:00,RUNE/EUR,1.596,1.694,1.576,1.639,75833.5,124572.3547
1655510400000,2022-06-18 00:00:00,RUNE/EUR,1.642,1.661,1.375,1.501,151719.2,225907.1197
1655596800000,2022-06-19 00:00:00,RUNE/EUR,1.505,1.713,1.433,1.693,96748.2,149593.048
1655683200000,2022-06-20 00:00:00,RUNE/EUR,1.703,1.826,1.615,1.753,148299.3,257269.6673
1655769600000,2022-06-21 00:00:00,RUNE/EUR,1.744,1.924,1.723,1.746,138405.1,252726.1589
1655856000000,2022-06-22 00:00:00,RUNE/EUR,1.73,1.764,1.66,1.672,103324.0,176152.2117
1655942400000,2022-06-23 00:00:00,RUNE/EUR,1.679,2.079,1.679,2.069,121918.9,229628.5439
1656028800000,2022-06-24 00:00:00,RUNE/EUR,2.073,2.202,2.02,2.168,86089.9,181362.5701
1656115200000,2022-06-25 00:00:00,RUNE/EUR,2.171,2.325,2.13,2.304,56678.1,126617.7649
1656201600000,2022-06-26 00:00:00,RUNE/EUR,2.28,2.297,2.029,2.04,55899.6,121612.9301
1656288000000,2022-06-27 00:00:00,RUNE/EUR,2.04,2.113,1.925,1.938,402381.5,816168.2281
1656374400000,2022-06-28 00:00:00,RUNE/EUR,1.934,2.048,1.843,1.863,51660.5,100316.5911
1656460800000,2022-06-29 00:00:00,RUNE/EUR,1.852,1.9,1.784,1.854,37032.3,67966.1898
1656547200000,2022-06-30 00:00:00,RUNE/EUR,1.85,1.858,1.659,1.782,63269.3,108842.0129
1656633600000,2022-07-01 00:00:00,RUNE/EUR,1.777,1.852,1.699,1.719,62294.3,110006.6276
1656720000000,2022-07-02 00:00:00,RUNE/EUR,1.733,1.758,1.68,1.745,37442.9,64298.4807
1656806400000,2022-07-03 00:00:00,RUNE/EUR,1.735,1.877,1.7,1.877,45750.0,80681.2761
1656892800000,2022-07-04 00:00:00,RUNE/EUR,1.859,2.083,1.857,2.069,85108.6,166588.4613
1656979200000,2022-07-05 00:00:00,RUNE/EUR,2.073,2.123,1.947,2.049,80526.8,163696.512
1657065600000,2022-07-06 00:00:00,RUNE/EUR,2.036,2.319,2.004,2.245,102935.4,223120.832
1657152000000,2022-07-07 00:00:00,RUNE/EUR,2.247,2.407,2.182,2.341,84317.7,193038.1539
1657238400000,2022-07-08 00:00:00,RUNE/EUR,2.33,2.395,2.163,2.196,168974.3,378017.8395
1657324800000,2022-07-09 00:00:00,RUNE/EUR,2.198,2.482,2.198,2.442,50356.2,119560.1649
1657411200000,2022-07-10 00:00:00,RUNE/EUR,2.442,2.442,2.206,2.228,85086.1,194655.0665
1657497600000,2022-07-11 00:00:00,RUNE/EUR,2.222,2.23,1.98,2.009,93505.8,199546.146
1657584000000,2022-07-12 00:00:00,RUNE/EUR,1.998,2.076,1.95,1.957,74385.8,149374.6688
1657670400000,2022-07-13 00:00:00,RUNE/EUR,1.951,2.088,1.872,2.088,87622.5,173088.0772
1657756800000,2022-07-14 00:00:00,RUNE/EUR,2.096,2.295,2.053,2.24,51877.2,112313.0159
1657843200000,2022-07-15 00:00:00,RUNE/EUR,2.24,2.343,2.155,2.16,145845.6,327255.0257
1657929600000,2022-07-16 00:00:00,RUNE/EUR,2.152,2.311,2.092,2.245,60413.7,133375.7412
1658016000000,2022-07-17 00:00:00,RUNE/EUR,2.271,2.291,2.13,2.136,33216.0,73756.3864
1658102400000,2022-07-18 00:00:00,RUNE/EUR,2.153,2.635,2.147,2.613,169635.4,422236.3307
1658188800000,2022-07-19 00:00:00,RUNE/EUR,2.614,2.843,2.514,2.749,129769.1,349490.5883
1658275200000,2022-07-20 00:00:00,RUNE/EUR,2.72,2.778,2.541,2.588,110742.8,297190.5359
1658361600000,2022-07-21 00:00:00,RUNE/EUR,2.592,2.975,2.516,2.916,118335.7,328096.8281
1658448000000,2022-07-22 00:00:00,RUNE/EUR,2.902,2.981,2.61,2.612,64509.3,180498.5506
1658534400000,2022-07-23 00:00:00,RUNE/EUR,2.607,2.695,2.448,2.57,80304.6,206128.5713
1658620800000,2022-07-24 00:00:00,RUNE/EUR,2.589,2.685,2.505,2.582,47314.4,123867.4638
1658707200000,2022-07-25 00:00:00,RUNE/EUR,2.581,2.582,2.297,2.297,52157.7,125376.7732
1658793600000,2022-07-26 00:00:00,RUNE/EUR,2.298,2.319,2.189,2.297,41966.0,95311.5402
1658880000000,2022-07-27 00:00:00,RUNE/EUR,2.297,2.683,2.239,2.669,99221.1,245387.6624
1658966400000,2022-07-28 00:00:00,RUNE/EUR,2.677,2.905,2.633,2.801,163656.0,450949.8012
1659052800000,2022-07-29 00:00:00,RUNE/EUR,2.795,2.859,2.615,2.641,95292.7,259338.2561
1659139200000,2022-07-30 00:00:00,RUNE/EUR,2.64,2.8,2.562,2.584,84787.1,227712.9077
1659225600000,2022-07-31 00:00:00,RUNE/EUR,2.582,2.725,2.527,2.549,59455.3,155491.0002
1659312000000,2022-08-01 00:00:00,RUNE/EUR,2.543,2.589,2.449,2.505,67264.1,169125.6452
1659398400000,2022-08-02 00:00:00,RUNE/EUR,2.493,2.642,2.383,2.572,58745.8,148464.4266
1659484800000,2022-08-03 00:00:00,RUNE/EUR,2.556,2.842,2.496,2.627,52888.1,141262.0426
1659571200000,2022-08-04 00:00:00,RUNE/EUR,2.626,2.745,2.493,2.516,62483.9,162935.0598
1659657600000,2022-08-05 00:00:00,RUNE/EUR,2.529,2.719,2.523,2.703,52055.1,137669.1818
1659744000000,2022-08-06 00:00:00,RUNE/EUR,2.694,2.745,2.617,2.622,31850.5,85610.7978
1659830400000,2022-08-07 00:00:00,RUNE/EUR,2.621,2.799,2.584,2.726,62008.7,166771.9235
1659916800000,2022-08-08 00:00:00,RUNE/EUR,2.76,2.975,2.72,2.83,114455.7,331370.3939
1660003200000,2022-08-09 00:00:00,RUNE/EUR,2.831,2.839,2.606,2.64,86134.9,232729.0325
1660089600000,2022-08-10 00:00:00,RUNE/EUR,2.635,2.867,2.567,2.851,172533.9,474809.1827
1660176000000,2022-08-11 00:00:00,RUNE/EUR,2.85,3.051,2.751,2.755,157890.3,462346.1175
1660262400000,2022-08-12 00:00:00,RUNE/EUR,2.755,2.9,2.733,2.899,125484.6,352739.8972
1660348800000,2022-08-13 00:00:00,RUNE/EUR,2.894,2.924,2.78,2.844,71865.6,205386.3372
1660435200000,2022-08-14 00:00:00,RUNE/EUR,2.844,2.944,2.72,2.735,136503.9,382689.2486
1660521600000,2022-08-15 00:00:00,RUNE/EUR,2.728,2.88,2.61,2.664,137878.4,372403.4743
1660608000000,2022-08-16 00:00:00,RUNE/EUR,2.661,2.696,2.553,2.591,84956.0,221441.2403
1660694400000,2022-08-17 00:00:00,RUNE/EUR,2.591,2.75,2.435,2.444,126844.3,324647.1323
1660780800000,2022-08-18 00:00:00,RUNE/EUR,2.441,2.535,2.373,2.373,36447.2,90603.1168
1660867200000,2022-08-19 00:00:00,RUNE/EUR,2.37,2.37,2.076,2.076,146673.7,320740.9986
1660953600000,2022-08-20 00:00:00,RUNE/EUR,2.088,2.189,2.018,2.083,38294.5,80734.9307
1661040000000,2022-08-21 00:00:00,RUNE/EUR,2.088,2.189,2.081,2.177,42229.9,90671.1537
1661126400000,2022-08-22 00:00:00,RUNE/EUR,2.168,2.168,2.04,2.138,89970.7,186754.7438
1661212800000,2022-08-23 00:00:00,RUNE/EUR,2.136,2.193,2.07,2.181,47874.9,103416.0837
1661299200000,2022-08-24 00:00:00,RUNE/EUR,2.158,2.26,2.107,2.188,104257.9,231707.7001
1661385600000,2022-08-25 00:00:00,RUNE/EUR,2.203,2.278,2.17,2.184,42446.9,94678.6488
1661472000000,2022-08-26 00:00:00,RUNE/EUR,2.19,2.209,1.945,1.961,76614.9,161048.6051
1661558400000,2022-08-27 00:00:00,RUNE/EUR,1.961,1.988,1.92,1.963,30749.1,60348.2692
1661644800000,2022-08-28 00:00:00,RUNE/EUR,1.962,1.985,1.854,1.854,15548.7,30207.4735
1661731200000,2022-08-29 00:00:00,RUNE/EUR,1.858,1.968,1.845,1.961,28504.0,54629.6964
1661817600000,2022-08-30 00:00:00,RUNE/EUR,1.958,1.992,1.844,1.894,22049.6,42329.5673
1661904000000,2022-08-31 00:00:00,RUNE/EUR,1.896,1.986,1.896,1.907,21368.7,41635.5215
1661990400000,2022-09-01 00:00:00,RUNE/EUR,1.904,1.943,1.858,1.937,39172.4,74279.0271
1662076800000,2022-09-02 00:00:00,RUNE/EUR,1.94,1.979,1.883,1.905,28224.5,54568.9229
1662163200000,2022-09-03 00:00:00,RUNE/EUR,1.915,1.916,1.868,1.892,13127.6,24866.3586
1662249600000,2022-09-04 00:00:00,RUNE/EUR,1.914,1.96,1.893,1.959,11696.3,22590.9533
1662336000000,2022-09-05 00:00:00,RUNE/EUR,1.964,1.973,1.873,1.925,33059.3,63078.7822
1662422400000,2022-09-06 00:00:00,RUNE/EUR,1.936,1.988,1.775,1.776,62060.0,118000.6525
1662508800000,2022-09-07 00:00:00,RUNE/EUR,1.771,1.864,1.746,1.845,38114.6,68293.9788
1662595200000,2022-09-08 00:00:00,RUNE/EUR,1.849,1.887,1.816,1.841,14393.3,26555.23
1662681600000,2022-09-09 00:00:00,RUNE/EUR,1.864,2.024,1.848,1.995,37276.5,73082.0001
1662768000000,2022-09-10 00:00:00,RUNE/EUR,1.99,2.037,1.96,2.02,13683.5,27195.2381
1662854400000,2022-09-11 00:00:00,RUNE/EUR,2.02,2.029,1.96,1.985,11989.0,23904.8195
1662940800000,2022-09-12 00:00:00,RUNE/EUR,1.99,2.071,1.911,1.918,33105.2,66263.3672
1663027200000,2022-09-13 00:00:00,RUNE/EUR,1.916,1.936,1.777,1.781,52420.0,97289.3792
1663113600000,2022-09-14 00:00:00,RUNE/EUR,1.777,1.824,1.74,1.804,27913.0,50001.9639
1663200000000,2022-09-15 00:00:00,RUNE/EUR,1.8,1.815,1.671,1.709,45793.6,79766.2415
1663286400000,2022-09-16 00:00:00,RUNE/EUR,1.713,1.733,1.685,1.724,25295.4,43300.0462
1663372800000,2022-09-17 00:00:00,RUNE/EUR,1.73,1.82,1.73,1.796,16975.4,30206.7987
1663459200000,2022-09-18 00:00:00,RUNE/EUR,1.782,1.79,1.609,1.647,28945.9,49198.1027
1663545600000,2022-09-19 00:00:00,RUNE/EUR,1.645,1.695,1.6,1.681,34824.2,57307.1821
1663632000000,2022-09-20 00:00:00,RUNE/EUR,1.673,1.689,1.609,1.618,21616.2,35661.4921
1663718400000,2022-09-21 00:00:00,RUNE/EUR,1.63,1.717,1.559,1.589,40333.9,66176.5941
1663804800000,2022-09-22 00:00:00,RUNE/EUR,1.584,1.668,1.584,1.667,14908.0,24497.963
1663891200000,2022-09-23 00:00:00,RUNE/EUR,1.671,1.706,1.614,1.702,24814.9,41164.3231
1663977600000,2022-09-24 00:00:00,RUNE/EUR,1.696,1.724,1.668,1.681,13678.6,23249.6984
1664064000000,2022-09-25 00:00:00,RUNE/EUR,1.679,1.704,1.628,1.636,15213.1,25444.5647
1664150400000,2022-09-26 00:00:00,RUNE/EUR,1.635,1.672,1.612,1.663,13630.7,22358.5308
1664236800000,2022-09-27 00:00:00,RUNE/EUR,1.664,1.742,1.614,1.631,291365.7,498991.7571
1664323200000,2022-09-28 00:00:00,RUNE/EUR,1.631,1.644,1.58,1.61,53427.5,85990.311
1664409600000,2022-09-29 00:00:00,RUNE/EUR,1.63,1.634,1.576,1.605,28719.9,46004.8034
1664496000000,2022-09-30 00:00:00,RUNE/EUR,1.613,1.642,1.58,1.59,32801.9,53206.5787
1664582400000,2022-10-01 00:00:00,RUNE/EUR,1.611,1.611,1.568,1.58,6519.6,10313.9083
1664668800000,2022-10-02 00:00:00,RUNE/EUR,1.579,1.588,1.525,1.535,16876.6,26376.8144
1664755200000,2022-10-03 00:00:00,RUNE/EUR,1.52,1.629,1.512,1.629,27124.7,43042.7216
1664841600000,2022-10-04 00:00:00,RUNE/EUR,1.631,1.695,1.631,1.649,53105.7,88218.4424
1664928000000,2022-10-05 00:00:00,RUNE/EUR,1.656,1.691,1.623,1.684,28029.0,46218.8486
1665014400000,2022-10-06 00:00:00,RUNE/EUR,1.694,1.703,1.648,1.654,24699.6,41385.509
1665100800000,2022-10-07 00:00:00,RUNE/EUR,1.66,1.666,1.607,1.63,18095.4,29536.2974
1665187200000,2022-10-08 00:00:00,RUNE/EUR,1.63,1.654,1.588,1.601,11120.1,18102.884
1665273600000,2022-10-09 00:00:00,RUNE/EUR,1.6,1.649,1.594,1.649,7566.7,12347.9647
1665360000000,2022-10-10 00:00:00,RUNE/EUR,1.658,1.693,1.56,1.572,22127.0,35868.8762
1665446400000,2022-10-11 00:00:00,RUNE/EUR,1.562,1.581,1.521,1.559,25133.2,39035.4915
1665532800000,2022-10-12 00:00:00,RUNE/EUR,1.561,1.578,1.543,1.557,23568.2,36775.8482
1665619200000,2022-10-13 00:00:00,RUNE/EUR,1.553,1.553,1.425,1.518,64400.2,95418.7102
1665705600000,2022-10-14 00:00:00,RUNE/EUR,1.518,1.569,1.48,1.501,62155.0,95839.2101
1665792000000,2022-10-15 00:00:00,RUNE/EUR,1.5,1.509,1.47,1.486,10358.1,15494.5426
1665878400000,2022-10-16 00:00:00,RUNE/EUR,1.482,1.534,1.482,1.525,14156.3,21393.3072
1665964800000,2022-10-17 00:00:00,RUNE/EUR,1.523,1.58,1.508,1.577,46354.2,72307.37
1666051200000,2022-10-18 00:00:00,RUNE/EUR,1.577,1.582,1.496,1.526,33361.2,51517.5586
1666137600000,2022-10-19 00:00:00,RUNE/EUR,1.522,1.522,1.468,1.474,27303.5,41101.838
1666224000000,2022-10-20 00:00:00,RUNE/EUR,1.481,1.511,1.452,1.463,14667.1,21610.9295
1666310400000,2022-10-21 00:00:00,RUNE/EUR,1.45,1.463,1.416,1.454,23275.4,33662.9581
1666396800000,2022-10-22 00:00:00,RUNE/EUR,1.457,1.465,1.436,1.457,11134.0,16166.7105
1666483200000,2022-10-23 00:00:00,RUNE/EUR,1.46,1.51,1.436,1.507,21732.2,31887.7947
1666569600000,2022-10-24 00:00:00,RUNE/EUR,1.507,1.509,1.451,1.457,18211.9,26821.6292
1666656000000,2022-10-25 00:00:00,RUNE/EUR,1.457,1.548,1.457,1.509,99203.7,149632.508
1666742400000,2022-10-26 00:00:00,RUNE/EUR,1.513,1.555,1.506,1.528,48041.9,73762.571
1666828800000,2022-10-27 00:00:00,RUNE/EUR,1.53,1.594,1.508,1.511,60288.3,93574.431
1666915200000,2022-10-28 00:00:00,RUNE/EUR,1.508,1.577,1.489,1.574,43104.2,66243.9634
1667001600000,2022-10-29 00:00:00,RUNE/EUR,1.58,1.629,1.562,1.574,78652.5,125311.1379
1667088000000,2022-10-30 00:00:00,RUNE/EUR,1.571,1.624,1.548,1.556,45925.8,72482.2489
1667174400000,2022-10-31 00:00:00,RUNE/EUR,1.566,1.619,1.554,1.596,39501.0,62751.6995
1667260800000,2022-11-01 00:00:00,RUNE/EUR,1.6,1.62,1.577,1.585,26114.2,41933.1103
1667347200000,2022-11-02 00:00:00,RUNE/EUR,1.58,1.58,1.479,1.508,43016.5,65483.1706
1667433600000,2022-11-03 00:00:00,RUNE/EUR,1.501,1.562,1.501,1.532,27883.9,42994.891
1667520000000,2022-11-04 00:00:00,RUNE/EUR,1.538,1.673,1.538,1.673,42657.2,68702.0777
1667606400000,2022-11-05 00:00:00,RUNE/EUR,1.676,1.999,1.649,1.664,174996.2,315301.8099
1667692800000,2022-11-06 00:00:00,RUNE/EUR,1.669,1.739,1.626,1.63,53442.3,90288.3976
1667779200000,2022-11-07 00:00:00,RUNE/EUR,1.637,1.98,1.593,1.622,223839.0,405507.5976
1667865600000,2022-11-08 00:00:00,RUNE/EUR,1.614,1.9,1.309,1.357,150356.3,218435.8635
1667952000000,2022-11-09 00:00:00,RUNE/EUR,1.346,1.357,1.01,1.035,301103.7,346927.3196
1668038400000,2022-11-10 00:00:00,RUNE/EUR,1.029,1.235,1.029,1.206,285795.0,329499.931
1668124800000,2022-11-11 00:00:00,RUNE/EUR,1.197,1.207,1.084,1.118,48701.2,54848.0121
1668211200000,2022-11-12 00:00:00,RUNE/EUR,1.106,1.107,1.07,1.081,44279.5,47988.2676
1668297600000,2022-11-13 00:00:00,RUNE/EUR,1.089,1.12,1.059,1.094,278021.5,305937.1514
1668384000000,2022-11-14 00:00:00,RUNE/EUR,1.103,1.205,1.045,1.155,261594.0,295148.1651
1668470400000,2022-11-15 00:00:00,RUNE/EUR,1.158,1.232,1.154,1.197,245768.9,291872.1903
1668556800000,2022-11-16 00:00:00,RUNE/EUR,1.197,1.203,1.129,1.152,25518.6,29654.6458
1668643200000,2022-11-17 00:00:00,RUNE/EUR,1.156,1.16,1.128,1.149,21446.3,24572.3189
1668729600000,2022-11-18 00:00:00,RUNE/EUR,1.157,1.175,1.146,1.16,18986.1,22005.8992
1668816000000,2022-11-19 00:00:00,RUNE/EUR,1.156,1.189,1.146,1.185,11829.9,13765.0011
1668902400000,2022-11-20 00:00:00,RUNE/EUR,1.181,1.194,1.1,1.116,33335.1,38072.6441
1668988800000,2022-11-21 00:00:00,RUNE/EUR,1.11,1.31,1.062,1.08,339393.4,426853.5644
1669075200000,2022-11-22 00:00:00,RUNE/EUR,1.088,1.102,1.028,1.098,32128.6,34421.669
1669161600000,2022-11-23 00:00:00,RUNE/EUR,1.097,1.133,1.092,1.131,34274.1,38467.5775
1669248000000,2022-11-24 00:00:00,RUNE/EUR,1.135,1.146,1.123,1.136,9876.1,11224.867
1669334400000,2022-11-25 00:00:00,RUNE/EUR,1.13,1.146,1.11,1.14,13958.6,15816.5739
1669420800000,2022-11-26 00:00:00,RUNE/EUR,1.149,1.179,1.138,1.14,17799.2,20616.5959
1669507200000,2022-11-27 00:00:00,RUNE/EUR,1.147,1.239,1.136,1.136,11984.2,13828.1256
1669593600000,2022-11-28 00:00:00,RUNE/EUR,1.143,1.144,1.095,1.135,16833.6,18829.6861
1669680000000,2022-11-29 00:00:00,RUNE/EUR,1.121,1.2,1.116,1.195,33945.2,39866.5542
1669766400000,2022-11-30 00:00:00,RUNE/EUR,1.196,1.246,1.196,1.244,29908.3,36499.6777
1669852800000,2022-12-01 00:00:00,RUNE/EUR,1.241,1.271,1.204,1.258,29491.5,36649.8271
1669939200000,2022-12-02 00:00:00,RUNE/EUR,1.267,1.313,1.248,1.31,34598.4,44341.1778
1670025600000,2022-12-03 00:00:00,RUNE/EUR,1.31,1.347,1.089,1.26,758025.6,910110.2811
1670112000000,2022-12-04 00:00:00,RUNE/EUR,1.259,1.312,1.105,1.312,704272.9,862092.0936
1670198400000,2022-12-05 00:00:00,RUNE/EUR,1.306,1.347,1.286,1.314,24585.2,32415.4344
1670284800000,2022-12-06 00:00:00,RUNE/EUR,1.317,1.329,1.303,1.329,6260.9,8239.5557
1670371200000,2022-12-07 00:00:00,RUNE/EUR,1.329,1.329,1.268,1.311,12110.1,15708.217
1670457600000,2022-12-08 00:00:00,RUNE/EUR,1.316,1.361,1.298,1.352,24689.0,32750.0435
1670544000000,2022-12-09 00:00:00,RUNE/EUR,1.357,1.36,1.311,1.313,18308.2,24484.8786
1670630400000,2022-12-10 00:00:00,RUNE/EUR,1.326,1.352,1.323,1.342,7687.7,10248.0943
1670716800000,2022-12-11 00:00:00,RUNE/EUR,1.354,1.355,1.313,1.314,4636.0,6208.6434
1670803200000,2022-12-12 00:00:00,RUNE/EUR,1.306,1.322,1.291,1.318,7044.5,9229.2307
1670889600000,2022-12-13 00:00:00,RUNE/EUR,1.32,1.344,1.27,1.329,28843.3,38073.396
1670976000000,2022-12-14 00:00:00,RUNE/EUR,1.336,1.402,1.336,1.378,50163.1,68734.7921
1671062400000,2022-12-15 00:00:00,RUNE/EUR,1.374,1.404,1.354,1.367,23164.2,31950.8548
1671148800000,2022-12-16 00:00:00,RUNE/EUR,1.371,1.391,1.239,1.244,61156.7,80709.0118
1671235200000,2022-12-17 00:00:00,RUNE/EUR,1.247,1.257,1.207,1.238,20260.6,25090.9586
1671321600000,2022-12-18 00:00:00,RUNE/EUR,1.231,1.253,1.224,1.253,2633.8,3266.7113
1671408000000,2022-12-19 00:00:00,RUNE/EUR,1.254,1.272,1.229,1.235,24746.6,30945.9664
1671494400000,2022-12-20 00:00:00,RUNE/EUR,1.224,1.29,1.217,1.282,38416.4,48786.6131
1671580800000,2022-12-21 00:00:00,RUNE/EUR,1.282,1.309,1.266,1.293,16274.3,20920.2708
1671667200000,2022-12-22 00:00:00,RUNE/EUR,1.303,1.307,1.265,1.303,11654.1,15014.0181
1671753600000,2022-12-23 00:00:00,RUNE/EUR,1.306,1.335,1.304,1.314,12338.3,16330.7347
1671840000000,2022-12-24 00:00:00,RUNE/EUR,1.315,1.326,1.309,1.314,7411.8,9738.9372
1671926400000,2022-12-25 00:00:00,RUNE/EUR,1.311,1.317,1.284,1.307,13816.3,17853.4009
1672012800000,2022-12-26 00:00:00,RUNE/EUR,1.298,1.306,1.283,1.295,6527.4,8430.4105
1672099200000,2022-12-27 00:00:00,RUNE/EUR,1.303,1.313,1.292,1.295,24488.7,31971.4917
1672185600000,2022-12-28 00:00:00,RUNE/EUR,1.289,1.289,1.234,1.236,38258.4,48174.5413
1672272000000,2022-12-29 00:00:00,RUNE/EUR,1.236,1.244,1.194,1.222,31256.9,38099.8128
1672358400000,2022-12-30 00:00:00,RUNE/EUR,1.218,1.22,1.178,1.187,22546.5,26805.2049
1672444800000,2022-12-31 00:00:00,RUNE/EUR,1.188,1.204,1.182,1.187,15402.5,18368.0501
1672531200000,2023-01-01 00:00:00,RUNE/EUR,1.185,1.194,1.179,1.194,5995.6,7105.3154
1672617600000,2023-01-02 00:00:00,RUNE/EUR,1.2,1.241,1.2,1.229,21713.0,26542.1232
1672704000000,2023-01-03 00:00:00,RUNE/EUR,1.227,1.257,1.227,1.241,7992.2,9931.95
1672790400000,2023-01-04 00:00:00,RUNE/EUR,1.258,1.29,1.258,1.273,16206.6,20738.2196
1672876800000,2023-01-05 00:00:00,RUNE/EUR,1.28,1.29,1.267,1.279,3734.3,4774.0743
1672963200000,2023-01-06 00:00:00,RUNE/EUR,1.286,1.296,1.265,1.295,12477.5,15926.2187
1673049600000,2023-01-07 00:00:00,RUNE/EUR,1.297,1.3,1.279,1.29,8374.4,10814.4499
1673136000000,2023-01-08 00:00:00,RUNE/EUR,1.282,1.332,1.276,1.325,12586.2,16301.7779
1673222400000,2023-01-09 00:00:00,RUNE/EUR,1.332,1.39,1.331,1.342,50060.5,68062.922
1673308800000,2023-01-10 00:00:00,RUNE/EUR,1.346,1.374,1.32,1.364,18878.9,25399.5654
1673395200000,2023-01-11 00:00:00,RUNE/EUR,1.365,1.368,1.306,1.368,21609.4,28979.4634
1673481600000,2023-01-12 00:00:00,RUNE/EUR,1.369,1.464,1.359,1.447,48968.3,69357.1193
1673568000000,2023-01-13 00:00:00,RUNE/EUR,1.437,1.562,1.427,1.559,57692.5,86219.1802
1673654400000,2023-01-14 00:00:00,RUNE/EUR,1.555,1.675,1.504,1.627,287715.7,457795.1267
1673740800000,2023-01-15 00:00:00,RUNE/EUR,1.624,1.674,1.566,1.614,183393.7,296402.5983
1673827200000,2023-01-16 00:00:00,RUNE/EUR,1.619,1.689,1.551,1.636,117498.6,190312.5821
1673913600000,2023-01-17 00:00:00,RUNE/EUR,1.624,1.64,1.577,1.58,64089.0,103520.3451
1674000000000,2023-01-18 00:00:00,RUNE/EUR,1.58,1.613,1.468,1.481,148803.1,230529.2082
1674086400000,2023-01-19 00:00:00,RUNE/EUR,1.479,1.532,1.475,1.519,20477.8,30772.9112
1674172800000,2023-01-20 00:00:00,RUNE/EUR,1.512,1.656,1.507,1.656,19597.6,31067.001
1674259200000,2023-01-21 00:00:00,RUNE/EUR,1.657,1.702,1.618,1.618,86864.1,144276.4654
1674345600000,2023-01-22 00:00:00,RUNE/EUR,1.629,1.686,1.593,1.617,72273.8,118237.6083
1674432000000,2023-01-23 00:00:00,RUNE/EUR,1.621,1.649,1.54,1.593,121776.7,195772.8767
1674518400000,2023-01-24 00:00:00,RUNE/EUR,1.59,1.731,1.54,1.546,287635.6,477548.2205
1674604800000,2023-01-25 00:00:00,RUNE/EUR,1.543,1.656,1.511,1.614,170553.2,269549.3621
1674691200000,2023-01-26 00:00:00,RUNE/EUR,1.62,1.65,1.59,1.619,124264.1,201453.9676
1674777600000,2023-01-27 00:00:00,RUNE/EUR,1.633,1.766,1.577,1.74,232634.8,390904.2477
1674864000000,2023-01-28 00:00:00,RUNE/EUR,1.735,1.758,1.67,1.689,75846.8,130084.2878
1674950400000,2023-01-29 00:00:00,RUNE/EUR,1.685,1.785,1.679,1.76,132176.9,230057.6632
1675036800000,2023-01-30 00:00:00,RUNE/EUR,1.764,1.765,1.587,1.62,201262.4,332135.5405
1675123200000,2023-01-31 00:00:00,RUNE/EUR,1.62,1.66,1.611,1.63,85317.1,139079.8559
1675209600000,2023-02-01 00:00:00,RUNE/EUR,1.63,1.68,1.547,1.661,139006.6,223694.9254
1675296000000,2023-02-02 00:00:00,RUNE/EUR,1.67,1.804,1.666,1.699,221388.6,383689.3884
1675382400000,2023-02-03 00:00:00,RUNE/EUR,1.699,1.77,1.676,1.757,125791.1,217065.2611
1675468800000,2023-02-04 00:00:00,RUNE/EUR,1.75,1.779,1.729,1.738,32482.2,56933.6225
1675555200000,2023-02-05 00:00:00,RUNE/EUR,1.736,1.736,1.615,1.651,94921.4,156363.6126
1675641600000,2023-02-06 00:00:00,RUNE/EUR,1.649,1.712,1.62,1.648,103728.7,173677.688
1675728000000,2023-02-07 00:00:00,RUNE/EUR,1.651,1.826,1.649,1.818,236296.4,414294.7026
1675814400000,2023-02-08 00:00:00,RUNE/EUR,1.821,1.836,1.721,1.759,155898.6,278261.338
1675900800000,2023-02-09 00:00:00,RUNE/EUR,1.761,1.766,1.519,1.551,195188.5,324102.8435
1675987200000,2023-02-10 00:00:00,RUNE/EUR,1.547,1.59,1.537,1.568,102036.5,159360.7646
1676073600000,2023-02-11 00:00:00,RUNE/EUR,1.555,1.614,1.555,1.608,27666.1,43846.5677
1676160000000,2023-02-12 00:00:00,RUNE/EUR,1.609,1.629,1.562,1.573,58398.1,93754.5943
1676246400000,2023-02-13 00:00:00,RUNE/EUR,1.577,1.583,1.488,1.537,78776.2,120024.6564
1676332800000,2023-02-14 00:00:00,RUNE/EUR,1.534,1.587,1.512,1.586,91687.4,142126.7928
1676419200000,2023-02-15 00:00:00,RUNE/EUR,1.586,1.696,1.577,1.696,47398.6,77979.9665
1676505600000,2023-02-16 00:00:00,RUNE/EUR,1.694,1.715,1.56,1.56,105705.4,175413.2261
1676592000000,2023-02-17 00:00:00,RUNE/EUR,1.562,1.66,1.559,1.637,70813.6,114366.4577
1676678400000,2023-02-18 00:00:00,RUNE/EUR,1.641,1.674,1.641,1.66,16418.6,27181.3256
1676764800000,2023-02-19 00:00:00,RUNE/EUR,1.668,1.704,1.617,1.625,191682.0,316486.903
1676851200000,2023-02-20 00:00:00,RUNE/EUR,1.636,1.711,1.59,1.702,53554.9,89542.871
1676937600000,2023-02-21 00:00:00,RUNE/EUR,1.712,1.736,1.644,1.655,35915.2,60710.7519
1677024000000,2023-02-22 00:00:00,RUNE/EUR,1.655,1.655,1.561,1.617,47118.6,75210.9809
1677110400000,2023-02-23 00:00:00,RUNE/EUR,1.617,1.668,1.603,1.621,48091.6,78573.194
1677196800000,2023-02-24 00:00:00,RUNE/EUR,1.629,1.634,1.542,1.56,40278.9,63605.174
1677283200000,2023-02-25 00:00:00,RUNE/EUR,1.554,1.554,1.48,1.524,16730.8,25462.4836
1677369600000,2023-02-26 00:00:00,RUNE/EUR,1.516,1.573,1.516,1.551,16356.8,25329.4053
1677456000000,2023-02-27 00:00:00,RUNE/EUR,1.557,1.569,1.512,1.534,35382.6,54532.1803
1677542400000,2023-02-28 00:00:00,RUNE/EUR,1.532,1.542,1.496,1.503,20986.3,32011.0779
1677628800000,2023-03-01 00:00:00,RUNE/EUR,1.5,1.595,1.492,1.574,42603.4,66808.85
1677715200000,2023-03-02 00:00:00,RUNE/EUR,1.586,1.599,1.526,1.548,22130.4,34270.1374
1677801600000,2023-03-03 00:00:00,RUNE/EUR,1.55,1.55,1.388,1.431,100824.6,145623.6588
1677888000000,2023-03-04 00:00:00,RUNE/EUR,1.438,1.438,1.368,1.386,23567.9,33277.4624
1677974400000,2023-03-05 00:00:00,RUNE/EUR,1.393,1.421,1.386,1.398,18794.2,26492.4087
1678060800000,2023-03-06 00:00:00,RUNE/EUR,1.398,1.418,1.378,1.407,13889.4,19414.9255
1678147200000,2023-03-07 00:00:00,RUNE/EUR,1.4,1.422,1.37,1.39,22604.3,31536.3733
1678233600000,2023-03-08 00:00:00,RUNE/EUR,1.395,1.395,1.296,1.296,29309.0,39135.7648
1678320000000,2023-03-09 00:00:00,RUNE/EUR,1.294,1.323,1.186,1.21,74679.7,93372.403
1678406400000,2023-03-10 00:00:00,RUNE/EUR,1.21,1.21,1.142,1.173,87162.4,102458.8493
1678492800000,2023-03-11 00:00:00,RUNE/EUR,1.168,1.203,1.09,1.129,69175.0,77977.2917
1678579200000,2023-03-12 00:00:00,RUNE/EUR,1.125,1.253,1.12,1.25,58431.1,67512.5323
1678665600000,2023-03-13 00:00:00,RUNE/EUR,1.257,1.326,1.211,1.304,71760.8,90378.6817
1678752000000,2023-03-14 00:00:00,RUNE/EUR,1.309,1.423,1.285,1.352,216603.5,293432.8488
1678838400000,2023-03-15 00:00:00,RUNE/EUR,1.359,1.379,1.253,1.271,77173.1,103174.0601
1678924800000,2023-03-16 00:00:00,RUNE/EUR,1.275,1.299,1.254,1.287,36290.5,46207.6033
1679011200000,2023-03-17 00:00:00,RUNE/EUR,1.313,1.379,1.312,1.378,31485.4,42432.8944
1679097600000,2023-03-18 00:00:00,RUNE/EUR,1.381,1.414,1.336,1.341,17010.5,23362.8609
1679184000000,2023-03-19 00:00:00,RUNE/EUR,1.356,1.407,1.342,1.383,15413.7,21234.3354
1679270400000,2023-03-20 00:00:00,RUNE/EUR,1.355,1.379,1.315,1.315,14376.2,19284.9133
1679356800000,2023-03-21 00:00:00,RUNE/EUR,1.315,1.357,1.294,1.357,34011.1,45609.2685
1679443200000,2023-03-22 00:00:00,RUNE/EUR,1.346,1.353,1.236,1.273,62923.8,80496.0786
1679529600000,2023-03-23 00:00:00,RUNE/EUR,1.267,1.342,1.262,1.34,94789.7,122778.9731
1679616000000,2023-03-24 00:00:00,RUNE/EUR,1.339,1.342,1.278,1.296,75679.1,99067.9943
1679702400000,2023-03-25 00:00:00,RUNE/EUR,1.303,1.304,1.283,1.291,48206.7,62521.8441
1679788800000,2023-03-26 00:00:00,RUNE/EUR,1.291,1.314,1.291,1.297,11264.4,14691.1431
1679875200000,2023-03-27 00:00:00,RUNE/EUR,1.306,1.309,1.231,1.239,15568.1,19551.5887
1679961600000,2023-03-28 00:00:00,RUNE/EUR,1.241,1.246,1.204,1.239,25118.7,30720.8153
1680048000000,2023-03-29 00:00:00,RUNE/EUR,1.24,1.321,1.24,1.308,17179.1,22224.4176
1680134400000,2023-03-30 00:00:00,RUNE/EUR,1.318,1.338,1.266,1.287,69716.6,90519.1535
1680220800000,2023-03-31 00:00:00,RUNE/EUR,1.296,1.329,1.271,1.328,21187.7,27569.5477
1680307200000,2023-04-01 00:00:00,RUNE/EUR,1.328,1.358,1.324,1.355,38325.3,51673.4146
1680393600000,2023-04-02 00:00:00,RUNE/EUR,1.355,1.372,1.316,1.329,20562.5,27671.7901
1680480000000,2023-04-03 00:00:00,RUNE/EUR,1.332,1.384,1.3,1.372,94332.2,127239.0071
1680566400000,2023-04-04 00:00:00,RUNE/EUR,1.373,1.462,1.369,1.453,69343.4,99023.6171
1680652800000,2023-04-05 00:00:00,RUNE/EUR,1.459,1.521,1.458,1.477,102317.9,151583.286
1680739200000,2023-04-06 00:00:00,RUNE/EUR,1.477,1.478,1.425,1.441,33963.1,49186.5241
1680825600000,2023-04-07 00:00:00,RUNE/EUR,1.446,1.456,1.412,1.432,8130.3,11594.6904
1680912000000,2023-04-08 00:00:00,RUNE/EUR,1.428,1.446,1.425,1.43,4444.6,6388.4935
1680998400000,2023-04-09 00:00:00,RUNE/EUR,1.439,1.471,1.415,1.462,6265.4,9111.2282
1681084800000,2023-04-10 00:00:00,RUNE/EUR,1.464,1.518,1.453,1.517,22234.8,33120.2491
1681171200000,2023-04-11 00:00:00,RUNE/EUR,1.513,1.533,1.493,1.503,22335.7,33786.4197
1681257600000,2023-04-12 00:00:00,RUNE/EUR,1.501,1.501,1.454,1.465,32599.8,47993.9856
1681344000000,2023-04-13 00:00:00,RUNE/EUR,1.463,1.493,1.457,1.48,11513.8,17040.9047
1681430400000,2023-04-14 00:00:00,RUNE/EUR,1.484,1.538,1.484,1.536,31962.4,48463.0003
1681516800000,2023-04-15 00:00:00,RUNE/EUR,1.53,1.545,1.512,1.52,8301.3,12656.0583
1681603200000,2023-04-16 00:00:00,RUNE/EUR,1.512,1.546,1.504,1.534,29944.3,45765.7639
1681689600000,2023-04-17 00:00:00,RUNE/EUR,1.54,1.54,1.493,1.514,28330.0,42712.8795
1681776000000,2023-04-18 00:00:00,RUNE/EUR,1.503,1.566,1.49,1.547,15148.5,23329.0825
1681862400000,2023-04-19 00:00:00,RUNE/EUR,1.547,1.547,1.38,1.389,33076.6,47681.7995
1681948800000,2023-04-20 00:00:00,RUNE/EUR,1.393,1.435,1.34,1.361,49029.7,68653.9875
1682035200000,2023-04-21 00:00:00,RUNE/EUR,1.361,1.375,1.241,1.254,76690.2,99846.5519
1682121600000,2023-04-22 00:00:00,RUNE/EUR,1.248,1.279,1.241,1.275,28569.8,36122.7729
1682208000000,2023-04-23 00:00:00,RUNE/EUR,1.275,1.275,1.221,1.259,26811.3,33371.7857
1682294400000,2023-04-24 00:00:00,RUNE/EUR,1.256,1.272,1.216,1.235,11744.2,14615.247
1682380800000,2023-04-25 00:00:00,RUNE/EUR,1.23,1.254,1.205,1.252,5916.6,7254.7822
1682467200000,2023-04-26 00:00:00,RUNE/EUR,1.25,1.318,1.181,1.222,23490.8,29223.0161
1682553600000,2023-04-27 00:00:00,RUNE/EUR,1.245,1.268,1.223,1.256,13756.8,17137.136
1682640000000,2023-04-28 00:00:00,RUNE/EUR,1.246,1.259,1.218,1.232,14149.9,17614.445
1682726400000,2023-04-29 00:00:00,RUNE/EUR,1.236,1.245,1.226,1.241,10640.3,13175.9379
1682812800000,2023-04-30 00:00:00,RUNE/EUR,1.234,1.252,1.223,1.228,3309.9,4091.5208
1682899200000,2023-05-01 00:00:00,RUNE/EUR,1.228,1.228,1.178,1.193,22116.8,26434.6381
1682985600000,2023-05-02 00:00:00,RUNE/EUR,1.182,1.204,1.178,1.19,27416.2,32733.4136
1683072000000,2023-05-03 00:00:00,RUNE/EUR,1.186,1.208,1.162,1.2,7054.1,8362.714
1683158400000,2023-05-04 00:00:00,RUNE/EUR,1.205,1.212,1.192,1.198,4691.8,5626.8836
1683244800000,2023-05-05 00:00:00,RUNE/EUR,1.205,1.233,1.198,1.215,5724.0,6966.197
1683331200000,2023-05-06 00:00:00,RUNE/EUR,1.217,1.231,1.16,1.173,8655.6,10264.846
1683417600000,2023-05-07 00:00:00,RUNE/EUR,1.168,1.185,1.165,1.165,5182.3,6101.7013
1683504000000,2023-05-08 00:00:00,RUNE/EUR,1.164,1.172,1.06,1.106,19987.3,22231.2525
1683590400000,2023-05-09 00:00:00,RUNE/EUR,1.106,1.107,1.09,1.09,7038.1,7725.5283
1683676800000,2023-05-10 00:00:00,RUNE/EUR,1.1,1.12,1.055,1.104,17466.5,19131.6288
1683763200000,2023-05-11 00:00:00,RUNE/EUR,1.106,1.106,1.061,1.076,16374.6,17598.1708
1683849600000,2023-05-12 00:00:00,RUNE/EUR,1.07,1.091,1.047,1.091,34202.3,36441.8878
1683936000000,2023-05-13 00:00:00,RUNE/EUR,1.089,1.102,1.088,1.099,9284.1,10158.8381
1684022400000,2023-05-14 00:00:00,RUNE/EUR,1.096,1.11,1.094,1.094,5428.4,5995.8502
1684108800000,2023-05-15 00:00:00,RUNE/EUR,1.093,1.107,1.085,1.089,16140.3,17759.7391
1684195200000,2023-05-16 00:00:00,RUNE/EUR,1.087,1.087,1.061,1.067,13303.0,14250.9415
1684281600000,2023-05-17 00:00:00,RUNE/EUR,1.075,1.115,1.049,1.106,14644.8,15762.3616
1684368000000,2023-05-18 00:00:00,RUNE/EUR,1.11,1.122,1.075,1.091,57540.7,63647.3161
1684454400000,2023-05-19 00:00:00,RUNE/EUR,1.09,1.091,1.069,1.074,8848.4,9581.9859
1684540800000,2023-05-20 00:00:00,RUNE/EUR,1.076,1.085,1.061,1.071,12078.5,12984.8438
1684627200000,2023-05-21 00:00:00,RUNE/EUR,1.067,1.068,1.029,1.03,8851.7,9294.2718
1684713600000,2023-05-22 00:00:00,RUNE/EUR,1.031,1.036,1.014,1.032,18280.1,18806.6586
1684800000000,2023-05-23 00:00:00,RUNE/EUR,1.056,1.062,1.047,1.057,6940.7,7306.1262
1684886400000,2023-05-24 00:00:00,RUNE/EUR,1.049,1.049,1.01,1.024,9614.1,9819.8766
1684972800000,2023-05-25 00:00:00,RUNE/EUR,1.021,1.05,0.999,1.049,12314.2,12709.023
1685059200000,2023-05-26 00:00:00,RUNE/EUR,1.049,1.07,1.037,1.065,7532.0,7929.0991
1685145600000,2023-05-27 00:00:00,RUNE/EUR,1.066,1.066,1.057,1.063,10845.2,11492.294
1685232000000,2023-05-28 00:00:00,RUNE/EUR,1.064,1.094,1.058,1.094,26413.4,28234.458
1685318400000,2023-05-29 00:00:00,RUNE/EUR,1.09,1.098,1.08,1.092,34036.5,37249.0841
1685404800000,2023-05-30 00:00:00,RUNE/EUR,1.093,1.094,1.073,1.076,17005.1,18393.8231
1685491200000,2023-05-31 00:00:00,RUNE/EUR,1.078,1.082,1.05,1.055,10007.0,10579.103
1685577600000,2023-06-01 00:00:00,RUNE/EUR,1.037,1.065,1.037,1.059,15241.7,16077.1012
1685664000000,2023-06-02 00:00:00,RUNE/EUR,1.059,1.101,1.059,1.098,14150.8,15357.1912
1685750400000,2023-06-03 00:00:00,RUNE/EUR,1.096,1.11,1.09,1.09,7200.4,7909.8673
1685836800000,2023-06-04 00:00:00,RUNE/EUR,1.09,1.111,1.09,1.107,4252.0,4682.6102
1685923200000,2023-06-05 00:00:00,RUNE/EUR,1.096,1.096,0.984,1.017,22319.7,23041.3737
1686009600000,2023-06-06 00:00:00,RUNE/EUR,1.015,1.06,1.003,1.05,17771.6,18129.4963
1686096000000,2023-06-07 00:00:00,RUNE/EUR,1.049,1.052,1.0,1.004,15665.2,16077.9587
1686182400000,2023-06-08 00:00:00,RUNE/EUR,1.004,1.016,0.998,1.004,9239.3,9276.3753
1686268800000,2023-06-09 00:00:00,RUNE/EUR,1.0,1.015,0.995,1.003,4877.7,4905.2902
1686355200000,2023-06-10 00:00:00,RUNE/EUR,1.001,1.001,0.866,0.894,94548.5,86037.9547
1686441600000,2023-06-11 00:00:00,RUNE/EUR,0.889,0.89,0.86,0.86,14851.1,12972.251
1686528000000,2023-06-12 00:00:00,RUNE/EUR,0.858,0.858,0.778,0.792,48448.7,39000.1293
1686614400000,2023-06-13 00:00:00,RUNE/EUR,0.79,0.814,0.78,0.787,32355.6,25786.2336
1686700800000,2023-06-14 00:00:00,RUNE/EUR,0.788,0.799,0.727,0.741,26119.3,20007.1751
1686787200000,2023-06-15 00:00:00,RUNE/EUR,0.745,0.763,0.723,0.754,14973.5,11141.1589
1686873600000,2023-06-16 00:00:00,RUNE/EUR,0.754,0.775,0.742,0.769,24901.7,18901.7831
1686960000000,2023-06-17 00:00:00,RUNE/EUR,0.772,0.788,0.763,0.77,26320.0,20366.9688
1687046400000,2023-06-18 00:00:00,RUNE/EUR,0.766,0.779,0.757,0.764,10806.8,8310.9718
1687132800000,2023-06-19 00:00:00,RUNE/EUR,0.761,0.78,0.759,0.778,14891.8,11472.7236
1687219200000,2023-06-20 00:00:00,RUNE/EUR,0.777,0.808,0.764,0.806,24717.2,19451.0297
1687305600000,2023-06-21 00:00:00,RUNE/EUR,0.807,0.854,0.807,0.853,35089.8,29160.6429
1687392000000,2023-06-22 00:00:00,RUNE/EUR,0.851,0.873,0.839,0.854,27882.6,23967.914
1687478400000,2023-06-23 00:00:00,RUNE/EUR,0.855,0.91,0.847,0.897,14537.6,12792.4097
1687564800000,2023-06-24 00:00:00,RUNE/EUR,0.893,0.906,0.877,0.894,10031.3,8988.9783
1687651200000,2023-06-25 00:00:00,RUNE/EUR,0.896,0.955,0.894,0.925,29894.5,27980.6406
1687737600000,2023-06-26 00:00:00,RUNE/EUR,0.923,0.942,0.893,0.904,21484.4,19662.1158
1687824000000,2023-06-27 00:00:00,RUNE/EUR,0.904,0.936,0.904,0.92,16735.5,15424.8687
1687910400000,2023-06-28 00:00:00,RUNE/EUR,0.92,0.923,0.852,0.871,31547.3,28061.9808
1687996800000,2023-06-29 00:00:00,RUNE/EUR,0.873,0.915,0.873,0.899,16718.4,15120.3538
1688083200000,2023-06-30 00:00:00,RUNE/EUR,0.902,0.955,0.865,0.943,39819.9,36253.5504
1688169600000,2023-07-01 00:00:00,RUNE/EUR,0.945,0.978,0.943,0.977,20629.4,19967.3394
1688256000000,2023-07-02 00:00:00,RUNE/EUR,0.974,0.985,0.954,0.975,12669.5,12312.9466
1688342400000,2023-07-03 00:00:00,RUNE/EUR,0.985,1.017,0.985,1.007,7249.1,7265.3042
1688428800000,2023-07-04 00:00:00,RUNE/EUR,1.008,1.02,0.973,0.977,6349.6,6345.7985
1688515200000,2023-07-05 00:00:00,RUNE/EUR,0.977,0.983,0.944,0.958,4785.7,4611.2914
1688601600000,2023-07-06 00:00:00,RUNE/EUR,0.955,0.98,0.922,0.922,8632.6,8141.4173
1688688000000,2023-07-07 00:00:00,RUNE/EUR,0.918,0.934,0.918,0.923,5559.5,5154.9153
1688774400000,2023-07-08 00:00:00,RUNE/EUR,0.926,0.931,0.904,0.908,12013.7,11065.014
1688860800000,2023-07-09 00:00:00,RUNE/EUR,0.921,0.928,0.911,0.916,2865.5,2638.8224
1688947200000,2023-07-10 00:00:00,RUNE/EUR,0.9,0.93,0.892,0.923,2639.5,2391.5796
1689033600000,2023-07-11 00:00:00,RUNE/EUR,0.925,0.926,0.901,0.903,13186.4,12033.8123
1689120000000,2023-07-12 00:00:00,RUNE/EUR,0.907,0.912,0.877,0.88,6449.1,5758.9597
1689206400000,2023-07-13 00:00:00,RUNE/EUR,0.887,0.955,0.883,0.95,20957.1,19220.6076
1689292800000,2023-07-14 00:00:00,RUNE/EUR,0.956,0.966,0.899,0.92,20559.6,19356.9255
1689379200000,2023-07-15 00:00:00,RUNE/EUR,0.91,0.93,0.908,0.926,6809.3,6296.0765
1689465600000,2023-07-16 00:00:00,RUNE/EUR,0.929,0.929,0.906,0.906,4685.8,4310.5718
1689552000000,2023-07-17 00:00:00,RUNE/EUR,0.906,0.924,0.891,0.908,3695.0,3338.5084
1689638400000,2023-07-18 00:00:00,RUNE/EUR,0.909,0.909,0.878,0.883,4630.1,4138.0982
1689724800000,2023-07-19 00:00:00,RUNE/EUR,0.892,0.903,0.886,0.891,4343.6,3890.4536
1689811200000,2023-07-20 00:00:00,RUNE/EUR,0.896,0.914,0.888,0.899,5849.3,5264.8971
1689897600000,2023-07-21 00:00:00,RUNE/EUR,0.9,0.908,0.891,0.895,6331.3,5699.1228
1689984000000,2023-07-22 00:00:00,RUNE/EUR,0.893,0.894,0.88,0.88,1117.8,991.4349
1690070400000,2023-07-23 00:00:00,RUNE/EUR,0.88,0.911,0.88,0.897,3789.9,3403.4859
1690156800000,2023-07-24 00:00:00,RUNE/EUR,0.881,0.891,0.85,0.872,19865.6,17294.3663
1690243200000,2023-07-25 00:00:00,RUNE/EUR,0.875,0.876,0.861,0.865,13450.0,11644.0751
1690329600000,2023-07-26 00:00:00,RUNE/EUR,0.865,0.865,0.85,0.855,2623.6,2249.2801
1690416000000,2023-07-27 00:00:00,RUNE/EUR,0.86,0.867,0.844,0.85,2632.6,2254.3302
1690502400000,2023-07-28 00:00:00,RUNE/EUR,0.857,0.857,0.839,0.846,8494.3,7170.2963
1690588800000,2023-07-29 00:00:00,RUNE/EUR,0.856,0.865,0.851,0.865,2215.7,1903.486
1690675200000,2023-07-30 00:00:00,RUNE/EUR,0.862,0.862,0.828,0.846,4420.5,3715.603
1690761600000,2023-07-31 00:00:00,RUNE/EUR,0.846,0.862,0.846,0.857,950.4,814.3281
1690848000000,2023-08-01 00:00:00,RUNE/EUR,0.855,0.867,0.839,0.867,1703.1,1454.9875
1690934400000,2023-08-02 00:00:00,RUNE/EUR,0.874,0.875,0.851,0.857,2928.6,2521.6282
1691020800000,2023-08-03 00:00:00,RUNE/EUR,0.852,0.86,0.845,0.849,13540.9,11535.0602
1691107200000,2023-08-04 00:00:00,RUNE/EUR,0.855,0.862,0.848,0.853,3829.5,3275.2877
1691193600000,2023-08-05 00:00:00,RUNE/EUR,0.86,0.86,0.849,0.857,2136.8,1826.5729
1691280000000,2023-08-06 00:00:00,RUNE/EUR,0.856,0.868,0.856,0.863,2832.8,2446.3753
1691366400000,2023-08-07 00:00:00,RUNE/EUR,0.864,0.884,0.862,0.879,4936.7,4325.9452
1691452800000,2023-08-08 00:00:00,RUNE/EUR,0.889,0.963,0.879,0.932,27774.8,25744.5912
1691539200000,2023-08-09 00:00:00,RUNE/EUR,0.936,0.958,0.916,0.945,9514.8,8841.1592
1691625600000,2023-08-10 00:00:00,RUNE/EUR,0.945,0.979,0.945,0.968,28705.1,27842.4264
1691712000000,2023-08-11 00:00:00,RUNE/EUR,0.987,1.065,0.982,1.06,25654.0,26131.6688
1691798400000,2023-08-12 00:00:00,RUNE/EUR,1.06,1.188,1.032,1.168,36381.7,40753.6624
1691884800000,2023-08-13 00:00:00,RUNE/EUR,1.177,1.327,1.177,1.276,107748.3,136142.6033
1691971200000,2023-08-14 00:00:00,RUNE/EUR,1.291,1.391,1.252,1.366,52467.5,68643.587
1692057600000,2023-08-15 00:00:00,RUNE/EUR,1.363,1.521,1.338,1.421,147229.8,211927.389
1692144000000,2023-08-16 00:00:00,RUNE/EUR,1.429,1.543,1.306,1.348,79094.1,111924.2183
1692230400000,2023-08-17 00:00:00,RUNE/EUR,1.338,1.505,1.281,1.393,91600.7,130679.6914
1692316800000,2023-08-18 00:00:00,RUNE/EUR,1.393,1.56,1.328,1.519,49659.1,70783.4031
1692403200000,2023-08-19 00:00:00,RUNE/EUR,1.508,2.05,1.371,1.62,231092.1,365376.2848
1692489600000,2023-08-20 00:00:00,RUNE/EUR,1.634,1.764,1.613,1.646,58629.7,99388.6338
1692576000000,2023-08-21 00:00:00,RUNE/EUR,1.639,1.642,1.488,1.625,35270.9,54711.2124
1692662400000,2023-08-22 00:00:00,RUNE/EUR,1.609,1.646,1.425,1.454,25585.2,39165.8249
1692748800000,2023-08-23 00:00:00,RUNE/EUR,1.454,1.543,1.448,1.481,28666.7,42603.6657
1692835200000,2023-08-24 00:00:00,RUNE/EUR,1.479,1.497,1.367,1.387,10385.4,14606.5631
1692921600000,2023-08-25 00:00:00,RUNE/EUR,1.391,1.462,1.352,1.373,13327.2,18770.559
1693008000000,2023-08-26 00:00:00,RUNE/EUR,1.369,1.373,1.276,1.297,15624.2,20624.3509
1693094400000,2023-08-27 00:00:00,RUNE/EUR,1.305,1.389,1.305,1.362,19189.5,26100.8173
1693180800000,2023-08-28 00:00:00,RUNE/EUR,1.372,1.372,1.307,1.343,11443.3,15264.8614
1693267200000,2023-08-29 00:00:00,RUNE/EUR,1.353,1.59,1.348,1.486,25572.7,36639.5638
1693353600000,2023-08-30 00:00:00,RUNE/EUR,1.498,1.515,1.394,1.414,9804.9,14097.7129
1693440000000,2023-08-31 00:00:00,RUNE/EUR,1.411,1.449,1.362,1.388,5302.7,7453.7829
1693526400000,2023-09-01 00:00:00,RUNE/EUR,1.402,1.475,1.402,1.453,7090.3,10280.132
1693612800000,2023-09-02 00:00:00,RUNE/EUR,1.453,1.501,1.442,1.456,4666.6,6867.2386
1693699200000,2023-09-03 00:00:00,RUNE/EUR,1.453,1.453,1.357,1.357,4783.5,6634.7097
1693785600000,2023-09-04 00:00:00,RUNE/EUR,1.363,1.375,1.332,1.347,2523.6,3394.8526
1693872000000,2023-09-05 00:00:00,RUNE/EUR,1.356,1.417,1.346,1.406,2872.4,4013.6868
1693958400000,2023-09-06 00:00:00,RUNE/EUR,1.409,1.48,1.388,1.462,5065.4,7342.479
1694044800000,2023-09-07 00:00:00,RUNE/EUR,1.472,1.51,1.472,1.498,7106.2,10593.745
1694131200000,2023-09-08 00:00:00,RUNE/EUR,1.505,1.525,1.46,1.485,8731.4,12964.2876
1694217600000,2023-09-09 00:00:00,RUNE/EUR,1.48,1.48,1.442,1.45,1996.2,2926.756
1694304000000,2023-09-10 00:00:00,RUNE/EUR,1.451,1.46,1.419,1.443,3165.7,4562.2433
1694390400000,2023-09-11 00:00:00,RUNE/EUR,1.442,1.442,1.35,1.361,4679.7,6432.4685
1694476800000,2023-09-12 00:00:00,RUNE/EUR,1.385,1.423,1.361,1.383,5041.2,7005.3401
1694563200000,2023-09-13 00:00:00,RUNE/EUR,1.38,1.505,1.377,1.494,7450.4,10865.3945
1694649600000,2023-09-14 00:00:00,RUNE/EUR,1.512,1.576,1.485,1.551,10398.4,15913.7345
1694736000000,2023-09-15 00:00:00,RUNE/EUR,1.542,1.727,1.54,1.718,14711.5,24073.5931
1694822400000,2023-09-16 00:00:00,RUNE/EUR,1.697,1.828,1.697,1.816,72325.7,129513.185
1694908800000,2023-09-17 00:00:00,RUNE/EUR,1.811,1.811,1.717,1.717,7729.8,13616.4924
1694995200000,2023-09-18 00:00:00,RUNE/EUR,1.731,1.862,1.71,1.751,16365.2,29367.0886
1695081600000,2023-09-19 00:00:00,RUNE/EUR,1.742,1.828,1.736,1.79,14460.7,25749.5431
1695168000000,2023-09-20 00:00:00,RUNE/EUR,1.793,1.82,1.657,1.678,21203.1,36351.1579
1695254400000,2023-09-21 00:00:00,RUNE/EUR,1.682,1.711,1.639,1.661,11070.2,18521.9701
1695340800000,2023-09-22 00:00:00,RUNE/EUR,1.671,1.689,1.621,1.634,5234.2,8679.8163
1695427200000,2023-09-23 00:00:00,RUNE/EUR,1.643,1.651,1.601,1.611,7243.6,11801.714
1695513600000,2023-09-24 00:00:00,RUNE/EUR,1.6,1.6,1.56,1.57,12389.2,19500.2074
1695600000000,2023-09-25 00:00:00,RUNE/EUR,1.557,1.632,1.554,1.612,7977.5,12819.6881
1695686400000,2023-09-26 00:00:00,RUNE/EUR,1.617,1.647,1.596,1.646,12583.1,20427.3787
1695772800000,2023-09-27 00:00:00,RUNE/EUR,1.651,1.679,1.624,1.635,14091.9,23096.5459
1695859200000,2023-09-28 00:00:00,RUNE/EUR,1.65,1.854,1.65,1.829,5409.5,9470.0231
1695945600000,2023-09-29 00:00:00,RUNE/EUR,1.834,1.896,1.813,1.874,4631.4,8534.0263
1696032000000,2023-09-30 00:00:00,RUNE/EUR,1.9,1.912,1.808,1.826,3926.5,7266.8936
1696118400000,2023-10-01 00:00:00,RUNE/EUR,1.832,2.143,1.776,2.035,16397.1,31078.3771
1696204800000,2023-10-02 00:00:00,RUNE/EUR,2.053,2.098,1.856,1.933,13431.8,26633.1307
1696291200000,2023-10-03 00:00:00,RUNE/EUR,1.942,1.969,1.83,1.912,9486.0,18105.4673
1696377600000,2023-10-04 00:00:00,RUNE/EUR,1.898,1.968,1.789,1.953,12404.2,23353.7322
1696464000000,2023-10-05 00:00:00,RUNE/EUR,1.934,2.013,1.841,1.918,27264.5,52962.4793
1696550400000,2023-10-06 00:00:00,RUNE/EUR,1.933,1.945,1.648,1.67,27431.8,47304.3105
1696636800000,2023-10-07 00:00:00,RUNE/EUR,1.668,1.707,1.611,1.651,12902.8,21424.9182
1696723200000,2023-10-08 00:00:00,RUNE/EUR,1.649,1.654,1.601,1.642,5137.9,8371.9678
1696809600000,2023-10-09 00:00:00,RUNE/EUR,1.633,1.64,1.519,1.524,5344.0,8328.8322
1696896000000,2023-10-10 00:00:00,RUNE/EUR,1.535,1.605,1.535,1.594,4944.7,7817.156
1696982400000,2023-10-11 00:00:00,RUNE/EUR,1.581,1.581,1.523,1.541,2693.1,4153.7709
1697068800000,2023-10-12 00:00:00,RUNE/EUR,1.532,1.564,1.397,1.564,9291.1,13609.779
1697155200000,2023-10-13 00:00:00,RUNE/EUR,1.561,1.624,1.556,1.582,25251.2,40045.5464
1697241600000,2023-10-14 00:00:00,RUNE/EUR,1.586,1.594,1.556,1.566,2378.6,3732.5082
1697328000000,2023-10-15 00:00:00,RUNE/EUR,1.562,1.591,1.55,1.577,19995.5,31450.2692
1697414400000,2023-10-16 00:00:00,RUNE/EUR,1.578,1.683,1.558,1.558,24259.9,39201.5867
1697500800000,2023-10-17 00:00:00,RUNE/EUR,1.538,1.538,1.448,1.457,9270.5,13765.2873
1697587200000,2023-10-18 00:00:00,RUNE/EUR,1.46,1.504,1.458,1.5,3301.8,4912.578
1697673600000,2023-10-19 00:00:00,RUNE/EUR,1.467,1.49,1.423,1.434,7841.6,11491.5271
1697760000000,2023-10-20 00:00:00,RUNE/EUR,1.442,1.561,1.427,1.55,10822.5,16582.572
1697846400000,2023-10-21 00:00:00,RUNE/EUR,1.548,1.71,1.548,1.652,12089.4,19612.3226
1697932800000,2023-10-22 00:00:00,RUNE/EUR,1.671,1.735,1.671,1.725,6174.8,10590.3588
1698019200000,2023-10-23 00:00:00,RUNE/EUR,1.735,2.078,1.735,2.004,28541.9,54456.2324
1698105600000,2023-10-24 00:00:00,RUNE/EUR,2.002,2.103,1.938,2.081,29920.6,61016.9788
1698192000000,2023-10-25 00:00:00,RUNE/EUR,2.071,2.165,2.049,2.076,14714.0,30880.9045
1698278400000,2023-10-26 00:00:00,RUNE/EUR,2.094,2.257,2.082,2.253,9081.0,19751.6531
1698364800000,2023-10-27 00:00:00,RUNE/EUR,2.25,2.295,2.171,2.279,5109.6,11355.0403
1698451200000,2023-10-28 00:00:00,RUNE/EUR,2.298,2.431,2.284,2.388,7494.5,17823.323
1698537600000,2023-10-29 00:00:00,RUNE/EUR,2.364,2.395,2.281,2.329,17008.0,39607.8862
1698624000000,2023-10-30 00:00:00,RUNE/EUR,2.322,2.662,2.302,2.599,32581.9,81772.5545
1698710400000,2023-10-31 00:00:00,RUNE/EUR,2.599,2.799,2.599,2.78,27704.7,75385.1147
1698796800000,2023-11-01 00:00:00,RUNE/EUR,2.777,2.947,2.723,2.805,15895.9,44850.9872
1698883200000,2023-11-02 00:00:00,RUNE/EUR,2.806,2.853,2.616,2.646,11738.7,31559.1112
1698969600000,2023-11-03 00:00:00,RUNE/EUR,2.646,3.246,2.615,3.125,29464.6,86418.2568
1699056000000,2023-11-04 00:00:00,RUNE/EUR,3.137,3.257,3.069,3.185,11307.1,35786.6286
1699142400000,2023-11-05 00:00:00,RUNE/EUR,3.168,3.3,3.03,3.139,13034.4,40902.743
1699228800000,2023-11-06 00:00:00,RUNE/EUR,3.128,3.348,3.087,3.301,12392.3,40487.1829
1699315200000,2023-11-07 00:00:00,RUNE/EUR,3.352,3.367,2.963,3.195,27193.1,85166.481
1699401600000,2023-11-08 00:00:00,RUNE/EUR,3.163,3.204,3.085,3.118,9020.4,28247.1314
1699488000000,2023-11-09 00:00:00,RUNE/EUR,3.077,3.789,3.077,3.693,35935.8,126167.9808
1699574400000,2023-11-10 00:00:00,RUNE/EUR,3.687,3.825,3.56,3.768,15623.5,57669.5426
1699660800000,2023-11-11 00:00:00,RUNE/EUR,3.785,4.5,3.679,4.453,35506.2,148040.6087
1699747200000,2023-11-12 00:00:00,RUNE/EUR,4.44,5.048,4.423,4.81,41958.0,201498.8626
1699833600000,2023-11-13 00:00:00,RUNE/EUR,4.781,4.967,4.452,4.536,26133.9,121770.4748
1699920000000,2023-11-14 00:00:00,RUNE/EUR,4.5,4.813,4.201,4.513,38156.0,175355.7942
1700006400000,2023-11-15 00:00:00,RUNE/EUR,4.533,5.7,4.533,5.625,29322.9,154614.1635
1700092800000,2023-11-16 00:00:00,RUNE/EUR,5.631,6.133,5.301,5.434,40321.0,234725.6575
1700179200000,2023-11-17 00:00:00,RUNE/EUR,5.406,5.992,5.324,5.878,37892.3,215128.4023
1700265600000,2023-11-18 00:00:00,RUNE/EUR,5.834,5.865,5.156,5.285,23322.7,128516.8804
1700352000000,2023-11-19 00:00:00,RUNE/EUR,5.264,5.278,4.699,5.144,41485.1,207439.0047
1700438400000,2023-11-20 00:00:00,RUNE/EUR,5.099,5.102,4.808,4.828,15008.5,74268.5447
1700524800000,2023-11-21 00:00:00,RUNE/EUR,4.805,5.113,4.357,4.492,34139.9,165246.7682
1700611200000,2023-11-22 00:00:00,RUNE/EUR,4.492,5.515,4.492,5.342,24937.2,129515.0105
1700697600000,2023-11-23 00:00:00,RUNE/EUR,5.331,5.601,5.052,5.053,9290.0,49177.9475
1700784000000,2023-11-24 00:00:00,RUNE/EUR,5.0,5.248,4.889,4.969,11017.2,55809.1079
1700870400000,2023-11-25 00:00:00,RUNE/EUR,5.002,5.018,4.748,4.932,6099.0,29918.0456
1700956800000,2023-11-26 00:00:00,RUNE/EUR,4.98,5.05,4.701,4.86,2439.4,11865.4198
1701043200000,2023-11-27 00:00:00,RUNE/EUR,4.817,5.05,4.767,4.983,7237.0,35555.4875
1701129600000,2023-11-28 00:00:00,RUNE/EUR,4.994,5.575,4.828,5.446,26392.9,139957.2134
1701216000000,2023-11-29 00:00:00,RUNE/EUR,5.452,5.89,5.452,5.801,12081.3,68903.2005
1701302400000,2023-11-30 00:00:00,RUNE/EUR,5.844,6.15,5.739,5.929,16760.3,99455.3363
1701388800000,2023-12-01 00:00:00,RUNE/EUR,5.9,6.11,5.799,5.942,7409.0,43971.5179
1701475200000,2023-12-02 00:00:00,RUNE/EUR,5.935,6.696,5.9,6.53,16860.1,106703.2643
1701561600000,2023-12-03 00:00:00,RUNE/EUR,6.53,6.604,6.301,6.49,3299.6,21217.149
1701648000000,2023-12-04 00:00:00,RUNE/EUR,6.398,6.681,5.97,6.182,19079.9,118862.6269
1701734400000,2023-12-05 00:00:00,RUNE/EUR,6.243,6.3,5.595,6.063,23123.6,137650.5375
1701820800000,2023-12-06 00:00:00,RUNE/EUR,6.098,6.364,5.879,5.921,13048.8,80738.0346
1701907200000,2023-12-07 00:00:00,RUNE/EUR,5.931,6.1,5.763,6.041,12615.6,74487.358
1701993600000,2023-12-08 00:00:00,RUNE/EUR,6.053,6.2,5.457,6.025,10561.1,62877.8459
1702080000000,2023-12-09 00:00:00,RUNE/EUR,6.058,6.196,5.7,5.705,8824.2,52626.7527
1702166400000,2023-12-10 00:00:00,RUNE/EUR,5.761,6.215,5.761,6.13,5115.3,30965.3691
1702252800000,2023-12-11 00:00:00,RUNE/EUR,6.155,6.163,5.099,5.457,13998.9,77361.985
1702339200000,2023-12-12 00:00:00,RUNE/EUR,5.46,5.649,5.182,5.249,3918.8,21064.8576
1702425600000,2023-12-13 00:00:00,RUNE/EUR,5.252,5.784,4.982,5.355,5093.7,27129.6513
1702512000000,2023-12-14 00:00:00,RUNE/EUR,5.394,5.635,5.2,5.401,10966.9,59713.4245
1702598400000,2023-12-15 00:00:00,RUNE/EUR,5.367,5.512,5.28,5.28,5403.2,29162.2222
1702684800000,2023-12-16 00:00:00,RUNE/EUR,5.216,5.364,5.133,5.156,3970.2,21028.0823
1702771200000,2023-12-17 00:00:00,RUNE/EUR,5.136,5.235,5.086,5.095,5232.3,26984.9538
1702857600000,2023-12-18 00:00:00,RUNE/EUR,5.081,5.333,4.721,5.029,8911.0,43359.8954
1702944000000,2023-12-19 00:00:00,RUNE/EUR,5.118,5.126,4.635,4.671,6978.8,34828.432
1703030400000,2023-12-20 00:00:00,RUNE/EUR,4.678,5.092,4.676,4.968,7543.2,37151.9866
1703116800000,2023-12-21 00:00:00,RUNE/EUR,5.016,5.075,4.838,4.91,5056.6,24810.2556
1703203200000,2023-12-22 00:00:00,RUNE/EUR,4.91,5.07,4.792,4.873,9474.4,45969.8622
1703289600000,2023-12-23 00:00:00,RUNE/EUR,4.844,5.174,4.674,5.174,13073.7,63674.8924
1703376000000,2023-12-24 00:00:00,RUNE/EUR,5.124,6.0,4.982,5.562,17385.8,96993.1266
1703462400000,2023-12-25 00:00:00,RUNE/EUR,5.504,5.795,5.076,5.327,8050.2,43493.3854
1703548800000,2023-12-26 00:00:00,RUNE/EUR,5.327,5.327,4.757,4.933,28887.5,141311.5527
1703635200000,2023-12-27 00:00:00,RUNE/EUR,4.933,5.226,4.765,5.057,9153.4,46271.3746
1703721600000,2023-12-28 00:00:00,RUNE/EUR,5.1,5.211,4.88,5.004,4317.3,21564.4112
1703808000000,2023-12-29 00:00:00,RUNE/EUR,5.038,5.094,4.701,4.792,15510.6,75472.0292
1703894400000,2023-12-30 00:00:00,RUNE/EUR,4.847,4.859,4.55,4.781,6065.2,28425.5675
1703980800000,2023-12-31 00:00:00,RUNE/EUR,4.772,4.827,4.552,4.685,10265.0,48380.7064
1704067200000,2024-01-01 00:00:00,RUNE/EUR,4.627,4.856,4.627,4.856,6072.4,28747.6767
1704153600000,2024-01-02 00:00:00,RUNE/EUR,4.877,5.365,4.877,5.208,16577.2,85601.8754
1704240000000,2024-01-03 00:00:00,RUNE/EUR,5.261,5.637,4.148,4.897,28234.7,138539.5084
1704326400000,2024-01-04 00:00:00,RUNE/EUR,4.9,5.013,4.764,4.973,3681.4,18082.9361
1704412800000,2024-01-05 00:00:00,RUNE/EUR,4.945,4.995,4.601,4.778,3209.8,15295.9513
1704499200000,2024-01-06 00:00:00,RUNE/EUR,4.779,4.779,4.42,4.497,4330.0,19636.5998
1704585600000,2024-01-07 00:00:00,RUNE/EUR,4.53,4.55,4.186,4.186,2615.5,11567.1175
1704672000000,2024-01-08 00:00:00,RUNE/EUR,4.181,4.547,3.936,4.437,7977.7,33741.9121
1704758400000,2024-01-09 00:00:00,RUNE/EUR,4.423,4.57,4.27,4.338,2951.2,13088.4228
1704844800000,2024-01-10 00:00:00,RUNE/EUR,4.369,4.735,4.136,4.597,5485.7,23882.9868
1704931200000,2024-01-11 00:00:00,RUNE/EUR,4.625,5.0,4.523,4.63,10895.1,52826.873
1705017600000,2024-01-12 00:00:00,RUNE/EUR,4.6,4.653,4.044,4.189,9665.5,42262.4588
1705104000000,2024-01-13 00:00:00,RUNE/EUR,4.167,4.244,4.097,4.202,3800.5,15886.6954
1705190400000,2024-01-14 00:00:00,RUNE/EUR,4.202,4.27,4.092,4.092,3356.8,14119.4749
1705276800000,2024-01-15 00:00:00,RUNE/EUR,4.154,4.27,4.106,4.181,2879.1,12034.4923
1705363200000,2024-01-16 00:00:00,RUNE/EUR,4.158,4.41,4.158,4.378,6794.0,29206.5783
1705449600000,2024-01-17 00:00:00,RUNE/EUR,4.435,4.445,3.953,3.961,5138.1,21472.4209
1705536000000,2024-01-18 00:00:00,RUNE/EUR,3.931,3.931,3.6,3.731,13546.1,51653.7109
1705622400000,2024-01-19 00:00:00,RUNE/EUR,3.733,3.89,3.63,3.851,8718.6,32766.7014
1705708800000,2024-01-20 00:00:00,RUNE/EUR,3.852,3.852,3.728,3.787,5392.4,20322.4576
1705795200000,2024-01-21 00:00:00,RUNE/EUR,3.8,3.988,3.8,3.907,4373.5,17130.0546
1705881600000,2024-01-22 00:00:00,RUNE/EUR,3.85,3.851,3.599,3.647,2280.7,8499.791
1705968000000,2024-01-23 00:00:00,RUNE/EUR,3.644,3.725,3.464,3.67,5947.9,21246.7541
1706054400000,2024-01-24 00:00:00,RUNE/EUR,3.671,3.769,3.617,3.752,5704.7,21187.3595
1706140800000,2024-01-25 00:00:00,RUNE/EUR,3.721,3.77,3.66,3.722,5111.1,18914.8247
1706227200000,2024-01-26 00:00:00,RUNE/EUR,3.71,3.776,3.708,3.762,397.4,1478.018
