https://www.Saxcoin-b6.nl,SAXC,$ax¢oin
unix,date,symbol,open,high,low,close,volume,total
1648425600,2022-03-28 00:00:00,SAXC/EUR,3290.90,3384.41,3289.88,3384.41,7.21273151,24410.8406497591
1648512000,2022-03-29 00:00:00,SAXC/EUR,3394.75,3473.60,3394.75,3412.06,1.08735250,3710.1119711499996
1648598400,2022-03-30 00:00:00,SAXC/EUR,3412.06,3412.06,3412.06,3412.06,0.00000000,0.0
1648684800,2022-03-31 00:00:00,SAXC/EUR,3400.87,3400.87,3400.87,3400.87,0.03218294,109.4499951578
1648771200,2022-04-01 00:00:00,SAXC/EUR,3307.64,3382.10,3307.64,3382.10,0.02513028,84.993119988
1648857600,2022-04-02 00:00:00,SAXC/EUR,3496.94,3496.94,3479.69,3480.99,0.98033661,3412.5419360439
1648944000,2022-04-03 00:00:00,SAXC/EUR,3480.99,3480.99,3480.99,3480.99,0.00000000,0.0
1649030400,2022-04-04 00:00:00,SAXC/EUR,3475.56,3527.96,3441.48,3527.96,0.16363426,577.2951239096
1649116800,2022-04-05 00:00:00,SAXC/EUR,3516.95,3527.25,3516.95,3527.25,0.47521607,1676.2058829075
1649203200,2022-04-06 00:00:00,SAXC/EUR,3338.44,3338.44,3233.88,3236.02,0.95396490,3087.049495698
1649289600,2022-04-07 00:00:00,SAXC/EUR,3218.46,3218.46,3218.46,3218.46,0.46278565,1489.457103099
1649376000,2022-04-08 00:00:00,SAXC/EUR,3232.49,3232.49,3188.47,3188.47,0.03893056,124.1289226432
1649462400,2022-04-09 00:00:00,SAXC/EUR,3238.95,3263.54,3238.95,3263.54,4.17325570,13619.586907178002
1649548800,2022-04-10 00:00:00,SAXC/EUR,3291.90,3291.90,3291.90,3291.90,0.01262041,41.545127679000004
1649635200,2022-04-11 00:00:00,SAXC/EUR,3158.96,3158.96,2960.41,2998.48,2.88324978,8645.3668003344
1649721600,2022-04-12 00:00:00,SAXC/EUR,3017.84,3067.24,2979.32,2979.32,2.57082053,7659.297021439601
1649808000,2022-04-13 00:00:00,SAXC/EUR,3063.41,3123.12,3046.26,3123.12,8.24847994,25760.992670212796
1649894400,2022-04-14 00:00:00,SAXC/EUR,3129.67,3129.67,3007.41,3007.41,0.84789114,2549.9562933474
1649980800,2022-04-15 00:00:00,SAXC/EUR,3006.35,3053.89,3006.35,3031.27,0.72785010,2206.310172627
1650067200,2022-04-16 00:00:00,SAXC/EUR,3042.68,3051.45,3018.36,3018.36,0.57798071,1744.5538558356
1650153600,2022-04-17 00:00:00,SAXC/EUR,3062.03,3085.52,3025.65,3048.10,1.94953641,5942.381931321001
1650240000,2022-04-18 00:00:00,SAXC/EUR,2995.26,3013.91,2898.91,3013.91,11.68236050,35209.583134554996
1650326400,2022-04-19 00:00:00,SAXC/EUR,3083.21,3091.45,3039.19,3091.45,1.58165334,4889.602217942999
1650412800,2022-04-20 00:00:00,SAXC/EUR,3123.45,3139.94,3069.26,3069.26,3.25132933,9979.1750593958
1650499200,2022-04-21 00:00:00,SAXC/EUR,3069.26,3069.26,3069.26,3069.26,0.00000000,0.0
1650585600,2022-04-22 00:00:00,SAXC/EUR,2992.32,3007.66,2992.32,3007.66,0.18421200,554.0470639199999
1650672000,2022-04-23 00:00:00,SAXC/EUR,2946.60,2946.60,2946.60,2946.60,0.03334064,98.241529824
1650758400,2022-04-24 00:00:00,SAXC/EUR,2953.36,2953.36,2939.28,2939.28,0.01920005,56.434322964
1650844800,2022-04-25 00:00:00,SAXC/EUR,2909.79,3023.02,2799.00,3018.11,11.97078370,36129.141992807
1650931200,2022-04-26 00:00:00,SAXC/EUR,2997.77,2997.77,2820.39,2835.66,4.03349824,11437.6296192384
1651017600,2022-04-27 00:00:00,SAXC/EUR,2899.00,2899.00,2827.47,2847.98,1.85260210,5276.173728758
1651104000,2022-04-28 00:00:00,SAXC/EUR,2928.50,2942.48,2860.40,2860.40,1.42959270,4089.20695908
1651190400,2022-04-29 00:00:00,SAXC/EUR,2926.68,2926.68,2798.82,2798.82,5.18232178,14504.3858442996
1651276800,2022-04-30 00:00:00,SAXC/EUR,2783.39,2783.39,2783.39,2783.39,0.54971186,1530.0624940054001
1651363200,2022-05-01 00:00:00,SAXC/EUR,2786.65,2824.91,2772.04,2824.91,7.71082193,21782.377978276298
1651449600,2022-05-02 00:00:00,SAXC/EUR,2841.60,2841.60,2815.99,2839.01,1.65703812,4704.3477930612
1651536000,2022-05-03 00:00:00,SAXC/EUR,2846.13,2846.13,2774.16,2798.01,3.73496462,10450.468356406202
1651622400,2022-05-04 00:00:00,SAXC/EUR,2802.16,2858.19,2802.16,2858.19,1.95161250,5578.079331375
1651708800,2022-05-05 00:00:00,SAXC/EUR,2932.00,2932.00,2740.48,2746.65,1.56643464,4302.447703956
1651795200,2022-05-06 00:00:00,SAXC/EUR,2707.13,2719.48,2646.88,2677.67,0.68292889,1828.6582008863002
1651881600,2022-05-07 00:00:00,SAXC/EUR,2687.61,2687.61,2674.99,2681.31,0.20882744,559.9311031464
1651968000,2022-05-08 00:00:00,SAXC/EUR,2549.09,2549.09,2496.76,2546.89,5.99770941,15275.506119234899
1652054400,2022-05-09 00:00:00,SAXC/EUR,2436.47,2463.26,2246.97,2305.38,13.36667139,30815.256889078202
1652140800,2022-05-10 00:00:00,SAXC/EUR,2236.73,2449.56,2219.90,2269.36,3.01377964,6839.3509638304
1652227200,2022-05-11 00:00:00,SAXC/EUR,2368.27,2447.70,2033.57,2102.56,11.66475425,24525.845695879998
1652313600,2022-05-12 00:00:00,SAXC/EUR,2102.47,2147.03,1744.39,1891.43,10.91239363,20640.028683590903
1652400000,2022-05-13 00:00:00,SAXC/EUR,2319.07,2319.07,2076.58,2125.62,1.78032663,3784.2978912606
1652486400,2022-05-14 00:00:00,SAXC/EUR,2125.62,2125.62,2125.62,2125.62,0.00000000,0.0
1652572800,2022-05-15 00:00:00,SAXC/EUR,2125.62,2125.62,2125.62,2125.62,0.00000000,0.0
1652659200,2022-05-16 00:00:00,SAXC/EUR,2125.62,2125.62,2125.62,2125.62,0.00000000,0.0
1652745600,2022-05-17 00:00:00,SAXC/EUR,2045.54,2065.73,2010.23,2065.73,3.95326180,8166.371498114
1652832000,2022-05-18 00:00:00,SAXC/EUR,2027.16,2116.49,1902.98,1902.98,1.65026323,3140.4179214254
1652918400,2022-05-19 00:00:00,SAXC/EUR,1947.88,1965.88,1947.88,1953.22,1.03947640,2030.3260940080002
1653004800,2022-05-20 00:00:00,SAXC/EUR,2055.37,2055.37,2055.37,2055.37,0.14000000,287.7518
1653091200,2022-05-21 00:00:00,SAXC/EUR,2055.37,2055.37,2055.37,2055.37,0.00000000,0.0
1653177600,2022-05-22 00:00:00,SAXC/EUR,2055.37,2055.37,2055.37,2055.37,0.00000000,0.0
1653264000,2022-05-23 00:00:00,SAXC/EUR,2042.71,2042.71,1965.07,1971.23,0.90485844,1783.6841026812
1653350400,2022-05-24 00:00:00,SAXC/EUR,1974.24,1993.57,1974.24,1991.84,0.18497059,368.4318199856
1653436800,2022-05-25 00:00:00,SAXC/EUR,1991.84,1991.84,1991.84,1991.84,0.00000000,0.0
1653523200,2022-05-26 00:00:00,SAXC/EUR,1857.09,1964.30,1813.75,1865.34,3.07649454,5738.7083252436
1653609600,2022-05-27 00:00:00,SAXC/EUR,1872.17,1872.17,1872.17,1872.17,0.09191156,172.07406528520002
1653696000,2022-05-28 00:00:00,SAXC/EUR,1788.51,1788.51,1775.54,1775.54,0.02621671,46.5488172734
1653782400,2022-05-29 00:00:00,SAXC/EUR,1782.69,1782.69,1718.32,1718.32,0.02603484,44.7361862688
1653868800,2022-05-30 00:00:00,SAXC/EUR,1797.48,2004.11,1797.48,2004.11,0.20759967,416.0525746436999
1653955200,2022-05-31 00:00:00,SAXC/EUR,2004.11,2004.11,2004.11,2004.11,0.00000000,0.0
1654041600,2022-06-01 00:00:00,SAXC/EUR,2004.11,2004.11,2004.11,2004.11,0.00000000,0.0
1654128000,2022-06-02 00:00:00,SAXC/EUR,1799.16,1844.28,1799.16,1844.28,0.05712317,105.3511199676
1654214400,2022-06-03 00:00:00,SAXC/EUR,1844.28,1844.28,1844.28,1844.28,0.00000000,0.0
1654300800,2022-06-04 00:00:00,SAXC/EUR,1844.28,1844.28,1844.28,1844.28,0.00000000,0.0
1654387200,2022-06-05 00:00:00,SAXC/EUR,1844.28,1844.28,1844.28,1844.28,0.00000000,0.0
1654473600,2022-06-06 00:00:00,SAXC/EUR,1844.28,1844.28,1844.28,1844.28,0.00000000,0.0
1654560000,2022-06-07 00:00:00,SAXC/EUR,1844.28,1844.28,1844.28,1844.28,0.00000000,0.0
1654646400,2022-06-08 00:00:00,SAXC/EUR,1801.63,1801.63,1801.63,1801.63,0.01294200,23.316695460000002
1654732800,2022-06-09 00:00:00,SAXC/EUR,1801.63,1801.63,1801.63,1801.63,0.00000000,0.0
1654819200,2022-06-10 00:00:00,SAXC/EUR,1701.29,1701.29,1701.29,1701.29,0.02071963,35.250099322699995
1654905600,2022-06-11 00:00:00,SAXC/EUR,1620.64,1620.64,1504.60,1551.87,9.03907694,14027.472330877798
1654992000,2022-06-12 00:00:00,SAXC/EUR,1440.93,1492.32,1432.22,1488.95,0.44096277,656.5715163915
1655078400,2022-06-13 00:00:00,SAXC/EUR,1348.66,1348.66,1192.53,1224.02,1.69819060,2078.6192582119997
1655164800,2022-06-14 00:00:00,SAXC/EUR,1205.88,1336.07,1090.87,1173.41,0.68925146,808.7745556786001
1655251200,2022-06-15 00:00:00,SAXC/EUR,1131.55,1217.85,1018.87,1217.85,11.63058433,14164.307126290498
1655337600,2022-06-16 00:00:00,SAXC/EUR,1110.73,1124.17,1093.31,1093.31,0.23219945,253.86598067949998
1655424000,2022-06-17 00:00:00,SAXC/EUR,1100.75,1100.75,1100.75,1100.75,0.12620000,138.91465
1655510400,2022-06-18 00:00:00,SAXC/EUR,995.23,995.23,937.32,991.76,47.35818988,46967.9583953888
1655596800,2022-06-19 00:00:00,SAXC/EUR,1014.52,1096.43,1014.52,1082.94,0.31030256,336.03905432640005
1655683200,2022-06-20 00:00:00,SAXC/EUR,1088.73,1088.73,1075.78,1082.41,0.25847806,279.7792369246
1655769600,2022-06-21 00:00:00,SAXC/EUR,1157.70,1160.63,1123.26,1123.26,0.35643728,400.37173913280003
1655856000,2022-06-22 00:00:00,SAXC/EUR,1123.26,1123.26,1123.26,1123.26,0.00000000,0.0
1655942400,2022-06-23 00:00:00,SAXC/EUR,1123.26,1123.26,1123.26,1123.26,0.00000000,0.0
1656028800,2022-06-24 00:00:00,SAXC/EUR,1392.27,1392.27,1392.27,1392.27,0.15578156,216.8899925412
1656115200,2022-06-25 00:00:00,SAXC/EUR,1217.30,1379.89,1214.84,1379.89,0.27763320,383.10327634800007
1656201600,2022-06-26 00:00:00,SAXC/EUR,1370.00,1370.00,1370.00,1370.00,0.04241566,58.1094542
1656288000,2022-06-27 00:00:00,SAXC/EUR,1181.91,1181.92,1181.91,1181.92,0.32349285,382.342669272
1656374400,2022-06-28 00:00:00,SAXC/EUR,1387.49,1387.50,1156.51,1156.52,0.71552099,827.5143353548
1656460800,2022-06-29 00:00:00,SAXC/EUR,1137.07,1137.07,1089.65,1089.65,0.34113354,371.71616186100005
1656547200,2022-06-30 00:00:00,SAXC/EUR,1089.65,1089.65,1089.65,1089.65,0.00000000,0.0
1656633600,2022-07-01 00:00:00,SAXC/EUR,1092.71,1092.71,1050.71,1050.71,0.37664135,395.74083285849997
1656720000,2022-07-02 00:00:00,SAXC/EUR,1050.71,1050.71,1050.71,1050.71,0.00000000,0.0
1656806400,2022-07-03 00:00:00,SAXC/EUR,1062.51,1077.72,1058.89,1077.71,0.55657395,599.8253116545
1656892800,2022-07-04 00:00:00,SAXC/EUR,1077.71,1077.71,1077.71,1077.71,0.00000000,0.0
1656979200,2022-07-05 00:00:00,SAXC/EUR,1143.06,1149.22,1143.06,1147.12,5.05985035,5804.255533491999
1657065600,2022-07-06 00:00:00,SAXC/EUR,1147.12,1147.12,1147.12,1147.12,0.00000000,0.0
1657152000,2022-07-07 00:00:00,SAXC/EUR,1147.12,1147.12,1147.12,1147.12,0.00000000,0.0
1657238400,2022-07-08 00:00:00,SAXC/EUR,1220.56,1220.56,1220.56,1220.56,0.00824237,10.0603071272
1657324800,2022-07-09 00:00:00,SAXC/EUR,1213.79,1222.33,1212.13,1216.64,0.49552640,602.877239296
1657411200,2022-07-10 00:00:00,SAXC/EUR,1214.88,1216.08,1194.84,1194.84,0.22072145,263.726817318
1657497600,2022-07-11 00:00:00,SAXC/EUR,1159.99,1159.99,1159.99,1159.99,0.05039800,58.461176019999996
1657584000,2022-07-12 00:00:00,SAXC/EUR,1159.99,1159.99,1159.99,1159.99,0.00000000,0.0
1657670400,2022-07-13 00:00:00,SAXC/EUR,1055.73,1067.06,1018.86,1018.87,0.77233790,786.911916173
1657756800,2022-07-14 00:00:00,SAXC/EUR,1104.72,1104.72,1104.72,1104.72,0.15230105,168.250015956
1657843200,2022-07-15 00:00:00,SAXC/EUR,1104.72,1104.72,1104.72,1104.72,0.00000000,0.0
1657929600,2022-07-16 00:00:00,SAXC/EUR,1201.73,1340.75,1201.72,1319.12,0.20131068,265.5529442016
1658016000,2022-07-17 00:00:00,SAXC/EUR,1367.46,1549.37,1342.80,1342.80,2.86377173,3845.4726790439995
1658102400,2022-07-18 00:00:00,SAXC/EUR,1350.66,1587.67,1350.66,1587.67,0.23288944,369.7515772048
1658188800,2022-07-19 00:00:00,SAXC/EUR,1559.94,1559.95,1528.60,1528.62,0.66004194,1008.9533103228
1658275200,2022-07-20 00:00:00,SAXC/EUR,1540.93,1557.43,1507.44,1533.07,0.45595901,699.0170794607
1658361600,2022-07-21 00:00:00,SAXC/EUR,1486.71,1486.71,1474.40,1474.40,0.24258446,357.666527824
1658448000,2022-07-22 00:00:00,SAXC/EUR,1646.82,1646.82,1646.82,1646.82,0.02114985,34.829995977
1658534400,2022-07-23 00:00:00,SAXC/EUR,1646.82,1646.82,1646.82,1646.82,0.00000000,0.0
1658620800,2022-07-24 00:00:00,SAXC/EUR,1646.82,1646.82,1646.82,1646.82,0.00000000,0.0
1658707200,2022-07-25 00:00:00,SAXC/EUR,1543.11,1543.11,1463.03,1467.66,0.42935756,630.1509165096
1658793600,2022-07-26 00:00:00,SAXC/EUR,1417.77,1426.23,1417.08,1425.9,0.11126156,158.647858404
1658880000,2022-07-27 00:00:00,SAXC/EUR,1537.41,1544.7,1537.41,1544.7,0.19591444,302.629035468
1658966400,2022-07-28 00:00:00,SAXC/EUR,1606.2,1644.09,1606.2,1644.09,0.06646969,109.2821526321
1659052800,2022-07-29 00:00:00,SAXC/EUR,1644.09,1644.09,1644.09,1644.09,0.00000000,0.0
1659139200,2022-07-30 00:00:00,SAXC/EUR,1644.09,1644.09,1644.09,1644.09,0.00000000,0.0
1659225600,2022-07-31 00:00:00,SAXC/EUR,1644.09,1644.09,1644.09,1644.09,0.00000000,0.0
1659312000,2022-08-01 00:00:00,SAXC/EUR,1644.09,1644.09,1644.09,1644.09,0.00000000,0.0
1659398400,2022-08-02 00:00:00,SAXC/EUR,1644.09,1644.09,1644.09,1644.09,0.00000000,0.0
1659484800,2022-08-03 00:00:00,SAXC/EUR,1658.85,3089.8,821.74,821.74,0.07304657,60.02528843180001
1659571200,2022-08-04 00:00:00,SAXC/EUR,821.74,821.74,821.74,821.74,0.00000000,0.0
1659657600,2022-08-05 00:00:00,SAXC/EUR,986.0,986.0,986.0,986.0,0.01100000,10.846
1659744000,2022-08-06 00:00:00,SAXC/EUR,986.0,986.0,986.0,986.0,0.00000000,0.0
1659830400,2022-08-07 00:00:00,SAXC/EUR,986.0,986.0,986.0,986.0,0.00000000,0.0
1659916800,2022-08-08 00:00:00,SAXC/EUR,986.0,986.0,986.0,986.0,0.00000000,0.0
1660003200,2022-08-09 00:00:00,SAXC/EUR,986.0,986.0,986.0,986.0,0.00000000,0.0
1660089600,2022-08-10 00:00:00,SAXC/EUR,986.1,986.1,986.1,986.1,0.21847818,215.441333298
1660176000,2022-08-11 00:00:00,SAXC/EUR,986.1,986.1,986.1,986.1,0.00000000,0.0
1660262400,2022-08-12 00:00:00,SAXC/EUR,986.1,986.1,986.1,986.1,0.05440287,53.646670107
1660348800,2022-08-13 00:00:00,SAXC/EUR,986.1,986.1,986.1,986.1,0.00000000,0.0
1660435200,2022-08-14 00:00:00,SAXC/EUR,986.1,986.1,986.1,986.1,0.00000000,0.0
1660521600,2022-08-15 00:00:00,SAXC/EUR,986.1,986.1,986.1,986.1,0.00000000,0.0
1660608000,2022-08-16 00:00:00,SAXC/EUR,986.1,986.1,986.1,986.1,0.00000000,0.0
1660694400,2022-08-17 00:00:00,SAXC/EUR,986.1,986.1,986.1,986.1,0.00000000,0.0
1660780800,2022-08-18 00:00:00,SAXC/EUR,2137.7,2137.8,2137.7,2137.8,0.11647637,249.00318378600002
1660867200,2022-08-19 00:00:00,SAXC/EUR,2137.8,2137.8,2137.8,2137.8,0.00000000,0.0
1660953600,2022-08-20 00:00:00,SAXC/EUR,2137.8,2137.8,2137.8,2137.8,0.00000000,0.0
1661040000,2022-08-21 00:00:00,SAXC/EUR,2137.8,2137.8,2137.8,2137.8,0.00000000,0.0
1661126400,2022-08-22 00:00:00,SAXC/EUR,2137.8,2137.8,2137.8,2137.8,0.00000000,0.0
1661212800,2022-08-23 00:00:00,SAXC/EUR,2137.8,2137.8,2137.8,2137.8,0.00000000,0.0
1661299200,2022-08-24 00:00:00,SAXC/EUR,2137.8,2137.8,2137.8,2137.8,0.00000000,0.0
1661385600,2022-08-25 00:00:00,SAXC/EUR,2137.8,2137.8,2137.8,2137.8,0.00000000,0.0
1661472000,2022-08-26 00:00:00,SAXC/EUR,2137.8,2137.8,2137.8,2137.8,0.00000000,0.0
1661558400,2022-08-27 00:00:00,SAXC/EUR,2137.8,2137.8,2137.8,2137.8,0.00000000,0.0
1661644800,2022-08-28 00:00:00,SAXC/EUR,1710.3,1710.3,1710.3,1710.3,0.00590000,10.09077
1661731200,2022-08-29 00:00:00,SAXC/EUR,1710.3,1710.3,1710.3,1710.3,0.00000000,0.0
1661817600,2022-08-30 00:00:00,SAXC/EUR,1710.3,1710.3,1710.3,1710.3,0.00000000,0.0
1661904000,2022-08-31 00:00:00,SAXC/EUR,1710.3,1710.3,1710.3,1710.3,0.00000000,0.0
1661990400,2022-09-01 00:00:00,SAXC/EUR,1558.8,1575.1,1544.7,1575.1,0.07796183,122.79767843299999
1662076800,2022-09-02 00:00:00,SAXC/EUR,1575.1,1575.1,1575.1,1575.1,0.00000000,0.0
1662163200,2022-09-03 00:00:00,SAXC/EUR,1575.1,1575.1,1575.1,1575.1,0.00000000,0.0
1662249600,2022-09-04 00:00:00,SAXC/EUR,1575.1,1575.1,1575.1,1575.1,0.00000000,0.0
1662336000,2022-09-05 00:00:00,SAXC/EUR,1575.1,1575.1,1575.1,1575.1,0.00000000,0.0
1662422400,2022-09-06 00:00:00,SAXC/EUR,1663.7,1663.7,1663.7,1663.7,0.04413973,73.435268801
1662508800,2022-09-07 00:00:00,SAXC/EUR,1554.2,1554.2,1554.2,1554.2,0.04716031,73.29655380199999
1662595200,2022-09-08 00:00:00,SAXC/EUR,1607.8,1607.8,1607.4,1607.5,0.12180910,195.80812825
1662681600,2022-09-09 00:00:00,SAXC/EUR,1662.6,1700.0,1662.6,1700.0,0.12774924,217.17370799999998
1662768000,2022-09-10 00:00:00,SAXC/EUR,1717.4,1717.4,1717.4,1717.4,0.02623501,45.056006174000004
1662854400,2022-09-11 00:00:00,SAXC/EUR,1735.8,1741.3,1735.8,1737.1,0.21790000,378.51409
1662940800,2022-09-12 00:00:00,SAXC/EUR,1736.5,1738.5,1736.5,1736.5,0.30570000,530.8480500000001
1663027200,2022-09-13 00:00:00,SAXC/EUR,1728.1,1728.1,1620.3,1620.3,0.16119827,261.189556881
1663113600,2022-09-14 00:00:00,SAXC/EUR,1620.3,1620.3,1620.3,1620.3,0.00000000,0.0
1663200000,2022-09-15 00:00:00,SAXC/EUR,1630.1,1630.1,1567.7,1567.7,0.13677598,214.423703846
1663286400,2022-09-16 00:00:00,SAXC/EUR,1470.9,1470.9,1450.5,1450.5,0.01857675,26.945575875
1663372800,2022-09-17 00:00:00,SAXC/EUR,1450.5,1450.5,1450.5,1450.5,0.00000000,0.0
1663459200,2022-09-18 00:00:00,SAXC/EUR,1452.6,1452.6,1419.0,1419.1,0.27799959,394.509218169
1663545600,2022-09-19 00:00:00,SAXC/EUR,1320.0,1320.0,1320.0,1320.0,0.01406249,18.562486800000002
1663632000,2022-09-20 00:00:00,SAXC/EUR,1320.0,1320.0,1320.0,1320.0,0.00000000,0.0
1663718400,2022-09-21 00:00:00,SAXC/EUR,1351.1,1351.1,1351.1,1351.1,0.14085206,190.305218266
1663804800,2022-09-22 00:00:00,SAXC/EUR,1267.4,1267.4,1267.4,1267.4,0.13739116,174.12955618400002
1663891200,2022-09-23 00:00:00,SAXC/EUR,1347.1,1347.1,1293.2,1293.2,0.26881727,347.634493564
1663977600,2022-09-24 00:00:00,SAXC/EUR,1329.1,1329.1,1329.1,1329.1,0.11170016,148.460682656
1664064000,2022-09-25 00:00:00,SAXC/EUR,1329.1,1329.1,1329.1,1329.1,0.00000000,0.0
1664150400,2022-09-26 00:00:00,SAXC/EUR,1296.7,1316.1,1296.7,1301.0,0.21507335,279.81042835
1664236800,2022-09-27 00:00:00,SAXC/EUR,1340.9,1340.9,1315.6,1315.6,0.20117200,264.6618832
1664323200,2022-09-28 00:00:00,SAXC/EUR,1310.6,1347.4,1285.7,1340.2,1.36048939,1823.327880478
1664409600,2022-09-29 00:00:00,SAXC/EUR,1341.6,1341.7,1341.6,1341.7,0.16277541,218.39576759700003
1664496000,2022-09-30 00:00:00,SAXC/EUR,1361.3,1361.3,1361.3,1361.3,0.02700000,36.7551
1664582400,2022-10-01 00:00:00,SAXC/EUR,1361.3,1361.3,1361.3,1361.3,0.00000000,0.0
1664668800,2022-10-02 00:00:00,SAXC/EUR,1307.6,1307.6,1284.6,1284.6,0.19993787,256.84018780199995
1664755200,2022-10-03 00:00:00,SAXC/EUR,1287.9,1290.3,1287.9,1290.3,0.07411409,95.62941032699999
1664841600,2022-10-04 00:00:00,SAXC/EUR,1347.7,1347.7,1347.7,1347.7,0.01462363,19.708266151
1664928000,2022-10-05 00:00:00,SAXC/EUR,1359.0,1367.2,1322.5,1347.3,0.34638255,466.681209615
1665014400,2022-10-06 00:00:00,SAXC/EUR,1356.8,1367.9,1356.8,1367.9,0.31501039,430.902712481
1665100800,2022-10-07 00:00:00,SAXC/EUR,1357.3,1357.3,1357.3,1357.3,0.16310000,221.37562999999997
1665187200,2022-10-08 00:00:00,SAXC/EUR,1357.3,1357.3,1357.3,1357.3,0.00000000,0.0
1665273600,2022-10-09 00:00:00,SAXC/EUR,1357.3,1357.3,1357.3,1357.3,0.00000000,0.0
1665360000,2022-10-10 00:00:00,SAXC/EUR,1357.3,1357.3,1357.3,1357.3,0.00000000,0.0
1665446400,2022-10-11 00:00:00,SAXC/EUR,1279.4,1279.4,1272.8,1273.0,0.17138583,218.17416158999998
1665532800,2022-10-12 00:00:00,SAXC/EUR,1273.0,1273.0,1273.0,1273.0,0.00000000,0.0
1665619200,2022-10-13 00:00:00,SAXC/EUR,1284.0,1284.0,1231.6,1231.6,0.49623078,611.157828648
1665705600,2022-10-14 00:00:00,SAXC/EUR,1231.6,1231.6,1231.6,1231.6,0.00000000,0.0
1665792000,2022-10-15 00:00:00,SAXC/EUR,1231.6,1231.6,1231.6,1231.6,0.00000000,0.0
1665878400,2022-10-16 00:00:00,SAXC/EUR,1231.6,1231.6,1231.6,1231.6,0.00000000,0.0
1665964800,2022-10-17 00:00:00,SAXC/EUR,1231.6,1231.6,1231.6,1231.6,0.00000000,0.0
1666051200,2022-10-18 00:00:00,SAXC/EUR,1231.6,1231.6,1231.6,1231.6,0.00000000,0.0
1666137600,2022-10-19 00:00:00,SAXC/EUR,1305.4,1306.5,1298.7,1306.5,1.02589592,1340.3330194799998
1666224000,2022-10-20 00:00:00,SAXC/EUR,1306.5,1306.5,1306.5,1306.5,0.00000000,0.0
1666310400,2022-10-21 00:00:00,SAXC/EUR,1306.5,1306.5,1306.5,1306.5,0.00000000,0.0
1666396800,2022-10-22 00:00:00,SAXC/EUR,1306.5,1306.5,1306.5,1306.5,0.00000000,0.0
1666483200,2022-10-23 00:00:00,SAXC/EUR,1343.6,1343.6,1343.6,1343.6,0.05151233,69.211966588
1666569600,2022-10-24 00:00:00,SAXC/EUR,1345.5,1354.8,1335.7,1354.8,0.52435540,710.39669592
1666656000,2022-10-25 00:00:00,SAXC/EUR,1389.9,1475.0,1389.9,1471.4,0.40236621,592.0416413940001
1666742400,2022-10-26 00:00:00,SAXC/EUR,1503.3,1542.4,1503.2,1542.4,0.66113354,1019.7323720960001
1666828800,2022-10-27 00:00:00,SAXC/EUR,1542.4,1542.4,1542.4,1542.4,0.00000000,0.0
1666915200,2022-10-28 00:00:00,SAXC/EUR,1542.4,1542.4,1542.4,1542.4,0.00000000,0.0
1667001600,2022-10-29 00:00:00,SAXC/EUR,1542.4,1542.4,1542.4,1542.4,0.00000000,0.0
1667088000,2022-10-30 00:00:00,SAXC/EUR,1575.2,1600.9,1373.0,1600.9,23.69598025,37934.894782225005
1667174400,2022-10-31 00:00:00,SAXC/EUR,1619.1,1619.1,1568.5,1568.5,0.60010338,941.26215153
1667260800,2022-11-01 00:00:00,SAXC/EUR,1568.5,1568.5,1568.5,1568.5,0.00000000,0.0
1667347200,2022-11-02 00:00:00,SAXC/EUR,1578.6,1680.0,1404.0,1558.7,2.21247423,3448.583582301
1667433600,2022-11-03 00:00:00,SAXC/EUR,1544.0,1544.0,1544.0,1544.0,0.13896259,214.55823895999998
1667520000,2022-11-04 00:00:00,SAXC/EUR,1548.2,1612.6,1548.1,1612.6,0.79952056,1289.306855056
1667606400,2022-11-05 00:00:00,SAXC/EUR,1612.6,1612.6,1612.6,1612.6,0.00000000,0.0
1667692800,2022-11-06 00:00:00,SAXC/EUR,1612.6,1612.6,1612.6,1612.6,0.00000000,0.0
1667779200,2022-11-07 00:00:00,SAXC/EUR,1612.6,1612.6,1612.6,1612.6,0.00000000,0.0
1667865600,2022-11-08 00:00:00,SAXC/EUR,1446.1,1550.0,1260.0,1260.0,0.60738535,765.3055410000001
1667952000,2022-11-09 00:00:00,SAXC/EUR,1220.0,1238.5,1140.8,1140.8,3.32476090,3792.8872347199995
1668038400,2022-11-10 00:00:00,SAXC/EUR,1180.3,1343.0,1180.3,1343.0,1.01164319,1358.63680417
1668124800,2022-11-11 00:00:00,SAXC/EUR,1267.5,1267.5,1267.5,1267.5,0.08068657,102.270227475
1668211200,2022-11-12 00:00:00,SAXC/EUR,1263.4,1263.4,1262.1,1262.1,2.48357547,3134.520600687
1668297600,2022-11-13 00:00:00,SAXC/EUR,1262.1,1262.1,1262.1,1262.1,0.00000000,0.0
1668384000,2022-11-14 00:00:00,SAXC/EUR,1258.0,1258.1,1257.9,1258.0,0.34800000,437.784
1668470400,2022-11-15 00:00:00,SAXC/EUR,1258.0,1258.0,1258.0,1258.0,0.00000000,0.0
1668556800,2022-11-16 00:00:00,SAXC/EUR,1258.0,1258.0,1258.0,1258.0,0.00000000,0.0
1668643200,2022-11-17 00:00:00,SAXC/EUR,1258.0,1258.0,1258.0,1258.0,0.00000000,0.0
1668729600,2022-11-18 00:00:00,SAXC/EUR,1212.1,1212.1,1212.1,1212.1,0.14908496,180.70588001599998
1668816000,2022-11-19 00:00:00,SAXC/EUR,1213.5,1213.5,1208.1,1208.6,1.05036248,1269.468093328
1668902400,2022-11-20 00:00:00,SAXC/EUR,1221.6,1221.6,1219.8,1219.8,0.43015253,524.7000560939999
1668988800,2022-11-21 00:00:00,SAXC/EUR,1219.8,1219.8,1219.8,1219.8,0.00000000,0.0
1669075200,2022-11-22 00:00:00,SAXC/EUR,1132.5,1132.5,1132.5,1132.5,0.27197141,308.007621825
1669161600,2022-11-23 00:00:00,SAXC/EUR,1020.7,1020.7,1017.6,1017.6,4.40591480,4483.45890048
1669248000,2022-11-24 00:00:00,SAXC/EUR,1202.1,1202.1,1202.1,1202.1,0.19750992,237.42667483199997
1669334400,2022-11-25 00:00:00,SAXC/EUR,1187.4,1187.5,1187.3,1187.3,0.69085784,820.2555134319999
1669420800,2022-11-26 00:00:00,SAXC/EUR,1187.3,1187.3,1187.3,1187.3,0.00000000,0.0
1669507200,2022-11-27 00:00:00,SAXC/EUR,1187.3,1187.3,1187.3,1187.3,0.00000000,0.0
1669593600,2022-11-28 00:00:00,SAXC/EUR,1154.0,1154.1,1154.0,1154.1,0.85507194,986.8385259539999
1669680000,2022-11-29 00:00:00,SAXC/EUR,1154.1,1154.1,1154.1,1154.1,0.00000000,0.0
1669766400,2022-11-30 00:00:00,SAXC/EUR,1266.7,1301.0,1266.7,1300.8,0.39550191,514.468884528
1669852800,2022-12-01 00:00:00,SAXC/EUR,1300.8,1300.8,1300.8,1300.8,0.00000000,0.0
1669939200,2022-12-02 00:00:00,SAXC/EUR,1300.8,1300.8,1300.8,1300.8,0.00000000,0.0
1670025600,2022-12-03 00:00:00,SAXC/EUR,1287.1,1287.2,1287.1,1287.2,0.50282504,647.236391488
1670112000,2022-12-04 00:00:00,SAXC/EUR,1287.2,1287.2,1287.2,1287.2,0.00000000,0.0
1670198400,2022-12-05 00:00:00,SAXC/EUR,1287.2,1287.2,1287.2,1287.2,0.00000000,0.0
1670284800,2022-12-06 00:00:00,SAXC/EUR,1287.2,1287.2,1287.2,1287.2,0.00000000,0.0
1670371200,2022-12-07 00:00:00,SAXC/EUR,1287.2,1287.2,1287.2,1287.2,0.00000000,0.0
1670457600,2022-12-08 00:00:00,SAXC/EUR,1287.2,1287.2,1287.2,1287.2,0.00000000,0.0
1670544000,2022-12-09 00:00:00,SAXC/EUR,1287.2,1287.2,1287.2,1287.2,0.00000000,0.0
1670630400,2022-12-10 00:00:00,SAXC/EUR,1287.2,1287.2,1287.2,1287.2,0.00000000,0.0
1670716800,2022-12-11 00:00:00,SAXC/EUR,1287.2,1287.2,1287.2,1287.2,0.00000000,0.0
1670803200,2022-12-12 00:00:00,SAXC/EUR,1287.2,1287.2,1287.2,1287.2,0.00000000,0.0
1670889600,2022-12-13 00:00:00,SAXC/EUR,1329.9,1333.0,1329.9,1333.0,0.20327468,270.96514844
1670976000,2022-12-14 00:00:00,SAXC/EUR,1333.0,1333.0,1333.0,1333.0,0.00000000,0.0
1671062400,2022-12-15 00:00:00,SAXC/EUR,1333.0,1333.0,1333.0,1333.0,0.00000000,0.0
1671148800,2022-12-16 00:00:00,SAXC/EUR,1333.0,1333.0,1333.0,1333.0,0.00000000,0.0
1671235200,2022-12-17 00:00:00,SAXC/EUR,1299.8,1299.8,1299.8,1299.8,0.00915525,11.89999395
1671321600,2022-12-18 00:00:00,SAXC/EUR,1299.8,1299.8,1299.8,1299.8,0.00000000,0.0
1671408000,2022-12-19 00:00:00,SAXC/EUR,1299.8,1299.8,1299.8,1299.8,0.00000000,0.0
1671494400,2022-12-20 00:00:00,SAXC/EUR,1299.8,1299.8,1299.8,1299.8,0.00000000,0.0
1671580800,2022-12-21 00:00:00,SAXC/EUR,1299.8,1299.8,1299.8,1299.8,0.00000000,0.0
1671667200,2022-12-22 00:00:00,SAXC/EUR,1200.0,1200.0,1200.0,1200.0,0.01666668,20.000016
1671753600,2022-12-23 00:00:00,SAXC/EUR,1219.9,1332.6,1217.3,1332.6,3.08554912,4111.802757312
1671840000,2022-12-24 00:00:00,SAXC/EUR,1295.3,1404.1,1291.8,1404.1,1.94231513,2727.2046740329997
1671926400,2022-12-25 00:00:00,SAXC/EUR,1404.1,1404.1,1404.1,1404.1,0.00000000,0.0
1672012800,2022-12-26 00:00:00,SAXC/EUR,1342.1,1342.1,1342.1,1342.1,0.02607853,34.999995113
1672099200,2022-12-27 00:00:00,SAXC/EUR,1342.1,1342.1,1342.1,1342.1,0.00000000,0.0
1672185600,2022-12-28 00:00:00,SAXC/EUR,1342.1,1342.1,1342.1,1342.1,0.00000000,0.0
1672272000,2022-12-29 00:00:00,SAXC/EUR,1342.1,1342.1,1342.1,1342.1,0.00000000,0.0
1672358400,2022-12-30 00:00:00,SAXC/EUR,1342.1,1342.1,1342.1,1342.1,0.00000000,0.0
1672444800,2022-12-31 00:00:00,SAXC/EUR,1342.1,1342.1,1342.1,1342.1,0.00000000,0.0
1672531200,2023-01-01 00:00:00,SAXC/EUR,1342.1,1342.1,1342.1,1342.1,0.00000000,0.0
1672617600,2023-01-02 00:00:00,SAXC/EUR,1342.1,1342.1,1342.1,1342.1,0.00000000,0.0
1672704000,2023-01-03 00:00:00,SAXC/EUR,1342.1,1342.1,1342.1,1342.1,0.00000000,0.0
1672790400,2023-01-04 00:00:00,SAXC/EUR,1342.1,1342.1,1342.1,1342.1,0.00000000,0.0
1672876800,2023-01-05 00:00:00,SAXC/EUR,1342.1,1342.1,1342.1,1342.1,0.00000000,0.0
1672963200,2023-01-06 00:00:00,SAXC/EUR,1342.1,1342.1,1342.1,1342.1,0.00000000,0.0
1673049600,2023-01-07 00:00:00,SAXC/EUR,1342.1,1342.1,1342.1,1342.1,0.00000000,0.0
1673136000,2023-01-08 00:00:00,SAXC/EUR,1342.1,1342.1,1342.1,1342.1,0.00000000,0.0
1673222400,2023-01-09 00:00:00,SAXC/EUR,1342.1,1342.1,1342.1,1342.1,0.00000000,0.0
1673308800,2023-01-10 00:00:00,SAXC/EUR,1342.1,1342.1,1342.1,1342.1,0.00000000,0.0
1673395200,2023-01-11 00:00:00,SAXC/EUR,1342.1,1342.1,1342.1,1342.1,0.00000000,0.0
1673481600,2023-01-12 00:00:00,SAXC/EUR,1414.9,1444.0,1414.9,1444.0,0.05419121,78.25210724
1673568000,2023-01-13 00:00:00,SAXC/EUR,1444.0,1475.0,1444.0,1475.0,0.00717090,10.5770775
1673654400,2023-01-14 00:00:00,SAXC/EUR,1475.0,1555.0,1475.0,1554.9,0.22965731,357.09415131900005
1673740800,2023-01-15 00:00:00,SAXC/EUR,1554.9,1554.9,1554.9,1554.9,0.00000000,0.0
1673827200,2023-01-16 00:00:00,SAXC/EUR,1554.9,1554.9,1554.9,1554.9,0.00000000,0.0
1673913600,2023-01-17 00:00:00,SAXC/EUR,1555.0,1600.0,1555.0,1600.0,0.01690943,27.055087999999998
1674000000,2023-01-18 00:00:00,SAXC/EUR,1643.2,1643.2,1643.2,1643.2,0.13041626,214.29999843200002
1674086400,2023-01-19 00:00:00,SAXC/EUR,1643.2,1643.2,1643.2,1643.2,0.00000000,0.0
1674172800,2023-01-20 00:00:00,SAXC/EUR,1630.0,1630.0,1630.0,1630.0,0.20700000,337.40999999999997
1674259200,2023-01-21 00:00:00,SAXC/EUR,1666.0,1666.0,1666.0,1666.0,0.00600250,10.000165
1674345600,2023-01-22 00:00:00,SAXC/EUR,1666.0,1666.0,1666.0,1666.0,0.00000000,0.0
1674432000,2023-01-23 00:00:00,SAXC/EUR,1666.0,1666.0,1666.0,1666.0,0.00000000,0.0
1674518400,2023-01-24 00:00:00,SAXC/EUR,1666.0,1666.0,1666.0,1666.0,0.00000000,0.0
1674604800,2023-01-25 00:00:00,SAXC/EUR,1666.0,1666.0,1666.0,1666.0,0.00000000,0.0
1674691200,2023-01-26 00:00:00,SAXC/EUR,1666.0,1666.0,1666.0,1666.0,0.00000000,0.0
1674777600,2023-01-27 00:00:00,SAXC/EUR,1666.0,1666.0,1666.0,1666.0,0.00000000,0.0
1674864000,2023-01-28 00:00:00,SAXC/EUR,1666.0,1666.0,1666.0,1666.0,0.00000000,0.0
1674950400,2023-01-29 00:00:00,SAXC/EUR,1666.0,1666.0,1666.0,1666.0,0.00000000,0.0
1675036800,2023-01-30 00:00:00,SAXC/EUR,1666.0,1666.0,1666.0,1666.0,0.00000000,0.0
1675123200,2023-01-31 00:00:00,SAXC/EUR,1666.0,1666.0,1666.0,1666.0,0.00000000,0.0
1675209600,2023-02-01 00:00:00,SAXC/EUR,1666.0,1666.0,1666.0,1666.0,0.00000000,0.0
1675296000,2023-02-02 00:00:00,SAXC/EUR,1699.9,1700.0,1699.9,1700.0,0.08667205,147.342485
1675382400,2023-02-03 00:00:00,SAXC/EUR,1700.0,1700.0,1700.0,1700.0,0.00000000,0.0
1675468800,2023-02-04 00:00:00,SAXC/EUR,1700.0,1700.0,1700.0,1700.0,0.00000000,0.0
1675555200,2023-02-05 00:00:00,SAXC/EUR,1700.0,1700.0,1700.0,1700.0,0.00000000,0.0
1675641600,2023-02-06 00:00:00,SAXC/EUR,1700.0,1700.0,1700.0,1700.0,0.00000000,0.0
1675728000,2023-02-07 00:00:00,SAXC/EUR,1700.0,1700.0,1700.0,1700.0,0.00000000,0.0
1675814400,2023-02-08 00:00:00,SAXC/EUR,1700.0,1700.0,1700.0,1700.0,0.00000000,0.0
1675900800,2023-02-09 00:00:00,SAXC/EUR,1550.2,1550.2,1550.1,1550.1,0.15785093,244.684726593
1675987200,2023-02-10 00:00:00,SAXC/EUR,1725.0,1749.7,1440.0,1440.0,0.07191773,103.5615312
1676073600,2023-02-11 00:00:00,SAXC/EUR,1600.0,1643.8,1600.0,1643.8,0.00807408,13.272172704
1676160000,2023-02-12 00:00:00,SAXC/EUR,1643.8,1643.8,1643.8,1643.8,0.00000000,0.0
1676246400,2023-02-13 00:00:00,SAXC/EUR,1643.8,1643.8,1643.8,1643.8,0.00000000,0.0
1676332800,2023-02-14 00:00:00,SAXC/EUR,1550.0,1599.9,1550.0,1599.9,0.00688384,11.013455616
1676419200,2023-02-15 00:00:00,SAXC/EUR,1599.0,1644.9,1599.0,1644.9,0.01902525,31.294633725000004
1676505600,2023-02-16 00:00:00,SAXC/EUR,1699.2,1700.0,1699.2,1700.0,0.12498817,212.479889
1676592000,2023-02-17 00:00:00,SAXC/EUR,1700.0,1700.0,1700.0,1700.0,0.00000000,0.0
1676678400,2023-02-18 00:00:00,SAXC/EUR,1700.0,1700.0,1700.0,1700.0,0.00000000,0.0
1676764800,2023-02-19 00:00:00,SAXC/EUR,1700.0,1700.0,1700.0,1700.0,4.13759280,7033.90776
1676851200,2023-02-20 00:00:00,SAXC/EUR,1700.0,1700.0,1700.0,1700.0,0.00000000,0.0
1676937600,2023-02-21 00:00:00,SAXC/EUR,1700.0,1700.0,1700.0,1700.0,0.00000000,0.0
1677024000,2023-02-22 00:00:00,SAXC/EUR,1700.0,1700.0,1700.0,1700.0,0.00000000,0.0
1677110400,2023-02-23 00:00:00,SAXC/EUR,1700.0,1700.0,1700.0,1700.0,0.00000000,0.0
1677196800,2023-02-24 00:00:00,SAXC/EUR,1550.0,1550.1,1550.0,1550.1,0.03936115,61.013718614999995
1677283200,2023-02-25 00:00:00,SAXC/EUR,1550.1,1550.1,1550.1,1550.1,0.00000000,0.0
1677369600,2023-02-26 00:00:00,SAXC/EUR,1550.1,1550.1,1550.1,1550.1,0.00000000,0.0
1677456000,2023-02-27 00:00:00,SAXC/EUR,1550.1,1550.1,1550.1,1550.1,0.00000000,0.0
1677542400,2023-02-28 00:00:00,SAXC/EUR,1550.1,1550.1,1550.1,1550.1,0.00000000,0.0
1677628800,2023-03-01 00:00:00,SAXC/EUR,1550.1,1550.1,1550.1,1550.1,0.00000000,0.0
1677715200,2023-03-02 00:00:00,SAXC/EUR,1550.1,1550.1,1550.1,1550.1,0.00000000,0.0
1677801600,2023-03-03 00:00:00,SAXC/EUR,1550.1,1550.1,1550.1,1550.1,0.00000000,0.0
1677888000,2023-03-04 00:00:00,SAXC/EUR,1550.1,1550.1,1550.1,1550.1,0.00000000,0.0
1677974400,2023-03-05 00:00:00,SAXC/EUR,1550.1,1550.1,1550.1,1550.1,0.00000000,0.0
1678060800,2023-03-06 00:00:00,SAXC/EUR,1550.1,1550.1,1550.1,1550.1,0.00000000,0.0
1678147200,2023-03-07 00:00:00,SAXC/EUR,1550.1,1550.1,1550.1,1550.1,0.00000000,0.0
1678233600,2023-03-08 00:00:00,SAXC/EUR,1555.0,1555.1,1555.0,1555.0,0.09466925,147.21068375
1678320000,2023-03-09 00:00:00,SAXC/EUR,1505.0,1505.0,1440.0,1440.0,0.04005974,57.68602560000001
1678406400,2023-03-10 00:00:00,SAXC/EUR,1400.0,1400.0,1400.0,1400.0,0.01000000,14.0
1678492800,2023-03-11 00:00:00,SAXC/EUR,1320.9,1599.9,1268.9,1599.9,0.60506451,968.0427095490002
1678579200,2023-03-12 00:00:00,SAXC/EUR,1599.9,1599.9,1599.9,1599.9,0.00000000,0.0
1678665600,2023-03-13 00:00:00,SAXC/EUR,1650.0,1677.7,1650.0,1677.7,0.42588697,714.5105695689999
1678752000,2023-03-14 00:00:00,SAXC/EUR,1697.7,1770.0,1697.7,1770.0,0.25106863,444.39147510000004
1678838400,2023-03-15 00:00:00,SAXC/EUR,1770.0,1770.0,1770.0,1770.0,0.00000000,0.0
1678924800,2023-03-16 00:00:00,SAXC/EUR,1770.0,1770.0,1770.0,1770.0,0.00000000,0.0
1679011200,2023-03-17 00:00:00,SAXC/EUR,1769.0,1777.0,1769.0,1777.0,0.56715803,1007.8398193099999
1679097600,2023-03-18 00:00:00,SAXC/EUR,1777.0,1777.0,1777.0,1777.0,0.00000000,0.0
1679184000,2023-03-19 00:00:00,SAXC/EUR,1777.0,1777.0,1777.0,1777.0,0.00000000,0.0
1679270400,2023-03-20 00:00:00,SAXC/EUR,1777.0,1777.0,1777.0,1777.0,0.00000000,0.0
1679356800,2023-03-21 00:00:00,SAXC/EUR,1777.0,1777.0,1777.0,1777.0,0.00000000,0.0
1679443200,2023-03-22 00:00:00,SAXC/EUR,1777.0,1777.0,1777.0,1777.0,0.00000000,0.0
1679529600,2023-03-23 00:00:00,SAXC/EUR,1777.0,1777.0,1777.0,1777.0,0.00000000,0.0
1679616000,2023-03-24 00:00:00,SAXC/EUR,1505.7,1849.9,1505.7,1849.9,0.01253363,23.185962137
1679702400,2023-03-25 00:00:00,SAXC/EUR,1849.9,1849.9,1849.9,1849.9,0.00000000,0.0
1679788800,2023-03-26 00:00:00,SAXC/EUR,1849.9,1849.9,1849.9,1849.9,0.00000000,0.0
1679875200,2023-03-27 00:00:00,SAXC/EUR,1849.9,1849.9,1849.9,1849.9,0.00000000,0.0
1679961600,2023-03-28 00:00:00,SAXC/EUR,1849.9,1849.9,1849.9,1849.9,0.00000000,0.0
1680048000,2023-03-29 00:00:00,SAXC/EUR,1800.0,1800.0,1800.0,1800.0,0.01000000,18.0
1680134400,2023-03-30 00:00:00,SAXC/EUR,1800.0,1800.0,1800.0,1800.0,0.00000000,0.0
1680220800,2023-03-31 00:00:00,SAXC/EUR,1800.0,1800.0,1800.0,1800.0,0.00000000,0.0
1680307200,2023-04-01 00:00:00,SAXC/EUR,1800.0,1800.0,1800.0,1800.0,0.00000000,0.0
1680393600,2023-04-02 00:00:00,SAXC/EUR,1800.0,1800.0,1800.0,1800.0,0.00000000,0.0
1680480000,2023-04-03 00:00:00,SAXC/EUR,1800.0,1800.0,1800.0,1800.0,0.00000000,0.0
1680566400,2023-04-04 00:00:00,SAXC/EUR,1850.0,1888.1,1849.9,1888.1,0.82439653,1556.543088293
1680652800,2023-04-05 00:00:00,SAXC/EUR,1950.0,1950.0,1950.0,1950.0,0.00600000,11.700000000000001
1680739200,2023-04-06 00:00:00,SAXC/EUR,1868.3,1964.9,1868.3,1964.9,0.05612181,110.27374446900001
1680825600,2023-04-07 00:00:00,SAXC/EUR,1964.9,1964.9,1964.9,1964.9,0.00000000,0.0
1680912000,2023-04-08 00:00:00,SAXC/EUR,1964.9,1964.9,1964.9,1964.9,0.00000000,0.0
1680998400,2023-04-09 00:00:00,SAXC/EUR,1964.9,1964.9,1964.9,1964.9,0.00000000,0.0
1681084800,2023-04-10 00:00:00,SAXC/EUR,1964.9,1964.9,1964.9,1964.9,0.00000000,0.0
1681171200,2023-04-11 00:00:00,SAXC/EUR,1964.9,1964.9,1964.9,1964.9,0.00000000,0.0
1681257600,2023-04-12 00:00:00,SAXC/EUR,1964.9,1964.9,1964.9,1964.9,0.00000000,0.0
1681344000,2023-04-13 00:00:00,SAXC/EUR,1966.8,1966.8,1966.8,1966.8,0.00759375,14.9353875
1681430400,2023-04-14 00:00:00,SAXC/EUR,1999.0,2111.0,1999.0,2111.0,0.18414813,388.73670243
1681516800,2023-04-15 00:00:00,SAXC/EUR,2103.6,2103.6,2103.6,2103.6,0.05737182,120.68736055199999
1681603200,2023-04-16 00:00:00,SAXC/EUR,2103.6,2103.6,2103.6,2103.6,0.00000000,0.0
1681689600,2023-04-17 00:00:00,SAXC/EUR,2097.8,2097.8,2097.8,2097.8,0.11696605,245.37137969000003
1681776000,2023-04-18 00:00:00,SAXC/EUR,2097.8,2097.8,2097.8,2097.8,0.00000000,0.0
1681862400,2023-04-19 00:00:00,SAXC/EUR,2097.8,2097.8,2097.8,2097.8,0.00000000,0.0
1681948800,2023-04-20 00:00:00,SAXC/EUR,2097.8,2097.8,2097.8,2097.8,0.00000000,0.0
1682035200,2023-04-21 00:00:00,SAXC/EUR,1888.0,1888.0,1888.0,1888.0,0.00864247,16.31698336
1682121600,2023-04-22 00:00:00,SAXC/EUR,1888.0,1888.0,1888.0,1888.0,0.00000000,0.0
1682208000,2023-04-23 00:00:00,SAXC/EUR,1888.0,1888.0,1888.0,1888.0,0.00000000,0.0
1682294400,2023-04-24 00:00:00,SAXC/EUR,1888.0,1888.0,1888.0,1888.0,0.00000000,0.0
1682380800,2023-04-25 00:00:00,SAXC/EUR,1743.4,1743.4,1743.4,1743.4,0.00964480,16.814744320000003
1682467200,2023-04-26 00:00:00,SAXC/EUR,1740.0,1740.0,1740.0,1740.0,0.00615248,10.7053152
1682553600,2023-04-27 00:00:00,SAXC/EUR,1740.0,1740.0,1740.0,1740.0,0.00000000,0.0
1682640000,2023-04-28 00:00:00,SAXC/EUR,1740.0,1740.0,1740.0,1740.0,0.00000000,0.0
1682726400,2023-04-29 00:00:00,SAXC/EUR,1740.0,1740.0,1725.1,1725.1,0.00747545,12.895898794999999
1682812800,2023-04-30 00:00:00,SAXC/EUR,1725.1,1725.1,1725.1,1725.1,0.00000000,0.0
1682899200,2023-05-01 00:00:00,SAXC/EUR,1725.1,1725.1,1725.1,1725.1,0.00000000,0.0
1682985600,2023-05-02 00:00:00,SAXC/EUR,1725.1,1725.1,1725.1,1725.1,0.00000000,0.0
1683072000,2023-05-03 00:00:00,SAXC/EUR,1964.8,1964.8,1964.8,1964.8,0.00524226,10.299992448000001
1683158400,2023-05-04 00:00:00,SAXC/EUR,1964.8,1964.8,1964.8,1964.8,0.00000000,0.0
1683244800,2023-05-05 00:00:00,SAXC/EUR,1934.9,1975.0,1934.8,1975.0,0.16612707,328.10096324999995
1683331200,2023-05-06 00:00:00,SAXC/EUR,1996.1,1999.0,1996.1,1999.0,0.36870023,737.03175977
1683417600,2023-05-07 00:00:00,SAXC/EUR,1999.0,1999.0,1999.0,1999.0,0.00000000,0.0
1683504000,2023-05-08 00:00:00,SAXC/EUR,1999.0,1999.0,1999.0,1999.0,0.00000000,0.0
1683590400,2023-05-09 00:00:00,SAXC/EUR,1999.0,1999.0,1999.0,1999.0,0.00000000,0.0
1683676800,2023-05-10 00:00:00,SAXC/EUR,1999.0,1999.0,1999.0,1999.0,0.00000000,0.0
1683763200,2023-05-11 00:00:00,SAXC/EUR,1999.0,1999.0,1999.0,1999.0,0.00000000,0.0
1683849600,2023-05-12 00:00:00,SAXC/EUR,1999.0,1999.0,1999.0,1999.0,0.00000000,0.0
1683936000,2023-05-13 00:00:00,SAXC/EUR,1999.0,1999.0,1999.0,1999.0,0.00000000,0.0
1684022400,2023-05-14 00:00:00,SAXC/EUR,1999.0,1999.0,1999.0,1999.0,0.00000000,0.0
1684108800,2023-05-15 00:00:00,SAXC/EUR,1999.0,1999.0,1999.0,1999.0,0.00000000,0.0
1684195200,2023-05-16 00:00:00,SAXC/EUR,1999.0,1999.0,1999.0,1999.0,0.00000000,0.0
1684281600,2023-05-17 00:00:00,SAXC/EUR,1999.0,1999.0,1999.0,1999.0,0.00000000,0.0
1684368000,2023-05-18 00:00:00,SAXC/EUR,1999.0,1999.0,1999.0,1999.0,0.00000000,0.0
1684454400,2023-05-19 00:00:00,SAXC/EUR,1999.0,1999.0,1999.0,1999.0,0.00000000,0.0
1684540800,2023-05-20 00:00:00,SAXC/EUR,1999.0,1999.0,1999.0,1999.0,0.00000000,0.0
1684627200,2023-05-21 00:00:00,SAXC/EUR,1999.0,1999.0,1999.0,1999.0,0.00000000,0.0
1684713600,2023-05-22 00:00:00,SAXC/EUR,1999.0,1999.0,1999.0,1999.0,0.00000000,0.0
1684800000,2023-05-23 00:00:00,SAXC/EUR,1999.0,1999.0,1999.0,1999.0,0.00000000,0.0
1684886400,2023-05-24 00:00:00,SAXC/EUR,1999.0,1999.0,1999.0,1999.0,0.00000000,0.0
1684972800,2023-05-25 00:00:00,SAXC/EUR,1999.0,1999.0,1999.0,1999.0,0.00000000,0.0
1685059200,2023-05-26 00:00:00,SAXC/EUR,1999.0,1999.0,1999.0,1999.0,0.00000000,0.0
1685145600,2023-05-27 00:00:00,SAXC/EUR,1999.0,1999.0,1999.0,1999.0,0.00000000,0.0
1685232000,2023-05-28 00:00:00,SAXC/EUR,1999.0,1999.0,1999.0,1999.0,0.00000000,0.0
1685318400,2023-05-29 00:00:00,SAXC/EUR,1999.0,1999.0,1999.0,1999.0,0.00000000,0.0
1685404800,2023-05-30 00:00:00,SAXC/EUR,1999.0,1999.0,1999.0,1999.0,0.00000000,0.0
1685491200,2023-05-31 00:00:00,SAXC/EUR,1999.0,1999.0,1999.0,1999.0,0.00000000,0.0
1685577600,2023-06-01 00:00:00,SAXC/EUR,1943.3,1943.3,1943.3,1943.3,0.08492255,165.02999141499998
1685664000,2023-06-02 00:00:00,SAXC/EUR,1943.7,1943.7,1943.7,1943.7,0.01034110,20.099996070000003
1685750400,2023-06-03 00:00:00,SAXC/EUR,1943.7,1943.7,1943.7,1943.7,0.00000000,0.0
1685836800,2023-06-04 00:00:00,SAXC/EUR,1943.7,1943.7,1943.7,1943.7,0.00000000,0.0
1685923200,2023-06-05 00:00:00,SAXC/EUR,1800.0,1800.0,1800.0,1800.0,0.00562666,10.127988
1686009600,2023-06-06 00:00:00,SAXC/EUR,1800.0,1800.0,1800.0,1800.0,0.00000000,0.0
1686096000,2023-06-07 00:00:00,SAXC/EUR,1800.0,1800.0,1800.0,1800.0,0.00000000,0.0
1686182400,2023-06-08 00:00:00,SAXC/EUR,1800.0,1800.0,1800.0,1800.0,0.00000000,0.0
1686268800,2023-06-09 00:00:00,SAXC/EUR,1800.0,1800.0,1800.0,1800.0,0.00000000,0.0
1686355200,2023-06-10 00:00:00,SAXC/EUR,1837.6,1837.7,1837.6,1837.7,0.38091326,700.004297902
1686441600,2023-06-11 00:00:00,SAXC/EUR,1811.9,1811.9,1811.9,1811.9,0.01202090,21.78066871
1686528000,2023-06-12 00:00:00,SAXC/EUR,1811.9,1811.9,1811.9,1811.9,0.00000000,0.0
1686614400,2023-06-13 00:00:00,SAXC/EUR,1811.9,1811.9,1811.9,1811.9,0.00000000,0.0
1686700800,2023-06-14 00:00:00,SAXC/EUR,1811.9,1811.9,1811.9,1811.9,0.00000000,0.0
1686787200,2023-06-15 00:00:00,SAXC/EUR,1811.9,1811.9,1811.9,1811.9,0.00000000,0.0
1686873600,2023-06-16 00:00:00,SAXC/EUR,1811.9,1811.9,1811.9,1811.9,0.00000000,0.0
1686960000,2023-06-17 00:00:00,SAXC/EUR,1811.9,1811.9,1811.9,1811.9,0.00000000,0.0
1687046400,2023-06-18 00:00:00,SAXC/EUR,1811.9,1811.9,1811.9,1811.9,0.00000000,0.0
1687132800,2023-06-19 00:00:00,SAXC/EUR,1811.9,1811.9,1811.9,1811.9,0.00000000,0.0
1687219200,2023-06-20 00:00:00,SAXC/EUR,1811.9,1811.9,1811.9,1811.9,0.00000000,0.0
1687305600,2023-06-21 00:00:00,SAXC/EUR,1811.9,1811.9,1811.9,1811.9,0.00000000,0.0
1687392000,2023-06-22 00:00:00,SAXC/EUR,1898.9,1899.0,1898.9,1899.0,0.70678633,1342.18724067
1687478400,2023-06-23 00:00:00,SAXC/EUR,1899.0,1899.0,1899.0,1899.0,0.00000000,0.0
1687564800,2023-06-24 00:00:00,SAXC/EUR,1899.0,1899.0,1899.0,1899.0,0.00000000,0.0
1687651200,2023-06-25 00:00:00,SAXC/EUR,1899.0,1899.0,1899.0,1899.0,0.00000000,0.0
1687737600,2023-06-26 00:00:00,SAXC/EUR,1899.0,1899.0,1899.0,1899.0,0.00000000,0.0
1687824000,2023-06-27 00:00:00,SAXC/EUR,1899.0,1899.0,1899.0,1899.0,0.00000000,0.0
1687910400,2023-06-28 00:00:00,SAXC/EUR,1975.8,1975.8,1661.9,1662.1,0.01809681,30.078707901
1687996800,2023-06-29 00:00:00,SAXC/EUR,1662.1,1662.1,1662.1,1662.1,0.00000000,0.0
1688083200,2023-06-30 00:00:00,SAXC/EUR,1662.1,1662.1,1662.1,1662.1,0.00000000,0.0
1688169600,2023-07-01 00:00:00,SAXC/EUR,1662.1,1662.1,1662.1,1662.1,0.00000000,0.0
1688256000,2023-07-02 00:00:00,SAXC/EUR,1950.0,1950.0,1950.0,1950.0,0.00996071,19.423384499999997
1688342400,2023-07-03 00:00:00,SAXC/EUR,2064.9,2064.9,2064.9,2064.9,0.53174487,1097.999982063
1688428800,2023-07-04 00:00:00,SAXC/EUR,2064.9,2064.9,2064.9,2064.9,0.00000000,0.0
1688515200,2023-07-05 00:00:00,SAXC/EUR,2064.9,2064.9,2064.9,2064.9,0.00000000,0.0
1688601600,2023-07-06 00:00:00,SAXC/EUR,2064.9,2064.9,2064.9,2064.9,0.00000000,0.0
1688688000,2023-07-07 00:00:00,SAXC/EUR,2064.9,2064.9,2064.9,2064.9,0.00000000,0.0
1688774400,2023-07-08 00:00:00,SAXC/EUR,2064.9,2064.9,2064.9,2064.9,0.00000000,0.0
1688860800,2023-07-09 00:00:00,SAXC/EUR,2064.9,2064.9,2064.9,2064.9,0.00000000,0.0
1688947200,2023-07-10 00:00:00,SAXC/EUR,1899.9,1900.0,1899.8,1900.0,0.50829249,965.755731
1689033600,2023-07-11 00:00:00,SAXC/EUR,1900.0,1900.0,1900.0,1900.0,0.00000000,0.0
1689120000,2023-07-12 00:00:00,SAXC/EUR,1900.0,1900.0,1900.0,1900.0,0.00000000,0.0
1689206400,2023-07-13 00:00:00,SAXC/EUR,1976.3,1976.3,1976.3,1976.3,0.00509048,10.060315624
1689292800,2023-07-14 00:00:00,SAXC/EUR,1976.3,1976.3,1976.3,1976.3,0.00000000,0.0
1689379200,2023-07-15 00:00:00,SAXC/EUR,1976.3,1976.3,1976.3,1976.3,0.00000000,0.0
1689465600,2023-07-16 00:00:00,SAXC/EUR,1976.3,1976.3,1976.3,1976.3,0.00000000,0.0
1689552000,2023-07-17 00:00:00,SAXC/EUR,1904.7,1904.7,1903.4,1903.4,0.13848560,263.59349104
1689638400,2023-07-18 00:00:00,SAXC/EUR,1903.4,1903.4,1903.4,1903.4,0.00000000,0.0
1689724800,2023-07-19 00:00:00,SAXC/EUR,1903.4,1903.4,1903.4,1903.4,0.00000000,0.0
1689811200,2023-07-20 00:00:00,SAXC/EUR,1891.7,1891.8,1891.7,1891.8,0.74930331,1417.5320018579998
1689897600,2023-07-21 00:00:00,SAXC/EUR,1891.8,1891.8,1891.8,1891.8,0.00000000,0.0
1689984000,2023-07-22 00:00:00,SAXC/EUR,1891.8,1891.8,1891.8,1891.8,0.00000000,0.0
1690070400,2023-07-23 00:00:00,SAXC/EUR,1891.8,1891.8,1891.8,1891.8,0.00000000,0.0
1690156800,2023-07-24 00:00:00,SAXC/EUR,1891.8,1891.8,1891.8,1891.8,0.00000000,0.0
1690243200,2023-07-25 00:00:00,SAXC/EUR,1891.8,1891.8,1891.8,1891.8,0.00000000,0.0
1690329600,2023-07-26 00:00:00,SAXC/EUR,1891.8,1891.8,1891.8,1891.8,0.00000000,0.0
1690416000,2023-07-27 00:00:00,SAXC/EUR,1891.8,1891.8,1891.8,1891.8,0.00000000,0.0
1690502400,2023-07-28 00:00:00,SAXC/EUR,1891.8,1891.8,1891.8,1891.8,0.00000000,0.0
1690588800,2023-07-29 00:00:00,SAXC/EUR,1891.8,1891.8,1891.8,1891.8,0.00000000,0.0
1690675200,2023-07-30 00:00:00,SAXC/EUR,1891.8,1891.8,1891.8,1891.8,0.00000000,0.0
1690761600,2023-07-31 00:00:00,SAXC/EUR,1891.8,1891.8,1891.8,1891.8,0.00000000,0.0
1690848000,2023-08-01 00:00:00,SAXC/EUR,1825.7,1825.7,1825.7,1825.7,0.08520032,155.550224224
1690934400,2023-08-02 00:00:00,SAXC/EUR,1825.7,1825.7,1825.7,1825.7,0.00000000,0.0
1691020800,2023-08-03 00:00:00,SAXC/EUR,1825.7,1825.7,1825.7,1825.7,0.00000000,0.0
1691107200,2023-08-04 00:00:00,SAXC/EUR,1750.1,1910.6,1680.0,1901.7,0.99545234,1893.051714978
1691193600,2023-08-05 00:00:00,SAXC/EUR,1832.1,1832.1,1832.1,1832.1,3.55536785,6513.7894379849995
1691280000,2023-08-06 00:00:00,SAXC/EUR,1832.1,1832.1,1832.1,1832.1,0.00000000,0.0
1691366400,2023-08-07 00:00:00,SAXC/EUR,1815.4,1815.6,1808.2,1808.2,2.06907443,3741.3003843260003
1691452800,2023-08-08 00:00:00,SAXC/EUR,1808.2,1808.2,1808.2,1808.2,0.00000000,0.0
1691539200,2023-08-09 00:00:00,SAXC/EUR,1808.2,1808.2,1808.2,1808.2,0.00000000,0.0
1691625600,2023-08-10 00:00:00,SAXC/EUR,1808.2,1808.2,1808.2,1808.2,0.00000000,0.0
1691712000,2023-08-11 00:00:00,SAXC/EUR,1808.2,1808.2,1808.2,1808.2,0.00000000,0.0
1691798400,2023-08-12 00:00:00,SAXC/EUR,1808.2,1808.2,1808.2,1808.2,0.00000000,0.0
1691884800,2023-08-13 00:00:00,SAXC/EUR,1808.2,1808.2,1808.2,1808.2,0.00000000,0.0
1691971200,2023-08-14 00:00:00,SAXC/EUR,1808.2,1808.2,1808.2,1808.2,0.00000000,0.0
1692057600,2023-08-15 00:00:00,SAXC/EUR,1808.2,1808.2,1808.2,1808.2,0.00000000,0.0
1692144000,2023-08-16 00:00:00,SAXC/EUR,1817.9,1817.9,1817.8,1817.8,3.15477099,5734.742705621999
1692230400,2023-08-17 00:00:00,SAXC/EUR,1685.2,1685.2,1600.0,1600.0,0.80722543,1291.560688
1692316800,2023-08-18 00:00:00,SAXC/EUR,1687.1,1687.1,1665.0,1665.0,0.82668034,1376.4227661
1692403200,2023-08-19 00:00:00,SAXC/EUR,1656.6,1656.6,1656.4,1656.6,0.33995621,563.1714574859999
1692489600,2023-08-20 00:00:00,SAXC/EUR,1668.9,1668.9,1513.7,1513.7,2.85339572,4319.185101364
1692576000,2023-08-21 00:00:00,SAXC/EUR,1513.7,1513.7,1513.7,1513.7,0.00000000,0.0
1692662400,2023-08-22 00:00:00,SAXC/EUR,1513.7,1513.7,1513.7,1513.7,0.00000000,0.0
1692748800,2023-08-23 00:00:00,SAXC/EUR,1513.7,1513.7,1513.7,1513.7,0.00000000,0.0
1692835200,2023-08-24 00:00:00,SAXC/EUR,1513.7,1513.7,1513.7,1513.7,0.00000000,0.0
1692921600,2023-08-25 00:00:00,SAXC/EUR,1513.7,1513.7,1513.7,1513.7,0.00000000,0.0
1693008000,2023-08-26 00:00:00,SAXC/EUR,1513.7,1513.7,1513.7,1513.7,0.00000000,0.0
1693094400,2023-08-27 00:00:00,SAXC/EUR,1513.7,1513.7,1513.7,1513.7,0.00000000,0.0
1693180800,2023-08-28 00:00:00,SAXC/EUR,1513.7,1513.7,1513.7,1513.7,0.00000000,0.0
1693267200,2023-08-29 00:00:00,SAXC/EUR,1700.0,1700.0,1700.0,1700.0,0.00743840,12.645280000000001
1693353600,2023-08-30 00:00:00,SAXC/EUR,1700.0,1700.0,1700.0,1700.0,0.00000000,0.0
1693440000,2023-08-31 00:00:00,SAXC/EUR,1600.2,1600.2,1600.2,1600.2,0.07182867,114.940237734
1693526400,2023-09-01 00:00:00,SAXC/EUR,1739.6,1749.9,1702.2,1702.2,0.48674947,828.544947834
1693612800,2023-09-02 00:00:00,SAXC/EUR,1702.2,1702.2,1702.2,1702.2,0.00000000,0.0
1693699200,2023-09-03 00:00:00,SAXC/EUR,1702.2,1702.2,1702.2,1702.2,0.00000000,0.0
1693785600,2023-09-04 00:00:00,SAXC/EUR,1702.2,1702.2,1702.2,1702.2,0.00000000,0.0
1693872000,2023-09-05 00:00:00,SAXC/EUR,1702.2,1702.2,1702.2,1702.2,0.00000000,0.0
1693958400,2023-09-06 00:00:00,SAXC/EUR,1702.2,1702.2,1702.2,1702.2,0.00000000,0.0
1694044800,2023-09-07 00:00:00,SAXC/EUR,1702.2,1702.2,1702.2,1702.2,0.00000000,0.0
1694131200,2023-09-08 00:00:00,SAXC/EUR,1702.2,1702.2,1702.2,1702.2,0.00000000,0.0
1694217600,2023-09-09 00:00:00,SAXC/EUR,1702.2,1702.2,1702.2,1702.2,0.00000000,0.0
1694304000,2023-09-10 00:00:00,SAXC/EUR,1702.2,1702.2,1702.2,1702.2,0.00000000,0.0
1694390400,2023-09-11 00:00:00,SAXC/EUR,1566.9,1567.0,1565.1,1565.1,0.34054221,532.982612871
1694476800,2023-09-12 00:00:00,SAXC/EUR,1551.1,1551.1,1551.1,1551.1,0.09778092,151.66798501199997
1694563200,2023-09-13 00:00:00,SAXC/EUR,1551.1,1551.1,1551.1,1551.1,0.00000000,0.0
1694649600,2023-09-14 00:00:00,SAXC/EUR,1551.1,1551.1,1551.1,1551.1,0.00000000,0.0
1694736000,2023-09-15 00:00:00,SAXC/EUR,1551.1,1551.1,1551.1,1551.1,0.00000000,0.0
1694822400,2023-09-16 00:00:00,SAXC/EUR,1551.1,1551.1,1551.1,1551.1,0.00000000,0.0
1694908800,2023-09-17 00:00:00,SAXC/EUR,1551.1,1551.1,1551.1,1551.1,0.00000000,0.0
1694995200,2023-09-18 00:00:00,SAXC/EUR,1551.1,1551.1,1551.1,1551.1,0.00000000,0.0
1695081600,2023-09-19 00:00:00,SAXC/EUR,1551.1,1551.1,1551.1,1551.1,0.00000000,0.0
1695168000,2023-09-20 00:00:00,SAXC/EUR,1551.1,1551.1,1551.1,1551.1,0.00000000,0.0
1695254400,2023-09-21 00:00:00,SAXC/EUR,1551.1,1551.1,1551.1,1551.1,0.00000000,0.0
1695340800,2023-09-22 00:00:00,SAXC/EUR,1551.1,1551.1,1551.1,1551.1,0.00000000,0.0
1695427200,2023-09-23 00:00:00,SAXC/EUR,1551.1,1551.1,1551.1,1551.1,0.00000000,0.0
1695513600,2023-09-24 00:00:00,SAXC/EUR,1551.1,1551.1,1551.1,1551.1,0.00000000,0.0
1695600000,2023-09-25 00:00:00,SAXC/EUR,1551.1,1551.1,1551.1,1551.1,0.00000000,0.0
1695686400,2023-09-26 00:00:00,SAXC/EUR,1551.1,1551.1,1551.1,1551.1,0.00000000,0.0
1695772800,2023-09-27 00:00:00,SAXC/EUR,1551.1,1551.1,1551.1,1551.1,0.00000000,0.0
1695859200,2023-09-28 00:00:00,SAXC/EUR,1551.1,1551.1,1551.1,1551.1,0.00000000,0.0
1695945600,2023-09-29 00:00:00,SAXC/EUR,1551.1,1551.1,1551.1,1551.1,0.00000000,0.0
1696032000,2023-09-30 00:00:00,SAXC/EUR,1551.1,1551.1,1551.1,1551.1,0.00000000,0.0
1696118400,2023-10-01 00:00:00,SAXC/EUR,1740.0,1740.0,1740.0,1740.0,0.00993876,17.2934424
1696204800,2023-10-02 00:00:00,SAXC/EUR,1740.0,1740.0,1740.0,1740.0,0.00000000,0.0
1696291200,2023-10-03 00:00:00,SAXC/EUR,1713.9,1713.9,1713.9,1713.9,0.00887449,15.209988411000001
1696377600,2023-10-04 00:00:00,SAXC/EUR,1713.9,1713.9,1713.9,1713.9,0.00000000,0.0
1696464000,2023-10-05 00:00:00,SAXC/EUR,1713.9,1713.9,1713.9,1713.9,0.00000000,0.0
1696550400,2023-10-06 00:00:00,SAXC/EUR,1713.9,1713.9,1713.9,1713.9,0.00000000,0.0
1696636800,2023-10-07 00:00:00,SAXC/EUR,1713.9,1713.9,1713.9,1713.9,0.00000000,0.0
1696723200,2023-10-08 00:00:00,SAXC/EUR,1713.9,1713.9,1713.9,1713.9,0.00000000,0.0
1696809600,2023-10-09 00:00:00,SAXC/EUR,1713.9,1713.9,1713.9,1713.9,0.00000000,0.0
1696896000,2023-10-10 00:00:00,SAXC/EUR,1713.9,1713.9,1713.9,1713.9,0.00000000,0.0
1696982400,2023-10-11 00:00:00,SAXC/EUR,1713.9,1713.9,1713.9,1713.9,0.00000000,0.0
1697068800,2023-10-12 00:00:00,SAXC/EUR,1713.9,1713.9,1713.9,1713.9,0.00000000,0.0
1697155200,2023-10-13 00:00:00,SAXC/EUR,1713.9,1713.9,1713.9,1713.9,0.00000000,0.0
1697241600,2023-10-14 00:00:00,SAXC/EUR,1713.9,1713.9,1713.9,1713.9,0.00000000,0.0
1697328000,2023-10-15 00:00:00,SAXC/EUR,1713.9,1713.9,1713.9,1713.9,0.00000000,0.0
1697414400,2023-10-16 00:00:00,SAXC/EUR,1713.9,1713.9,1713.9,1713.9,0.00000000,0.0
1697500800,2023-10-17 00:00:00,SAXC/EUR,1713.9,1713.9,1713.9,1713.9,0.00000000,0.0
1697587200,2023-10-18 00:00:00,SAXC/EUR,1713.9,1713.9,1713.9,1713.9,0.00000000,0.0
1697673600,2023-10-19 00:00:00,SAXC/EUR,1713.9,1713.9,1713.9,1713.9,0.00000000,0.0
1697760000,2023-10-20 00:00:00,SAXC/EUR,1713.9,1713.9,1713.9,1713.9,0.00000000,0.0
1697846400,2023-10-21 00:00:00,SAXC/EUR,1713.9,1713.9,1713.9,1713.9,0.00000000,0.0
1697932800,2023-10-22 00:00:00,SAXC/EUR,1713.9,1713.9,1713.9,1713.9,0.00000000,0.0
1698019200,2023-10-23 00:00:00,SAXC/EUR,1675.0,1750.0,1675.0,1750.0,0.02680745,46.9130375
1698105600,2023-10-24 00:00:00,SAXC/EUR,1750.0,1750.0,1750.0,1750.0,0.00000000,0.0
1698192000,2023-10-25 00:00:00,SAXC/EUR,1750.0,1750.0,1750.0,1750.0,0.00000000,0.0
1698278400,2023-10-26 00:00:00,SAXC/EUR,1750.0,1750.0,1750.0,1750.0,0.00000000,0.0
1698364800,2023-10-27 00:00:00,SAXC/EUR,1750.0,1750.0,1750.0,1750.0,0.00000000,0.0
1698451200,2023-10-28 00:00:00,SAXC/EUR,1750.0,1750.0,1750.0,1750.0,0.00000000,0.0
1698537600,2023-10-29 00:00:00,SAXC/EUR,1750.0,1750.0,1750.0,1750.0,0.00000000,0.0
1698624000,2023-10-30 00:00:00,SAXC/EUR,1750.0,1750.0,1750.0,1750.0,0.00000000,0.0
1698710400,2023-10-31 00:00:00,SAXC/EUR,1750.0,1750.0,1750.0,1750.0,0.00000000,0.0
1698796800,2023-11-01 00:00:00,SAXC/EUR,1750.0,1750.0,1750.0,1750.0,0.00000000,0.0
1698883200,2023-11-02 00:00:00,SAXC/EUR,1750.0,1750.0,1750.0,1750.0,0.00000000,0.0
1698969600,2023-11-03 00:00:00,SAXC/EUR,1750.0,1750.0,1750.0,1750.0,0.00000000,0.0
1699056000,2023-11-04 00:00:00,SAXC/EUR,1750.0,1750.0,1750.0,1750.0,0.00000000,0.0
1699142400,2023-11-05 00:00:00,SAXC/EUR,1899.0,1899.0,1899.0,1899.0,0.00664457,12.61803843
1699228800,2023-11-06 00:00:00,SAXC/EUR,1986.5,1986.5,1986.4,1986.4,0.09121661,181.19267410400002
1699315200,2023-11-07 00:00:00,SAXC/EUR,1986.4,1986.4,1986.4,1986.4,0.00000000,0.0
1699401600,2023-11-08 00:00:00,SAXC/EUR,1986.4,1986.4,1986.4,1986.4,0.00000000,0.0
1699488000,2023-11-09 00:00:00,SAXC/EUR,1980.0,1980.0,1980.0,1980.0,0.00517538,10.2472524
1699574400,2023-11-10 00:00:00,SAXC/EUR,1980.0,1980.0,1980.0,1980.0,0.00000000,0.0
1699660800,2023-11-11 00:00:00,SAXC/EUR,1980.0,1980.0,1980.0,1980.0,0.00000000,0.0
1699747200,2023-11-12 00:00:00,SAXC/EUR,1980.0,1980.0,1980.0,1980.0,0.00000000,0.0
1699833600,2023-11-13 00:00:00,SAXC/EUR,1980.0,1980.0,1980.0,1980.0,0.00000000,0.0
1699920000,2023-11-14 00:00:00,SAXC/EUR,1980.0,1980.0,1980.0,1980.0,0.00000000,0.0
1700006400,2023-11-15 00:00:00,SAXC/EUR,1980.0,1980.0,1980.0,1980.0,0.00000000,0.0
1700092800,2023-11-16 00:00:00,SAXC/EUR,1980.0,1980.0,1980.0,1980.0,0.00000000,0.0
1700179200,2023-11-17 00:00:00,SAXC/EUR,1980.0,1980.0,1980.0,1980.0,0.00000000,0.0
1700265600,2023-11-18 00:00:00,SAXC/EUR,1980.0,1980.0,1980.0,1980.0,0.00000000,0.0
1700352000,2023-11-19 00:00:00,SAXC/EUR,2060.5,2084.2,2060.5,2084.2,0.21846489,455.3245237379999
1700438400,2023-11-20 00:00:00,SAXC/EUR,2084.2,2084.2,2084.2,2084.2,0.00000000,0.0
1700524800,2023-11-21 00:00:00,SAXC/EUR,2084.2,2084.2,2084.2,2084.2,0.00000000,0.0
1700611200,2023-11-22 00:00:00,SAXC/EUR,2084.2,2084.2,2084.2,2084.2,0.00000000,0.0
1700697600,2023-11-23 00:00:00,SAXC/EUR,2084.2,2084.2,2084.2,2084.2,0.00000000,0.0
1700784000,2023-11-24 00:00:00,SAXC/EUR,2084.2,2084.2,2084.2,2084.2,0.00000000,0.0
1700870400,2023-11-25 00:00:00,SAXC/EUR,2084.2,2084.2,2084.2,2084.2,0.00000000,0.0
1700956800,2023-11-26 00:00:00,SAXC/EUR,2086.3,2086.3,2086.3,2086.3,0.35588680,742.4866308400001
1701043200,2023-11-27 00:00:00,SAXC/EUR,2086.3,2086.3,2086.3,2086.3,0.00000000,0.0
1701129600,2023-11-28 00:00:00,SAXC/EUR,2086.3,2086.3,2086.3,2086.3,0.00000000,0.0
1701216000,2023-11-29 00:00:00,SAXC/EUR,2086.3,2086.3,2086.3,2086.3,0.00000000,0.0
1701302400,2023-11-30 00:00:00,SAXC/EUR,2086.3,2086.3,2086.3,2086.3,0.00000000,0.0
1701388800,2023-12-01 00:00:00,SAXC/EUR,2086.3,2086.3,2086.3,2086.3,0.00000000,0.0
1701475200,2023-12-02 00:00:00,SAXC/EUR,2086.3,2086.3,2086.3,2086.3,0.00000000,0.0
1701561600,2023-12-03 00:00:00,SAXC/EUR,2086.3,2086.3,2086.3,2086.3,0.00000000,0.0
1701648000,2023-12-04 00:00:00,SAXC/EUR,2086.3,2086.3,2086.3,2086.3,0.00000000,0.0
1701734400,2023-12-05 00:00:00,SAXC/EUR,2086.3,2086.3,2086.3,2086.3,0.00000000,0.0
1701820800,2023-12-06 00:00:00,SAXC/EUR,2086.3,2086.3,2086.3,2086.3,0.00000000,0.0
1701907200,2023-12-07 00:00:00,SAXC/EUR,2086.3,2086.3,2086.3,2086.3,0.00000000,0.0
1701993600,2023-12-08 00:00:00,SAXC/EUR,2086.3,2086.3,2086.3,2086.3,0.00000000,0.0
1702080000,2023-12-09 00:00:00,SAXC/EUR,2086.3,2086.3,2086.3,2086.3,0.00000000,0.0
1702166400,2023-12-10 00:00:00,SAXC/EUR,2086.3,2086.3,2086.3,2086.3,0.00000000,0.0
1702252800,2023-12-11 00:00:00,SAXC/EUR,2086.3,2086.3,2086.3,2086.3,0.00000000,0.0
1702339200,2023-12-12 00:00:00,SAXC/EUR,2086.3,2086.3,2086.3,2086.3,0.00000000,0.0
1702425600,2023-12-13 00:00:00,SAXC/EUR,2086.3,2086.3,2086.3,2086.3,0.00000000,0.0
1702512000,2023-12-14 00:00:00,SAXC/EUR,2086.3,2086.3,2086.3,2086.3,0.00000000,0.0
1702598400,2023-12-15 00:00:00,SAXC/EUR,2086.3,2086.3,2086.3,2086.3,0.00000000,0.0
1702684800,2023-12-16 00:00:00,SAXC/EUR,2086.3,2086.3,2086.3,2086.3,0.00000000,0.0
1702771200,2023-12-17 00:00:00,SAXC/EUR,1999.5,1999.5,1999.5,1999.5,0.01208409,24.162137955000002
1702857600,2023-12-18 00:00:00,SAXC/EUR,1999.5,1999.5,1999.5,1999.5,0.00000000,0.0
1702944000,2023-12-19 00:00:00,SAXC/EUR,1999.5,1999.5,1999.5,1999.5,0.00000000,0.0
1703030400,2023-12-20 00:00:00,SAXC/EUR,1999.5,1999.5,1999.5,1999.5,0.00000000,0.0
1703116800,2023-12-21 00:00:00,SAXC/EUR,1999.5,1999.5,1999.5,1999.5,0.00000000,0.0
1703203200,2023-12-22 00:00:00,SAXC/EUR,1999.5,1999.5,1999.5,1999.5,0.00000000,0.0
1703289600,2023-12-23 00:00:00,SAXC/EUR,1999.5,1999.5,1999.5,1999.5,0.00000000,0.0
1703376000,2023-12-24 00:00:00,SAXC/EUR,1999.5,1999.5,1999.5,1999.5,0.00000000,0.0
1703462400,2023-12-25 00:00:00,SAXC/EUR,1999.5,1999.5,1999.5,1999.5,0.00000000,0.0
1703548800,2023-12-26 00:00:00,SAXC/EUR,1999.5,1999.5,1999.5,1999.5,0.00000000,0.0
1703635200,2023-12-27 00:00:00,SAXC/EUR,1999.5,1999.5,1999.5,1999.5,0.00000000,0.0
1703721600,2023-12-28 00:00:00,SAXC/EUR,1999.5,1999.5,1999.5,1999.5,0.00000000,0.0
1703808000,2023-12-29 00:00:00,SAXC/EUR,1999.5,1999.5,1999.5,1999.5,0.00000000,0.0
1703894400,2023-12-30 00:00:00,SAXC/EUR,1999.5,1999.5,1999.5,1999.5,0.00000000,0.0
1703980800,2023-12-31 00:00:00,SAXC/EUR,1999.5,1999.5,1999.5,1999.5,0.00000000,0.0
1704067200,2024-01-01 00:00:00,SAXC/EUR,1999.5,1999.5,1999.5,1999.5,0.00000000,0.0
1704153600,2024-01-02 00:00:00,SAXC/EUR,1999.5,1999.5,1999.5,1999.5,0.00000000,0.0
1704240000,2024-01-03 00:00:00,SAXC/EUR,1999.5,1999.5,1999.5,1999.5,0.00000000,0.0
1704326400,2024-01-04 00:00:00,SAXC/EUR,1999.5,1999.5,1999.5,1999.5,0.00000000,0.0
1704412800,2024-01-05 00:00:00,SAXC/EUR,1999.5,1999.5,1999.5,1999.5,0.00000000,0.0
1704499200,2024-01-06 00:00:00,SAXC/EUR,1999.5,1999.5,1999.5,1999.5,0.00000000,0.0
1704585600,2024-01-07 00:00:00,SAXC/EUR,1999.5,1999.5,1999.5,1999.5,0.00000000,0.0
1704672000,2024-01-08 00:00:00,SAXC/EUR,1999.5,1999.5,1999.5,1999.5,0.00000000,0.0
1704758400,2024-01-09 00:00:00,SAXC/EUR,1999.5,1999.5,1999.5,1999.5,0.00000000,0.0
1704844800,2024-01-10 00:00:00,SAXC/EUR,2454.9,2590.0,2454.9,2590.0,0.01088069,28.1809871
1704931200,2024-01-11 00:00:00,SAXC/EUR,2590.0,2590.0,2590.0,2590.0,0.00000000,0.0
1705017600,2024-01-12 00:00:00,SAXC/EUR,2590.0,2590.0,2590.0,2590.0,0.00000000,0.0
1705104000,2024-01-13 00:00:00,SAXC/EUR,2590.0,2590.0,2590.0,2590.0,0.00000000,0.0
1705190400,2024-01-14 00:00:00,SAXC/EUR,2590.0,2590.0,2590.0,2590.0,0.00000000,0.0
1705276800,2024-01-15 00:00:00,SAXC/EUR,2590.0,2590.0,2590.0,2590.0,0.00000000,0.0
1705363200,2024-01-16 00:00:00,SAXC/EUR,2590.0,2590.0,2590.0,2590.0,0.00000000,0.0
1705449600,2024-01-17 00:00:00,SAXC/EUR,2676.3,2676.3,2676.3,2676.3,0.00327698,8.770181574
1705536000,2024-01-18 00:00:00,SAXC/EUR,2516.3,2516.3,2516.3,2516.3,0.04409251,110.94998291300001
1705622400,2024-01-19 00:00:00,SAXC/EUR,2516.3,2516.3,2516.3,2516.3,0.00000000,0.0
1705708800,2024-01-20 00:00:00,SAXC/EUR,2516.3,2516.3,2516.3,2516.3,0.00000000,0.0
1705795200,2024-01-21 00:00:00,SAXC/EUR,2516.3,2516.3,2516.3,2516.3,0.00000000,0.0
1705881600,2024-01-22 00:00:00,SAXC/EUR,2516.3,2516.3,2516.3,2516.3,0.00000000,0.0
1705968000,2024-01-23 00:00:00,SAXC/EUR,2222.0,2222.0,2222.0,2222.0,0.00555850,12.350987
1706054400,2024-01-24 00:00:00,SAXC/EUR,2222.0,2222.0,2222.0,2222.0,0.00000000,0.0
1706140800,2024-01-25 00:00:00,SAXC/EUR,2222.0,2222.0,2222.0,2222.0,0.00000000,0.0
1706227200,2024-01-26 00:00:00,SAXC/EUR,2222.0,2222.0,2222.0,2222.0,0.00000000,0.0
1706313600,2024-01-27 00:00:00,SAXC/EUR,2222.0,2222.0,2222.0,2222.0,0.00000000,0.0
1706400000,2024-01-28 00:00:00,SAXC/EUR,2392.8,2750.0,2392.8,2750.0,0.03192900,87.80475
1706486400,2024-01-29 00:00:00,SAXC/EUR,2750.0,2750.0,2750.0,2750.0,0.00000000,0.0
1706572800,2024-01-30 00:00:00,SAXC/EUR,2750.0,2750.0,2750.0,2750.0,0.00000000,0.0
1706659200,2024-01-31 00:00:00,SAXC/EUR,2750.0,2750.0,2750.0,2750.0,0.00000000,0.0
1706745600,2024-02-01 00:00:00,SAXC/EUR,2750.0,2750.0,2750.0,2750.0,0.00000000,0.0
1706832000,2024-02-02 00:00:00,SAXC/EUR,2750.0,2750.0,2750.0,2750.0,0.00000000,0.0
1706918400,2024-02-03 00:00:00,SAXC/EUR,2750.0,2750.0,2750.0,2750.0,0.00000000,0.0
1707004800,2024-02-04 00:00:00,SAXC/EUR,2750.0,2750.0,2750.0,2750.0,0.00000000,0.0
1707091200,2024-02-05 00:00:00,SAXC/EUR,2750.0,2750.0,2750.0,2750.0,0.00000000,0.0
1707177600,2024-02-06 00:00:00,SAXC/EUR,2750.0,2750.0,2750.0,2750.0,0.00000000,0.0
1707264000,2024-02-07 00:00:00,SAXC/EUR,2750.0,2750.0,2750.0,2750.0,0.00000000,0.0
1707350400,2024-02-08 00:00:00,SAXC/EUR,2750.0,2750.0,2750.0,2750.0,0.00000000,0.0
1707436800,2024-02-09 00:00:00,SAXC/EUR,2500.0,2500.0,2500.0,2500.0,0.00463753,11.593825
1707523200,2024-02-10 00:00:00,SAXC/EUR,2500.0,2500.0,2500.0,2500.0,0.00000000,0.0
1707609600,2024-02-11 00:00:00,SAXC/EUR,2500.0,2500.0,2500.0,2500.0,0.00000000,0.0
1707696000,2024-02-12 00:00:00,SAXC/EUR,2500.0,2500.0,2500.0,2500.0,0.00000000,0.0
1707782400,2024-02-13 00:00:00,SAXC/EUR,2500.0,2500.0,2500.0,2500.0,0.00000000,0.0
1707868800,2024-02-14 00:00:00,SAXC/EUR,2500.0,2500.0,2500.0,2500.0,0.00000000,0.0
1707955200,2024-02-15 00:00:00,SAXC/EUR,2500.0,2500.0,2500.0,2500.0,0.00000000,0.0
1708041600,2024-02-16 00:00:00,SAXC/EUR,2500.0,2500.0,2500.0,2500.0,0.00000000,0.0
1708128000,2024-02-17 00:00:00,SAXC/EUR,2500.0,2500.0,2500.0,2500.0,0.00000000,0.0
1708214400,2024-02-18 00:00:00,SAXC/EUR,2500.0,2500.0,2500.0,2500.0,0.00000000,0.0
1708300800,2024-02-19 00:00:00,SAXC/EUR,2500.0,2500.0,2500.0,2500.0,0.00000000,0.0
1708387200,2024-02-20 00:00:00,SAXC/EUR,2999.9,2999.9,2999.9,2999.9,0.01337730,40.13056227
1708473600,2024-02-21 00:00:00,SAXC/EUR,2999.9,2999.9,2999.9,2999.9,0.00000000,0.0
