https://www.Saxcoin-b6.nl,SOL,Solana
unix,date,symbol,open,high,low,close,volume,total
1622332800000,2021-05-30 00:00:00,SOLEUR,22.54,25.0,21.15,23.56,42349.43,993821.4065
1622419200000,2021-05-31 00:00:00,SOLEUR,23.38,27.08,22.66,26.82,57077.0,1449064.0815
1622505600000,2021-06-01 00:00:00,SOLEUR,26.84,27.5,24.38,25.44,50564.89,1301374.309
1622592000000,2021-06-02 00:00:00,SOLEUR,25.44,28.8,24.9,27.81,55324.99,1501732.6151
1622678400000,2021-06-03 00:00:00,SOLEUR,27.79,34.21,27.66,32.49,93331.75,2919285.2452
1622764800000,2021-06-04 00:00:00,SOLEUR,32.72,32.84,28.26,30.82,107382.32,3284168.2408
1622851200000,2021-06-05 00:00:00,SOLEUR,30.81,35.24,30.53,32.89,88660.73,2959726.6286
1622937600000,2021-06-06 00:00:00,SOLEUR,32.78,36.25,32.17,34.89,73231.48,2511959.6821
1623024000000,2021-06-07 00:00:00,SOLEUR,34.89,36.32,31.24,31.36,107359.33,3725132.9136
1623110400000,2021-06-08 00:00:00,SOLEUR,31.38,35.05,27.31,33.99,213636.45,6646246.0736
1623196800000,2021-06-09 00:00:00,SOLEUR,33.88,36.5,32.3,34.56,173845.71,6073674.5686
1623283200000,2021-06-10 00:00:00,SOLEUR,34.56,35.41,32.5,33.7,70158.76,2390590.8341
1623369600000,2021-06-11 00:00:00,SOLEUR,33.76,33.99,29.0,29.95,63087.49,1988528.164
1623456000000,2021-06-12 00:00:00,SOLEUR,29.95,31.26,28.34,30.1,63876.12,1914515.441
1623542400000,2021-06-13 00:00:00,SOLEUR,30.24,32.82,28.73,31.93,97576.89,3009206.7132
1623628800000,2021-06-14 00:00:00,SOLEUR,31.97,33.5,30.24,32.84,71275.85,2262452.1349
1623715200000,2021-06-15 00:00:00,SOLEUR,32.87,34.42,32.34,32.66,69290.0,2321439.6656
1623801600000,2021-06-16 00:00:00,SOLEUR,32.59,34.37,30.95,33.11,76033.28,2463853.4245
1623888000000,2021-06-17 00:00:00,SOLEUR,33.14,34.64,32.11,33.0,68225.08,2284574.8675
1623974400000,2021-06-18 00:00:00,SOLEUR,33.0,33.18,29.48,31.11,76075.84,2373974.8264
1624060800000,2021-06-19 00:00:00,SOLEUR,31.04,31.57,29.52,29.76,55387.36,1681548.829
1624147200000,2021-06-20 00:00:00,SOLEUR,29.76,30.35,26.5,29.74,108147.13,3116667.3217
1624233600000,2021-06-21 00:00:00,SOLEUR,29.73,29.9,21.8,22.37,164714.37,4128501.4519
1624320000000,2021-06-22 00:00:00,SOLEUR,22.43,24.17,16.99,22.57,368812.1,7684694.4079
1624406400000,2021-06-23 00:00:00,SOLEUR,22.58,27.57,21.52,25.84,201429.14,5092348.7749
1624492800000,2021-06-24 00:00:00,SOLEUR,25.97,28.0,23.94,26.14,113645.52,2969252.3596
1624579200000,2021-06-25 00:00:00,SOLEUR,26.14,27.64,23.47,24.06,119612.18,3022918.9735
1624665600000,2021-06-26 00:00:00,SOLEUR,24.03,25.29,22.4,24.95,125810.17,2986210.0994
1624752000000,2021-06-27 00:00:00,SOLEUR,24.97,26.76,24.52,26.76,101532.42,2590222.3018
1624838400000,2021-06-28 00:00:00,SOLEUR,26.67,28.8,25.96,27.71,112730.49,3075517.8235
1624924800000,2021-06-29 00:00:00,SOLEUR,27.74,30.21,27.4,28.5,113737.86,3285422.3581
1625011200000,2021-06-30 00:00:00,SOLEUR,28.49,30.36,26.6,29.97,112406.72,3153561.8999
1625097600000,2021-07-01 00:00:00,SOLEUR,29.94,29.99,27.16,28.09,79674.02,2257793.22
1625184000000,2021-07-02 00:00:00,SOLEUR,28.08,28.76,26.52,28.64,88431.77,2428391.4838
1625270400000,2021-07-03 00:00:00,SOLEUR,28.73,29.86,28.01,29.07,53383.18,1555611.2961
1625356800000,2021-07-04 00:00:00,SOLEUR,29.07,29.95,28.22,28.94,47060.98,1382424.701
1625443200000,2021-07-05 00:00:00,SOLEUR,28.87,29.14,27.32,27.74,92899.17,2615740.344
1625529600000,2021-07-06 00:00:00,SOLEUR,27.79,29.61,27.79,28.96,79337.02,2266212.85
1625616000000,2021-07-07 00:00:00,SOLEUR,28.94,32.31,28.62,31.18,82429.5,2533074.8471
1625702400000,2021-07-08 00:00:00,SOLEUR,31.1,31.36,27.62,28.0,91323.31,2678827.4175
1625788800000,2021-07-09 00:00:00,SOLEUR,27.97,29.08,27.03,28.02,80515.27,2268229.502
1625875200000,2021-07-10 00:00:00,SOLEUR,28.1,28.86,26.12,26.75,52057.96,1430408.7446
1625961600000,2021-07-11 00:00:00,SOLEUR,26.82,27.46,26.48,27.08,42721.27,1153694.5499
1626048000000,2021-07-12 00:00:00,SOLEUR,27.09,27.54,25.38,25.99,55133.97,1452910.9749
1626134400000,2021-07-13 00:00:00,SOLEUR,25.98,26.25,24.56,24.92,64367.65,1632162.5733
1626220800000,2021-07-14 00:00:00,SOLEUR,24.92,26.95,23.46,26.95,95688.52,2408918.6314
1626307200000,2021-07-15 00:00:00,SOLEUR,26.87,27.03,24.09,24.47,76930.26,1950701.5815
1626393600000,2021-07-16 00:00:00,SOLEUR,24.52,25.26,22.3,22.39,61090.01,1445972.8997
1626480000000,2021-07-17 00:00:00,SOLEUR,22.36,23.82,22.13,22.87,43308.93,986681.2566
1626566400000,2021-07-18 00:00:00,SOLEUR,22.92,23.68,22.5,22.82,29319.56,678350.799
1626652800000,2021-07-19 00:00:00,SOLEUR,22.83,22.83,20.48,20.98,65172.83,1388680.6859
1626739200000,2021-07-20 00:00:00,SOLEUR,21.02,21.41,19.01,20.22,99323.84,1977225.1253
1626825600000,2021-07-21 00:00:00,SOLEUR,20.15,23.6,19.68,22.87,95642.48,2121861.2218
1626912000000,2021-07-22 00:00:00,SOLEUR,22.9,24.09,22.28,23.79,49028.62,1142569.9713
1626998400000,2021-07-23 00:00:00,SOLEUR,23.78,24.68,22.7,24.48,48163.29,1140482.086
1627084800000,2021-07-24 00:00:00,SOLEUR,24.43,25.32,24.04,24.54,43403.59,1071562.1492
1627171200000,2021-07-25 00:00:00,SOLEUR,24.55,24.77,22.78,24.18,35430.24,844252.4174
1627257600000,2021-07-26 00:00:00,SOLEUR,24.13,26.52,23.63,23.99,95912.08,2425955.9372
1627344000000,2021-07-27 00:00:00,SOLEUR,23.97,24.84,22.98,24.01,53400.4,1275620.1982
1627430400000,2021-07-28 00:00:00,SOLEUR,23.98,24.52,23.34,23.79,45586.13,1092830.3534
1627516800000,2021-07-29 00:00:00,SOLEUR,23.74,27.14,23.33,26.51,70370.67,1775809.2253
1627603200000,2021-07-30 00:00:00,SOLEUR,26.52,28.06,25.44,27.4,73435.58,1969997.2479
1627689600000,2021-07-31 00:00:00,SOLEUR,27.4,31.46,26.75,31.25,88997.21,2583051.8906
1627776000000,2021-08-01 00:00:00,SOLEUR,31.15,31.35,28.4,29.18,63211.04,1901233.3219
1627862400000,2021-08-02 00:00:00,SOLEUR,29.17,30.62,28.12,28.24,49356.17,1441882.5968
1627948800000,2021-08-03 00:00:00,SOLEUR,28.32,30.53,27.56,29.03,45848.15,1338749.8444
1628035200000,2021-08-04 00:00:00,SOLEUR,29.03,31.28,28.37,30.51,36496.31,1088315.0643
1628121600000,2021-08-05 00:00:00,SOLEUR,30.56,32.78,30.31,31.96,57616.69,1825253.7067
1628208000000,2021-08-06 00:00:00,SOLEUR,31.9,34.68,30.53,33.9,58915.74,1942956.3332
1628294400000,2021-08-07 00:00:00,SOLEUR,33.81,35.0,32.33,34.03,59082.35,1995093.0273
1628380800000,2021-08-08 00:00:00,SOLEUR,34.02,34.09,31.8,32.57,41601.68,1367178.3844
1628467200000,2021-08-09 00:00:00,SOLEUR,32.52,34.49,31.39,33.34,37981.02,1265978.9899
1628553600000,2021-08-10 00:00:00,SOLEUR,33.32,36.06,32.98,35.16,46336.03,1615509.6309
1628640000000,2021-08-11 00:00:00,SOLEUR,35.16,37.89,35.15,36.14,50109.41,1841399.2383
1628726400000,2021-08-12 00:00:00,SOLEUR,36.13,37.61,34.02,35.58,41675.22,1475769.9252
1628812800000,2021-08-13 00:00:00,SOLEUR,35.64,38.57,35.26,38.45,50587.21,1906188.8047
1628899200000,2021-08-14 00:00:00,SOLEUR,38.33,38.62,36.8,37.87,28641.28,1078836.2741
1628985600000,2021-08-15 00:00:00,SOLEUR,37.92,47.0,37.25,45.76,91348.17,3908963.0799
1629072000000,2021-08-16 00:00:00,SOLEUR,45.92,59.45,44.83,53.64,273002.73,14873423.8334
1629158400000,2021-08-17 00:00:00,SOLEUR,53.5,64.69,50.96,55.54,310102.89,18242425.6641
1629244800000,2021-08-18 00:00:00,SOLEUR,55.48,69.58,51.93,62.8,299834.09,18902825.7155
1629331200000,2021-08-19 00:00:00,SOLEUR,62.88,65.24,59.2,62.47,139515.48,8656720.2954
1629417600000,2021-08-20 00:00:00,SOLEUR,62.61,68.4,60.77,67.37,119767.27,7656046.3786
1629504000000,2021-08-21 00:00:00,SOLEUR,67.2,69.99,62.45,63.59,85145.06,5615195.7132
1629590400000,2021-08-22 00:00:00,SOLEUR,63.62,66.67,61.83,62.51,49883.16,3215293.2423
1629676800000,2021-08-23 00:00:00,SOLEUR,62.71,65.98,61.32,65.21,74370.1,4699845.8961
1629763200000,2021-08-24 00:00:00,SOLEUR,64.93,68.4,58.72,60.83,116500.57,7474196.969
1629849600000,2021-08-25 00:00:00,SOLEUR,60.86,62.8,57.1,62.05,75491.94,4518499.0868
1629936000000,2021-08-26 00:00:00,SOLEUR,61.98,67.5,57.2,64.42,121405.05,7719355.6696
1630022400000,2021-08-27 00:00:00,SOLEUR,64.56,76.21,62.69,75.35,130508.74,9264680.1532
1630108800000,2021-08-28 00:00:00,SOLEUR,75.36,83.56,73.1,82.1,118440.27,9395485.7725
1630195200000,2021-08-29 00:00:00,SOLEUR,82.11,83.52,77.62,80.83,68915.05,5509438.3964
1630281600000,2021-08-30 00:00:00,SOLEUR,80.7,99.65,80.4,94.57,252367.12,22879197.0305
1630368000000,2021-08-31 00:00:00,SOLEUR,94.76,110.83,88.35,92.93,424089.88,42422426.7927
1630454400000,2021-09-01 00:00:00,SOLEUR,92.51,102.46,90.75,94.19,187667.69,18230994.6701
1630540800000,2021-09-02 00:00:00,SOLEUR,94.1,111.61,92.98,108.41,221677.07,22886130.4027
1630627200000,2021-09-03 00:00:00,SOLEUR,108.42,126.06,108.42,124.29,306687.03,36577016.9545
1630713600000,2021-09-04 00:00:00,SOLEUR,124.14,127.58,115.0,117.94,150785.91,18330295.8668
1630800000000,2021-09-05 00:00:00,SOLEUR,117.94,123.0,113.35,120.19,101191.59,11985311.5438
1630886400000,2021-09-06 00:00:00,SOLEUR,120.19,141.1,117.0,139.37,226482.53,29479449.7539
1630972800000,2021-09-07 00:00:00,SOLEUR,139.53,165.92,110.0,149.42,598435.32,90083993.6252
1631059200000,2021-09-08 00:00:00,SOLEUR,149.48,169.83,125.5,163.25,426322.44,63269150.1046
1631145600000,2021-09-09 00:00:00,SOLEUR,163.26,184.59,155.0,160.86,341654.34,59056604.9235
1631232000000,2021-09-10 00:00:00,SOLEUR,160.45,168.67,143.02,153.48,191204.49,29257142.6877
1631318400000,2021-09-11 00:00:00,SOLEUR,153.27,165.11,149.47,152.91,143494.55,22477254.0509
1631404800000,2021-09-12 00:00:00,SOLEUR,152.81,155.0,145.0,148.73,84239.94,12701760.9619
1631491200000,2021-09-13 00:00:00,SOLEUR,148.86,149.59,128.51,144.7,184579.37,25366800.1783
1631577600000,2021-09-14 00:00:00,SOLEUR,144.57,146.48,121.81,135.45,158316.77,21330545.0676
1631664000000,2021-09-15 00:00:00,SOLEUR,135.29,141.94,131.05,135.11,113236.46,15437525.1203
1631750400000,2021-09-16 00:00:00,SOLEUR,135.28,138.72,125.5,129.85,74575.15,9874176.1929
1631836800000,2021-09-17 00:00:00,SOLEUR,129.86,130.81,114.24,125.86,117218.13,14247245.7004
1631923200000,2021-09-18 00:00:00,SOLEUR,126.4,146.5,123.21,144.76,123597.55,16878831.4072
1632009600000,2021-09-19 00:00:00,SOLEUR,144.53,146.0,128.92,130.78,83622.12,11412498.9814
1632096000000,2021-09-20 00:00:00,SOLEUR,130.98,131.16,111.99,113.7,215536.54,25964806.8748
1632182400000,2021-09-21 00:00:00,SOLEUR,114.12,124.32,99.39,106.72,193930.43,22113265.0331
1632268800000,2021-09-22 00:00:00,SOLEUR,106.85,129.8,104.95,127.5,174630.28,20865144.381
1632355200000,2021-09-23 00:00:00,SOLEUR,127.54,131.1,122.82,128.47,108926.31,13881177.5939
1632441600000,2021-09-24 00:00:00,SOLEUR,128.66,129.68,109.78,119.61,149338.34,17646062.6533
1632528000000,2021-09-25 00:00:00,SOLEUR,119.83,123.7,114.81,116.96,61329.06,7318884.9171
1632614400000,2021-09-26 00:00:00,SOLEUR,116.9,120.78,107.38,116.37,88053.68,10154883.347
1632700800000,2021-09-27 00:00:00,SOLEUR,116.17,127.68,114.77,116.96,100638.49,12347503.8631
1632787200000,2021-09-28 00:00:00,SOLEUR,116.8,119.69,110.47,114.07,75696.11,8682770.413
1632873600000,2021-09-29 00:00:00,SOLEUR,114.08,120.48,113.37,117.18,64358.28,7570993.4017
1632960000000,2021-09-30 00:00:00,SOLEUR,117.1,123.54,115.71,122.28,66591.33,7977178.9536
1633046400000,2021-10-01 00:00:00,SOLEUR,122.32,142.18,119.5,139.4,151080.44,20125977.0944
1633132800000,2021-10-02 00:00:00,SOLEUR,139.26,150.57,134.68,145.24,117639.82,16927946.7262
1633219200000,2021-10-03 00:00:00,SOLEUR,145.42,153.11,142.21,148.6,95710.53,14203408.5665
1633305600000,2021-10-04 00:00:00,SOLEUR,148.57,148.65,139.67,143.87,83866.57,12119150.9161
1633392000000,2021-10-05 00:00:00,SOLEUR,143.46,146.44,137.85,141.15,72283.07,10294815.9529
1633478400000,2021-10-06 00:00:00,SOLEUR,141.26,141.88,129.34,132.12,73271.0,9865556.3816
1633564800000,2021-10-07 00:00:00,SOLEUR,132.14,138.52,128.9,132.18,66393.39,8895928.5344
1633651200000,2021-10-08 00:00:00,SOLEUR,132.34,144.95,130.75,136.26,76269.52,10567769.0553
1633737600000,2021-10-09 00:00:00,SOLEUR,136.39,138.65,132.7,134.74,30394.11,4130108.9188
1633824000000,2021-10-10 00:00:00,SOLEUR,134.98,136.46,125.4,127.87,37272.81,4913242.6258
1633910400000,2021-10-11 00:00:00,SOLEUR,127.7,133.23,121.56,125.75,44297.79,5634296.2674
1633996800000,2021-10-12 00:00:00,SOLEUR,125.56,133.4,119.52,132.55,66318.64,8409799.6676
1634083200000,2021-10-13 00:00:00,SOLEUR,132.34,135.15,125.09,127.62,39071.77,5000155.6051
1634169600000,2021-10-14 00:00:00,SOLEUR,127.73,134.12,126.96,129.13,44907.98,5856435.5834
1634256000000,2021-10-15 00:00:00,SOLEUR,129.14,141.87,126.44,140.25,85980.68,11814540.1426
1634342400000,2021-10-16 00:00:00,SOLEUR,140.29,141.87,134.64,135.34,39304.01,5414678.1969
1634428800000,2021-10-17 00:00:00,SOLEUR,135.45,144.07,132.0,137.88,48498.56,6735772.2116
1634515200000,2021-10-18 00:00:00,SOLEUR,137.95,140.34,133.7,135.67,32862.18,4479553.2455
1634601600000,2021-10-19 00:00:00,SOLEUR,135.67,137.18,131.61,134.02,27197.91,3652746.972
1634688000000,2021-10-20 00:00:00,SOLEUR,133.93,150.94,133.31,150.85,102791.34,14819902.4893
1634774400000,2021-10-21 00:00:00,SOLEUR,150.9,166.39,150.87,163.62,191392.05,30476892.9604
1634860800000,2021-10-22 00:00:00,SOLEUR,163.95,185.0,161.65,168.99,182229.45,31943401.0971
1634947200000,2021-10-23 00:00:00,SOLEUR,169.51,177.21,165.54,170.23,66418.68,11386740.1204
1635033600000,2021-10-24 00:00:00,SOLEUR,170.42,176.48,159.7,174.49,95361.32,15938147.5646
1635120000000,2021-10-25 00:00:00,SOLEUR,174.32,188.8,170.61,180.95,112456.66,20392702.9614
1635206400000,2021-10-26 00:00:00,SOLEUR,180.81,184.69,170.12,172.82,80537.43,14360133.0828
1635292800000,2021-10-27 00:00:00,SOLEUR,172.73,177.58,153.11,159.58,132280.59,21860319.4269
1635379200000,2021-10-28 00:00:00,SOLEUR,159.63,173.65,157.26,167.5,81868.14,13719749.3926
1635465600000,2021-10-29 00:00:00,SOLEUR,167.41,180.0,166.85,173.04,52906.74,9124159.277
1635552000000,2021-10-30 00:00:00,SOLEUR,173.03,173.24,162.57,169.79,37037.38,6248272.3475
1635638400000,2021-10-31 00:00:00,SOLEUR,169.88,178.0,161.0,175.89,51023.57,8670268.9421
1635724800000,2021-11-01 00:00:00,SOLEUR,175.98,183.93,171.93,176.57,54378.24,9679765.9667
1635811200000,2021-11-02 00:00:00,SOLEUR,176.67,192.0,174.17,191.02,63887.27,11661302.3471
1635897600000,2021-11-03 00:00:00,SOLEUR,190.74,212.93,186.56,209.6,129657.45,25980240.409
1635984000000,2021-11-04 00:00:00,SOLEUR,209.93,217.0,202.28,214.15,97620.91,20430874.8531
1636070400000,2021-11-05 00:00:00,SOLEUR,214.22,215.27,200.0,205.55,56036.77,11584903.5207
1636156800000,2021-11-06 00:00:00,SOLEUR,205.61,226.39,204.47,224.41,76872.89,16692138.8578
1636243200000,2021-11-07 00:00:00,SOLEUR,224.7,224.98,213.79,217.16,50962.66,11141673.5034
1636329600000,2021-11-08 00:00:00,SOLEUR,217.27,219.0,209.14,214.55,54304.81,11584752.9992
1636416000000,2021-11-09 00:00:00,SOLEUR,214.39,218.54,204.99,206.85,45424.76,9565953.7675
1636502400000,2021-11-10 00:00:00,SOLEUR,206.96,215.0,190.28,204.0,63094.68,12926191.2433
1636588800000,2021-11-11 00:00:00,SOLEUR,203.43,215.5,200.56,205.0,39508.26,8305321.8553
1636675200000,2021-11-12 00:00:00,SOLEUR,205.0,209.73,193.79,200.74,48763.31,9781458.6161
1636761600000,2021-11-13 00:00:00,SOLEUR,200.72,212.56,197.45,212.4,33538.71,6877209.1837
1636848000000,2021-11-14 00:00:00,SOLEUR,212.64,212.64,202.62,209.6,20448.36,4238609.6756
1636934400000,2021-11-15 00:00:00,SOLEUR,209.77,215.3,206.84,209.78,29633.52,6270468.2747
1637020800000,2021-11-16 00:00:00,SOLEUR,209.29,209.34,189.0,194.17,55137.35,10928336.7901
1637107200000,2021-11-17 00:00:00,SOLEUR,194.14,196.81,185.66,194.06,38922.22,7418250.4934
1637193600000,2021-11-18 00:00:00,SOLEUR,194.07,197.32,164.27,171.88,63470.75,11327975.9716
1637280000000,2021-11-19 00:00:00,SOLEUR,171.91,194.51,166.66,191.11,50902.89,9400942.9265
1637366400000,2021-11-20 00:00:00,SOLEUR,190.94,196.3,183.3,193.65,25630.1,4885341.8783
1637452800000,2021-11-21 00:00:00,SOLEUR,193.65,209.22,187.33,204.66,30761.51,6140128.284
1637539200000,2021-11-22 00:00:00,SOLEUR,204.94,205.9,188.86,192.55,34114.23,6664354.2297
1637625600000,2021-11-23 00:00:00,SOLEUR,192.05,201.15,187.29,197.33,25280.67,4910761.8024
1637712000000,2021-11-24 00:00:00,SOLEUR,197.21,197.81,179.01,184.0,31419.74,5896207.7557
1637798400000,2021-11-25 00:00:00,SOLEUR,184.06,192.81,180.21,186.88,29276.72,5488811.7944
1637884800000,2021-11-26 00:00:00,SOLEUR,187.31,187.66,161.78,170.62,60306.42,10323943.9467
1637971200000,2021-11-27 00:00:00,SOLEUR,170.86,177.05,169.39,171.53,21759.5,3782548.4142
1638057600000,2021-11-28 00:00:00,SOLEUR,171.19,179.63,160.5,178.2,33182.65,5644877.1102
1638144000000,2021-11-29 00:00:00,SOLEUR,178.11,189.0,177.19,180.85,31891.87,5833017.8288
1638230400000,2021-11-30 00:00:00,SOLEUR,180.9,191.73,176.2,183.97,45298.24,8421769.22
1638316800000,2021-12-01 00:00:00,SOLEUR,183.89,205.43,183.63,203.37,59764.18,11811740.5187
1638403200000,2021-12-02 00:00:00,SOLEUR,203.37,215.43,194.48,207.08,60766.82,12464592.0964
1638489600000,2021-12-03 00:00:00,SOLEUR,206.88,211.71,182.06,188.0,65981.39,13106966.0215
1638576000000,2021-12-04 00:00:00,SOLEUR,187.72,188.49,154.03,179.47,99764.54,17461066.2113
1638662400000,2021-12-05 00:00:00,SOLEUR,179.36,182.66,160.64,173.92,44263.18,7574950.7756
1638748800000,2021-12-06 00:00:00,SOLEUR,174.26,175.45,156.24,172.32,48520.75,8057761.5443
1638835200000,2021-12-07 00:00:00,SOLEUR,172.15,181.08,166.87,168.97,32194.92,5644842.0561
1638921600000,2021-12-08 00:00:00,SOLEUR,168.84,173.61,162.78,171.8,27878.63,4696815.9547
1639008000000,2021-12-09 00:00:00,SOLEUR,171.87,173.61,158.47,160.65,31848.34,5233110.7834
1639094400000,2021-12-10 00:00:00,SOLEUR,160.42,163.6,148.26,148.45,43982.73,6857785.0768
1639180800000,2021-12-11 00:00:00,SOLEUR,148.24,154.21,143.07,152.62,33876.92,5087939.8476
1639267200000,2021-12-12 00:00:00,SOLEUR,152.68,156.65,148.76,152.96,24302.8,3702051.8746
1639353600000,2021-12-13 00:00:00,SOLEUR,152.98,152.98,131.36,137.61,51562.77,7221058.723
1639440000000,2021-12-14 00:00:00,SOLEUR,137.84,145.17,132.82,143.5,50101.98,6988453.2616
1639526400000,2021-12-15 00:00:00,SOLEUR,143.49,162.0,139.27,157.78,71042.28,10663528.6281
1639612800000,2021-12-16 00:00:00,SOLEUR,158.02,166.56,154.42,156.14,54311.85,8735192.543
1639699200000,2021-12-17 00:00:00,SOLEUR,156.0,161.13,148.8,156.26,34830.21,5420998.4158
1639785600000,2021-12-18 00:00:00,SOLEUR,156.33,164.08,152.25,162.8,18743.78,2996336.8907
1639872000000,2021-12-19 00:00:00,SOLEUR,162.96,168.63,158.66,160.17,20294.32,3321228.9207
1639958400000,2021-12-20 00:00:00,SOLEUR,160.23,161.13,149.22,153.94,25360.66,3916534.747
1640044800000,2021-12-21 00:00:00,SOLEUR,154.26,161.7,151.07,159.26,27738.14,4387112.2832
1640131200000,2021-12-22 00:00:00,SOLEUR,159.26,166.4,156.59,157.75,27366.99,4432088.6038
1640217600000,2021-12-23 00:00:00,SOLEUR,157.54,170.83,155.23,167.83,29096.44,4743537.3072
1640304000000,2021-12-24 00:00:00,SOLEUR,167.87,174.81,162.25,168.23,29295.44,4957296.6091
1640390400000,2021-12-25 00:00:00,SOLEUR,168.55,172.65,167.61,171.09,14779.57,2514748.7853
1640476800000,2021-12-26 00:00:00,SOLEUR,171.1,177.36,168.62,174.96,28287.61,4917224.4817
1640563200000,2021-12-27 00:00:00,SOLEUR,175.08,180.92,172.33,172.77,26486.25,4686773.3024
1640649600000,2021-12-28 00:00:00,SOLEUR,172.9,172.9,156.0,156.88,42411.54,6957609.7874
1640736000000,2021-12-29 00:00:00,SOLEUR,156.89,159.9,150.1,150.43,29353.97,4539716.4372
1640822400000,2021-12-30 00:00:00,SOLEUR,150.43,155.33,148.36,152.58,24182.72,3690302.2078
1640908800000,2021-12-31 00:00:00,SOLEUR,152.58,157.1,147.34,149.51,18551.78,2827660.2986
1640995200000,2022-01-01 00:00:00,SOLEUR,149.41,157.88,149.41,157.81,11421.85,1756958.9
1641081600000,2022-01-02 00:00:00,SOLEUR,157.83,158.15,153.53,155.26,12904.6,2002808.7858
1641168000000,2022-01-03 00:00:00,SOLEUR,155.35,155.36,147.73,150.54,16914.24,2566459.6844
1641254400000,2022-01-04 00:00:00,SOLEUR,150.63,154.0,147.43,148.89,16639.74,2499773.7045
1641340800000,2022-01-05 00:00:00,SOLEUR,148.72,151.61,128.52,136.95,34852.4,4928880.4778
1641427200000,2022-01-06 00:00:00,SOLEUR,136.67,137.14,129.33,133.23,40395.54,5370753.7238
1641513600000,2022-01-07 00:00:00,SOLEUR,133.23,133.53,117.2,120.06,51330.38,6360003.7681
1641600000000,2022-01-08 00:00:00,SOLEUR,120.52,130.62,117.39,125.33,43759.8,5466291.5911
1641686400000,2022-01-09 00:00:00,SOLEUR,125.33,128.54,121.56,124.17,22286.0,2797217.1947
1641772800000,2022-01-10 00:00:00,SOLEUR,124.23,126.82,115.27,120.11,34649.3,4146670.5196
1641859200000,2022-01-11 00:00:00,SOLEUR,120.07,126.45,118.02,123.55,23817.35,2930131.081
1641945600000,2022-01-12 00:00:00,SOLEUR,123.5,134.2,121.71,132.72,42211.07,5424320.7921
1642032000000,2022-01-13 00:00:00,SOLEUR,132.5,137.65,127.08,127.43,39529.38,5228765.7809
1642118400000,2022-01-14 00:00:00,SOLEUR,127.9,131.52,123.94,128.21,21785.45,2790918.0975
1642204800000,2022-01-15 00:00:00,SOLEUR,128.38,131.2,126.46,129.59,18324.23,2361090.6334
1642291200000,2022-01-16 00:00:00,SOLEUR,129.7,133.3,128.25,129.82,18437.26,2409283.8586
1642377600000,2022-01-17 00:00:00,SOLEUR,129.81,130.11,120.4,122.78,23868.91,2974075.7195
1642464000000,2022-01-18 00:00:00,SOLEUR,122.77,126.16,118.38,124.83,23679.77,2886167.8129
1642550400000,2022-01-19 00:00:00,SOLEUR,124.9,126.14,117.27,119.4,24045.91,2894595.949
1642636800000,2022-01-20 00:00:00,SOLEUR,119.5,127.0,111.7,112.91,34053.23,4125389.1453
1642723200000,2022-01-21 00:00:00,SOLEUR,112.89,113.87,93.83,99.4,91630.76,9698161.0188
1642809600000,2022-01-22 00:00:00,SOLEUR,99.13,100.94,77.41,83.6,105216.97,9106633.1854
1642896000000,2022-01-23 00:00:00,SOLEUR,83.73,92.77,82.51,88.18,68525.26,6021938.4303
1642982400000,2022-01-24 00:00:00,SOLEUR,88.25,88.25,71.56,81.35,135041.38,10471661.6442
1643068800000,2022-01-25 00:00:00,SOLEUR,81.34,88.62,77.34,83.9,79279.39,6559935.1674
1643155200000,2022-01-26 00:00:00,SOLEUR,83.93,92.76,79.71,82.06,99649.67,8560317.845
1643241600000,2022-01-27 00:00:00,SOLEUR,81.99,84.97,76.41,80.49,66779.76,5398705.3426
1643328000000,2022-01-28 00:00:00,SOLEUR,80.42,83.91,78.39,82.15,49069.94,3992819.5618
1643414400000,2022-01-29 00:00:00,SOLEUR,82.06,88.99,81.29,86.5,49323.35,4228485.3262
1643500800000,2022-01-30 00:00:00,SOLEUR,86.53,87.77,82.23,83.89,39420.49,3356035.353
1643587200000,2022-01-31 00:00:00,SOLEUR,83.78,90.31,80.01,88.69,53959.24,4575329.5528
1643673600000,2022-02-01 00:00:00,SOLEUR,88.63,101.21,88.25,97.77,98743.42,9490663.4448
1643760000000,2022-02-02 00:00:00,SOLEUR,97.73,99.74,86.02,90.34,95079.41,8972346.5628
1643846400000,2022-02-03 00:00:00,SOLEUR,90.12,91.5,83.43,89.15,90761.98,7837557.5797
1643932800000,2022-02-04 00:00:00,SOLEUR,89.15,98.61,87.79,98.38,85375.07,7980960.9031
1644019200000,2022-02-05 00:00:00,SOLEUR,98.4,103.78,96.31,99.48,69472.87,6953658.2803
1644105600000,2022-02-06 00:00:00,SOLEUR,99.48,101.46,97.43,100.64,34618.99,3441131.8776
1644192000000,2022-02-07 00:00:00,SOLEUR,100.7,106.67,98.53,102.81,79319.0,8238890.3909
1644278400000,2022-02-08 00:00:00,SOLEUR,102.94,105.48,96.21,99.47,59889.2,5994353.277
1644364800000,2022-02-09 00:00:00,SOLEUR,99.5,102.46,95.84,99.9,44050.52,4381211.8087
1644451200000,2022-02-10 00:00:00,SOLEUR,99.94,100.59,92.72,93.01,62881.5,6093247.5605
1644537600000,2022-02-11 00:00:00,SOLEUR,93.04,95.08,83.98,85.1,53984.32,4871036.4787
1644624000000,2022-02-12 00:00:00,SOLEUR,85.1,88.01,81.99,84.52,49564.85,4198153.4091
1644710400000,2022-02-13 00:00:00,SOLEUR,84.52,87.0,80.0,81.82,38525.37,3209620.8497
1644796800000,2022-02-14 00:00:00,SOLEUR,81.84,86.67,80.02,85.29,51711.47,4324800.3748
1644883200000,2022-02-15 00:00:00,SOLEUR,85.46,93.1,85.38,93.0,52046.79,4674482.9571
1644969600000,2022-02-16 00:00:00,SOLEUR,92.98,92.98,86.44,89.57,41691.42,3731837.2992
1645056000000,2022-02-17 00:00:00,SOLEUR,89.62,90.44,81.24,82.29,40148.82,3424656.156
1645142400000,2022-02-18 00:00:00,SOLEUR,82.37,84.92,78.93,79.59,37431.41,3056028.261
1645228800000,2022-02-19 00:00:00,SOLEUR,79.49,82.0,78.42,80.68,26951.85,2160560.8692
1645315200000,2022-02-20 00:00:00,SOLEUR,80.75,82.99,75.74,80.07,55487.09,4402312.5001
1645401600000,2022-02-21 00:00:00,SOLEUR,80.2,84.57,73.21,73.48,74254.44,5886010.1947
1645488000000,2022-02-22 00:00:00,SOLEUR,73.48,77.18,71.8,76.34,46975.96,3494853.8471
1645574400000,2022-02-23 00:00:00,SOLEUR,76.44,82.29,74.69,74.85,64631.22,5105507.2715
1645660800000,2022-02-24 00:00:00,SOLEUR,74.87,83.85,67.31,79.84,141870.53,10665526.1954
1645747200000,2022-02-25 00:00:00,SOLEUR,80.0,84.41,77.49,82.24,72164.96,5805854.841
1645833600000,2022-02-26 00:00:00,SOLEUR,82.41,84.49,79.29,80.06,35385.93,2878801.8379
1645920000000,2022-02-27 00:00:00,SOLEUR,80.14,81.84,75.25,76.66,50391.17,3949411.9328
1646006400000,2022-02-28 00:00:00,SOLEUR,76.68,91.46,75.32,88.95,81100.07,6759001.2749
1646092800000,2022-03-01 00:00:00,SOLEUR,88.91,91.52,84.26,88.67,70207.58,6173943.7028
1646179200000,2022-03-02 00:00:00,SOLEUR,88.77,95.98,87.07,90.6,71166.85,6578557.0283
1646265600000,2022-03-03 00:00:00,SOLEUR,90.46,91.59,85.01,86.48,41345.56,3648325.6964
1646352000000,2022-03-04 00:00:00,SOLEUR,86.41,86.7,79.8,80.94,50183.83,4176038.1217
1646438400000,2022-03-05 00:00:00,SOLEUR,80.94,83.6,78.77,82.18,23725.06,1931752.398
1646524800000,2022-03-06 00:00:00,SOLEUR,81.96,82.45,77.38,77.75,21513.21,1712423.6667
1646611200000,2022-03-07 00:00:00,SOLEUR,77.7,79.44,73.77,75.22,46791.02,3576712.5837
1646697600000,2022-03-08 00:00:00,SOLEUR,75.23,77.8,74.77,75.61,44473.09,3395564.9358
1646784000000,2022-03-09 00:00:00,SOLEUR,75.56,82.14,75.26,79.56,56917.07,4538739.2359
1646870400000,2022-03-10 00:00:00,SOLEUR,79.57,80.07,73.03,75.35,58286.51,4383752.1091
1646956800000,2022-03-11 00:00:00,SOLEUR,75.26,76.54,73.0,73.96,45941.08,3431099.7294
1647043200000,2022-03-12 00:00:00,SOLEUR,74.05,75.9,73.98,74.78,18701.57,1402426.9759
1647129600000,2022-03-13 00:00:00,SOLEUR,74.76,76.5,71.43,72.31,35989.61,2665165.7828
1647216000000,2022-03-14 00:00:00,SOLEUR,72.32,75.0,71.68,74.32,43647.9,3200699.9354
1647302400000,2022-03-15 00:00:00,SOLEUR,74.37,78.73,71.83,75.61,56429.92,4228131.468
1647388800000,2022-03-16 00:00:00,SOLEUR,75.73,79.85,74.39,79.68,83930.24,6431459.3793
1647475200000,2022-03-17 00:00:00,SOLEUR,79.72,82.13,78.5,79.23,60881.75,4881532.443
1647561600000,2022-03-18 00:00:00,SOLEUR,79.21,83.53,76.57,81.44,59370.04,4715239.6962
1647648000000,2022-03-19 00:00:00,SOLEUR,81.49,85.73,80.85,83.64,36463.38,3039336.902
1647734400000,2022-03-20 00:00:00,SOLEUR,83.6,83.81,79.6,80.22,30085.06,2452519.1419
1647820800000,2022-03-21 00:00:00,SOLEUR,80.39,82.78,78.64,80.53,45464.74,3669907.8528
1647907200000,2022-03-22 00:00:00,SOLEUR,80.46,85.23,80.0,82.05,57807.21,4819483.2086
1647993600000,2022-03-23 00:00:00,SOLEUR,82.08,87.66,80.99,86.29,52170.79,4403672.9303
1648080000000,2022-03-24 00:00:00,SOLEUR,86.27,94.35,84.88,93.0,74208.44,6754785.1389
1648166400000,2022-03-25 00:00:00,SOLEUR,93.04,95.1,88.44,89.93,52462.66,4843282.3683
1648252800000,2022-03-26 00:00:00,SOLEUR,90.02,94.23,89.06,92.9,29218.57,2701849.2864
1648339200000,2022-03-27 00:00:00,SOLEUR,92.94,97.89,90.13,97.57,37761.08,3549049.2111
1648425600000,2022-03-28 00:00:00,SOLEUR,97.47,103.8,95.92,96.2,77961.63,7824489.6638
1648512000000,2022-03-29 00:00:00,SOLEUR,96.32,104.23,96.07,100.83,59145.62,5983881.3286
1648598400000,2022-03-30 00:00:00,SOLEUR,100.53,112.23,96.56,107.87,82587.71,8686263.6606
1648684800000,2022-03-31 00:00:00,SOLEUR,108.27,116.89,107.63,111.14,82701.16,9307720.8207
1648771200000,2022-04-01 00:00:00,SOLEUR,111.03,125.49,106.22,122.0,81906.32,9539505.3929
1648857600000,2022-04-02 00:00:00,SOLEUR,121.97,130.48,119.19,120.08,58614.66,7316568.196
1648944000000,2022-04-03 00:00:00,SOLEUR,120.03,127.93,118.37,123.91,33079.47,4107094.5139
1649030400000,2022-04-04 00:00:00,SOLEUR,124.13,125.48,114.83,120.48,52980.79,6353219.7046
1649116800000,2022-04-05 00:00:00,SOLEUR,120.48,124.63,115.73,116.4,42927.72,5175017.8848
1649203200000,2022-04-06 00:00:00,SOLEUR,116.43,117.14,103.06,103.77,76470.61,8458876.9638
1649289600000,2022-04-07 00:00:00,SOLEUR,103.68,110.28,101.88,109.02,50738.75,5388884.8207
1649376000000,2022-04-08 00:00:00,SOLEUR,109.14,112.8,99.62,101.27,54339.38,5822585.7542
1649462400000,2022-04-09 00:00:00,SOLEUR,101.14,104.73,99.8,103.9,23148.18,2356769.7659
1649548800000,2022-04-10 00:00:00,SOLEUR,104.08,106.93,101.13,102.21,27347.39,2842237.5178
1649635200000,2022-04-11 00:00:00,SOLEUR,102.11,102.77,90.23,91.61,56464.57,5433465.8411
1649721600000,2022-04-12 00:00:00,SOLEUR,91.65,100.58,90.57,95.4,75888.61,7266437.9678
1649808000000,2022-04-13 00:00:00,SOLEUR,95.45,97.72,92.61,96.24,58602.48,5609215.6034
1649894400000,2022-04-14 00:00:00,SOLEUR,96.39,98.82,91.48,93.2,50715.33,4819186.1246
1649980800000,2022-04-15 00:00:00,SOLEUR,93.23,95.3,92.18,94.08,27611.2,2593649.4762
1650067200000,2022-04-16 00:00:00,SOLEUR,94.13,95.91,93.36,94.63,22002.49,2078824.0225
1650153600000,2022-04-17 00:00:00,SOLEUR,94.62,97.71,92.33,92.8,28293.37,2702021.3596
1650240000000,2022-04-18 00:00:00,SOLEUR,92.78,95.48,87.89,95.22,63918.92,5851556.4383
1650326400000,2022-04-19 00:00:00,SOLEUR,95.24,100.99,93.89,100.74,67631.24,6583067.3513
1650412800000,2022-04-20 00:00:00,SOLEUR,100.67,102.46,96.3,97.43,70673.81,7022883.1207
1650499200000,2022-04-21 00:00:00,SOLEUR,97.42,101.11,92.3,94.13,69525.96,6805298.6582
1650585600000,2022-04-22 00:00:00,SOLEUR,94.11,95.62,92.09,93.33,50834.27,4777242.6291
1650672000000,2022-04-23 00:00:00,SOLEUR,93.32,95.47,91.33,93.31,32669.45,3071488.5237
1650758400000,2022-04-24 00:00:00,SOLEUR,93.4,94.92,91.52,91.9,35461.86,3304686.4096
1650844800000,2022-04-25 00:00:00,SOLEUR,91.89,95.21,88.05,94.31,79961.46,7291249.7931
1650931200000,2022-04-26 00:00:00,SOLEUR,94.33,95.16,89.05,90.11,57581.84,5324331.6217
1651017600000,2022-04-27 00:00:00,SOLEUR,90.06,95.56,89.26,93.21,64592.32,6008861.221
1651104000000,2022-04-28 00:00:00,SOLEUR,93.17,95.6,91.73,93.59,74478.11,6997209.9307
1651190400000,2022-04-29 00:00:00,SOLEUR,93.56,93.83,87.64,89.16,71277.01,6475407.6928
1651276800000,2022-04-30 00:00:00,SOLEUR,89.21,90.14,77.98,80.61,83555.48,7104455.1103
1651363200000,2022-05-01 00:00:00,SOLEUR,80.53,88.45,80.07,85.07,94274.03,7886575.9994
1651449600000,2022-05-02 00:00:00,SOLEUR,85.06,86.36,81.1,83.32,80089.93,6699718.2251
1651536000000,2022-05-03 00:00:00,SOLEUR,83.31,84.52,80.54,81.72,67647.42,5603885.468
1651622400000,2022-05-04 00:00:00,SOLEUR,81.78,87.73,81.33,87.42,71258.26,5969892.6024
1651708800000,2022-05-05 00:00:00,SOLEUR,87.42,89.64,77.51,80.27,99778.48,8284872.9894
1651795200000,2022-05-06 00:00:00,SOLEUR,80.3,80.55,75.68,77.53,88234.2,6865309.0502
1651881600000,2022-05-07 00:00:00,SOLEUR,77.53,78.22,73.28,74.89,58578.15,4490966.5527
1651968000000,2022-05-08 00:00:00,SOLEUR,74.84,75.32,70.0,71.64,68397.21,5001786.4763
1652054400000,2022-05-09 00:00:00,SOLEUR,71.81,73.43,58.57,58.91,197606.93,13001394.3948
1652140800000,2022-05-10 00:00:00,SOLEUR,58.89,70.2,57.05,63.6,177832.47,11449780.8579
1652227200000,2022-05-11 00:00:00,SOLEUR,63.52,64.96,41.0,48.16,390805.33,20950633.4167
1652313600000,2022-05-12 00:00:00,SOLEUR,48.19,51.41,32.0,42.83,400154.87,17028672.009
1652400000000,2022-05-13 00:00:00,SOLEUR,42.88,54.34,42.14,47.0,279596.69,13864963.8764
1652486400000,2022-05-14 00:00:00,SOLEUR,47.02,51.71,44.12,50.41,165369.3,7874966.9738
1652572800000,2022-05-15 00:00:00,SOLEUR,50.47,57.02,47.74,56.59,117589.85,6092184.7711
1652659200000,2022-05-16 00:00:00,SOLEUR,56.51,56.53,49.85,51.5,143318.52,7491701.1321
1652745600000,2022-05-17 00:00:00,SOLEUR,51.54,55.23,50.37,54.05,140931.06,7484929.3384
1652832000000,2022-05-18 00:00:00,SOLEUR,54.05,54.77,47.17,47.64,154292.43,7727726.1499
1652918400000,2022-05-19 00:00:00,SOLEUR,47.65,51.14,45.97,49.29,169121.42,8204710.653
1653004800000,2022-05-20 00:00:00,SOLEUR,49.24,50.68,45.3,46.83,154780.28,7451483.6702
1653091200000,2022-05-21 00:00:00,SOLEUR,46.88,48.5,45.9,47.62,71647.14,3385546.8902
1653177600000,2022-05-22 00:00:00,SOLEUR,47.61,50.26,47.03,49.69,90453.56,4411359.2032
1653264000000,2022-05-23 00:00:00,SOLEUR,49.62,51.29,45.51,45.96,162133.67,7987513.4573
1653350400000,2022-05-24 00:00:00,SOLEUR,46.0,47.35,43.92,46.29,100488.03,4618122.0112
1653436800000,2022-05-25 00:00:00,SOLEUR,46.28,47.14,44.61,44.87,63019.74,2871418.4848
1653523200000,2022-05-26 00:00:00,SOLEUR,44.91,45.48,39.0,40.46,160965.96,6717745.3768
1653609600000,2022-05-27 00:00:00,SOLEUR,40.45,40.9,37.13,38.31,177601.76,6904828.593
1653696000000,2022-05-28 00:00:00,SOLEUR,38.38,42.0,37.55,41.26,80151.05,3165869.5598
1653782400000,2022-05-29 00:00:00,SOLEUR,41.27,42.57,38.95,41.9,79997.97,3271889.4941
1653868800000,2022-05-30 00:00:00,SOLEUR,41.91,44.87,41.26,43.82,92023.69,3962969.2165
1653955200000,2022-05-31 00:00:00,SOLEUR,43.84,44.86,41.68,42.65,98494.27,4244880.4347
1654041600000,2022-06-01 00:00:00,SOLEUR,42.66,42.96,37.16,37.66,114013.49,4587949.0931
1654128000000,2022-06-02 00:00:00,SOLEUR,37.63,38.76,35.82,38.0,110584.44,4148136.9174
1654214400000,2022-06-03 00:00:00,SOLEUR,38.08,38.6,35.14,35.71,83111.5,3013105.8947
1654300800000,2022-06-04 00:00:00,SOLEUR,35.75,36.9,33.34,36.42,66971.48,2332947.9989
1654387200000,2022-06-05 00:00:00,SOLEUR,36.45,37.53,35.37,35.93,62538.01,2292477.0064
1654473600000,2022-06-06 00:00:00,SOLEUR,35.92,41.7,35.76,39.66,134197.96,5339253.4482
1654560000000,2022-06-07 00:00:00,SOLEUR,39.65,39.93,34.84,36.7,144615.65,5348631.4889
1654646400000,2022-06-08 00:00:00,SOLEUR,36.75,38.28,35.82,36.24,85715.51,3141785.5606
1654732800000,2022-06-09 00:00:00,SOLEUR,36.23,39.16,35.9,37.62,91103.42,3437985.4152
1654819200000,2022-06-10 00:00:00,SOLEUR,37.54,38.41,35.02,35.32,95491.06,3495123.7867
1654905600000,2022-06-11 00:00:00,SOLEUR,35.35,36.07,31.59,32.28,94457.31,3168354.86
1654992000000,2022-06-12 00:00:00,SOLEUR,32.33,32.87,29.13,29.19,118754.92,3687139.8301
1655078400000,2022-06-13 00:00:00,SOLEUR,29.14,29.63,24.83,27.47,319334.36,8529177.4421
1655164800000,2022-06-14 00:00:00,SOLEUR,27.51,30.83,24.87,28.35,310570.06,8729091.2504
1655251200000,2022-06-15 00:00:00,SOLEUR,28.37,33.35,25.54,33.21,372492.97,10567165.9487
1655337600000,2022-06-16 00:00:00,SOLEUR,33.2,34.45,28.06,28.6,254964.72,7811385.8951
1655424000000,2022-06-17 00:00:00,SOLEUR,28.58,30.62,27.8,29.29,140834.4,4174484.9859
1655510400000,2022-06-18 00:00:00,SOLEUR,29.23,30.65,25.96,30.62,231206.05,6523713.0269
1655596800000,2022-06-19 00:00:00,SOLEUR,30.65,33.86,27.5,32.67,228077.14,6971861.4461
1655683200000,2022-06-20 00:00:00,SOLEUR,32.64,35.07,30.14,33.5,225451.1,7384046.2393
1655769600000,2022-06-21 00:00:00,SOLEUR,33.49,37.07,32.47,34.58,212808.19,7499385.6924
1655856000000,2022-06-22 00:00:00,SOLEUR,34.55,34.9,32.0,32.24,160900.34,5348394.7574
1655942400000,2022-06-23 00:00:00,SOLEUR,32.3,36.69,32.11,36.24,160231.42,5587658.7775
1656028800000,2022-06-24 00:00:00,SOLEUR,36.26,40.66,35.81,39.71,161858.8,6157571.4514
1656115200000,2022-06-25 00:00:00,SOLEUR,39.72,40.44,37.73,40.06,104416.11,4091845.6939
1656201600000,2022-06-26 00:00:00,SOLEUR,40.05,40.3,36.99,37.29,92991.35,3604645.1164
1656288000000,2022-06-27 00:00:00,SOLEUR,37.26,38.98,35.79,36.4,90021.15,3359792.0656
1656374400000,2022-06-28 00:00:00,SOLEUR,36.38,37.89,33.32,33.55,115003.8,4081182.2075
1656460800000,2022-06-29 00:00:00,SOLEUR,33.51,34.33,31.67,32.52,118750.76,3919724.0531
1656547200000,2022-06-30 00:00:00,SOLEUR,32.58,32.68,29.68,32.21,133808.52,4108368.1103
1656633600000,2022-07-01 00:00:00,SOLEUR,32.26,33.77,30.45,31.46,146859.85,4689383.3155
1656720000000,2022-07-02 00:00:00,SOLEUR,31.48,32.77,30.59,32.0,62877.46,1984032.7003
1656806400000,2022-07-03 00:00:00,SOLEUR,32.02,32.31,30.87,32.0,57920.68,1832281.1139
1656892800000,2022-07-04 00:00:00,SOLEUR,32.01,35.37,31.14,35.14,109167.26,3631894.7823
1656979200000,2022-07-05 00:00:00,SOLEUR,35.19,35.4,32.22,34.46,139384.86,4744336.6809
1657065600000,2022-07-06 00:00:00,SOLEUR,34.46,36.9,33.87,36.33,143776.99,5080050.2159
1657152000000,2022-07-07 00:00:00,SOLEUR,36.33,38.65,35.68,37.78,114108.79,4239397.2402
1657238400000,2022-07-08 00:00:00,SOLEUR,37.8,38.95,35.96,37.47,130598.8,4872721.7267
1657324800000,2022-07-09 00:00:00,SOLEUR,37.4,38.23,37.12,37.38,41647.48,1570528.0763
1657411200000,2022-07-10 00:00:00,SOLEUR,37.41,37.45,35.5,36.09,59183.71,2151178.9556
1657497600000,2022-07-11 00:00:00,SOLEUR,36.11,36.11,33.1,33.26,68504.02,2384717.2312
1657584000000,2022-07-12 00:00:00,SOLEUR,33.25,34.35,32.48,32.51,79504.83,2670640.5393
1657670400000,2022-07-13 00:00:00,SOLEUR,32.63,34.94,31.84,34.83,139269.16,4612427.7098
1657756800000,2022-07-14 00:00:00,SOLEUR,34.81,37.19,33.52,37.01,111432.43,3909654.1013
1657843200000,2022-07-15 00:00:00,SOLEUR,36.99,38.76,36.47,37.06,97358.83,3656718.6856
1657929600000,2022-07-16 00:00:00,SOLEUR,37.06,40.06,36.09,39.22,81187.2,3103053.8947
1658016000000,2022-07-17 00:00:00,SOLEUR,39.24,40.71,37.95,38.22,70579.29,2774026.3016
1658102400000,2022-07-18 00:00:00,SOLEUR,38.22,43.44,38.16,42.84,109213.32,4479149.3307
1658188800000,2022-07-19 00:00:00,SOLEUR,42.9,46.24,42.0,43.91,149337.89,6596388.3784
1658275200000,2022-07-20 00:00:00,SOLEUR,43.87,45.27,40.65,41.27,132527.21,5749322.5592
1658361600000,2022-07-21 00:00:00,SOLEUR,41.26,43.16,38.8,42.19,121812.58,4994999.9463
1658448000000,2022-07-22 00:00:00,SOLEUR,42.21,43.69,39.26,39.77,102853.31,4269270.5038
1658534400000,2022-07-23 00:00:00,SOLEUR,39.75,41.09,37.88,39.19,83384.71,3283512.5649
1658620800000,2022-07-24 00:00:00,SOLEUR,39.18,41.21,38.68,40.18,68463.61,2739861.9615
1658707200000,2022-07-25 00:00:00,SOLEUR,40.15,40.39,35.82,35.89,103305.02,3909981.8779
1658793600000,2022-07-26 00:00:00,SOLEUR,35.89,36.03,34.3,35.81,83213.45,2923036.4829
1658880000000,2022-07-27 00:00:00,SOLEUR,35.83,39.71,35.21,39.44,111385.77,4163788.3082
1658966400000,2022-07-28 00:00:00,SOLEUR,39.45,43.34,38.25,42.12,134084.68,5444082.0154
1659052800000,2022-07-29 00:00:00,SOLEUR,42.18,43.35,40.47,40.97,105971.92,4422986.5491
1659139200000,2022-07-30 00:00:00,SOLEUR,41.03,45.68,40.56,42.96,127010.93,5466631.0614
1659225600000,2022-07-31 00:00:00,SOLEUR,42.91,44.25,41.39,41.56,83758.66,3590601.6783
1659312000000,2022-08-01 00:00:00,SOLEUR,41.53,42.3,39.67,40.7,74008.2,3038442.2053
1659398400000,2022-08-02 00:00:00,SOLEUR,40.64,41.61,38.91,39.17,79302.25,3174674.1328
1659484800000,2022-08-03 00:00:00,SOLEUR,39.18,40.32,36.91,38.03,224633.81,8677698.6649
1659571200000,2022-08-04 00:00:00,SOLEUR,38.0,39.13,37.19,38.01,107562.32,4107041.3978
1659657600000,2022-08-05 00:00:00,SOLEUR,38.0,40.43,37.93,39.87,96617.36,3801286.7925
1659744000000,2022-08-06 00:00:00,SOLEUR,39.84,40.18,39.15,39.33,36206.86,1439950.7906
1659830400000,2022-08-07 00:00:00,SOLEUR,39.36,40.89,38.55,39.96,49133.15,1948702.7273
1659916800000,2022-08-08 00:00:00,SOLEUR,39.94,42.88,39.91,41.44,76059.58,3174746.321
1660003200000,2022-08-09 00:00:00,SOLEUR,41.42,41.98,38.94,39.59,66323.59,2671148.3768
1660089600000,2022-08-10 00:00:00,SOLEUR,39.57,41.65,38.35,41.29,105010.28,4204828.7832
1660176000000,2022-08-11 00:00:00,SOLEUR,41.29,43.81,41.16,41.53,119213.16,5087317.6807
1660262400000,2022-08-12 00:00:00,SOLEUR,41.53,44.36,41.01,44.3,90223.9,3830018.4322
1660348800000,2022-08-13 00:00:00,SOLEUR,44.36,47.13,44.14,45.46,122750.16,5629784.3447
1660435200000,2022-08-14 00:00:00,SOLEUR,45.49,46.84,43.43,43.83,74189.53,3347637.3377
1660521600000,2022-08-15 00:00:00,SOLEUR,43.8,46.08,42.1,43.03,90463.49,3947297.8376
1660608000000,2022-08-16 00:00:00,SOLEUR,43.02,43.73,41.84,42.41,63875.17,2724560.4807
1660694400000,2022-08-17 00:00:00,SOLEUR,42.43,43.92,39.52,39.84,109428.06,4532124.3627
1660780800000,2022-08-18 00:00:00,SOLEUR,39.86,40.99,39.01,39.19,62783.82,2526725.9028
1660867200000,2022-08-19 00:00:00,SOLEUR,39.19,39.23,35.02,35.68,140111.01,5148705.7216
1660953600000,2022-08-20 00:00:00,SOLEUR,35.7,37.19,34.11,35.2,84398.64,3022208.5954
1661040000000,2022-08-21 00:00:00,SOLEUR,35.19,37.01,34.43,36.39,74899.3,2688627.0861
1661126400000,2022-08-22 00:00:00,SOLEUR,36.44,36.47,33.77,35.62,89523.22,3122537.427
1661212800000,2022-08-23 00:00:00,SOLEUR,35.63,36.15,34.54,35.76,59379.63,2111061.806
1661299200000,2022-08-24 00:00:00,SOLEUR,35.82,36.52,34.53,35.04,69837.13,2487493.897
1661385600000,2022-08-25 00:00:00,SOLEUR,35.03,36.55,35.02,35.39,58209.43,2086996.8168
1661472000000,2022-08-26 00:00:00,SOLEUR,35.37,35.69,31.56,31.91,116961.17,3977181.8628
1661558400000,2022-08-27 00:00:00,SOLEUR,31.9,32.46,31.06,31.71,59457.96,1886499.2552
1661644800000,2022-08-28 00:00:00,SOLEUR,31.71,32.4,30.43,30.68,45892.4,1453117.8191
1661731200000,2022-08-29 00:00:00,SOLEUR,30.68,32.65,30.25,32.43,78260.41,2449667.9255
1661817600000,2022-08-30 00:00:00,SOLEUR,32.43,33.09,30.61,31.39,75604.11,2419084.5916
1661904000000,2022-08-31 00:00:00,SOLEUR,31.44,32.93,31.08,31.42,76424.67,2453484.2755
1661990400000,2022-09-01 00:00:00,SOLEUR,31.4,31.94,30.65,31.71,72652.61,2265104.2374
1662076800000,2022-09-02 00:00:00,SOLEUR,31.72,32.34,30.95,31.44,56058.18,1777418.6166
1662163200000,2022-09-03 00:00:00,SOLEUR,31.41,31.44,30.99,31.28,16853.79,526432.4664
1662249600000,2022-09-04 00:00:00,SOLEUR,31.28,32.4,31.23,32.4,30799.66,981963.45
1662336000000,2022-09-05 00:00:00,SOLEUR,32.43,32.75,31.39,32.33,46999.83,1506574.6121
1662422400000,2022-09-06 00:00:00,SOLEUR,32.37,34.22,30.8,31.23,137497.13,4484092.4099
1662508800000,2022-09-07 00:00:00,SOLEUR,31.24,32.99,30.72,32.74,74219.54,2359856.3146
1662595200000,2022-09-08 00:00:00,SOLEUR,32.75,34.11,32.07,33.59,84647.41,2794574.0764
1662681600000,2022-09-09 00:00:00,SOLEUR,33.61,35.77,33.59,34.55,101803.2,3546466.411
1662768000000,2022-09-10 00:00:00,SOLEUR,34.47,35.19,34.03,34.84,55772.66,1924726.6298
1662854400000,2022-09-11 00:00:00,SOLEUR,34.84,35.84,33.84,34.72,63844.44,2220031.7343
1662940800000,2022-09-12 00:00:00,SOLEUR,34.74,37.95,34.16,37.0,134518.21,4894055.5097
1663027200000,2022-09-13 00:00:00,SOLEUR,36.98,38.47,33.05,33.11,137841.85,4979780.8366
1663113600000,2022-09-14 00:00:00,SOLEUR,33.1,34.45,32.8,34.18,63806.17,2136503.9553
1663200000000,2022-09-15 00:00:00,SOLEUR,34.18,35.11,32.46,33.16,92112.62,3094796.1023
1663286400000,2022-09-16 00:00:00,SOLEUR,33.17,33.28,31.52,32.24,64034.45,2083455.812
1663372800000,2022-09-17 00:00:00,SOLEUR,32.23,33.88,32.23,33.68,27340.21,902743.7526
1663459200000,2022-09-18 00:00:00,SOLEUR,33.68,33.98,30.87,31.07,70762.17,2300864.6836
1663545600000,2022-09-19 00:00:00,SOLEUR,31.06,33.05,30.58,32.56,106969.62,3378306.118
1663632000000,2022-09-20 00:00:00,SOLEUR,32.56,32.75,31.42,31.5,94128.49,3021030.9925
1663718400000,2022-09-21 00:00:00,SOLEUR,31.54,33.8,30.56,31.23,110310.31,3537593.508
1663804800000,2022-09-22 00:00:00,SOLEUR,31.22,33.37,31.19,32.91,81989.9,2656440.7742
1663891200000,2022-09-23 00:00:00,SOLEUR,32.94,35.04,32.13,34.72,81418.98,2694887.4395
1663977600000,2022-09-24 00:00:00,SOLEUR,34.72,35.85,34.16,34.42,89694.75,3137935.6703
1664064000000,2022-09-25 00:00:00,SOLEUR,34.42,35.13,32.92,33.38,44070.9,1509014.1195
1664150400000,2022-09-26 00:00:00,SOLEUR,33.38,35.3,33.09,35.22,71961.39,2453361.0593
1664236800000,2022-09-27 00:00:00,SOLEUR,35.24,36.72,33.5,34.06,121914.11,4294761.0627
1664323200000,2022-09-28 00:00:00,SOLEUR,34.08,34.73,33.15,34.22,84247.34,2866383.4827
1664409600000,2022-09-29 00:00:00,SOLEUR,34.24,35.3,33.56,34.53,80732.93,2789366.4657
1664496000000,2022-09-30 00:00:00,SOLEUR,34.53,35.93,33.32,33.93,98100.83,3419449.5884
1664582400000,2022-10-01 00:00:00,SOLEUR,33.93,33.93,33.03,33.13,34525.27,1157292.1037
1664668800000,2022-10-02 00:00:00,SOLEUR,33.11,33.74,32.57,32.77,51337.54,1703818.7633
1664755200000,2022-10-03 00:00:00,SOLEUR,32.76,33.92,32.46,33.45,41878.35,1397014.5429
1664841600000,2022-10-04 00:00:00,SOLEUR,33.49,34.59,33.44,34.18,59726.61,2036646.37
1664928000000,2022-10-05 00:00:00,SOLEUR,34.17,34.65,33.67,34.37,50411.07,1721388.138
1665014400000,2022-10-06 00:00:00,SOLEUR,34.35,34.79,33.92,34.08,64275.31,2215525.8031
1665100800000,2022-10-07 00:00:00,SOLEUR,34.07,34.42,33.34,33.89,44172.37,1495478.8001
1665187200000,2022-10-08 00:00:00,SOLEUR,33.87,33.97,33.23,33.49,15199.59,511696.9345
1665273600000,2022-10-09 00:00:00,SOLEUR,33.48,34.04,33.35,33.86,11116.43,375179.0328
1665360000000,2022-10-10 00:00:00,SOLEUR,33.84,34.35,32.86,32.92,20638.98,693010.5684
1665446400000,2022-10-11 00:00:00,SOLEUR,32.93,32.93,31.36,31.77,30186.47,974544.948
1665532800000,2022-10-12 00:00:00,SOLEUR,31.76,32.48,31.66,32.1,21006.43,674709.8595
1665619200000,2022-10-13 00:00:00,SOLEUR,32.1,32.15,28.94,31.25,107595.96,3245920.0236
1665705600000,2022-10-14 00:00:00,SOLEUR,31.19,32.69,30.5,30.9,35177.99,1120548.8472
1665792000000,2022-10-15 00:00:00,SOLEUR,30.88,31.08,30.32,30.46,17391.52,535728.6174
1665878400000,2022-10-16 00:00:00,SOLEUR,30.48,31.45,30.46,30.98,15045.07,465297.4225
1665964800000,2022-10-17 00:00:00,SOLEUR,30.99,31.87,30.63,31.75,20828.75,652844.7086
1666051200000,2022-10-18 00:00:00,SOLEUR,31.73,31.97,30.25,30.56,25696.18,796894.9393
1666137600000,2022-10-19 00:00:00,SOLEUR,30.57,30.76,29.3,29.58,27949.73,847311.302
1666224000000,2022-10-20 00:00:00,SOLEUR,29.55,30.05,28.62,28.66,38992.22,1148524.6569
1666310400000,2022-10-21 00:00:00,SOLEUR,28.64,28.89,27.65,28.53,50308.76,1421041.6122
1666396800000,2022-10-22 00:00:00,SOLEUR,28.55,28.62,27.88,28.42,22132.71,626306.0943
1666483200000,2022-10-23 00:00:00,SOLEUR,28.41,29.82,28.16,29.7,39923.3,1157421.1843
1666569600000,2022-10-24 00:00:00,SOLEUR,29.7,29.9,28.54,28.64,34960.94,1015984.8211
1666656000000,2022-10-25 00:00:00,SOLEUR,28.64,32.41,28.43,30.97,93914.63,2909081.1559
1666742400000,2022-10-26 00:00:00,SOLEUR,31.04,32.04,30.6,30.98,61764.53,1931318.0738
1666828800000,2022-10-27 00:00:00,SOLEUR,31.0,32.15,30.57,30.7,64435.49,2022683.0321
1666915200000,2022-10-28 00:00:00,SOLEUR,30.69,32.68,30.29,32.2,52594.54,1654903.3979
1667001600000,2022-10-29 00:00:00,SOLEUR,32.24,33.96,32.01,32.97,47405.75,1573511.0752
1667088000000,2022-10-30 00:00:00,SOLEUR,32.96,33.65,32.11,33.11,33245.66,1091429.8124
1667174400000,2022-10-31 00:00:00,SOLEUR,33.12,34.61,32.59,32.93,64709.89,2168861.9637
1667260800000,2022-11-01 00:00:00,SOLEUR,32.92,33.61,32.58,32.64,28586.56,943522.9905
1667347200000,2022-11-02 00:00:00,SOLEUR,32.65,33.1,30.81,31.4,78731.32,2519259.1668
1667433600000,2022-11-03 00:00:00,SOLEUR,31.4,32.83,31.22,31.68,39765.07,1279504.0998
1667520000000,2022-11-04 00:00:00,SOLEUR,31.64,34.4,31.43,33.93,63492.45,2118653.7783
1667606400000,2022-11-05 00:00:00,SOLEUR,33.91,38.98,33.85,37.09,167024.68,6156640.1239
1667692800000,2022-11-06 00:00:00,SOLEUR,37.1,37.27,32.61,32.95,83971.39,2963651.4461
1667779200000,2022-11-07 00:00:00,SOLEUR,32.92,33.38,28.19,29.6,162340.31,5084384.33
1667865600000,2022-11-08 00:00:00,SOLEUR,29.58,31.49,20.6,24.25,653419.01,17120110.9561
1667952000000,2022-11-09 00:00:00,SOLEUR,24.28,24.29,12.45,14.16,1147629.73,20148199.9545
1668038400000,2022-11-10 00:00:00,SOLEUR,14.08,18.6,13.18,17.42,1304123.73,20288994.7582
1668124800000,2022-11-11 00:00:00,SOLEUR,17.32,17.83,14.73,15.96,886394.65,14379274.6388
1668211200000,2022-11-12 00:00:00,SOLEUR,15.97,16.01,14.07,14.17,348534.22,5225429.9534
1668297600000,2022-11-13 00:00:00,SOLEUR,14.17,14.32,12.63,12.78,341170.52,4606179.4791
1668384000000,2022-11-14 00:00:00,SOLEUR,12.78,14.65,11.71,13.56,484947.72,6461570.8499
1668470400000,2022-11-15 00:00:00,SOLEUR,13.56,14.48,13.37,13.82,304086.48,4236059.3267
1668556800000,2022-11-16 00:00:00,SOLEUR,13.81,14.07,13.11,13.73,123328.76,1677702.008
1668643200000,2022-11-17 00:00:00,SOLEUR,13.74,13.94,12.54,13.16,193711.58,2551195.0714
1668729600000,2022-11-18 00:00:00,SOLEUR,13.17,13.38,12.57,12.85,87405.92,1133967.5276
1668816000000,2022-11-19 00:00:00,SOLEUR,12.85,12.85,12.17,12.42,79918.26,991549.6424
1668902400000,2022-11-20 00:00:00,SOLEUR,12.42,13.11,11.74,11.86,92746.33,1145014.4544
1668988800000,2022-11-21 00:00:00,SOLEUR,11.85,11.88,11.01,11.55,90747.73,1040987.2462
1669075200000,2022-11-22 00:00:00,SOLEUR,11.55,12.13,10.67,12.06,122077.05,1385226.0055
1669161600000,2022-11-23 00:00:00,SOLEUR,12.07,13.91,12.01,13.78,188684.56,2448894.8084
1669248000000,2022-11-24 00:00:00,SOLEUR,13.77,14.32,13.31,14.02,131943.02,1823549.3938
1669334400000,2022-11-25 00:00:00,SOLEUR,14.02,14.02,13.34,13.47,76706.64,1042803.6689
1669420800000,2022-11-26 00:00:00,SOLEUR,13.48,14.39,13.43,13.61,69174.21,959818.6402
1669507200000,2022-11-27 00:00:00,SOLEUR,13.62,13.9,13.52,13.62,55035.74,755787.2962
1669593600000,2022-11-28 00:00:00,SOLEUR,13.57,13.64,12.33,12.9,101446.92,1304329.2929
1669680000000,2022-11-29 00:00:00,SOLEUR,12.89,13.43,12.71,12.94,58001.53,757511.0945
1669766400000,2022-11-30 00:00:00,SOLEUR,12.94,13.76,12.83,13.57,60165.15,795252.3719
1669852800000,2022-12-01 00:00:00,SOLEUR,13.59,13.62,12.74,12.84,44843.65,585501.7558
1669939200000,2022-12-02 00:00:00,SOLEUR,12.84,13.13,12.68,13.02,39483.31,510659.6151
1670025600000,2022-12-03 00:00:00,SOLEUR,13.02,13.06,12.57,12.63,33483.65,429861.4801
1670112000000,2022-12-04 00:00:00,SOLEUR,12.63,13.06,12.61,13.01,21559.06,276329.7454
1670198400000,2022-12-05 00:00:00,SOLEUR,13.02,13.42,12.97,13.17,60503.3,799250.5811
1670284800000,2022-12-06 00:00:00,SOLEUR,13.17,13.7,13.16,13.66,37502.47,503305.8992
1670371200000,2022-12-07 00:00:00,SOLEUR,13.69,13.7,12.83,12.84,33035.6,430394.2857
1670457600000,2022-12-08 00:00:00,SOLEUR,12.85,13.05,12.65,12.97,31588.27,405909.4835
1670544000000,2022-12-09 00:00:00,SOLEUR,12.98,13.3,12.84,12.91,29151.08,380744.6419
1670630400000,2022-12-10 00:00:00,SOLEUR,12.91,13.03,12.86,12.88,14290.46,184949.0916
1670716800000,2022-12-11 00:00:00,SOLEUR,12.88,13.09,12.73,12.77,20661.53,267470.5897
1670803200000,2022-12-12 00:00:00,SOLEUR,12.76,12.82,12.2,12.63,40891.84,511112.2179
1670889600000,2022-12-13 00:00:00,SOLEUR,12.66,13.32,12.09,13.07,60726.04,777652.0225
1670976000000,2022-12-14 00:00:00,SOLEUR,13.07,14.04,13.0,13.22,80774.57,1090136.2527
1671062400000,2022-12-15 00:00:00,SOLEUR,13.22,13.62,13.02,13.19,37004.8,489747.7104
1671148800000,2022-12-16 00:00:00,SOLEUR,13.19,13.29,11.34,11.57,84998.37,1045743.8882
1671235200000,2022-12-17 00:00:00,SOLEUR,11.56,11.88,11.28,11.83,44001.25,511415.9348
1671321600000,2022-12-18 00:00:00,SOLEUR,11.83,11.91,11.59,11.68,17774.73,208650.5809
1671408000000,2022-12-19 00:00:00,SOLEUR,11.71,11.87,11.01,11.25,40523.87,461531.256
1671494400000,2022-12-20 00:00:00,SOLEUR,11.25,11.74,11.16,11.55,69150.76,800287.0542
1671580800000,2022-12-21 00:00:00,SOLEUR,11.55,11.57,11.22,11.44,32295.32,367239.9758
1671667200000,2022-12-22 00:00:00,SOLEUR,11.44,11.47,11.02,11.14,40996.77,461088.6723
1671753600000,2022-12-23 00:00:00,SOLEUR,11.14,11.4,11.04,11.1,34962.48,391377.2016
1671840000000,2022-12-24 00:00:00,SOLEUR,11.1,11.11,10.45,10.77,48596.91,521102.0085
1671926400000,2022-12-25 00:00:00,SOLEUR,10.77,10.86,10.57,10.72,20432.62,218852.999
1672012800000,2022-12-26 00:00:00,SOLEUR,10.73,10.81,10.39,10.62,25476.44,269424.9355
1672099200000,2022-12-27 00:00:00,SOLEUR,10.65,10.7,10.08,10.43,56855.67,587300.1477
1672185600000,2022-12-28 00:00:00,SOLEUR,10.43,10.45,8.84,9.16,147972.37,1391395.4318
1672272000000,2022-12-29 00:00:00,SOLEUR,9.17,10.17,7.48,9.04,275618.55,2380858.8917
1672358400000,2022-12-30 00:00:00,SOLEUR,9.04,9.63,8.44,9.24,231475.8,2085722.3278
1672444800000,2022-12-31 00:00:00,SOLEUR,9.25,9.51,9.03,9.28,73986.08,687596.9273
1672531200000,2023-01-01 00:00:00,SOLEUR,9.3,9.38,9.04,9.3,35659.02,329312.1459
1672617600000,2023-01-02 00:00:00,SOLEUR,9.29,12.25,9.15,10.55,149912.59,1557691.0787
1672704000000,2023-01-03 00:00:00,SOLEUR,10.53,13.15,10.31,12.67,209402.34,2489130.2798
1672790400000,2023-01-04 00:00:00,SOLEUR,12.67,13.41,12.12,12.67,209856.81,2693130.6251
1672876800000,2023-01-05 00:00:00,SOLEUR,12.64,13.2,12.18,12.75,112375.05,1423687.8347
1672963200000,2023-01-06 00:00:00,SOLEUR,12.74,12.88,12.09,12.69,109612.39,1363787.2839
1673049600000,2023-01-07 00:00:00,SOLEUR,12.69,12.69,12.24,12.29,40116.15,498516.7733
1673136000000,2023-01-08 00:00:00,SOLEUR,12.3,13.95,12.08,13.56,148271.98,1898179.8587
1673222400000,2023-01-09 00:00:00,SOLEUR,13.55,16.28,13.4,15.15,357812.02,5431660.4117
1673308800000,2023-01-10 00:00:00,SOLEUR,15.15,15.58,14.55,15.1,119070.2,1798109.9887
1673395200000,2023-01-11 00:00:00,SOLEUR,15.07,15.42,14.23,15.19,101180.77,1498329.498
1673481600000,2023-01-12 00:00:00,SOLEUR,15.21,15.77,14.51,15.28,117772.53,1779645.4793
1673568000000,2023-01-13 00:00:00,SOLEUR,15.28,17.2,15.04,16.9,161975.35,2597437.9525
1673654400000,2023-01-14 00:00:00,SOLEUR,16.9,22.9,16.82,22.34,543571.76,11208877.1407
1673740800000,2023-01-15 00:00:00,SOLEUR,22.36,23.08,20.28,21.15,192286.31,4120640.2155
1673827200000,2023-01-16 00:00:00,SOLEUR,21.12,23.08,20.61,21.77,222753.71,4839123.7548
1673913600000,2023-01-17 00:00:00,SOLEUR,21.78,22.12,21.06,21.2,107644.08,2327669.1428
1674000000000,2023-01-18 00:00:00,SOLEUR,21.16,21.75,18.82,19.28,181583.66,3698228.6392
1674086400000,2023-01-19 00:00:00,SOLEUR,19.36,20.18,18.89,19.78,98343.1,1929509.2542
1674172800000,2023-01-20 00:00:00,SOLEUR,19.77,23.78,19.34,23.53,189421.37,4117634.9425
1674259200000,2023-01-21 00:00:00,SOLEUR,23.51,24.44,22.43,22.62,262886.89,6126841.0183
1674345600000,2023-01-22 00:00:00,SOLEUR,22.6,23.45,21.65,22.31,104546.05,2375363.2573
1674432000000,2023-01-23 00:00:00,SOLEUR,22.27,22.87,21.87,22.39,106473.8,2388997.433
1674518400000,2023-01-24 00:00:00,SOLEUR,22.4,23.19,20.51,20.93,128770.05,2855189.7856
1674604800000,2023-01-25 00:00:00,SOLEUR,20.94,23.29,20.44,22.46,189524.72,4146271.0093
1674691200000,2023-01-26 00:00:00,SOLEUR,22.47,23.11,21.88,22.36,161873.43,3643212.6574
1674777600000,2023-01-27 00:00:00,SOLEUR,22.38,22.96,21.43,22.5,118812.94,2629782.9534
1674864000000,2023-01-28 00:00:00,SOLEUR,22.49,23.21,21.85,22.1,72464.54,1618367.845
1674950400000,2023-01-29 00:00:00,SOLEUR,22.09,24.64,21.85,23.99,257001.28,6051581.0245
1675036800000,2023-01-30 00:00:00,SOLEUR,23.99,24.19,21.23,22.11,210465.83,4750866.1891
1675123200000,2023-01-31 00:00:00,SOLEUR,22.1,22.52,21.72,22.06,95327.07,2108998.395
1675209600000,2023-02-01 00:00:00,SOLEUR,22.03,22.9,20.64,22.69,137354.5,2999068.3358
1675296000000,2023-02-02 00:00:00,SOLEUR,22.74,23.95,22.08,22.31,139404.9,3207955.412
1675382400000,2023-02-03 00:00:00,SOLEUR,22.33,23.1,22.07,22.84,69038.31,1560253.881
1675468800000,2023-02-04 00:00:00,SOLEUR,22.88,23.09,22.41,22.55,38525.76,878078.5048
1675555200000,2023-02-05 00:00:00,SOLEUR,22.47,22.65,21.36,21.77,84377.21,1851278.0337
1675641600000,2023-02-06 00:00:00,SOLEUR,21.76,22.01,21.0,21.15,70321.64,1514776.4565
1675728000000,2023-02-07 00:00:00,SOLEUR,21.13,22.33,21.02,22.22,96611.22,2102505.5439
1675814400000,2023-02-08 00:00:00,SOLEUR,22.25,22.57,21.29,21.66,54654.58,1196784.106
1675900800000,2023-02-09 00:00:00,SOLEUR,21.68,21.78,18.64,19.07,163262.05,3333738.491
1675987200000,2023-02-10 00:00:00,SOLEUR,19.06,19.73,18.45,18.85,93364.24,1803355.1909
1676073600000,2023-02-11 00:00:00,SOLEUR,18.85,19.58,18.85,19.47,41129.17,788555.0202
1676160000000,2023-02-12 00:00:00,SOLEUR,19.48,21.15,18.9,20.14,126978.81,2559065.3152
1676246400000,2023-02-13 00:00:00,SOLEUR,20.11,20.24,18.44,19.36,155276.61,2981835.4508
1676332800000,2023-02-14 00:00:00,SOLEUR,19.39,20.82,19.28,20.35,164183.71,3292926.0066
1676419200000,2023-02-15 00:00:00,SOLEUR,20.35,22.4,20.03,22.31,146247.81,3111975.0754
1676505600000,2023-02-16 00:00:00,SOLEUR,22.32,22.61,20.83,20.88,163936.26,3602029.8089
1676592000000,2023-02-17 00:00:00,SOLEUR,20.85,22.05,20.63,21.68,93701.68,2012325.9079
1676678400000,2023-02-18 00:00:00,SOLEUR,21.67,22.38,21.45,21.96,64779.82,1420357.4986
1676764800000,2023-02-19 00:00:00,SOLEUR,21.96,23.99,21.73,23.31,160897.34,3696513.389
1676851200000,2023-02-20 00:00:00,SOLEUR,23.32,25.36,22.63,24.6,199846.58,4887274.396
1676937600000,2023-02-21 00:00:00,SOLEUR,24.6,24.92,23.09,23.45,134143.81,3195743.5037
1677024000000,2023-02-22 00:00:00,SOLEUR,23.48,23.67,21.86,22.81,131356.01,2942731.4926
1677110400000,2023-02-23 00:00:00,SOLEUR,22.82,23.23,22.29,22.57,96334.57,2196909.9006
1677196800000,2023-02-24 00:00:00,SOLEUR,22.59,22.75,21.36,21.93,96164.99,2127659.2881
1677283200000,2023-02-25 00:00:00,SOLEUR,21.91,22.14,20.35,21.25,106347.38,2261206.4928
1677369600000,2023-02-26 00:00:00,SOLEUR,21.25,22.33,21.11,22.08,103286.35,2248051.4786
1677456000000,2023-02-27 00:00:00,SOLEUR,22.08,22.15,21.19,21.49,84652.83,1831824.4698
1677542400000,2023-02-28 00:00:00,SOLEUR,21.52,21.57,20.81,20.91,59653.32,1264676.2821
1677628800000,2023-03-01 00:00:00,SOLEUR,20.93,21.68,20.7,21.26,44348.19,944600.4131
1677715200000,2023-03-02 00:00:00,SOLEUR,21.24,21.34,20.58,20.82,40276.06,838963.5513
1677801600000,2023-03-03 00:00:00,SOLEUR,20.85,20.85,19.45,20.34,71777.87,1440146.0662
1677888000000,2023-03-04 00:00:00,SOLEUR,20.33,20.51,19.19,19.92,62082.98,1230525.803
1677974400000,2023-03-05 00:00:00,SOLEUR,19.92,20.58,19.76,19.87,70357.56,1415642.6448
1678060800000,2023-03-06 00:00:00,SOLEUR,19.84,19.95,19.27,19.37,60644.63,1190526.6358
1678147200000,2023-03-07 00:00:00,SOLEUR,19.37,19.67,18.74,19.23,77101.86,1479593.2181
1678233600000,2023-03-08 00:00:00,SOLEUR,19.25,19.37,17.22,17.5,137934.1,2489319.2986
1678320000000,2023-03-09 00:00:00,SOLEUR,17.51,17.83,15.86,16.5,167684.7,2842025.0709
1678406400000,2023-03-10 00:00:00,SOLEUR,16.49,17.37,15.22,17.16,214858.36,3525843.728
1678492800000,2023-03-11 00:00:00,SOLEUR,17.14,17.89,15.9,16.84,196812.83,3287005.5255
1678579200000,2023-03-12 00:00:00,SOLEUR,16.83,19.27,16.56,18.98,172187.68,3009220.9137
1678665600000,2023-03-13 00:00:00,SOLEUR,18.97,20.15,17.63,18.97,265916.5,5010899.0184
1678752000000,2023-03-14 00:00:00,SOLEUR,18.97,21.0,18.38,19.44,308262.63,6049369.7583
1678838400000,2023-03-15 00:00:00,SOLEUR,19.44,19.99,17.77,18.25,212121.8,4012126.7112
1678924800000,2023-03-16 00:00:00,SOLEUR,18.24,18.83,17.87,18.65,115069.52,2126752.3933
1679011200000,2023-03-17 00:00:00,SOLEUR,18.62,20.4,18.37,20.35,162519.38,3139642.95
1679097600000,2023-03-18 00:00:00,SOLEUR,20.32,21.61,19.83,19.98,224034.32,4657980.2958
1679184000000,2023-03-19 00:00:00,SOLEUR,19.99,21.16,19.97,20.65,146116.43,3014152.6698
1679270400000,2023-03-20 00:00:00,SOLEUR,20.69,22.46,20.17,20.82,249304.64,5361877.3828
1679356800000,2023-03-21 00:00:00,SOLEUR,20.81,21.81,20.22,21.15,176320.3,3715428.4195
1679443200000,2023-03-22 00:00:00,SOLEUR,21.09,21.56,19.44,19.91,245335.45,5049530.194
1679529600000,2023-03-23 00:00:00,SOLEUR,19.91,21.06,19.54,20.58,164831.94,3359053.4023
1679616000000,2023-03-24 00:00:00,SOLEUR,20.58,20.67,18.97,19.37,113937.09,2237290.7046
1679702400000,2023-03-25 00:00:00,SOLEUR,19.36,19.63,18.83,19.13,82910.04,1594332.5805
1679788800000,2023-03-26 00:00:00,SOLEUR,19.11,19.76,19.01,19.55,90792.79,1768571.0857
1679875200000,2023-03-27 00:00:00,SOLEUR,19.53,19.56,18.05,18.54,156570.57,2928183.8052
1679961600000,2023-03-28 00:00:00,SOLEUR,18.54,19.29,18.18,18.88,109858.87,2053830.065
1680048000000,2023-03-29 00:00:00,SOLEUR,18.91,19.95,18.88,19.5,90069.51,1760210.6276
1680134400000,2023-03-30 00:00:00,SOLEUR,19.5,20.0,18.57,18.92,108973.09,2080005.8389
1680220800000,2023-03-31 00:00:00,SOLEUR,18.92,19.86,18.48,19.57,88404.07,1686922.8434
1680307200000,2023-04-01 00:00:00,SOLEUR,19.62,19.7,19.2,19.5,59773.31,1163215.7526
1680393600000,2023-04-02 00:00:00,SOLEUR,19.51,19.71,18.77,19.09,70978.09,1361138.3571
1680480000000,2023-04-03 00:00:00,SOLEUR,19.07,19.32,18.51,18.88,126351.62,2380999.5351
1680566400000,2023-04-04 00:00:00,SOLEUR,18.88,19.54,18.7,19.15,82750.63,1585735.1578
1680652800000,2023-04-05 00:00:00,SOLEUR,19.15,19.6,18.92,19.28,78909.74,1521572.3916
1680739200000,2023-04-06 00:00:00,SOLEUR,19.31,19.31,18.83,18.98,65127.46,1239378.8236
1680825600000,2023-04-07 00:00:00,SOLEUR,18.97,19.11,18.62,18.83,35000.83,657980.8773
1680912000000,2023-04-08 00:00:00,SOLEUR,18.82,19.05,18.24,18.43,42658.33,798168.7339
1680998400000,2023-04-09 00:00:00,SOLEUR,18.41,18.78,18.28,18.65,31048.26,575900.1834
1681084800000,2023-04-10 00:00:00,SOLEUR,18.65,19.28,18.51,19.24,62153.43,1173841.7309
1681171200000,2023-04-11 00:00:00,SOLEUR,19.24,21.8,19.15,21.13,225258.73,4697279.4389
1681257600000,2023-04-12 00:00:00,SOLEUR,21.15,22.44,20.53,21.74,196632.89,4266043.6498
1681344000000,2023-04-13 00:00:00,SOLEUR,21.78,23.04,21.61,22.21,119508.4,2664648.5142
1681430400000,2023-04-14 00:00:00,SOLEUR,22.22,23.14,21.76,22.55,152176.83,3425516.3943
1681516800000,2023-04-15 00:00:00,SOLEUR,22.55,22.61,21.76,21.98,69104.59,1529451.7978
1681603200000,2023-04-16 00:00:00,SOLEUR,21.97,23.25,21.77,23.19,118620.42,2676658.3814
1681689600000,2023-04-17 00:00:00,SOLEUR,23.2,23.77,21.11,22.54,199231.99,4562595.1518
1681776000000,2023-04-18 00:00:00,SOLEUR,22.55,23.26,22.03,22.68,100485.75,2292946.2779
1681862400000,2023-04-19 00:00:00,SOLEUR,22.67,22.83,20.1,20.8,183443.48,3903301.7313
1681948800000,2023-04-20 00:00:00,SOLEUR,20.79,21.19,19.79,20.29,110999.78,2274232.4118
1682035200000,2023-04-21 00:00:00,SOLEUR,20.3,20.52,19.2,19.43,103416.7,2063288.1434
1682121600000,2023-04-22 00:00:00,SOLEUR,19.41,20.07,19.21,19.88,74148.66,1461331.7165
1682208000000,2023-04-23 00:00:00,SOLEUR,19.88,20.29,19.11,19.58,77547.39,1530552.8249
1682294400000,2023-04-24 00:00:00,SOLEUR,19.59,20.1,19.11,19.42,70710.48,1385654.3824
1682380800000,2023-04-25 00:00:00,SOLEUR,19.42,20.05,18.86,20.03,94931.22,1829932.3228
1682467200000,2023-04-26 00:00:00,SOLEUR,20.05,20.83,18.52,19.34,158224.1,3143942.839
1682553600000,2023-04-27 00:00:00,SOLEUR,19.31,20.46,19.24,20.28,112864.97,2249157.6638
1682640000000,2023-04-28 00:00:00,SOLEUR,20.3,21.37,20.13,21.24,102122.59,2119969.7232
1682726400000,2023-04-29 00:00:00,SOLEUR,21.23,21.7,20.78,21.03,72568.83,1535934.3181
1682812800000,2023-04-30 00:00:00,SOLEUR,21.03,21.76,20.66,20.7,64443.69,1366618.7911
1682899200000,2023-05-01 00:00:00,SOLEUR,20.7,20.84,19.72,20.1,71567.43,1441207.9409
1682985600000,2023-05-02 00:00:00,SOLEUR,20.08,20.4,19.85,20.28,53000.14,1068124.7551
1683072000000,2023-05-03 00:00:00,SOLEUR,20.29,20.29,19.31,20.14,79908.76,1572945.0413
1683158400000,2023-05-04 00:00:00,SOLEUR,20.15,20.33,19.67,19.78,42189.95,845399.2993
1683244800000,2023-05-05 00:00:00,SOLEUR,19.77,21.0,19.68,20.68,61603.52,1255373.295
1683331200000,2023-05-06 00:00:00,SOLEUR,20.7,21.08,19.56,19.86,59378.05,1197745.4856
1683417600000,2023-05-07 00:00:00,SOLEUR,19.85,20.69,19.67,19.73,57483.4,1161836.4207
1683504000000,2023-05-08 00:00:00,SOLEUR,19.7,19.86,18.23,18.85,98527.98,1881246.6828
1683590400000,2023-05-09 00:00:00,SOLEUR,18.83,19.26,18.62,18.9,53754.41,1016217.1427
1683676800000,2023-05-10 00:00:00,SOLEUR,18.91,19.48,18.17,19.14,89953.01,1712999.775
1683763200000,2023-05-11 00:00:00,SOLEUR,19.14,19.15,18.13,18.56,73472.91,1370974.6535
1683849600000,2023-05-12 00:00:00,SOLEUR,18.54,19.32,18.18,19.31,84109.9,1576723.593
1683936000000,2023-05-13 00:00:00,SOLEUR,19.32,19.68,19.21,19.3,47836.76,930360.8793
1684022400000,2023-05-14 00:00:00,SOLEUR,19.31,19.69,19.1,19.37,36424.24,707329.4982
1684108800000,2023-05-15 00:00:00,SOLEUR,19.36,19.85,19.07,19.37,49216.16,964739.1672
1684195200000,2023-05-16 00:00:00,SOLEUR,19.36,19.49,18.86,19.07,32378.26,620140.4872
1684281600000,2023-05-17 00:00:00,SOLEUR,19.04,19.6,18.93,19.46,34886.28,670488.924
1684368000000,2023-05-18 00:00:00,SOLEUR,19.48,19.48,18.71,18.94,35374.4,675306.1307
1684454400000,2023-05-19 00:00:00,SOLEUR,18.92,19.07,18.75,18.88,28959.61,548512.6771
1684540800000,2023-05-20 00:00:00,SOLEUR,18.89,18.9,18.63,18.8,22565.77,423635.1699
1684627200000,2023-05-21 00:00:00,SOLEUR,18.81,18.91,17.92,18.17,44602.66,823899.381
1684713600000,2023-05-22 00:00:00,SOLEUR,18.17,18.55,17.86,18.1,41542.73,757850.1778
1684800000000,2023-05-23 00:00:00,SOLEUR,18.07,18.72,18.0,18.61,55091.82,1018043.7285
1684886400000,2023-05-24 00:00:00,SOLEUR,18.61,18.64,17.42,17.92,65312.02,1174567.3231
1684972800000,2023-05-25 00:00:00,SOLEUR,17.93,18.27,17.54,17.98,51610.64,931202.851
1685059200000,2023-05-26 00:00:00,SOLEUR,17.98,18.29,17.82,18.09,42836.58,773879.1172
1685145600000,2023-05-27 00:00:00,SOLEUR,18.11,19.17,18.09,19.09,50645.6,936594.9995
1685232000000,2023-05-28 00:00:00,SOLEUR,19.09,19.75,18.97,19.39,60004.02,1159041.3309
1685318400000,2023-05-29 00:00:00,SOLEUR,19.41,19.56,18.94,19.25,49540.11,952507.1952
1685404800000,2023-05-30 00:00:00,SOLEUR,19.26,20.0,19.14,19.85,61029.31,1201503.3041
1685491200000,2023-05-31 00:00:00,SOLEUR,19.82,19.91,19.14,19.52,36842.16,715949.2384
1685577600000,2023-06-01 00:00:00,SOLEUR,19.53,19.67,19.05,19.11,27132.7,524546.9013
1685664000000,2023-06-02 00:00:00,SOLEUR,19.1,19.99,18.94,19.9,38840.46,763336.2359
1685750400000,2023-06-03 00:00:00,SOLEUR,19.9,19.96,19.61,19.83,17630.18,348920.2212
1685836800000,2023-06-04 00:00:00,SOLEUR,19.83,20.87,19.69,20.45,46733.36,957109.9698
1685923200000,2023-06-05 00:00:00,SOLEUR,20.43,20.66,18.01,18.78,92473.04,1773847.5261
1686009600000,2023-06-06 00:00:00,SOLEUR,18.76,19.49,18.05,19.12,84714.17,1593277.8716
1686096000000,2023-06-07 00:00:00,SOLEUR,19.08,19.25,17.36,17.44,76440.89,1384226.7859
1686182400000,2023-06-08 00:00:00,SOLEUR,17.46,17.77,17.1,17.58,55673.01,974361.468
1686268800000,2023-06-09 00:00:00,SOLEUR,17.56,18.0,15.97,16.23,107045.74,1817512.3839
1686355200000,2023-06-10 00:00:00,SOLEUR,16.23,16.24,12.05,14.75,330008.94,4637278.1511
1686441600000,2023-06-11 00:00:00,SOLEUR,14.78,15.16,14.21,14.6,98612.02,1445861.2545
1686528000000,2023-06-12 00:00:00,SOLEUR,14.58,14.66,13.77,14.16,92536.73,1314844.7163
1686614400000,2023-06-13 00:00:00,SOLEUR,14.15,14.89,13.74,13.99,81401.92,1158879.6304
1686700800000,2023-06-14 00:00:00,SOLEUR,14.01,14.24,13.05,13.48,78283.0,1081953.8076
1686787200000,2023-06-15 00:00:00,SOLEUR,13.46,14.01,12.99,13.54,79866.01,1080772.9411
1686873600000,2023-06-16 00:00:00,SOLEUR,13.56,14.18,13.19,14.06,59696.9,817905.2902
1686960000000,2023-06-17 00:00:00,SOLEUR,14.04,14.77,13.91,14.34,41688.88,602256.0667
1687046400000,2023-06-18 00:00:00,SOLEUR,14.33,14.53,14.03,14.16,36871.72,527301.2535
1687132800000,2023-06-19 00:00:00,SOLEUR,14.15,14.82,14.08,14.8,33004.92,475003.8542
1687219200000,2023-06-20 00:00:00,SOLEUR,14.78,15.31,14.5,15.25,50677.2,751763.7663
1687305600000,2023-06-21 00:00:00,SOLEUR,15.27,15.87,15.14,15.74,75313.76,1166218.0081
1687392000000,2023-06-22 00:00:00,SOLEUR,15.72,16.16,15.18,15.23,54313.04,848738.0261
1687478400000,2023-06-23 00:00:00,SOLEUR,15.2,16.16,14.91,15.79,69120.03,1072202.7489
1687564800000,2023-06-24 00:00:00,SOLEUR,15.8,16.13,15.08,15.34,49399.25,771628.718
1687651200000,2023-06-25 00:00:00,SOLEUR,15.32,16.0,15.28,15.6,48059.84,755167.3069
1687737600000,2023-06-26 00:00:00,SOLEUR,15.6,15.72,14.65,14.96,52059.64,794615.0262
1687824000000,2023-06-27 00:00:00,SOLEUR,14.95,15.49,14.83,15.21,37939.63,577795.538
1687910400000,2023-06-28 00:00:00,SOLEUR,15.23,15.23,14.38,14.67,65037.25,963372.1702
1687996800000,2023-06-29 00:00:00,SOLEUR,14.7,16.73,14.6,16.6,154077.36,2475413.3672
1688083200000,2023-06-30 00:00:00,SOLEUR,16.6,18.35,15.63,17.28,234356.67,4035134.2866
1688169600000,2023-07-01 00:00:00,SOLEUR,17.28,17.41,16.42,17.17,68188.38,1149831.1881
1688256000000,2023-07-02 00:00:00,SOLEUR,17.17,18.09,17.03,17.85,114363.23,2009867.211
1688342400000,2023-07-03 00:00:00,SOLEUR,17.86,18.01,17.34,17.69,68319.75,1207678.8253
1688428800000,2023-07-04 00:00:00,SOLEUR,17.69,18.35,17.52,17.63,66540.29,1191894.0055
1688515200000,2023-07-05 00:00:00,SOLEUR,17.63,17.87,16.92,17.53,59168.15,1029227.4842
1688601600000,2023-07-06 00:00:00,SOLEUR,17.51,19.32,17.42,18.05,170133.9,3136739.1735
1688688000000,2023-07-07 00:00:00,SOLEUR,18.05,19.99,17.8,19.67,179980.97,3409919.0463
1688774400000,2023-07-08 00:00:00,SOLEUR,19.69,20.54,19.51,19.98,113474.69,2270967.3644
1688860800000,2023-07-09 00:00:00,SOLEUR,20.01,20.45,19.24,19.55,54366.35,1073125.8881
1688947200000,2023-07-10 00:00:00,SOLEUR,19.53,19.88,18.75,19.41,70572.08,1359461.0215
1689033600000,2023-07-11 00:00:00,SOLEUR,19.42,20.4,19.31,20.12,64353.87,1287386.3375
1689120000000,2023-07-12 00:00:00,SOLEUR,20.08,20.69,19.61,19.77,60464.28,1217035.0115
1689206400000,2023-07-13 00:00:00,SOLEUR,19.77,23.94,19.3,23.21,179697.24,3960252.7448
1689292800000,2023-07-14 00:00:00,SOLEUR,23.24,28.66,22.58,23.84,236701.16,5921114.8558
1689379200000,2023-07-15 00:00:00,SOLEUR,23.84,26.02,23.67,24.58,123441.1,3089413.3131
1689465600000,2023-07-16 00:00:00,SOLEUR,24.59,25.65,23.75,24.53,65969.25,1641283.481
1689552000000,2023-07-17 00:00:00,SOLEUR,24.52,25.44,22.82,23.94,91678.82,2211524.3751
1689638400000,2023-07-18 00:00:00,SOLEUR,23.98,24.2,22.09,22.84,74749.4,1708110.472
1689724800000,2023-07-19 00:00:00,SOLEUR,22.83,24.15,22.66,23.56,66333.45,1564791.5494
1689811200000,2023-07-20 00:00:00,SOLEUR,23.57,24.5,22.58,22.87,58254.69,1373422.7995
1689897600000,2023-07-21 00:00:00,SOLEUR,22.87,23.42,22.62,23.02,53281.86,1223522.5978
1689984000000,2023-07-22 00:00:00,SOLEUR,23.02,23.64,21.73,22.13,35026.16,800316.1622
1690070400000,2023-07-23 00:00:00,SOLEUR,22.11,22.8,21.8,22.34,28467.74,636120.153
1690156800000,2023-07-24 00:00:00,SOLEUR,22.36,22.38,20.75,21.21,47960.34,1026127.2765
1690243200000,2023-07-25 00:00:00,SOLEUR,21.18,21.45,20.7,21.13,38235.13,807318.4384
1690329600000,2023-07-26 00:00:00,SOLEUR,21.14,23.22,21.07,22.81,67197.64,1502671.8331
1690416000000,2023-07-27 00:00:00,SOLEUR,22.82,23.42,22.26,22.95,52993.29,1210068.8463
1690502400000,2023-07-28 00:00:00,SOLEUR,22.93,23.22,22.46,22.61,28266.23,642995.7118
1690588800000,2023-07-29 00:00:00,SOLEUR,22.61,23.16,22.56,22.97,22371.04,512946.1539
1690675200000,2023-07-30 00:00:00,SOLEUR,22.97,22.99,21.52,22.11,29038.13,649761.5087
1690761600000,2023-07-31 00:00:00,SOLEUR,22.07,22.58,21.5,21.62,28775.23,635095.8456
1690848000000,2023-08-01 00:00:00,SOLEUR,21.61,21.91,20.92,21.9,41263.24,883787.3386
1690934400000,2023-08-02 00:00:00,SOLEUR,21.9,22.15,20.96,21.21,28457.17,610079.7509
1691020800000,2023-08-03 00:00:00,SOLEUR,21.2,21.41,20.6,20.73,39348.65,824724.8123
1691107200000,2023-08-04 00:00:00,SOLEUR,20.76,21.53,20.6,21.01,44918.95,952984.2329
1691193600000,2023-08-05 00:00:00,SOLEUR,21.0,21.16,20.5,20.88,17880.47,373389.4449
1691280000000,2023-08-06 00:00:00,SOLEUR,20.9,21.6,20.82,21.4,24358.44,519932.5737
1691366400000,2023-08-07 00:00:00,SOLEUR,21.4,21.8,20.66,21.39,38360.74,813157.3636
1691452800000,2023-08-08 00:00:00,SOLEUR,21.4,23.04,21.32,22.51,67901.37,1498836.4294
1691539200000,2023-08-09 00:00:00,SOLEUR,22.52,23.14,22.4,22.68,36401.1,828416.6358
1691625600000,2023-08-10 00:00:00,SOLEUR,22.67,22.86,22.32,22.77,24567.96,555259.8761
1691712000000,2023-08-11 00:00:00,SOLEUR,22.79,23.06,22.53,22.84,24998.38,569021.7561
1691798400000,2023-08-12 00:00:00,SOLEUR,22.84,23.22,22.62,22.93,19485.35,444867.9016
1691884800000,2023-08-13 00:00:00,SOLEUR,22.95,22.98,22.35,22.37,16313.61,369564.6025
1691971200000,2023-08-14 00:00:00,SOLEUR,22.35,23.45,22.21,23.42,32251.48,738955.6735
1692057600000,2023-08-15 00:00:00,SOLEUR,23.44,23.58,21.93,22.09,38971.8,883612.0257
1692144000000,2023-08-16 00:00:00,SOLEUR,22.04,22.18,20.72,21.12,53572.8,1148691.2332
1692230400000,2023-08-17 00:00:00,SOLEUR,21.12,21.69,18.72,20.13,77125.9,1603989.3156
1692316800000,2023-08-18 00:00:00,SOLEUR,20.1,21.09,19.65,20.07,61540.71,1256577.2937
1692403200000,2023-08-19 00:00:00,SOLEUR,20.04,20.85,20.02,20.52,30855.46,630801.7297
1692489600000,2023-08-20 00:00:00,SOLEUR,20.51,20.61,20.15,20.26,20401.27,415342.8575
1692576000000,2023-08-21 00:00:00,SOLEUR,20.26,20.26,18.83,19.54,45670.75,895520.002
1692662400000,2023-08-22 00:00:00,SOLEUR,19.55,19.59,17.9,19.05,46662.98,885866.5459
1692748800000,2023-08-23 00:00:00,SOLEUR,19.04,20.14,18.88,20.05,52762.1,1028437.884
1692835200000,2023-08-24 00:00:00,SOLEUR,20.07,20.27,19.17,19.52,45239.22,894682.3512
1692921600000,2023-08-25 00:00:00,SOLEUR,19.51,19.51,18.64,18.97,33905.41,646997.769
1693008000000,2023-08-26 00:00:00,SOLEUR,18.94,18.98,18.74,18.85,16592.4,312796.0039
1693094400000,2023-08-27 00:00:00,SOLEUR,18.83,19.4,18.8,19.3,21756.55,416494.7766
1693180800000,2023-08-28 00:00:00,SOLEUR,19.29,19.3,18.59,19.0,20812.26,394330.2869
1693267200000,2023-08-29 00:00:00,SOLEUR,19.01,20.39,18.63,20.08,45164.2,889215.4225
1693353600000,2023-08-30 00:00:00,SOLEUR,20.07,20.26,18.91,19.09,24198.68,472407.2095
1693440000000,2023-08-31 00:00:00,SOLEUR,19.09,19.42,18.01,18.27,33864.1,632916.7291
1693526400000,2023-09-01 00:00:00,SOLEUR,18.26,18.45,17.72,17.99,28536.3,517374.4668
1693612800000,2023-09-02 00:00:00,SOLEUR,18.0,18.32,17.67,18.11,19563.78,354484.2551
1693699200000,2023-09-03 00:00:00,SOLEUR,18.14,18.29,17.89,18.21,13803.71,249851.4425
1693785600000,2023-09-04 00:00:00,SOLEUR,18.22,18.64,17.78,18.09,19310.66,350920.6648
1693872000000,2023-09-05 00:00:00,SOLEUR,18.12,19.22,17.67,18.93,43568.37,811621.5228
1693958400000,2023-09-06 00:00:00,SOLEUR,18.92,19.03,17.89,18.34,31552.63,579118.0987
1694044800000,2023-09-07 00:00:00,SOLEUR,18.32,18.71,18.1,18.65,19962.62,366375.0849
1694131200000,2023-09-08 00:00:00,SOLEUR,18.66,18.96,18.14,18.36,17287.58,318216.193
1694217600000,2023-09-09 00:00:00,SOLEUR,18.37,18.37,18.15,18.2,10306.31,188236.5266
1694304000000,2023-09-10 00:00:00,SOLEUR,18.2,18.2,16.67,17.05,58298.13,1002278.6989
1694390400000,2023-09-11 00:00:00,SOLEUR,17.04,17.24,16.17,16.52,46985.73,780885.9725
1694476800000,2023-09-12 00:00:00,SOLEUR,16.53,17.55,16.4,16.69,47485.31,802603.4014
1694563200000,2023-09-13 00:00:00,SOLEUR,16.71,17.35,16.49,17.18,36369.69,616912.1334
1694649600000,2023-09-14 00:00:00,SOLEUR,17.19,18.02,17.19,17.73,40127.69,710099.2232
1694736000000,2023-09-15 00:00:00,SOLEUR,17.73,18.31,17.43,17.99,22855.39,408248.0008
1694822400000,2023-09-16 00:00:00,SOLEUR,18.0,18.27,17.71,17.95,14777.23,265110.3297
1694908800000,2023-09-17 00:00:00,SOLEUR,17.95,17.95,17.5,17.65,11365.91,201626.1812
1694995200000,2023-09-18 00:00:00,SOLEUR,17.65,18.86,17.43,18.4,31088.89,570993.7957
1695081600000,2023-09-19 00:00:00,SOLEUR,18.39,19.13,18.34,18.78,25479.9,477911.7028
1695168000000,2023-09-20 00:00:00,SOLEUR,18.81,19.21,18.58,19.08,24808.88,469316.3139
1695254400000,2023-09-21 00:00:00,SOLEUR,19.07,19.07,18.14,18.28,21145.47,391842.7211
1695340800000,2023-09-22 00:00:00,SOLEUR,18.26,18.6,18.04,18.27,14289.31,262344.2489
1695427200000,2023-09-23 00:00:00,SOLEUR,18.27,18.42,18.14,18.3,10336.91,189068.0594
1695513600000,2023-09-24 00:00:00,SOLEUR,18.34,18.5,18.06,18.21,8320.73,152800.4856
1695600000000,2023-09-25 00:00:00,SOLEUR,18.19,18.61,17.96,18.33,10539.58,193477.1307
1695686400000,2023-09-26 00:00:00,SOLEUR,18.33,18.45,17.84,18.01,13828.91,251184.4168
1695772800000,2023-09-27 00:00:00,SOLEUR,18.0,18.46,17.84,18.22,17157.11,310676.9416
1695859200000,2023-09-28 00:00:00,SOLEUR,18.22,18.92,18.15,18.92,11174.95,205995.1577
1695945600000,2023-09-29 00:00:00,SOLEUR,18.94,19.32,18.81,19.19,10293.46,196460.4617
1696032000000,2023-09-30 00:00:00,SOLEUR,19.2,20.63,19.02,20.23,15034.12,299721.0948
1696118400000,2023-10-01 00:00:00,SOLEUR,20.24,23.21,20.03,22.56,51561.84,1129734.4515
1696204800000,2023-10-02 00:00:00,SOLEUR,22.62,23.42,21.89,22.3,34860.56,792776.5488
1696291200000,2023-10-03 00:00:00,SOLEUR,22.31,23.65,22.22,22.53,28928.75,662709.4179
1696377600000,2023-10-04 00:00:00,SOLEUR,22.57,22.7,21.51,22.03,21864.68,482581.7279
1696464000000,2023-10-05 00:00:00,SOLEUR,22.02,22.61,21.42,21.52,18391.55,403460.6632
1696550400000,2023-10-06 00:00:00,SOLEUR,21.54,22.47,21.54,22.16,19992.11,441029.2826
1696636800000,2023-10-07 00:00:00,SOLEUR,22.12,22.88,21.86,22.03,11967.41,266903.3222
1696723200000,2023-10-08 00:00:00,SOLEUR,22.05,22.37,21.86,22.03,7506.13,166166.323
1696809600000,2023-10-09 00:00:00,SOLEUR,21.99,22.18,20.52,20.91,16797.28,357714.793
1696896000000,2023-10-10 00:00:00,SOLEUR,20.89,21.23,20.49,20.84,9476.37,197898.4058
1696982400000,2023-10-11 00:00:00,SOLEUR,20.87,21.14,20.44,20.73,10551.57,219548.5254
1697068800000,2023-10-12 00:00:00,SOLEUR,20.71,20.72,19.86,20.22,13077.49,264024.8609
1697155200000,2023-10-13 00:00:00,SOLEUR,20.21,21.12,20.04,20.82,11519.81,236596.3581
1697241600000,2023-10-14 00:00:00,SOLEUR,20.8,21.25,20.77,20.98,9654.73,202668.9278
1697328000000,2023-10-15 00:00:00,SOLEUR,20.96,21.09,20.65,20.85,7438.96,155105.5096
1697414400000,2023-10-16 00:00:00,SOLEUR,20.89,23.52,20.88,22.72,30290.08,673406.9469
1697500800000,2023-10-17 00:00:00,SOLEUR,22.72,23.33,22.26,22.67,20487.4,467571.2531
1697587200000,2023-10-18 00:00:00,SOLEUR,22.69,23.09,22.2,22.25,14296.43,323329.2377
1697673600000,2023-10-19 00:00:00,SOLEUR,22.23,24.27,21.96,23.62,22933.35,533920.567
1697760000000,2023-10-20 00:00:00,SOLEUR,23.57,26.0,23.43,25.55,27701.47,697030.0764
1697846400000,2023-10-21 00:00:00,SOLEUR,25.54,28.65,25.2,27.78,35770.13,973977.2473
1697932800000,2023-10-22 00:00:00,SOLEUR,27.72,28.36,26.58,27.46,26803.44,732073.5751
1698019200000,2023-10-23 00:00:00,SOLEUR,27.41,30.74,27.11,29.9,49831.05,1415080.0672
1698105600000,2023-10-24 00:00:00,SOLEUR,29.87,30.76,27.89,28.5,43138.84,1268928.0448
1698192000000,2023-10-25 00:00:00,SOLEUR,28.49,32.06,28.33,30.75,36664.31,1118223.3035
1698278400000,2023-10-26 00:00:00,SOLEUR,30.74,31.57,29.21,31.04,30156.87,919890.9464
1698364800000,2023-10-27 00:00:00,SOLEUR,31.12,31.58,29.58,30.04,28118.78,861432.7397
1698451200000,2023-10-28 00:00:00,SOLEUR,30.02,30.79,29.79,30.0,16549.2,501672.9787
1698537600000,2023-10-29 00:00:00,SOLEUR,30.01,31.46,29.76,31.13,20219.3,623427.0499
1698624000000,2023-10-30 00:00:00,SOLEUR,31.2,33.38,30.6,32.96,34205.28,1110842.4261
1698710400000,2023-10-31 00:00:00,SOLEUR,32.99,36.55,32.88,36.32,38136.97,1312849.3319
1698796800000,2023-11-01 00:00:00,SOLEUR,36.35,44.39,35.83,38.93,106423.89,4190034.2723
1698883200000,2023-11-02 00:00:00,SOLEUR,38.96,41.97,36.48,37.93,79387.62,3110962.8997
1698969600000,2023-11-03 00:00:00,SOLEUR,37.93,37.94,35.45,36.88,62007.67,2274527.5969
1699056000000,2023-11-04 00:00:00,SOLEUR,36.84,39.93,36.49,39.64,42137.19,1628721.1073
1699142400000,2023-11-05 00:00:00,SOLEUR,39.62,40.03,37.52,38.41,23411.1,903303.3012
1699228800000,2023-11-06 00:00:00,SOLEUR,38.44,39.4,37.0,39.34,27182.55,1027783.5938
1699315200000,2023-11-07 00:00:00,SOLEUR,39.35,41.85,37.5,40.21,43585.25,1734719.5215
1699401600000,2023-11-08 00:00:00,SOLEUR,40.16,41.13,39.56,40.29,24454.42,986813.4342
1699488000000,2023-11-09 00:00:00,SOLEUR,40.33,45.78,39.05,42.53,71934.71,3076772.9278
1699574400000,2023-11-10 00:00:00,SOLEUR,42.5,53.98,42.31,53.17,90411.84,4329766.3089
1699660800000,2023-11-11 00:00:00,SOLEUR,53.13,60.0,50.26,52.87,100453.62,5455526.1005
1699747200000,2023-11-12 00:00:00,SOLEUR,52.86,58.07,51.18,52.91,73808.58,4015767.6288
1699833600000,2023-11-13 00:00:00,SOLEUR,52.78,56.1,48.15,48.27,79848.05,4186079.7072
1699920000000,2023-11-14 00:00:00,SOLEUR,48.27,53.72,47.8,52.31,76234.79,3880962.8553
1700006400000,2023-11-15 00:00:00,SOLEUR,52.46,61.95,51.68,60.4,82198.32,4697672.7634
1700092800000,2023-11-16 00:00:00,SOLEUR,60.39,62.98,52.04,53.49,72187.75,4191243.8362
1700179200000,2023-11-17 00:00:00,SOLEUR,53.35,55.92,49.8,53.74,65583.04,3481526.8052
1700265600000,2023-11-18 00:00:00,SOLEUR,53.76,54.57,50.18,53.77,30447.76,1608176.1139
1700352000000,2023-11-19 00:00:00,SOLEUR,53.78,56.96,52.1,56.07,41899.96,2313540.5006
1700438400000,2023-11-20 00:00:00,SOLEUR,56.09,56.24,51.3,51.71,45561.88,2457872.2442
1700524800000,2023-11-21 00:00:00,SOLEUR,51.68,52.41,47.0,47.35,51515.24,2580849.0431
1700611200000,2023-11-22 00:00:00,SOLEUR,47.3,54.17,47.2,52.87,41350.54,2107654.1405
1700697600000,2023-11-23 00:00:00,SOLEUR,52.98,54.64,51.54,51.83,30254.15,1598992.5352
1700784000000,2023-11-24 00:00:00,SOLEUR,51.85,53.91,51.57,51.97,28238.78,1490490.8918
1700870400000,2023-11-25 00:00:00,SOLEUR,51.96,54.68,50.99,53.64,23577.54,1258708.7696
1700956800000,2023-11-26 00:00:00,SOLEUR,53.65,53.83,51.12,52.55,21247.51,1115982.1881
1701043200000,2023-11-27 00:00:00,SOLEUR,52.56,53.0,48.91,50.27,31220.27,1573798.3157
1701129600000,2023-11-28 00:00:00,SOLEUR,50.29,53.43,49.28,52.89,26411.23,1361245.7888
1701216000000,2023-11-29 00:00:00,SOLEUR,52.93,56.28,52.55,54.11,43708.06,2390941.5845
1701302400000,2023-11-30 00:00:00,SOLEUR,54.1,56.5,53.6,54.43,26752.02,1470876.3101
1701388800000,2023-12-01 00:00:00,SOLEUR,54.55,56.84,53.83,54.96,29505.24,1643636.7516
1701475200000,2023-12-02 00:00:00,SOLEUR,54.94,58.77,54.89,58.64,34928.78,1997160.2106
1701561600000,2023-12-03 00:00:00,SOLEUR,58.62,60.25,57.26,57.85,32147.1,1879513.7007
1701648000000,2023-12-04 00:00:00,SOLEUR,57.88,60.03,55.1,56.93,47195.21,2716586.4857
1701734400000,2023-12-05 00:00:00,SOLEUR,56.94,58.02,54.63,56.53,38953.66,2187945.2149
1701820800000,2023-12-06 00:00:00,SOLEUR,56.6,61.84,56.6,57.55,66889.91,3961651.7714
1701907200000,2023-12-07 00:00:00,SOLEUR,57.5,64.32,57.35,62.89,60885.63,3669414.0775
1701993600000,2023-12-08 00:00:00,SOLEUR,62.9,70.06,62.84,69.73,71271.62,4750030.8777
1702080000000,2023-12-09 00:00:00,SOLEUR,69.72,72.37,66.62,67.36,33769.92,2373453.3955
1702166400000,2023-12-10 00:00:00,SOLEUR,67.38,69.63,65.79,69.61,25080.76,1701396.2583
1702252800000,2023-12-11 00:00:00,SOLEUR,69.64,69.71,60.04,65.38,40470.4,2613408.5806
1702339200000,2023-12-12 00:00:00,SOLEUR,65.31,67.25,61.0,63.44,32767.25,2113852.2825
1702425600000,2023-12-13 00:00:00,SOLEUR,63.5,66.82,59.14,65.02,42506.48,2655402.7807
1702512000000,2023-12-14 00:00:00,SOLEUR,65.16,69.37,62.7,68.83,37748.8,2506161.0806
1702598400000,2023-12-15 00:00:00,SOLEUR,68.89,72.5,66.34,66.7,47967.1,3347497.0203
1702684800000,2023-12-16 00:00:00,SOLEUR,66.62,70.82,65.53,67.63,29308.52,2000908.5202
1702771200000,2023-12-17 00:00:00,SOLEUR,67.67,68.41,64.65,64.97,25554.66,1703388.8949
1702857600000,2023-12-18 00:00:00,SOLEUR,65.02,69.06,61.23,68.09,36724.22,2368750.8228
1702944000000,2023-12-19 00:00:00,SOLEUR,68.14,69.76,65.44,66.6,32542.87,2210438.42
1703030400000,2023-12-20 00:00:00,SOLEUR,66.5,76.76,66.5,75.15,61956.09,4458131.7441
1703116800000,2023-12-21 00:00:00,SOLEUR,75.18,87.0,74.12,85.32,77809.48,6269910.0388
1703203200000,2023-12-22 00:00:00,SOLEUR,85.48,90.5,82.2,89.33,66105.7,5713508.6556
1703289600000,2023-12-23 00:00:00,SOLEUR,89.18,100.47,84.54,98.57,50229.84,4584617.1818
1703376000000,2023-12-24 00:00:00,SOLEUR,98.66,107.88,98.07,103.06,70734.03,7284617.1872
1703462400000,2023-12-25 00:00:00,SOLEUR,103.0,115.63,98.97,110.05,66842.05,7194428.9722
1703548800000,2023-12-26 00:00:00,SOLEUR,110.21,110.59,91.94,102.03,66953.62,6801871.7061
1703635200000,2023-12-27 00:00:00,SOLEUR,102.04,104.47,94.11,96.21,56847.26,5646261.0487
1703721600000,2023-12-28 00:00:00,SOLEUR,96.22,98.74,87.62,92.23,52881.2,4894033.5617
1703808000000,2023-12-29 00:00:00,SOLEUR,92.31,99.67,89.84,96.52,56832.55,5448913.7246
1703894400000,2023-12-30 00:00:00,SOLEUR,96.54,97.61,91.56,92.64,25747.81,2418573.583
1703980800000,2023-12-31 00:00:00,SOLEUR,92.61,95.56,90.6,92.38,29737.76,2777633.8947
1704067200000,2024-01-01 00:00:00,SOLEUR,92.46,99.8,92.28,99.8,37847.43,3643139.4387
1704153600000,2024-01-02 00:00:00,SOLEUR,99.8,106.16,97.07,97.68,53950.38,5497087.8425
1704240000000,2024-01-03 00:00:00,SOLEUR,97.73,100.46,79.0,90.59,76789.6,7056171.4885
1704326400000,2024-01-04 00:00:00,SOLEUR,90.55,99.03,88.5,96.07,44695.13,4162207.2431
1704412800000,2024-01-05 00:00:00,SOLEUR,96.14,96.56,87.34,91.69,39744.16,3647622.8072
1704499200000,2024-01-06 00:00:00,SOLEUR,91.7,91.94,84.01,86.04,27373.02,2392329.2049
1704585600000,2024-01-07 00:00:00,SOLEUR,86.04,88.89,80.51,82.04,31163.67,2663398.1573
1704672000000,2024-01-08 00:00:00,SOLEUR,82.01,91.43,78.13,89.56,58769.46,5052288.5366
1704758400000,2024-01-09 00:00:00,SOLEUR,89.53,96.77,87.12,91.01,51617.2,4729463.3163
1704844800000,2024-01-10 00:00:00,SOLEUR,91.01,96.55,84.19,93.11,52528.57,4716173.6266
1704931200000,2024-01-11 00:00:00,SOLEUR,93.17,98.0,89.3,91.08,45913.33,4266002.1292
1705017600000,2024-01-12 00:00:00,SOLEUR,91.11,91.6,80.0,84.37,39187.66,3413249.864
1705104000000,2024-01-13 00:00:00,SOLEUR,84.36,88.94,82.09,87.85,20674.41,1766805.0145
1705190400000,2024-01-14 00:00:00,SOLEUR,87.87,94.23,85.69,85.91,34140.92,3061354.076
1705276800000,2024-01-15 00:00:00,SOLEUR,85.9,88.47,85.15,86.34,23746.82,2065712.6391
1705363200000,2024-01-16 00:00:00,SOLEUR,86.31,90.82,86.29,89.78,30562.59,2719609.8127
1705449600000,2024-01-17 00:00:00,SOLEUR,89.9,94.6,88.97,93.84,43103.17,3981993.0735
1705536000000,2024-01-18 00:00:00,SOLEUR,93.85,95.12,84.1,86.8,39184.62,3512898.6544
1705622400000,2024-01-19 00:00:00,SOLEUR,86.72,87.84,80.02,85.88,37742.0,3205437.6769
1705708800000,2024-01-20 00:00:00,SOLEUR,85.99,86.52,82.98,85.34,17560.75,1485818.9305
1705795200000,2024-01-21 00:00:00,SOLEUR,85.29,86.32,83.45,83.67,14733.31,1253482.2035
1705881600000,2024-01-22 00:00:00,SOLEUR,83.6,84.27,75.38,77.12,43816.12,3495555.86
1705968000000,2024-01-23 00:00:00,SOLEUR,77.05,78.88,72.61,77.72,45042.03,3394858.768
1706054400000,2024-01-24 00:00:00,SOLEUR,77.79,82.16,76.76,81.59,33638.27,2666593.3006
1706140800000,2024-01-25 00:00:00,SOLEUR,81.58,82.35,78.5,80.09,35918.9,2891385.279
1706227200000,2024-01-26 00:00:00,SOLEUR,80.1,86.33,79.45,85.13,34275.21,2860033.4165
1706313600000,2024-01-27 00:00:00,SOLEUR,85.13,87.32,83.66,87.07,17321.85,1478820.7231
1706400000000,2024-01-28 00:00:00,SOLEUR,87.07,91.86,86.1,88.57,39227.68,3493420.6213
1706486400000,2024-01-29 00:00:00,SOLEUR,88.59,94.23,87.79,93.87,41285.33,3771873.1316
1706572800000,2024-01-30 00:00:00,SOLEUR,94.07,98.36,93.26,93.55,52662.93,5060472.2922
1706659200000,2024-01-31 00:00:00,SOLEUR,93.6,94.72,88.73,89.69,55727.73,5139708.4411
1706745600000,2024-02-01 00:00:00,SOLEUR,89.75,90.41,86.11,90.01,30031.33,2655660.8061
1706832000000,2024-02-02 00:00:00,SOLEUR,89.85,94.57,89.73,93.13,24806.29,2291020.4117
1706918400000,2024-02-03 00:00:00,SOLEUR,93.27,93.75,89.52,90.85,11067.87,1011432.9131
1707004800000,2024-02-04 00:00:00,SOLEUR,90.72,91.4,88.13,88.62,12823.55,1152611.0456
1707091200000,2024-02-05 00:00:00,SOLEUR,88.65,91.79,87.5,89.04,21312.8,1908982.0124
1707177600000,2024-02-06 00:00:00,SOLEUR,88.98,90.99,86.7,90.03,21432.79,1905002.8981
1707264000000,2024-02-07 00:00:00,SOLEUR,90.03,94.22,88.0,93.74,23528.89,2136580.4489
1707350400000,2024-02-08 00:00:00,SOLEUR,93.88,97.62,93.11,95.43,32370.38,3083539.8914
1707436800000,2024-02-09 00:00:00,SOLEUR,95.45,101.15,95.45,99.14,42999.19,4218023.7466
1707523200000,2024-02-10 00:00:00,SOLEUR,99.13,102.73,99.06,100.99,33806.15,3405786.7495
1707609600000,2024-02-11 00:00:00,SOLEUR,100.9,102.01,98.86,99.27,25806.61,2594843.0216
1707696000000,2024-02-12 00:00:00,SOLEUR,99.28,104.0,96.01,103.48,33931.4,3387930.0108
1707782400000,2024-02-13 00:00:00,SOLEUR,103.6,106.92,101.08,105.06,36554.16,3824731.6258
1707868800000,2024-02-14 00:00:00,SOLEUR,105.04,110.88,103.38,109.24,38116.65,4114768.8119
1707955200000,2024-02-15 00:00:00,SOLEUR,109.2,110.37,103.72,105.5,27095.74,2903547.6229
1708041600000,2024-02-16 00:00:00,SOLEUR,105.59,106.22,100.44,102.53,28611.59,2941519.1528
1708128000000,2024-02-17 00:00:00,SOLEUR,102.43,103.15,98.03,101.18,21640.28,2175713.4417
1708214400000,2024-02-18 00:00:00,SOLEUR,101.15,106.0,99.9,104.13,21145.64,2189914.945
1708300800000,2024-02-19 00:00:00,SOLEUR,104.19,106.78,102.95,103.56,27432.75,2869701.2025
1708387200000,2024-02-20 00:00:00,SOLEUR,103.67,104.05,95.7,100.27,42913.48,4294424.5515
1708473600000,2024-02-21 00:00:00,SOLEUR,100.19,100.34,92.85,97.17,32876.53,3153634.696
1708560000000,2024-02-22 00:00:00,SOLEUR,97.19,98.74,93.88,94.08,31881.93,3077822.8943
1708646400000,2024-02-23 00:00:00,SOLEUR,94.05,95.31,91.3,92.35,23574.71,2210638.4525
1708732800000,2024-02-24 00:00:00,SOLEUR,92.38,96.87,91.07,96.11,17916.83,1698376.0528
1708819200000,2024-02-25 00:00:00,SOLEUR,96.11,96.44,94.31,95.65,13512.29,1288536.8026
1708905600000,2024-02-26 00:00:00,SOLEUR,95.46,102.09,92.5,101.21,34099.79,3330897.6228
1708992000000,2024-02-27 00:00:00,SOLEUR,101.22,103.46,97.21,99.94,31484.26,3178468.0264
1709078400000,2024-02-28 00:00:00,SOLEUR,100.02,109.75,98.24,109.73,92160.86,9571288.8392
1709164800000,2024-02-29 00:00:00,SOLEUR,109.73,124.16,108.2,115.46,91125.91,10647540.2846
1709251200000,2024-03-01 00:00:00,SOLEUR,115.59,127.13,115.57,119.26,43731.32,5364309.8636
1709337600000,2024-03-02 00:00:00,SOLEUR,119.4,121.5,117.49,120.1,27734.4,3304515.075
1709424000000,2024-03-03 00:00:00,SOLEUR,120.0,121.88,115.0,120.17,27455.45,3275544.094
1709510400000,2024-03-04 00:00:00,SOLEUR,120.32,124.44,117.5,122.79,45884.66,5537487.9948
1709596800000,2024-03-05 00:00:00,SOLEUR,122.78,131.41,96.02,115.78,92502.78,11047986.6901
1709683200000,2024-03-06 00:00:00,SOLEUR,115.65,124.28,110.79,120.01,48697.02,5779685.8472
1709769600000,2024-03-07 00:00:00,SOLEUR,120.17,136.9,119.98,131.68,61904.71,8055614.8507
1709856000000,2024-03-08 00:00:00,SOLEUR,131.61,139.49,130.0,132.71,43245.91,5807439.8252
1709942400000,2024-03-09 00:00:00,SOLEUR,132.71,136.68,131.58,132.17,16715.47,2240209.0841
1710028800000,2024-03-10 00:00:00,SOLEUR,132.22,135.96,128.45,132.11,27851.55,3691697.8478
1710115200000,2024-03-11 00:00:00,SOLEUR,132.15,137.33,125.09,134.91,42284.16,5645187.8574
1710201600000,2024-03-12 00:00:00,SOLEUR,134.97,140.1,129.8,138.4,56361.86,7717163.5234
1710288000000,2024-03-13 00:00:00,SOLEUR,138.31,152.49,136.05,149.66,49257.63,7017719.721
1710374400000,2024-03-14 00:00:00,SOLEUR,149.88,164.0,146.31,162.27,61308.57,9479836.426
1710460800000,2024-03-15 00:00:00,SOLEUR,162.64,173.73,151.01,169.24,82549.63,13488954.438
1710547200000,2024-03-16 00:00:00,SOLEUR,169.25,182.06,162.77,167.66,61826.27,10725696.7609
1710633600000,2024-03-17 00:00:00,SOLEUR,167.45,188.23,164.09,185.71,45044.74,7926429.9627
1710720000000,2024-03-18 00:00:00,SOLEUR,185.72,192.91,178.35,180.0,42688.88,7954258.5544
1710806400000,2024-03-19 00:00:00,SOLEUR,180.41,182.76,152.71,156.45,71520.2,11835710.798
1710892800000,2024-03-20 00:00:00,SOLEUR,156.43,177.08,149.7,175.83,60996.91,9881347.3365
1710979200000,2024-03-21 00:00:00,SOLEUR,175.76,179.2,162.21,165.42,34636.59,5935712.0443
1711065600000,2024-03-22 00:00:00,SOLEUR,165.02,167.67,155.14,162.16,30786.69,4948977.8968
1711152000000,2024-03-23 00:00:00,SOLEUR,162.19,165.85,157.77,159.98,23632.24,3840803.633
1711238400000,2024-03-24 00:00:00,SOLEUR,159.87,172.95,158.76,170.27,18000.28,2942224.8579
1711324800000,2024-03-25 00:00:00,SOLEUR,170.43,179.66,167.6,174.08,25360.2,4430857.9718
1711411200000,2024-03-26 00:00:00,SOLEUR,174.1,181.18,171.76,176.08,24178.3,4282450.5961
1711497600000,2024-03-27 00:00:00,SOLEUR,175.91,178.17,166.52,172.44,26584.73,4564989.2358
1711584000000,2024-03-28 00:00:00,SOLEUR,172.28,177.0,167.2,175.81,24163.63,4166166.6261
1711670400000,2024-03-29 00:00:00,SOLEUR,175.7,179.35,170.34,178.53,22850.92,3978786.1619
1711756800000,2024-03-30 00:00:00,SOLEUR,178.47,185.64,177.08,180.36,20819.85,3787525.7708
1711843200000,2024-03-31 00:00:00,SOLEUR,180.26,188.47,179.84,187.87,13179.56,2417203.0164
1711929600000,2024-04-01 00:00:00,SOLEUR,187.7,189.5,174.3,179.22,25039.17,4520439.3245
1712016000000,2024-04-02 00:00:00,SOLEUR,179.25,179.25,163.59,168.98,28962.69,4919706.1676
1712102400000,2024-04-03 00:00:00,SOLEUR,168.98,178.45,164.75,171.06,25092.32,4364803.1786
1712188800000,2024-04-04 00:00:00,SOLEUR,170.95,175.29,166.45,169.99,19510.99,3327585.1419
1712275200000,2024-04-05 00:00:00,SOLEUR,169.93,170.96,155.47,161.19,24080.54,3883176.2656
1712361600000,2024-04-06 00:00:00,SOLEUR,161.11,166.18,160.42,165.15,13616.28,2225932.1537
1712448000000,2024-04-07 00:00:00,SOLEUR,165.12,168.79,163.39,165.96,11348.97,1890785.6364
1712534400000,2024-04-08 00:00:00,SOLEUR,165.95,170.55,161.9,165.69,18736.05,3126013.0648
1712620800000,2024-04-09 00:00:00,SOLEUR,165.66,165.87,156.0,158.97,18534.63,2985253.1855
1712707200000,2024-04-10 00:00:00,SOLEUR,158.77,162.87,149.76,160.66,21436.18,3347271.8914
1712793600000,2024-04-11 00:00:00,SOLEUR,160.3,164.36,158.31,160.7,22047.86,3561913.716
1712880000000,2024-04-12 00:00:00,SOLEUR,160.76,164.02,133.33,144.69,37081.46,5540651.5361
1712966400000,2024-04-13 00:00:00,SOLEUR,144.61,146.51,109.39,132.11,85892.04,11269842.4693
1713052800000,2024-04-14 00:00:00,SOLEUR,132.09,144.29,123.75,142.92,61516.34,8241031.3233
1713139200000,2024-04-15 00:00:00,SOLEUR,142.67,147.2,126.0,130.54,50085.42,6926107.1087
1713225600000,2024-04-16 00:00:00,SOLEUR,130.55,132.54,119.28,128.43,49617.69,6243973.1061
1713312000000,2024-04-17 00:00:00,SOLEUR,128.4,134.63,119.49,123.78,40391.94,5115147.5332
1713398400000,2024-04-18 00:00:00,SOLEUR,123.74,135.48,119.8,133.54,34453.24,4393077.6135
1713484800000,2024-04-19 00:00:00,SOLEUR,133.52,138.59,121.2,133.91,42508.79,5632742.2834
1713571200000,2024-04-20 00:00:00,SOLEUR,134.0,143.46,131.39,142.45,21109.77,2893527.6434
1713657600000,2024-04-21 00:00:00,SOLEUR,142.48,144.47,138.01,139.8,17436.64,2455939.4542
1713744000000,2024-04-22 00:00:00,SOLEUR,139.87,148.95,137.71,147.48,26380.25,3803447.736
1713830400000,2024-04-23 00:00:00,SOLEUR,147.49,149.69,143.48,144.71,19679.28,2886873.0063
1713916800000,2024-04-24 00:00:00,SOLEUR,144.74,149.58,136.2,138.22,26256.01,3785361.3434
1714003200000,2024-04-25 00:00:00,SOLEUR,137.93,139.84,133.09,135.22,19280.75,2633719.5799
1714089600000,2024-04-26 00:00:00,SOLEUR,135.2,136.66,129.74,130.23,14808.5,1978508.2353
1714176000000,2024-04-27 00:00:00,SOLEUR,130.51,133.94,124.5,132.44,16474.85,2125296.7975
1714262400000,2024-04-28 00:00:00,SOLEUR,132.39,135.55,128.14,128.98,10654.52,1418224.8858
1714348800000,2024-04-29 00:00:00,SOLEUR,128.86,129.86,124.5,128.63,18915.775,2395251.28916
1714435200000,2024-04-30 00:00:00,SOLEUR,128.71,130.43,113.6,118.84,35333.569,4255231.13
1714521600000,2024-05-01 00:00:00,SOLEUR,118.83,127.31,111.37,126.02,44799.535,5312806.46316
1714608000000,2024-05-02 00:00:00,SOLEUR,125.9,131.51,119.92,128.47,33838.226,4280678.23721
1714694400000,2024-05-03 00:00:00,SOLEUR,128.38,134.88,126.58,133.66,27591.722,3603877.14745
1714780800000,2024-05-04 00:00:00,SOLEUR,133.69,138.74,132.49,135.82,18235.95,2476502.69645
1714867200000,2024-05-05 00:00:00,SOLEUR,136.08,137.53,133.18,135.39,13700.475,1856942.85965
1714953600000,2024-05-06 00:00:00,SOLEUR,135.45,145.63,135.09,142.1,27780.274,3934730.31796
1715040000000,2024-05-07 00:00:00,SOLEUR,142.04,147.98,137.61,137.9,20282.321,2909414.66995
1715126400000,2024-05-08 00:00:00,SOLEUR,138.01,139.62,130.33,132.22,23415.742,3175509.26402
1715212800000,2024-05-09 00:00:00,SOLEUR,132.04,142.28,131.03,141.64,23827.229,3237661.67649
1715299200000,2024-05-10 00:00:00,SOLEUR,141.55,144.5,134.47,135.82,26735.535,3731026.54316
1715385600000,2024-05-11 00:00:00,SOLEUR,135.69,137.29,133.14,135.13,10052.222,1355834.20366
1715472000000,2024-05-12 00:00:00,SOLEUR,135.2,137.38,132.51,133.25,7032.011,948719.63324
1715558400000,2024-05-13 00:00:00,SOLEUR,133.4,139.73,128.11,136.62,22727.886,3052421.947
1715644800000,2024-05-14 00:00:00,SOLEUR,136.74,138.11,131.17,131.42,20683.532,2776413.81577
1715731200000,2024-05-15 00:00:00,SOLEUR,131.45,145.66,130.76,145.53,24680.997,3429555.80903
1715817600000,2024-05-16 00:00:00,SOLEUR,145.63,151.56,143.87,146.57,22589.234,3343418.21585
1715904000000,2024-05-17 00:00:00,SOLEUR,146.77,158.22,146.76,155.85,23343.078,3595625.57634
1715990400000,2024-05-18 00:00:00,SOLEUR,155.82,162.0,155.14,158.67,18002.142,2870154.12816
1716076800000,2024-05-19 00:00:00,SOLEUR,158.68,161.44,152.59,156.35,13313.806,2093180.38028
1716163200000,2024-05-20 00:00:00,SOLEUR,156.53,172.26,154.21,168.96,31120.733,5134782.12852
1716249600000,2024-05-21 00:00:00,SOLEUR,169.02,170.51,159.4,163.02,25305.846,4170478.01511
1716336000000,2024-05-22 00:00:00,SOLEUR,162.94,169.16,160.81,163.27,22250.922,3682811.16049
1716422400000,2024-05-23 00:00:00,SOLEUR,163.47,167.27,153.22,162.78,28909.487,4659140.90941
1716508800000,2024-05-24 00:00:00,SOLEUR,162.4,162.7,150.25,154.85,21253.724,3288888.4861
1716595200000,2024-05-25 00:00:00,SOLEUR,154.62,157.22,153.18,155.27,8487.146,1317329.70439
1716681600000,2024-05-26 00:00:00,SOLEUR,155.31,155.31,148.39,150.54,12284.502,1857145.82278
1716768000000,2024-05-27 00:00:00,SOLEUR,150.6,158.65,150.56,156.46,20660.125,3209499.8744
1716854400000,2024-05-28 00:00:00,SOLEUR,156.22,159.22,151.55,155.39,16846.838,2614504.89912
1716940800000,2024-05-29 00:00:00,SOLEUR,155.31,160.18,154.03,155.81,16264.786,2548604.5666
1717027200000,2024-05-30 00:00:00,SOLEUR,155.75,159.17,151.49,154.2,17149.578,2662296.33404
1717113600000,2024-05-31 00:00:00,SOLEUR,154.1,157.31,151.28,152.63,12833.853,1975896.98281
1717200000000,2024-06-01 00:00:00,SOLEUR,152.81,154.75,152.69,153.15,4620.651,711485.7488
1717286400000,2024-06-02 00:00:00,SOLEUR,153.08,153.9,148.67,150.42,8943.524,1352912.97967
1717372800000,2024-06-03 00:00:00,SOLEUR,150.24,153.94,149.1,151.33,11021.91,1673774.25088
1717459200000,2024-06-04 00:00:00,SOLEUR,151.28,157.74,150.72,157.65,11335.896,1746254.93138
1717545600000,2024-06-05 00:00:00,SOLEUR,157.69,161.57,157.07,159.33,18160.85,2892301.47732
1717632000000,2024-06-06 00:00:00,SOLEUR,159.36,159.89,153.95,156.26,10477.542,1652109.82547
1717718400000,2024-06-07 00:00:00,SOLEUR,156.23,158.51,142.12,150.7,23516.165,3578908.39703
