https://www.Saxcoin-b6.nl,USDC,USD Coin
unix,date,symbol,open,high,low,close,volume,total
1648425600,2022-03-28 00:00:00,USDC/EUR,0.91173,0.91310,0.90683,0.90942,1141800.41193,1038376.1306173806
1648512000,2022-03-29 00:00:00,USDC/EUR,0.90890,0.91040,0.89818,0.90165,559029.19457,504048.67328404053
1648598400,2022-03-30 00:00:00,USDC/EUR,0.90022,0.90026,0.89145,0.89564,679590.27701,608668.2357012364
1648684800,2022-03-31 00:00:00,USDC/EUR,0.89543,0.90386,0.89050,0.90290,869664.91831,785220.454742099
1648771200,2022-04-01 00:00:00,USDC/EUR,0.90372,0.90680,0.88542,0.90462,1162950.58673,1052028.3597676926
1648857600,2022-04-02 00:00:00,USDC/EUR,0.90457,0.90550,0.90452,0.90459,161376.90837,145979.93754241828
1648944000,2022-04-03 00:00:00,USDC/EUR,0.90548,0.90680,0.90174,0.90514,210232.91760,190290.22303646398
1649030400,2022-04-04 00:00:00,USDC/EUR,0.90514,0.91289,0.89710,0.91060,1265163.51637,1152057.898006522
1649116800,2022-04-05 00:00:00,USDC/EUR,0.91037,0.91754,0.90106,0.91628,611173.67138,560006.2116120664
1649203200,2022-04-06 00:00:00,USDC/EUR,0.91738,0.91912,0.90107,0.91813,952461.63610,874483.601952493
1649289600,2022-04-07 00:00:00,USDC/EUR,0.91694,0.92013,0.90166,0.92013,2159560.46502,1987076.3706788525
1649376000,2022-04-08 00:00:00,USDC/EUR,0.92075,0.92250,0.91803,0.92003,387749.82868,356741.47488046036
1649462400,2022-04-09 00:00:00,USDC/EUR,0.91902,0.92042,0.91900,0.92027,42875.16707,39456.729999508905
1649548800,2022-04-10 00:00:00,USDC/EUR,0.91946,0.92092,0.91574,0.91903,123883.91102,113853.0307447106
1649635200,2022-04-11 00:00:00,USDC/EUR,0.91899,0.92151,0.91413,0.91822,314606.07796,288877.5929044312
1649721600,2022-04-12 00:00:00,USDC/EUR,0.91932,0.92398,0.91634,0.92331,487582.19441,450189.5159206971
1649808000,2022-04-13 00:00:00,USDC/EUR,0.92234,0.92456,0.91576,0.91846,289937.39240,266295.89742370404
1649894400,2022-04-14 00:00:00,USDC/EUR,0.91750,0.92865,0.91504,0.92388,406424.55169,375487.5148153572
1649980800,2022-04-15 00:00:00,USDC/EUR,0.92397,0.92637,0.92397,0.92518,169359.46415,156687.989042297
1650067200,2022-04-16 00:00:00,USDC/EUR,0.92481,0.92897,0.92469,0.92620,84076.92905,77872.05168611
1650153600,2022-04-17 00:00:00,USDC/EUR,0.92637,0.92737,0.92473,0.92531,82228.35183,76086.71623181729
1650240000,2022-04-18 00:00:00,USDC/EUR,0.92457,0.92792,0.92359,0.92777,226841.63930,210456.867693361
1650326400,2022-04-19 00:00:00,USDC/EUR,0.92746,0.92984,0.90250,0.92650,1176589.75981,1090110.412463965
1650412800,2022-04-20 00:00:00,USDC/EUR,0.92629,0.92698,0.90504,0.92082,1008957.73551,929068.4620123182
1650499200,2022-04-21 00:00:00,USDC/EUR,0.92243,0.92310,0.91421,0.92310,284271.86521,262411.358775351
1650585600,2022-04-22 00:00:00,USDC/EUR,0.92280,0.92810,0.92254,0.92690,166610.29522,154431.082639418
1650672000,2022-04-23 00:00:00,USDC/EUR,0.92720,0.92752,0.92557,0.92742,108438.59663,100568.12328659461
1650758400,2022-04-24 00:00:00,USDC/EUR,0.92740,0.92742,0.92381,0.92629,524974.76551,486278.8755442579
1650844800,2022-04-25 00:00:00,USDC/EUR,0.92587,0.93457,0.92526,0.93311,296900.06621,277040.4207812131
1650931200,2022-04-26 00:00:00,USDC/EUR,0.93224,0.94043,0.92701,0.93960,759681.90914,713797.121827944
1651017600,2022-04-27 00:00:00,USDC/EUR,0.93978,0.95000,0.93431,0.94634,462139.65433,437341.2404786522
1651104000,2022-04-28 00:00:00,USDC/EUR,0.94800,0.96757,0.94717,0.95233,442306.90575,421222.13555289747
1651190400,2022-04-29 00:00:00,USDC/EUR,0.95164,0.95164,0.94465,0.94872,223107.56312,211666.6072832064
1651276800,2022-04-30 00:00:00,USDC/EUR,0.94880,0.95010,0.94666,0.94980,797377.71049,757349.349423402
1651363200,2022-05-01 00:00:00,USDC/EUR,0.94906,0.95092,0.94749,0.94852,205001.09191,194447.6356984732
1651449600,2022-05-02 00:00:00,USDC/EUR,0.94825,0.95295,0.94707,0.95160,245936.33201,234033.01354071603
1651536000,2022-05-03 00:00:00,USDC/EUR,0.95159,0.95273,0.94400,0.95040,526496.49036,500382.26443814405
1651622400,2022-05-04 00:00:00,USDC/EUR,0.94965,0.95129,0.94050,0.94174,663322.52498,624677.3546746653
1651708800,2022-05-05 00:00:00,USDC/EUR,0.94078,0.95273,0.94004,0.94800,494793.77020,469064.4941496
1651795200,2022-05-06 00:00:00,USDC/EUR,0.94800,0.95303,0.94304,0.94744,273570.11164,259191.2665722016
1651881600,2022-05-07 00:00:00,USDC/EUR,0.94817,0.94880,0.94745,0.94865,166931.20144,158359.284246056
1651968000,2022-05-08 00:00:00,USDC/EUR,0.94864,0.94919,0.94129,0.94919,248677.64205,236042.3310574395
1652054400,2022-05-09 00:00:00,USDC/EUR,0.94919,0.95210,0.94373,0.94626,683981.05983,647223.9176747359
1652140800,2022-05-10 00:00:00,USDC/EUR,0.94712,0.95006,0.94210,0.94882,582774.73994,552948.3287498708
1652227200,2022-05-11 00:00:00,USDC/EUR,0.94998,0.95345,0.94000,0.95200,2821560.96512,2686126.0387942395
1652313600,2022-05-12 00:00:00,USDC/EUR,0.95059,0.96599,0.91000,0.96203,8426739.74076,8106776.432803344
1652400000,2022-05-13 00:00:00,USDC/EUR,0.96274,0.96603,0.95330,0.96077,5042058.11443,4844258.174600911
1652486400,2022-05-14 00:00:00,USDC/EUR,0.96077,0.96187,0.95320,0.96060,450211.42902,432473.098716612
1652572800,2022-05-15 00:00:00,USDC/EUR,0.96127,0.96172,0.95790,0.96113,307103.72478,295166.6029978014
1652659200,2022-05-16 00:00:00,USDC/EUR,0.96142,0.96213,0.95536,0.95835,837891.45289,802993.2738771315
1652745600,2022-05-17 00:00:00,USDC/EUR,0.95759,0.95792,0.94717,0.94769,591050.72531,560132.8618690339
1652832000,2022-05-18 00:00:00,USDC/EUR,0.94694,0.95543,0.93824,0.95473,2290313.21028,2186630.7312506246
1652918400,2022-05-19 00:00:00,USDC/EUR,0.95343,0.95436,0.94201,0.94539,2463344.34265,2328821.1080978834
1653004800,2022-05-20 00:00:00,USDC/EUR,0.94529,0.94873,0.94337,0.94740,409135.12205,387614.61463017
1653091200,2022-05-21 00:00:00,USDC/EUR,0.94649,0.94797,0.94281,0.94685,106980.40339,101294.39494982151
1653177600,2022-05-22 00:00:00,USDC/EUR,0.94693,0.94717,0.94454,0.94564,144915.56388,137037.9538274832
1653264000,2022-05-23 00:00:00,USDC/EUR,0.94514,0.94514,0.93342,0.93612,901520.10359,843930.9993726707
1653350400,2022-05-24 00:00:00,USDC/EUR,0.93596,0.93764,0.92792,0.93159,1923370.11986,1791792.3699603775
1653436800,2022-05-25 00:00:00,USDC/EUR,0.93205,0.93946,0.93022,0.93464,1045998.16312,977631.7231784769
1653523200,2022-05-26 00:00:00,USDC/EUR,0.93511,0.93797,0.93086,0.93201,1335156.11932,1244378.8547674334
1653609600,2022-05-27 00:00:00,USDC/EUR,0.93217,0.93449,0.92920,0.93124,220595.41776,205427.2768348224
1653696000,2022-05-28 00:00:00,USDC/EUR,0.93130,0.93294,0.93090,0.93167,237872.82573,221618.9755478691
1653782400,2022-05-29 00:00:00,USDC/EUR,0.93241,0.93272,0.93097,0.93201,30226.05678,28170.987179527798
1653868800,2022-05-30 00:00:00,USDC/EUR,0.93027,0.93066,0.92639,0.92760,576028.47653,534324.0148292279
1653955200,2022-05-31 00:00:00,USDC/EUR,0.92816,0.93569,0.92816,0.93158,278757.16049,259684.59556927418
1654041600,2022-06-01 00:00:00,USDC/EUR,0.93160,0.94028,0.92972,0.93855,394007.42611,369795.6697755405
1654128000,2022-06-02 00:00:00,USDC/EUR,0.93888,0.93912,0.93014,0.93035,341620.05480,317826.21798318
1654214400,2022-06-03 00:00:00,USDC/EUR,0.92966,0.93407,0.92621,0.93360,520004.88177,485476.557620472
1654300800,2022-06-04 00:00:00,USDC/EUR,0.93360,0.93445,0.93317,0.93356,96082.58023,89698.8535995188
1654387200,2022-06-05 00:00:00,USDC/EUR,0.93329,0.93374,0.93023,0.93247,136942.45046,127694.72678043619
1654473600,2022-06-06 00:00:00,USDC/EUR,0.93322,0.93537,0.92827,0.93511,410750.96152,384097.33162696724
1654560000,2022-06-07 00:00:00,USDC/EUR,0.93525,0.93847,0.93256,0.93317,479836.94780,447769.4445785261
1654646400,2022-06-08 00:00:00,USDC/EUR,0.93464,0.93605,0.93068,0.93299,486344.46379,453754.5212714321
1654732800,2022-06-09 00:00:00,USDC/EUR,0.93351,0.94191,0.92838,0.94185,420904.50897,396428.9117733945
1654819200,2022-06-10 00:00:00,USDC/EUR,0.94080,0.95178,0.93843,0.95106,208733.66694,198518.2412799564
1654905600,2022-06-11 00:00:00,USDC/EUR,0.95060,0.95271,0.94636,0.95155,192456.13908,183131.639141574
1654992000,2022-06-12 00:00:00,USDC/EUR,0.95153,0.95277,0.94975,0.95267,518845.55857,494288.5982828819
1655078400,2022-06-13 00:00:00,USDC/EUR,0.95312,0.96181,0.94868,0.96134,2006353.73540,1928788.0999894359
1655164800,2022-06-14 00:00:00,USDC/EUR,0.95994,0.96228,0.95399,0.95869,934663.54420,896052.593189098
1655251200,2022-06-15 00:00:00,USDC/EUR,0.95869,0.96493,0.94511,0.95605,2099157.09793,2006899.1434759765
1655337600,2022-06-16 00:00:00,USDC/EUR,0.95561,0.96290,0.94333,0.94844,601705.69144,570681.7459893535
1655424000,2022-06-17 00:00:00,USDC/EUR,0.94862,0.95708,0.94567,0.95284,925087.93829,881460.7911202436
1655510400,2022-06-18 00:00:00,USDC/EUR,0.95284,0.95747,0.95047,0.95220,711712.61636,677692.753297992
1655596800,2022-06-19 00:00:00,USDC/EUR,0.95219,0.95796,0.95083,0.95267,683155.55754,650821.8050016317
1655683200,2022-06-20 00:00:00,USDC/EUR,0.95230,0.95251,0.94690,0.94998,943420.04207,896230.1715656586
1655769600,2022-06-21 00:00:00,USDC/EUR,0.95003,0.95075,0.94484,0.94900,616396.20499,584959.9985355099
1655856000,2022-06-22 00:00:00,USDC/EUR,0.94920,0.95480,0.94178,0.94651,671319.12998,635410.2697173697
1655942400,2022-06-23 00:00:00,USDC/EUR,0.94658,0.95339,0.94387,0.95038,1348037.98355,1281148.338806249
1656028800,2022-06-24 00:00:00,USDC/EUR,0.95003,0.95185,0.94570,0.94747,225218.34734,213387.6275542298
1656115200,2022-06-25 00:00:00,USDC/EUR,0.94811,0.94881,0.94723,0.94792,123179.86976,116764.6621428992
1656201600,2022-06-26 00:00:00,USDC/EUR,0.94830,0.94899,0.94626,0.94626,76110.43600,72020.26116936
1656288000,2022-06-27 00:00:00,USDC/EUR,0.94716,0.94719,0.94207,0.94437,332382.94159,313892.4785493483
1656374400,2022-06-28 00:00:00,USDC/EUR,0.94483,0.95124,0.94330,0.95057,291011.18613,276626.5031995941
1656460800,2022-06-29 00:00:00,USDC/EUR,0.94967,0.95809,0.94859,0.95652,686492.25133,656643.5682421717
1656547200,2022-06-30 00:00:00,USDC/EUR,0.95653,0.96262,0.95092,0.95400,1351600.39746,1289426.7791768399
1656633600,2022-07-01 00:00:00,USDC/EUR,0.95517,0.96393,0.94882,0.95840,513500.36928,492138.753917952
1656720000,2022-07-02 00:00:00,USDC/EUR,0.95912,0.96017,0.95731,0.95948,83594.08007,80206.8479455636
1656806400,2022-07-03 00:00:00,USDC/EUR,0.95946,0.95946,0.95580,0.95747,168152.07920,161000.571271624
1656892800,2022-07-04 00:00:00,USDC/EUR,0.95747,0.96386,0.95034,0.95765,1512673.81979,1448612.0835218935
1656979200,2022-07-05 00:00:00,USDC/EUR,0.95797,0.97588,0.95441,0.97380,606909.53840,591008.50849392
1657065600,2022-07-06 00:00:00,USDC/EUR,0.97568,0.98358,0.97362,0.98159,368086.57312,361310.0993088608
1657152000,2022-07-07 00:00:00,USDC/EUR,0.98199,0.98492,0.97909,0.98334,357475.73740,351520.19161491597
1657238400,2022-07-08 00:00:00,USDC/EUR,0.98294,0.99345,0.98104,0.98104,494095.55821,484727.5064263384
1657324800,2022-07-09 00:00:00,USDC/EUR,0.98195,0.98272,0.98136,0.98259,73947.91693,72660.4836962487
1657411200,2022-07-10 00:00:00,USDC/EUR,0.98262,0.98323,0.98139,0.98323,66139.84617,65030.68094972911
1657497600,2022-07-11 00:00:00,USDC/EUR,0.98363,0.99613,0.98363,0.99474,541762.81529,538913.1428815747
1657584000,2022-07-12 00:00:00,USDC/EUR,0.99484,0.99998,0.99047,0.99660,1752434.43370,1746476.15662542
1657670400,2022-07-13 00:00:00,USDC/EUR,0.99653,0.99999,0.98878,0.99444,548237.97287,545189.7697408429
1657756800,2022-07-14 00:00:00,USDC/EUR,0.99592,1.00440,0.99540,0.99652,673229.89778,670887.0577357255
1657843200,2022-07-15 00:00:00,USDC/EUR,0.99832,0.99836,0.99037,0.99143,522828.87222,518348.22878507467
1657929600,2022-07-16 00:00:00,USDC/EUR,0.99114,0.99264,0.99071,0.99184,216573.94472,214806.7013310848
1658016000,2022-07-17 00:00:00,USDC/EUR,0.99221,0.99252,0.99043,0.99162,150702.25204,149439.3671679048
1658102400,2022-07-18 00:00:00,USDC/EUR,0.99066,0.99189,0.98036,0.98568,324961.30151,320307.8556723768
1658188800,2022-07-19 00:00:00,USDC/EUR,0.98593,0.98721,0.97411,0.97679,539292.72419,526775.74006155
1658275200,2022-07-20 00:00:00,USDC/EUR,0.97666,0.98399,0.97347,0.98263,254428.83405,250009.4052025515
1658361600,2022-07-21 00:00:00,USDC/EUR,0.98148,0.98370,0.97349,0.97813,726306.36004,710422.0399459254
1658448000,2022-07-22 00:00:00,USDC/EUR,0.97813,0.98614,0.97586,0.98000,345273.62917,338368.15658659994
1658534400,2022-07-23 00:00:00,USDC/EUR,0.98012,0.98173,0.97945,0.97949,99194.71733,97160.2336775617
1658620800,2022-07-24 00:00:00,USDC/EUR,0.97953,0.98054,0.97932,0.98043,41869.19513,41049.8149813059
1658707200,2022-07-25 00:00:00,USDC/EUR,0.98093,0.98149,0.97533,0.97803,266828.65962,260966.43396814857
1658793600,2022-07-26 00:00:00,USDC/EUR,0.97752,0.98902,0.97632,0.98710,351284.85003,346753.275464613
1658880000,2022-07-27 00:00:00,USDC/EUR,0.98644,0.99000,0.97891,0.98097,365262.00654,358311.07055554376
1658966400,2022-07-28 00:00:00,USDC/EUR,0.97985,0.98799,0.97715,0.98107,205854.59571,201957.7682132097
1659052800,2022-07-29 00:00:00,USDC/EUR,0.97980,0.98480,0.97555,0.97831,425460.76223,416232.5182972313
1659139200,2022-07-30 00:00:00,USDC/EUR,0.97828,0.97898,0.97765,0.97849,102006.09545,99811.9443368705
1659225600,2022-07-31 00:00:00,USDC/EUR,0.97865,0.97969,0.97700,0.97927,131613.79770,128885.443673679
1659312000,2022-08-01 00:00:00,USDC/EUR,0.97870,0.97919,0.97315,0.97385,511055.78876,497691.679883926
1659398400,2022-08-02 00:00:00,USDC/EUR,0.97410,0.98474,0.97179,0.98266,337943.11012,332083.1765905192
1659484800,2022-08-03 00:00:00,USDC/EUR,0.98480,0.98742,0.97893,0.98423,559428.51973,550606.331973858
1659571200,2022-08-04 00:00:00,USDC/EUR,0.98394,0.98417,0.97522,0.97561,302524.55595,295145.9820303795
1659657600,2022-08-05 00:00:00,USDC/EUR,0.97725,0.98496,0.97068,0.98184,445895.57088,437798.1073128192
1659744000,2022-08-06 00:00:00,USDC/EUR,0.98180,0.98499,0.97897,0.97897,113979.66362,111582.6712940714
1659830400,2022-08-07 00:00:00,USDC/EUR,0.98224,0.98287,0.98162,0.98232,99651.56692,97889.7272168544
1659916800,2022-08-08 00:00:00,USDC/EUR,0.98355,0.98355,0.97709,0.97993,390107.34367,382277.88928254304
1660003200,2022-08-09 00:00:00,USDC/EUR,0.98080,0.98113,0.97570,0.97995,293994.28629,288099.7008498855
1660089600,2022-08-10 00:00:00,USDC/EUR,0.97992,0.98000,0.96310,0.97035,1808547.63830,1754924.200824405
1660176000,2022-08-11 00:00:00,USDC/EUR,0.97009,0.97263,0.96475,0.96901,721673.40516,699308.7463340916
1660262400,2022-08-12 00:00:00,USDC/EUR,0.96834,0.97547,0.96834,0.97424,282825.74941,275540.1581051984
1660348800,2022-08-13 00:00:00,USDC/EUR,0.97460,0.97513,0.97300,0.97496,261441.57141,254895.07446189362
1660435200,2022-08-14 00:00:00,USDC/EUR,0.97498,0.97580,0.96704,0.97504,1173807.31162,1144509.0811219648
1660521600,2022-08-15 00:00:00,USDC/EUR,0.97418,0.98474,0.97417,0.98359,631080.71186,620724.6773783774
1660608000,2022-08-16 00:00:00,USDC/EUR,0.98459,0.98738,0.98090,0.98277,159589.16032,156839.4390876864
1660694400,2022-08-17 00:00:00,USDC/EUR,0.98266,0.98520,0.98012,0.98248,357013.53756,350758.6603819488
1660780800,2022-08-18 00:00:00,USDC/EUR,0.98205,0.99196,0.98091,0.99083,326666.01435,323670.4869984105
1660867200,2022-08-19 00:00:00,USDC/EUR,0.99154,0.99923,0.99045,0.99546,471337.44085,469197.56886854104
1660953600,2022-08-20 00:00:00,USDC/EUR,0.99504,0.99702,0.99058,0.99644,864727.47591,861649.0460957604
1661040000,2022-08-21 00:00:00,USDC/EUR,0.99604,0.99741,0.99500,0.99643,695019.06458,692537.8465194494
1661126400,2022-08-22 00:00:00,USDC/EUR,0.99685,1.00700,0.99571,1.00602,556939.35156,560292.1264563912
1661212800,2022-08-23 00:00:00,USDC/EUR,1.00513,1.00882,0.99879,1.00305,546561.11088,548228.1222681841
1661299200,2022-08-24 00:00:00,USDC/EUR,1.00315,1.00866,1.00039,1.00285,222597.34151,223231.7439333035
1661385600,2022-08-25 00:00:00,USDC/EUR,1.00115,1.00423,0.99674,1.00245,124990.18625,125296.41220631251
1661472000,2022-08-26 00:00:00,USDC/EUR,1.00249,1.00420,0.99171,1.00420,517174.35245,519346.48473029
1661558400,2022-08-27 00:00:00,USDC/EUR,1.00411,1.00529,1.00382,1.00391,335289.40229,336600.3838529539
1661644800,2022-08-28 00:00:00,USDC/EUR,1.00444,1.01093,1.00352,1.00691,216174.50355,217668.2693695305
1661731200,2022-08-29 00:00:00,USDC/EUR,1.00648,1.00827,0.99729,1.00029,218477.20947,218540.5678607463
1661817600,2022-08-30 00:00:00,USDC/EUR,0.99925,1.00152,0.99480,0.99715,264484.57360,263730.79256524
1661904000,2022-08-31 00:00:00,USDC/EUR,0.99706,1.00200,0.99228,0.99515,440746.29906,438608.679509559
1661990400,2022-09-01 00:00:00,USDC/EUR,0.99650,1.00708,0.99576,1.00506,529051.44707,531728.4473921743
1662076800,2022-09-02 00:00:00,USDC/EUR,1.00357,1.00516,0.99638,1.00439,655158.44753,658034.5931146566
1662163200,2022-09-03 00:00:00,USDC/EUR,1.00384,1.00475,0.98804,1.00442,1446784.98317,1453179.7727956115
1662249600,2022-09-04 00:00:00,USDC/EUR,1.00450,1.00894,1.00410,1.00852,755029.64305,761462.495608786
1662336000,2022-09-05 00:00:00,USDC/EUR,1.00875,1.01166,1.00160,1.00491,371159.59438,372981.9879884058
1662422400,2022-09-06 00:00:00,USDC/EUR,1.00443,1.01299,1.00138,1.01059,837562.78876,846432.5786929685
1662508800,2022-09-07 00:00:00,USDC/EUR,1.01023,1.01224,0.99800,1.00052,430975.65904,431199.7663827008
1662595200,2022-09-08 00:00:00,USDC/EUR,1.00039,1.00590,0.99731,0.99914,1298357.72318,1297241.135538065
1662681600,2022-09-09 00:00:00,USDC/EUR,0.99690,0.99692,0.98663,0.99471,1876957.02512,1867027.922457115
1662768000,2022-09-10 00:00:00,USDC/EUR,0.99486,0.99486,0.99394,0.99409,109450.51322,108803.6606868698
1662854400,2022-09-11 00:00:00,USDC/EUR,0.99407,0.99472,0.98989,0.99262,485699.78044,482115.3160603528
1662940800,2022-09-12 00:00:00,USDC/EUR,0.99243,0.99291,0.98090,0.98762,1515839.28472,1497073.1943751667
1663027200,2022-09-13 00:00:00,USDC/EUR,0.98724,1.00427,0.97716,1.00228,2187006.50028,2191992.8751006383
1663113600,2022-09-14 00:00:00,USDC/EUR,1.00213,1.00380,0.99744,1.00108,808640.15714,809513.4885097112
1663200000,2022-09-15 00:00:00,USDC/EUR,1.00192,1.00412,0.99831,1.00088,245396.97066,245612.9199941808
1663286400,2022-09-16 00:00:00,USDC/EUR,1.00087,1.00464,0.99684,0.99867,663421.82724,662539.4762097708
1663372800,2022-09-17 00:00:00,USDC/EUR,0.99838,0.99920,0.99828,0.99874,230524.23569,230233.77515303058
1663459200,2022-09-18 00:00:00,USDC/EUR,0.99894,0.99914,0.99817,0.99838,252727.37041,252317.95206993583
1663545600,2022-09-19 00:00:00,USDC/EUR,0.99768,1.00459,0.99728,0.99743,1034759.36096,1032100.0294023328
1663632000,2022-09-20 00:00:00,USDC/EUR,0.99654,1.00500,0.99567,1.00291,501846.85500,503307.22934804996
1663718400,2022-09-21 00:00:00,USDC/EUR,1.00356,1.01901,1.00313,1.01713,1972707.16061,2006499.6342712494
1663804800,2022-09-22 00:00:00,USDC/EUR,1.01732,1.01938,1.00965,1.01633,1744716.04635,1773207.2593868955
1663891200,2022-09-23 00:00:00,USDC/EUR,1.01627,1.03355,1.01583,1.03095,1134679.14018,1169797.459568571
1663977600,2022-09-24 00:00:00,USDC/EUR,1.03111,1.03138,1.03073,1.03104,83127.93389,85708.2249579456
1664064000,2022-09-25 00:00:00,USDC/EUR,1.03119,1.03369,1.02636,1.03241,1155273.89209,1192716.3189326369
1664150400,2022-09-26 00:00:00,USDC/EUR,1.03304,1.04523,1.03051,1.03933,2071990.97341,2153482.3783942154
1664236800,2022-09-27 00:00:00,USDC/EUR,1.03895,1.04420,1.03404,1.04299,962848.77359,1004241.6423666342
1664323200,2022-09-28 00:00:00,USDC/EUR,1.04463,1.04792,1.02580,1.02919,1276819.78507,1314090.1545961935
1664409600,2022-09-29 00:00:00,USDC/EUR,1.02988,1.03707,1.01621,1.01707,713881.86297,726067.8263708978
1664496000,2022-09-30 00:00:00,USDC/EUR,1.01768,1.02658,1.01371,1.02006,814028.05375,830357.456508225
1664582400,2022-10-01 00:00:00,USDC/EUR,1.02007,1.02093,1.01842,1.02056,221764.89138,226324.37754677277
1664668800,2022-10-02 00:00:00,USDC/EUR,1.02056,1.02141,1.01974,1.02137,528265.11668,539554.1422234515
1664755200,2022-10-03 00:00:00,USDC/EUR,1.02170,1.02440,1.01650,1.01694,727581.94063,739907.1787042721
1664841600,2022-10-04 00:00:00,USDC/EUR,1.01679,1.01905,1.00006,1.00162,833175.31124,834525.0552442087
1664928000,2022-10-05 00:00:00,USDC/EUR,1.00127,1.01620,1.00039,1.00919,938805.41534,947433.0371069746
1665014400,2022-10-06 00:00:00,USDC/EUR,1.00804,1.02138,1.00689,1.02014,445311.07936,454279.6444983104
1665100800,2022-10-07 00:00:00,USDC/EUR,1.02092,1.02758,1.01651,1.02693,1175434.75067,1207089.208505543
1665187200,2022-10-08 00:00:00,USDC/EUR,1.02695,1.02695,1.02643,1.02690,205640.29063,211172.01444794697
1665273600,2022-10-09 00:00:00,USDC/EUR,1.02678,1.02775,1.02163,1.02755,490022.19728,503522.308815064
1665360000,2022-10-10 00:00:00,USDC/EUR,1.02693,1.03214,1.02525,1.03022,532852.28080,548955.076725776
1665446400,2022-10-11 00:00:00,USDC/EUR,1.03052,1.03349,1.00517,1.03017,932003.04408,960121.5759198937
1665532800,2022-10-12 00:00:00,USDC/EUR,1.03057,1.03287,1.02478,1.02943,945040.41370,972852.9530751911
1665619200,2022-10-13 00:00:00,USDC/EUR,1.03033,1.03753,1.02041,1.02256,858576.18685,877945.665625336
1665705600,2022-10-14 00:00:00,USDC/EUR,1.02337,1.02870,1.01946,1.02825,749387.08334,770557.2684443551
1665792000,2022-10-15 00:00:00,USDC/EUR,1.02863,1.02916,1.02854,1.02900,141150.00376,145243.35386903997
1665878400,2022-10-16 00:00:00,USDC/EUR,1.02903,1.02927,1.02623,1.02624,324013.86839,332515.9922965536
1665964800,2022-10-17 00:00:00,USDC/EUR,1.02632,1.02712,1.01520,1.01523,1006021.55954,1021343.2678917943
1666051200,2022-10-18 00:00:00,USDC/EUR,1.01475,1.01719,1.01209,1.01284,901174.05028,912745.1250855952
1666137600,2022-10-19 00:00:00,USDC/EUR,1.01385,1.02401,1.01385,1.02234,656859.97122,671534.2229770548
1666224000,2022-10-20 00:00:00,USDC/EUR,1.02408,1.02408,1.01562,1.02186,816048.89704,833887.7259292944
1666310400,2022-10-21 00:00:00,USDC/EUR,1.02219,1.02943,1.01354,1.01416,1364164.16148,1383480.7260065568
1666396800,2022-10-22 00:00:00,USDC/EUR,1.01405,1.01449,1.01366,1.01433,95500.89727,96869.42512787909
1666483200,2022-10-23 00:00:00,USDC/EUR,1.01449,1.01661,1.01009,1.01398,1244599.49174,1261998.9926345253
1666569600,2022-10-24 00:00:00,USDC/EUR,1.01440,1.01860,1.01056,1.01215,622371.80621,629933.6236554515
1666656000,2022-10-25 00:00:00,USDC/EUR,1.01018,1.01433,1.00219,1.00390,1042526.73506,1046592.589326734
1666742400,2022-10-26 00:00:00,USDC/EUR,1.00414,1.00532,0.98000,0.99135,1162067.91593,1152016.0284572053
1666828800,2022-10-27 00:00:00,USDC/EUR,0.99200,1.00502,0.99166,1.00230,1007380.68380,1009697.65937274
1666915200,2022-10-28 00:00:00,USDC/EUR,1.00323,1.00677,0.99978,1.00318,795563.61251,798093.5047977818
1667001600,2022-10-29 00:00:00,USDC/EUR,1.00316,1.00332,0.99949,1.00281,508262.69423,509690.9124007863
1667088000,2022-10-30 00:00:00,USDC/EUR,1.00268,1.00486,0.99756,1.00368,684317.10080,686835.387730944
1667174400,2022-10-31 00:00:00,USDC/EUR,1.00490,1.01210,1.00389,1.01146,371078.56300,375331.12333198
1667260800,2022-11-01 00:00:00,USDC/EUR,1.01178,1.01456,1.00272,1.01233,647777.87925,655764.9805011525
1667347200,2022-11-02 00:00:00,USDC/EUR,1.01223,1.01920,1.00316,1.01881,1066407.95069,1086467.084242479
1667433600,2022-11-03 00:00:00,USDC/EUR,1.01896,1.02679,1.01635,1.02537,455104.96356,466650.97648551717
1667520000,2022-11-04 00:00:00,USDC/EUR,1.02449,1.02513,1.00345,1.00409,651329.34576,653993.2827841584
1667606400,2022-11-05 00:00:00,USDC/EUR,1.00411,1.00427,1.00300,1.00390,277499.34239,278581.589825321
1667692800,2022-11-06 00:00:00,USDC/EUR,1.00390,1.00959,1.00385,1.00719,680089.86703,684979.7131739457
1667779200,2022-11-07 00:00:00,USDC/EUR,1.00697,1.00814,0.99650,0.99764,1366307.42002,1363082.9345087528
1667865600,2022-11-08 00:00:00,USDC/EUR,0.99770,1.00197,0.98999,0.99354,3729181.46947,3705090.9571772236
1667952000,2022-11-09 00:00:00,USDC/EUR,0.99380,1.00338,0.98000,0.99795,3036334.84384,3030110.357410128
1668038400,2022-11-10 00:00:00,USDC/EUR,0.99899,1.00836,0.98000,0.98029,2339315.85445,2293207.9389587906
1668124800,2022-11-11 00:00:00,USDC/EUR,0.98259,0.98865,0.96402,0.96730,3139748.25066,3037078.482863418
1668211200,2022-11-12 00:00:00,USDC/EUR,0.96720,0.96870,0.96190,0.96414,1251828.77590,1206938.195996226
1668297600,2022-11-13 00:00:00,USDC/EUR,0.96527,0.97005,0.95840,0.96789,657888.65405,636763.8493684545
1668384000,2022-11-14 00:00:00,USDC/EUR,0.96782,0.97363,0.96284,0.96890,3232539.48473,3132007.506754897
1668470400,2022-11-15 00:00:00,USDC/EUR,0.96811,1.00479,0.95426,0.96569,2616633.86470,2526857.156802143
1668556800,2022-11-16 00:00:00,USDC/EUR,0.96565,0.97000,0.94980,0.96310,2774555.84191,2672174.731343521
1668643200,2022-11-17 00:00:00,USDC/EUR,0.96267,0.99298,0.95983,0.96447,1756617.68378,1694205.0574752968
1668729600,2022-11-18 00:00:00,USDC/EUR,0.96440,0.96941,0.95869,0.96869,731103.20316,708212.3618690604
1668816000,2022-11-19 00:00:00,USDC/EUR,0.96855,0.98662,0.96743,0.96800,312235.14669,302243.62199592
1668902400,2022-11-20 00:00:00,USDC/EUR,0.96812,0.98383,0.96364,0.96703,675349.79053,653083.5079362259
1668988800,2022-11-21 00:00:00,USDC/EUR,0.96783,0.98423,0.96687,0.97560,1847866.70074,1802778.7532419441
1669075200,2022-11-22 00:00:00,USDC/EUR,0.97621,0.97621,0.96504,0.96945,1325521.94138,1285027.246070841
1669161600,2022-11-23 00:00:00,USDC/EUR,0.96964,0.97018,0.94325,0.95931,1586848.93623,1522280.0530148013
1669248000,2022-11-24 00:00:00,USDC/EUR,0.95929,0.96120,0.95592,0.95944,1106697.71218,1061810.0529739792
1669334400,2022-11-25 00:00:00,USDC/EUR,0.95958,0.96443,0.95084,0.95973,945074.54585,907016.3938886204
1669420800,2022-11-26 00:00:00,USDC/EUR,0.95961,0.96210,0.95909,0.96101,204229.72939,196266.8122410839
1669507200,2022-11-27 00:00:00,USDC/EUR,0.96071,0.96625,0.96028,0.96365,298477.87894,287628.208040531
1669593600,2022-11-28 00:00:00,USDC/EUR,0.96388,0.96784,0.95180,0.96626,394711.13887,381393.5850445262
1669680000,2022-11-29 00:00:00,USDC/EUR,0.96563,0.96801,0.95672,0.96801,398531.48907,385782.4667346507
1669766400,2022-11-30 00:00:00,USDC/EUR,0.96753,0.97073,0.95877,0.95922,804745.41169,771927.8938012817
1669852800,2022-12-01 00:00:00,USDC/EUR,0.95871,0.96139,0.94895,0.94957,1808867.49487,1717646.307103706
1669939200,2022-12-02 00:00:00,USDC/EUR,0.95020,0.95957,0.94728,0.94929,448683.27852,425930.54946625076
1670025600,2022-12-03 00:00:00,USDC/EUR,0.94929,0.95059,0.94825,0.94902,73459.20384,69714.2536282368
1670112000,2022-12-04 00:00:00,USDC/EUR,0.94885,0.95044,0.94772,0.94831,348770.55324,330742.6033430244
1670198400,2022-12-05 00:00:00,USDC/EUR,0.94848,0.95349,0.94197,0.95150,892261.52850,848986.84436775
1670284800,2022-12-06 00:00:00,USDC/EUR,0.95255,0.95532,0.94875,0.95445,684941.49233,653742.4073543686
1670371200,2022-12-07 00:00:00,USDC/EUR,0.95385,0.95945,0.94802,0.95156,677485.99502,644668.5734212312
1670457600,2022-12-08 00:00:00,USDC/EUR,0.95163,0.95919,0.94440,0.94704,2132973.56238,2020011.2825163552
1670544000,2022-12-09 00:00:00,USDC/EUR,0.94652,0.95622,0.94331,0.94902,1629283.26669,1546222.4057541436
1670630400,2022-12-10 00:00:00,USDC/EUR,0.94936,0.95157,0.94822,0.94858,469810.31245,445652.66618382104
1670716800,2022-12-11 00:00:00,USDC/EUR,0.94871,0.95022,0.94836,0.94996,185718.55223,176425.1958764108
1670803200,2022-12-12 00:00:00,USDC/EUR,0.94998,0.95264,0.94281,0.94738,2116160.83735,2004808.4540886432
1670889600,2022-12-13 00:00:00,USDC/EUR,0.94786,0.95111,0.92486,0.94000,1985603.19613,1866467.0043622
1670976000,2022-12-14 00:00:00,USDC/EUR,0.94000,0.94721,0.93430,0.93567,1589182.30271,1486950.2051766657
1671062400,2022-12-15 00:00:00,USDC/EUR,0.93690,0.95162,0.93132,0.93905,4297060.86705,4035155.0072033023
1671148800,2022-12-16 00:00:00,USDC/EUR,0.93882,0.94599,0.93150,0.94599,5648308.97104,5343243.8035141295
1671235200,2022-12-17 00:00:00,USDC/EUR,0.94445,0.94554,0.93961,0.94370,1263766.64046,1192616.578602102
1671321600,2022-12-18 00:00:00,USDC/EUR,0.94370,0.94439,0.94116,0.94406,463057.76724,437154.3157405944
1671408000,2022-12-19 00:00:00,USDC/EUR,0.94405,0.94481,0.93701,0.94185,3240561.15687,3052122.5255980096
1671494400,2022-12-20 00:00:00,USDC/EUR,0.94183,0.94349,0.93810,0.94101,5479342.48400,5156116.07086884
1671580800,2022-12-21 00:00:00,USDC/EUR,0.94094,0.94395,0.93946,0.94256,413819.54305,390049.74849720794
1671667200,2022-12-22 00:00:00,USDC/EUR,0.94194,0.94507,0.93861,0.94281,593667.87999,559716.013933372
1671753600,2022-12-23 00:00:00,USDC/EUR,0.94274,0.94362,0.92475,0.94079,1396629.84096,1313935.3880767585
1671840000,2022-12-24 00:00:00,USDC/EUR,0.94104,0.94110,0.92729,0.94020,1380646.56195,1298083.89754539
1671926400,2022-12-25 00:00:00,USDC/EUR,0.94019,0.94953,0.93480,0.94039,1199958.66517,1128429.1291392162
1672012800,2022-12-26 00:00:00,USDC/EUR,0.94000,0.95022,0.93558,0.93872,1294355.42299,1215037.322669173
1672099200,2022-12-27 00:00:00,USDC/EUR,0.93905,0.94153,0.93556,0.93947,1312148.51339,1232724.1638745032
1672185600,2022-12-28 00:00:00,USDC/EUR,0.93951,0.94450,0.93689,0.94031,941712.72575,885501.8931499824
1672272000,2022-12-29 00:00:00,USDC/EUR,0.94067,0.94450,0.93550,0.93729,1241269.65916,1163429.6388340765
1672358400,2022-12-30 00:00:00,USDC/EUR,0.93711,0.93940,0.93170,0.93370,887280.29877,828453.6149615489
1672444800,2022-12-31 00:00:00,USDC/EUR,0.93398,0.93444,0.93276,0.93300,37623.13291,35102.38300503
1672531200,2023-01-01 00:00:00,USDC/EUR,0.93304,0.93827,0.93302,0.93385,184208.02194,172022.66128866898
1672617600,2023-01-02 00:00:00,USDC/EUR,0.93414,0.93890,0.92697,0.93574,992828.18652,929029.0472542248
1672704000,2023-01-03 00:00:00,USDC/EUR,0.93634,0.94898,0.93042,0.94669,1851959.75849,1753231.783764898
1672790400,2023-01-04 00:00:00,USDC/EUR,0.94729,0.94729,0.93943,0.94267,362218.23110,341452.259911037
1672876800,2023-01-05 00:00:00,USDC/EUR,0.94025,0.97650,0.93942,0.95108,1265930.96432,1204001.6215454657
1672963200,2023-01-06 00:00:00,USDC/EUR,0.95044,0.95341,0.93889,0.93974,192926.35791,181300.6155823434
1673049600,2023-01-07 00:00:00,USDC/EUR,0.93969,0.94026,0.93810,0.93884,84981.81821,79784.3302082764
1673136000,2023-01-08 00:00:00,USDC/EUR,0.93888,0.94160,0.93580,0.93825,178601.32567,167572.6938098775
1673222400,2023-01-09 00:00:00,USDC/EUR,0.93779,0.93873,0.92815,0.93167,832928.35930,776014.3645090311
1673308800,2023-01-10 00:00:00,USDC/EUR,0.93139,0.93306,0.92766,0.93123,486524.92053,453066.6017451519
1673395200,2023-01-11 00:00:00,USDC/EUR,0.93193,0.93193,0.92738,0.92863,222288.67181,206423.9293029203
1673481600,2023-01-12 00:00:00,USDC/EUR,0.92824,0.93615,0.92109,0.92109,1703209.37114,1568809.1196633426
1673568000,2023-01-13 00:00:00,USDC/EUR,0.92109,0.92749,0.92099,0.92296,72325.95928,66753.9673770688
1673654400,2023-01-14 00:00:00,USDC/EUR,0.92275,0.92318,0.92053,0.92152,669609.42043,617058.4731146536
1673740800,2023-01-15 00:00:00,USDC/EUR,0.92132,0.92350,0.91868,0.92321,450687.27676,416079.0007775996
1673827200,2023-01-16 00:00:00,USDC/EUR,0.92252,0.92559,0.91938,0.92378,954420.20424,881674.2962728272
1673913600,2023-01-17 00:00:00,USDC/EUR,0.92277,0.92792,0.91976,0.92648,565846.18437,524245.1728951176
1674000000,2023-01-18 00:00:00,USDC/EUR,0.92684,0.92819,0.91869,0.92616,302976.77900,280604.97363863996
1674086400,2023-01-19 00:00:00,USDC/EUR,0.92507,0.92871,0.92075,0.92425,359018.12572,331822.50269671
1674172800,2023-01-20 00:00:00,USDC/EUR,0.92568,0.92794,0.92045,0.92153,364644.53960,336030.882577588
1674259200,2023-01-21 00:00:00,USDC/EUR,0.92042,0.92191,0.91989,0.92053,337401.93147,310588.5999760791
1674345600,2023-01-22 00:00:00,USDC/EUR,0.92130,0.92178,0.91879,0.92046,90422.35039,83230.1566399794
1674432000,2023-01-23 00:00:00,USDC/EUR,0.91915,0.92186,0.91543,0.92044,380020.18160,349785.775951904
1674518400,2023-01-24 00:00:00,USDC/EUR,0.92018,0.92219,0.91723,0.91940,291690.56634,268180.306692996
1674604800,2023-01-25 00:00:00,USDC/EUR,0.91870,0.92079,0.91542,0.91646,200879.56927,184098.09005318422
1674691200,2023-01-26 00:00:00,USDC/EUR,0.91653,0.92093,0.91294,0.91793,859010.70876,788511.6998920668
1674777600,2023-01-27 00:00:00,USDC/EUR,0.91777,0.92802,0.91770,0.92066,143486.30963,132102.10582395582
1674864000,2023-01-28 00:00:00,USDC/EUR,0.92068,0.92411,0.91955,0.91983,209953.64487,193121.66116077208
1674950400,2023-01-29 00:00:00,USDC/EUR,0.92062,0.92100,0.91747,0.92057,193495.26200,178125.93333934
1675036800,2023-01-30 00:00:00,USDC/EUR,0.92015,0.92267,0.91534,0.92193,98540.69207,90847.6202400951
1675123200,2023-01-31 00:00:00,USDC/EUR,0.92168,0.92574,0.91914,0.92059,115532.19098,106357.7796942782
1675209600,2023-02-01 00:00:00,USDC/EUR,0.92059,0.92132,0.90678,0.90862,480309.26078,436418.6005299236
1675296000,2023-02-02 00:00:00,USDC/EUR,0.90831,0.91716,0.90583,0.91633,390101.93361,357462.1048248513
1675382400,2023-02-03 00:00:00,USDC/EUR,0.91734,0.92613,0.91342,0.92613,251826.27558,233223.8686029054
1675468800,2023-02-04 00:00:00,USDC/EUR,0.92483,0.92627,0.92400,0.92597,140796.45413,130373.2926307561
1675555200,2023-02-05 00:00:00,USDC/EUR,0.92591,0.93400,0.92475,0.92779,451585.70036,418976.6969370044
1675641600,2023-02-06 00:00:00,USDC/EUR,0.92725,0.93357,0.92587,0.93285,256447.27161,239226.83732138848
1675728000,2023-02-07 00:00:00,USDC/EUR,0.93226,0.93863,0.92957,0.93096,185142.68950,172360.43821692
1675814400,2023-02-08 00:00:00,USDC/EUR,0.93128,0.93360,0.92866,0.93357,222517.13413,207735.3209097441
1675900800,2023-02-09 00:00:00,USDC/EUR,0.93224,0.93235,0.92635,0.93120,105438.04021,98183.90304355201
1675987200,2023-02-10 00:00:00,USDC/EUR,0.93110,0.93800,0.93037,0.93700,367508.99593,344355.92918641
1676073600,2023-02-11 00:00:00,USDC/EUR,0.93734,0.93803,0.93587,0.93770,149958.51014,140616.094958278
1676160000,2023-02-12 00:00:00,USDC/EUR,0.93772,0.93892,0.93665,0.93705,132813.64998,124453.030713759
1676246400,2023-02-13 00:00:00,USDC/EUR,0.93755,0.93870,0.93125,0.93225,261469.76409,243755.1875729025
1676332800,2023-02-14 00:00:00,USDC/EUR,0.93166,0.93308,0.92608,0.93134,521557.90447,485747.73874908977
1676419200,2023-02-15 00:00:00,USDC/EUR,0.93068,0.93745,0.91009,0.93351,1792125.55621,1672967.127977597
1676505600,2023-02-16 00:00:00,USDC/EUR,0.93353,0.93747,0.93000,0.93713,658269.34814,616883.9542224383
1676592000,2023-02-17 00:00:00,USDC/EUR,0.93714,0.94450,0.93488,0.93546,365796.09344,342187.6135693824
1676678400,2023-02-18 00:00:00,USDC/EUR,0.93485,0.93830,0.93157,0.93746,426457.01074,399786.3892883204
1676764800,2023-02-19 00:00:00,USDC/EUR,0.93560,1.00000,0.93363,0.93523,247188.78857,231178.3707343211
1676851200,2023-02-20 00:00:00,USDC/EUR,0.93569,0.93666,0.93330,0.93577,544161.55024,509210.0538680848
1676937600,2023-02-21 00:00:00,USDC/EUR,0.93582,0.93974,0.93526,0.93904,173628.22524,163043.8486293696
1677024000,2023-02-22 00:00:00,USDC/EUR,0.93764,0.94332,0.93662,0.94142,2681139.06986,2524077.9431476016
1677110400,2023-02-23 00:00:00,USDC/EUR,0.94249,0.94387,0.93883,0.94236,2704598.42697,2548705.373639449
1677196800,2023-02-24 00:00:00,USDC/EUR,0.94246,0.94775,0.93908,0.94700,2601771.40827,2463877.52363169
1677283200,2023-02-25 00:00:00,USDC/EUR,0.94698,0.94770,0.94624,0.94770,676771.26812,641376.130797324
1677369600,2023-02-26 00:00:00,USDC/EUR,0.94769,0.94870,0.94622,0.94744,185650.27199,175892.4936942056
1677456000,2023-02-27 00:00:00,USDC/EUR,0.94716,0.94856,0.93998,0.94236,281676.17213,265440.3575684268
1677542400,2023-02-28 00:00:00,USDC/EUR,0.94200,0.94515,0.93866,0.94395,258170.45918,243700.004942961
1677628800,2023-03-01 00:00:00,USDC/EUR,0.94544,0.94553,0.93572,0.93633,310049.39006,290308.5453948798
1677715200,2023-03-02 00:00:00,USDC/EUR,0.93835,0.94497,0.93833,0.94342,346063.19983,326482.94398361864
1677801600,2023-03-03 00:00:00,USDC/EUR,0.94266,0.94404,0.93986,0.93986,220496.48171,207235.8232999606
1677888000,2023-03-04 00:00:00,USDC/EUR,0.94036,0.94092,0.93944,0.94092,46220.40899,43489.7072268708
1677974400,2023-03-05 00:00:00,USDC/EUR,0.94064,0.94142,0.93979,0.94100,81359.37636,76559.17315475999
1678060800,2023-03-06 00:00:00,USDC/EUR,0.94065,0.94118,0.93550,0.93577,634171.75324,593438.9015293948
1678147200,2023-03-07 00:00:00,USDC/EUR,0.93588,0.94754,0.93504,0.94721,960625.33812,909913.9265206452
1678233600,2023-03-08 00:00:00,USDC/EUR,0.94766,0.94921,0.94533,0.94765,637563.43984,604186.993764376
1678320000,2023-03-09 00:00:00,USDC/EUR,0.94773,0.94859,0.94370,0.94490,777351.32706,734519.268938994
1678406400,2023-03-10 00:00:00,USDC/EUR,0.94484,0.94820,0.91509,0.93745,2839346.54232,2661745.416097884
1678492800,2023-03-11 00:00:00,USDC/EUR,0.93747,0.93941,0.87159,0.90452,7015726.31871,6345864.76979957
1678579200,2023-03-12 00:00:00,USDC/EUR,0.90430,0.92707,0.88000,0.92706,3296716.13463,3056253.659770088
1678665600,2023-03-13 00:00:00,USDC/EUR,0.92699,0.93100,0.87169,0.92180,1720687.49768,1586129.735361424
1678752000,2023-03-14 00:00:00,USDC/EUR,0.92180,0.92807,0.88088,0.92500,1759085.42574,1627154.0188095002
1678838400,2023-03-15 00:00:00,USDC/EUR,0.92500,0.94877,0.92290,0.94338,2758776.39803,2602574.478373541
1678924800,2023-03-16 00:00:00,USDC/EUR,0.94339,0.94465,0.93848,0.94110,1155310.39814,1087262.615689554
1679011200,2023-03-17 00:00:00,USDC/EUR,0.94133,0.94502,0.93453,0.93571,845649.84954,791283.0207130734
1679097600,2023-03-18 00:00:00,USDC/EUR,0.93554,0.93602,0.93368,0.93527,423047.98472,395664.0886690744
1679184000,2023-03-19 00:00:00,USDC/EUR,0.93527,0.93641,0.93461,0.93579,343731.78287,321660.7650919173
1679270400,2023-03-20 00:00:00,USDC/EUR,0.93547,0.94800,0.92922,0.93185,2055771.26208,1915670.4505692478
1679356800,2023-03-21 00:00:00,USDC/EUR,0.93141,0.93412,0.92676,0.92766,1302882.73481,1208632.1977738447
1679443200,2023-03-22 00:00:00,USDC/EUR,0.92726,0.92876,0.91519,0.92005,679691.55911,625350.2189591556
1679529600,2023-03-23 00:00:00,USDC/EUR,0.91918,0.92328,0.91537,0.92242,680466.26759,627675.6945503678
1679616000,2023-03-24 00:00:00,USDC/EUR,0.92278,0.93204,0.92238,0.93018,423805.14897,394215.0734689146
1679702400,2023-03-25 00:00:00,USDC/EUR,0.93015,0.93050,0.92960,0.93011,44877.76761,41741.2604317371
1679788800,2023-03-26 00:00:00,USDC/EUR,0.93016,0.93016,0.92748,0.92788,173992.36468,161444.0353392784
1679875200,2023-03-27 00:00:00,USDC/EUR,0.92861,0.92987,0.92500,0.92529,404921.36483,374669.68966355064
1679961600,2023-03-28 00:00:00,USDC/EUR,0.92500,0.92524,0.92185,0.92236,317954.35701,293268.3807317436
1680048000,2023-03-29 00:00:00,USDC/EUR,0.92206,0.92389,0.91923,0.92158,293086.83803,270102.96819168737
1680134400,2023-03-30 00:00:00,USDC/EUR,0.92198,0.92343,0.91571,0.91750,459066.61492,421193.6191891
1680220800,2023-03-31 00:00:00,USDC/EUR,0.91739,0.92277,0.91598,0.92227,560950.57379,517347.8856893034
1680307200,2023-04-01 00:00:00,USDC/EUR,0.92218,0.92266,0.92162,0.92238,184145.63969,169852.2551372622
1680393600,2023-04-02 00:00:00,USDC/EUR,0.92236,0.92550,0.92209,0.92523,147638.58984,136599.6524776632
1680480000,2023-04-03 00:00:00,USDC/EUR,0.92540,0.92690,0.91684,0.91687,2695429.86583,2471358.781083552
1680566400,2023-04-04 00:00:00,USDC/EUR,0.91719,0.91929,0.91209,0.91270,684806.00631,625022.441959137
1680652800,2023-04-05 00:00:00,USDC/EUR,0.91240,0.91839,0.91174,0.91663,943866.31776,865176.1828483487
1680739200,2023-04-06 00:00:00,USDC/EUR,0.91686,0.91855,0.91283,0.91629,562995.78608,515867.4088272432
1680825600,2023-04-07 00:00:00,USDC/EUR,0.91593,0.91882,0.91581,0.91734,140036.86482,128461.41757397879
1680912000,2023-04-08 00:00:00,USDC/EUR,0.91707,0.91861,0.91707,0.91857,112029.52325,102906.9591717525
1680998400,2023-04-09 00:00:00,USDC/EUR,0.91852,0.91852,0.91708,0.91708,83498.06408,76574.4046064864
1681084800,2023-04-10 00:00:00,USDC/EUR,0.91690,0.92244,0.91488,0.91950,673624.19342,619397.44584969
1681171200,2023-04-11 00:00:00,USDC/EUR,0.91951,0.91952,0.91337,0.91534,356377.17237,326206.2809571558
1681257600,2023-04-12 00:00:00,USDC/EUR,0.91538,0.91559,0.90891,0.90903,501831.74714,456180.1131026742
1681344000,2023-04-13 00:00:00,USDC/EUR,0.90922,0.91003,0.90388,0.90503,763029.75713,690564.8210953639
1681430400,2023-04-14 00:00:00,USDC/EUR,0.90502,0.91095,0.90024,0.90898,1745406.02543,1586539.1689953613
1681516800,2023-04-15 00:00:00,USDC/EUR,0.90894,0.91033,0.90889,0.90992,461080.98061,419546.8058766512
1681603200,2023-04-16 00:00:00,USDC/EUR,0.90962,0.91073,0.90900,0.90989,554342.94831,504391.1052377859
1681689600,2023-04-17 00:00:00,USDC/EUR,0.91035,0.91648,0.90852,0.91492,2339374.24286,2140340.2822774714
1681776000,2023-04-18 00:00:00,USDC/EUR,0.91506,0.91534,0.90939,0.91098,3480148.08724,3170345.304513895
1681862400,2023-04-19 00:00:00,USDC/EUR,0.91098,0.91592,0.91031,0.91330,2032703.43782,1856468.0497610061
1681948800,2023-04-20 00:00:00,USDC/EUR,0.91315,0.91378,0.90129,0.91179,2468562.62020,2250810.711472158
1682035200,2023-04-21 00:00:00,USDC/EUR,0.91141,0.91358,0.90939,0.90967,2700969.96397,2456991.3471245896
1682121600,2023-04-22 00:00:00,USDC/EUR,0.90971,0.91289,0.90921,0.91217,470287.77954,428982.40386300185
1682208000,2023-04-23 00:00:00,USDC/EUR,0.91229,0.91233,0.90973,0.90990,600792.16878,546660.7943729219
1682294400,2023-04-24 00:00:00,USDC/EUR,0.91002,0.91123,0.90470,0.90470,2495791.58574,2257942.647618978
1682380800,2023-04-25 00:00:00,USDC/EUR,0.90456,0.91206,0.90369,0.91096,3458487.99372,3150544.2227591714
1682467200,2023-04-26 00:00:00,USDC/EUR,0.91115,0.91165,0.90154,0.90541,4119863.38215,3730165.5048324317
1682553600,2023-04-27 00:00:00,USDC/EUR,0.90561,0.90960,0.90410,0.90643,1675684.45091,1518890.6568383512
1682640000,2023-04-28 00:00:00,USDC/EUR,0.90630,0.91210,0.90563,0.90705,1794367.10605,1627580.6835426525
1682726400,2023-04-29 00:00:00,USDC/EUR,0.90695,0.90744,0.90695,0.90743,365805.95076,331943.2938981468
1682812800,2023-04-30 00:00:00,USDC/EUR,0.90743,0.90824,0.90653,0.90812,602065.04655,546747.310072986
1682899200,2023-05-01 00:00:00,USDC/EUR,0.90817,0.91193,0.90627,0.91129,1891185.39222,1723418.336076164
1682985600,2023-05-02 00:00:00,USDC/EUR,0.91108,0.91358,0.90780,0.90805,2910291.65627,2642690.338475974
1683072000,2023-05-03 00:00:00,USDC/EUR,0.90802,0.90847,0.90181,0.90335,4860467.30984,4390703.144343964
1683158400,2023-05-04 00:00:00,USDC/EUR,0.90336,0.90995,0.90156,0.90715,3470701.40827,3148446.7825121307
1683244800,2023-05-05 00:00:00,USDC/EUR,0.90734,0.91147,0.90525,0.90690,3356614.28699,3044113.496871231
1683331200,2023-05-06 00:00:00,USDC/EUR,0.90690,0.90831,0.90671,0.90797,846218.35220,768340.877247034
1683417600,2023-05-07 00:00:00,USDC/EUR,0.90796,0.90860,0.90730,0.90782,829595.12713,753123.0483111566
1683504000,2023-05-08 00:00:00,USDC/EUR,0.90784,0.90937,0.90462,0.90925,2102038.93205,1911278.8989664624
1683590400,2023-05-09 00:00:00,USDC/EUR,0.90948,0.91362,0.90859,0.91204,2109365.29531,1923825.5239345322
1683676800,2023-05-10 00:00:00,USDC/EUR,0.91187,0.91371,0.90887,0.91032,3126189.60758,2845832.9235722255
1683763200,2023-05-11 00:00:00,USDC/EUR,0.91056,0.91740,0.90936,0.91639,2338859.28744,2143307.262417142
1683849600,2023-05-12 00:00:00,USDC/EUR,0.91637,0.92347,0.91427,0.92150,3860421.52957,3557378.4394987547
1683936000,2023-05-13 00:00:00,USDC/EUR,0.92133,0.92220,0.92083,0.92220,1581514.33298,1458472.517874156
1684022400,2023-05-14 00:00:00,USDC/EUR,0.92202,0.92212,0.92072,0.92151,3687277.62563,3397863.2047943017
1684108800,2023-05-15 00:00:00,USDC/EUR,0.92136,0.92162,0.91843,0.91947,2738939.47090,2518372.675308423
1684195200,2023-05-16 00:00:00,USDC/EUR,0.91916,0.92106,0.91718,0.92030,972205.44883,894720.6745582491
1684281600,2023-05-17 00:00:00,USDC/EUR,0.92016,0.92478,0.91973,0.92234,4126315.38810,3805865.7350601545
1684368000,2023-05-18 00:00:00,USDC/EUR,0.92244,0.92877,0.92178,0.92749,1950627.45422,1809187.457514508
1684454400,2023-05-19 00:00:00,USDC/EUR,0.92779,0.92884,0.92394,0.92535,544355.61352,503719.466970732
1684540800,2023-05-20 00:00:00,USDC/EUR,0.92540,0.92574,0.92467,0.92509,107808.16879,99732.2588659411
1684627200,2023-05-21 00:00:00,USDC/EUR,0.92510,0.92546,0.92395,0.92395,213411.45785,197181.5164805075
1684713600,2023-05-22 00:00:00,USDC/EUR,0.92418,0.92589,0.92322,0.92488,6020744.71492,5568466.37193521
1684800000,2023-05-23 00:00:00,USDC/EUR,0.92474,0.92901,0.92397,0.92822,4261150.15004,3955284.7922701286
1684886400,2023-05-24 00:00:00,USDC/EUR,0.92834,0.93033,0.92559,0.92959,2025636.44273,1883011.3807973808
1684972800,2023-05-25 00:00:00,USDC/EUR,0.92998,0.93363,0.92975,0.93233,1195876.47382,1114951.5128366007
1685059200,2023-05-26 00:00:00,USDC/EUR,0.93235,0.93407,0.92933,0.93203,1483176.06217,1382364.5852243053
1685145600,2023-05-27 00:00:00,USDC/EUR,0.93213,0.93258,0.93186,0.93210,350418.90789,326625.464044269
1685232000,2023-05-28 00:00:00,USDC/EUR,0.93211,0.93240,0.93031,0.93233,704173.06362,656521.6724048347
1685318400,2023-05-29 00:00:00,USDC/EUR,0.93232,0.93370,0.92924,0.93366,1228506.78596,1147007.6457794136
1685404800,2023-05-30 00:00:00,USDC/EUR,0.93378,0.93642,0.93049,0.93169,2731554.24251,2544961.7722041416
1685491200,2023-05-31 00:00:00,USDC/EUR,0.93172,0.93989,0.93144,0.93517,4375040.87134,4091406.9716510274
1685577600,2023-06-01 00:00:00,USDC/EUR,0.93551,0.93760,0.92892,0.92943,1960550.75491,1822194.6881360011
1685664000,2023-06-02 00:00:00,USDC/EUR,0.92948,0.93418,0.92784,0.93402,1834222.53940,1713200.5362503878
1685750400,2023-06-03 00:00:00,USDC/EUR,0.93405,0.93444,0.93389,0.93401,140121.72814,130875.09530004139
1685836800,2023-06-04 00:00:00,USDC/EUR,0.93401,0.93493,0.93351,0.93493,185734.88082,173649.1121250426
1685923200,2023-06-05 00:00:00,USDC/EUR,0.93514,0.93625,0.93261,0.93382,2593983.63027,2422313.793618731
1686009600,2023-06-06 00:00:00,USDC/EUR,0.93354,0.93726,0.93187,0.93484,2604095.40706,2434412.5503359707
1686096000,2023-06-07 00:00:00,USDC/EUR,0.93445,0.93675,0.93143,0.93436,2248283.04645,2100705.747281022
1686182400,2023-06-08 00:00:00,USDC/EUR,0.93368,0.93394,0.92708,0.92730,1339180.81320,1241822.36808036
1686268800,2023-06-09 00:00:00,USDC/EUR,0.92721,0.93060,0.92714,0.93018,1459956.42000,1358022.2627556
1686355200,2023-06-10 00:00:00,USDC/EUR,0.93003,0.93265,0.92995,0.93265,236940.27618,220982.348579277
1686441600,2023-06-11 00:00:00,USDC/EUR,0.93265,0.93268,0.93004,0.93038,325016.22717,302388.5974344246
1686528000,2023-06-12 00:00:00,USDC/EUR,0.93089,0.93153,0.92668,0.92914,1238214.74632,1150474.8493957648
1686614400,2023-06-13 00:00:00,USDC/EUR,0.92851,0.92887,0.92396,0.92649,1018243.48739,943392.4086319612
1686700800,2023-06-14 00:00:00,USDC/EUR,0.92650,0.92744,0.92045,0.92270,3210727.76053,2962538.504641031
1686787200,2023-06-15 00:00:00,USDC/EUR,0.92283,0.92543,0.91311,0.91398,1543317.95429,1410561.7438619742
1686873600,2023-06-16 00:00:00,USDC/EUR,0.91381,0.91557,0.91183,0.91394,925180.83675,845559.773939295
1686960000,2023-06-17 00:00:00,USDC/EUR,0.91377,0.91436,0.91377,0.91413,56480.51643,51630.534484155905
1687046400,2023-06-18 00:00:00,USDC/EUR,0.91419,0.91439,0.91378,0.91418,111364.91161,101807.57489562979
1687132800,2023-06-19 00:00:00,USDC/EUR,0.91390,0.91603,0.91332,0.91535,617927.83441,565620.2432271935
1687219200,2023-06-20 00:00:00,USDC/EUR,0.91522,0.91754,0.91311,0.91519,1139133.54916,1042523.6328557403
1687305600,2023-06-21 00:00:00,USDC/EUR,0.91554,0.91610,0.90782,0.90852,2272181.99300,2064322.7842803597
1687392000,2023-06-22 00:00:00,USDC/EUR,0.90882,0.91273,0.90356,0.91207,873380.11202,796583.7987700815
1687478400,2023-06-23 00:00:00,USDC/EUR,0.91219,0.92029,0.91203,0.91767,1313966.46896,1205787.6095705233
1687564800,2023-06-24 00:00:00,USDC/EUR,0.91765,0.91790,0.91697,0.91716,88598.04973,81258.58729036679
1687651200,2023-06-25 00:00:00,USDC/EUR,0.91754,0.91757,0.91624,0.91666,226481.45122,207606.4870753252
1687737600,2023-06-26 00:00:00,USDC/EUR,0.91648,0.91766,0.91502,0.91630,786353.03570,720535.28661191
1687824000,2023-06-27 00:00:00,USDC/EUR,0.91619,0.91675,0.91125,0.91300,1227092.17081,1120335.15194953
1687910400,2023-06-28 00:00:00,USDC/EUR,0.91285,0.91705,0.91270,0.91629,637590.93548,584218.1982709692
1687996800,2023-06-29 00:00:00,USDC/EUR,0.91689,0.92016,0.91400,0.92010,863448.05391,794458.5544025911
1688083200,2023-06-30 00:00:00,USDC/EUR,0.92019,0.92174,0.91501,0.91593,1560607.27455,1429407.0209785814
1688169600,2023-07-01 00:00:00,USDC/EUR,0.91593,0.91649,0.91411,0.91636,269502.01245,246960.86412868198
1688256000,2023-07-02 00:00:00,USDC/EUR,0.91636,0.91636,0.91566,0.91591,83132.67166,76142.0453001106
1688342400,2023-07-03 00:00:00,USDC/EUR,0.91616,0.91893,0.91394,0.91564,1204659.15601,1103034.1096089964
1688428800,2023-07-04 00:00:00,USDC/EUR,0.91586,0.91928,0.91586,0.91877,1120927.61505,1029874.6648794884
1688515200,2023-07-05 00:00:00,USDC/EUR,0.91882,0.92165,0.91692,0.92156,648088.16055,597252.125236458
1688601600,2023-07-06 00:00:00,USDC/EUR,0.92169,0.92291,0.91735,0.91862,1308680.42368,1202180.0108009216
1688688000,2023-07-07 00:00:00,USDC/EUR,0.91865,0.92027,0.91206,0.91251,2074581.73390,1893076.5780010892
1688774400,2023-07-08 00:00:00,USDC/EUR,0.91253,0.91275,0.91243,0.91245,72951.61989,66564.7055686305
1688860800,2023-07-09 00:00:00,USDC/EUR,0.91257,0.91273,0.91152,0.91190,107769.48688,98274.995085872
1688947200,2023-07-10 00:00:00,USDC/EUR,0.91235,0.91364,0.90866,0.90866,1335722.24303,1213717.3733516398
1689033600,2023-07-11 00:00:00,USDC/EUR,0.90877,0.91088,0.90628,0.90829,881048.71231,800247.7349040499
1689120000,2023-07-12 00:00:00,USDC/EUR,0.90829,0.90831,0.89820,0.89827,836018.91237,750970.7084146
1689206400,2023-07-13 00:00:00,USDC/EUR,0.89791,0.89845,0.89017,0.89048,2933273.32375,2612021.2293329
1689292800,2023-07-14 00:00:00,USDC/EUR,0.89073,0.89212,0.88779,0.89181,1819462.29887,1622614.6727552547
1689379200,2023-07-15 00:00:00,USDC/EUR,0.89185,0.89218,0.89149,0.89201,175871.59042,156879.21737054418
1689465600,2023-07-16 00:00:00,USDC/EUR,0.89212,0.89212,0.89082,0.89111,196373.61672,174990.49359535918
1689552000,2023-07-17 00:00:00,USDC/EUR,0.89148,0.89305,0.88872,0.89023,1099453.00281,978766.0466915462
1689638400,2023-07-18 00:00:00,USDC/EUR,0.89030,0.89278,0.88759,0.89106,2465911.67447,2197275.256653238
1689724800,2023-07-19 00:00:00,USDC/EUR,0.89101,0.89479,0.88970,0.89301,1888943.98497,1686845.8680180598
1689811200,2023-07-20 00:00:00,USDC/EUR,0.89291,0.89875,0.89095,0.89805,1753403.97437,1574644.4391829786
1689897600,2023-07-21 00:00:00,USDC/EUR,0.89805,0.90048,0.89704,0.89896,854607.76173,768258.1934848008
1689984000,2023-07-22 00:00:00,USDC/EUR,0.89889,0.89938,0.89888,0.89938,73673.30365,66260.295836737
1690070400,2023-07-23 00:00:00,USDC/EUR,0.89942,0.89962,0.89850,0.89909,252207.07345,226756.8576681605
1690156800,2023-07-24 00:00:00,USDC/EUR,0.89875,0.90419,0.89685,0.90410,2453402.01235,2218120.759365635
1690243200,2023-07-25 00:00:00,USDC/EUR,0.90388,0.90700,0.90193,0.90507,1392240.81239,1260075.3920698175
1690329600,2023-07-26 00:00:00,USDC/EUR,0.90511,0.90583,0.90073,0.90250,1557078.23487,1405263.106970175
1690416000,2023-07-27 00:00:00,USDC/EUR,0.90251,0.91138,0.89682,0.91013,2173026.39044,1977736.5087311573
1690502400,2023-07-28 00:00:00,USDC/EUR,0.91044,0.91250,0.90509,0.90699,1736423.65496,1574918.8908121702
1690588800,2023-07-29 00:00:00,USDC/EUR,0.90693,0.90742,0.90679,0.90737,129245.47728,117273.46871955361
1690675200,2023-07-30 00:00:00,USDC/EUR,0.90738,0.90742,0.90651,0.90671,199408.81189,180805.9638287819
1690761600,2023-07-31 00:00:00,USDC/EUR,0.90658,0.90871,0.90346,0.90851,1164903.90857,1058326.8499749308
1690848000,2023-08-01 00:00:00,USDC/EUR,0.90832,0.91215,0.90703,0.90703,1547913.63481,1404004.1041817144
1690934400,2023-08-02 00:00:00,USDC/EUR,0.90687,0.91498,0.90397,0.91325,929168.59052,848563.21529239
1691020800,2023-08-03 00:00:00,USDC/EUR,0.91343,0.91545,0.91197,0.91307,1299274.83243,1186328.8712468601
1691107200,2023-08-04 00:00:00,USDC/EUR,0.91302,0.91400,0.90578,0.90804,1668038.32029,1514645.5163561315
1691193600,2023-08-05 00:00:00,USDC/EUR,0.90784,0.90880,0.90758,0.90874,107141.47473,97363.7437461402
1691280000,2023-08-06 00:00:00,USDC/EUR,0.90874,0.90893,0.90771,0.90859,256993.51084,233501.73401411562
1691366400,2023-08-07 00:00:00,USDC/EUR,0.90858,0.91119,0.90785,0.90817,1943054.78301,1764624.0622861916
1691452800,2023-08-08 00:00:00,USDC/EUR,0.90826,0.91416,0.90722,0.91190,1537679.03160,1402209.5089160402
1691539200,2023-08-09 00:00:00,USDC/EUR,0.91143,0.91195,0.90908,0.91058,1365415.01922,1243319.6082013475
1691625600,2023-08-10 00:00:00,USDC/EUR,0.91080,0.91121,0.90261,0.91037,1744401.56724,1588050.8547682788
1691712000,2023-08-11 00:00:00,USDC/EUR,0.91075,0.91335,0.90756,0.91305,1573590.82094,1436767.099059267
1691798400,2023-08-12 00:00:00,USDC/EUR,0.91304,0.91406,0.91192,0.91404,427333.42893,390599.84737917717
1691884800,2023-08-13 00:00:00,USDC/EUR,0.91405,0.91409,0.91273,0.91360,463387.66577,423350.971447472
1691971200,2023-08-14 00:00:00,USDC/EUR,0.91359,0.91821,0.91162,0.91636,1353478.42570,1240273.4901744518
1692057600,2023-08-15 00:00:00,USDC/EUR,0.91622,0.91678,0.90906,0.91651,1142413.68145,1047033.5631857396
1692144000,2023-08-16 00:00:00,USDC/EUR,0.91659,0.91901,0.91369,0.91901,2178324.60738,2001902.0974282937
1692230400,2023-08-17 00:00:00,USDC/EUR,0.91907,0.92413,0.91545,0.92040,3372834.21918,3104356.615333272
1692316800,2023-08-18 00:00:00,USDC/EUR,0.92031,0.92243,0.91864,0.92061,2893635.71656,2663909.977022302
1692403200,2023-08-19 00:00:00,USDC/EUR,0.92061,0.92310,0.92057,0.92273,388836.55424,358791.15369387524
1692489600,2023-08-20 00:00:00,USDC/EUR,0.92194,0.92252,0.92084,0.92084,216079.45796,198974.6080678864
1692576000,2023-08-21 00:00:00,USDC/EUR,0.92079,0.92139,0.91620,0.91735,2759088.00453,2531049.3809555955
1692662400,2023-08-22 00:00:00,USDC/EUR,0.91753,0.92267,0.91481,0.92177,1816859.72961,1674726.7929626098
1692748800,2023-08-23 00:00:00,USDC/EUR,0.92141,0.92541,0.91983,0.92086,1438494.37034,1324651.9258712924
1692835200,2023-08-24 00:00:00,USDC/EUR,0.92064,0.92610,0.91965,0.92603,1123024.84641,1039954.6985210524
1692921600,2023-08-25 00:00:00,USDC/EUR,0.92538,0.92842,0.92215,0.92652,2105515.63669,1950802.347706019
1693008000,2023-08-26 00:00:00,USDC/EUR,0.92652,0.92694,0.92646,0.92694,137928.28516,127851.2446462104
1693094400,2023-08-27 00:00:00,USDC/EUR,0.92699,0.92718,0.92531,0.92628,228953.38173,212074.9384288644
1693180800,2023-08-28 00:00:00,USDC/EUR,0.92623,0.92623,0.92270,0.92300,1148586.75254,1060145.57259442
1693267200,2023-08-29 00:00:00,USDC/EUR,0.92275,0.92717,0.91777,0.91946,2295975.88953,2111057.9913872536
1693353600,2023-08-30 00:00:00,USDC/EUR,0.91951,0.92025,0.91346,0.91482,944752.85973,864278.8111381986
1693440000,2023-08-31 00:00:00,USDC/EUR,0.91488,0.92279,0.91411,0.92204,1301778.47900,1200291.82877716
1693526400,2023-09-01 00:00:00,USDC/EUR,0.92225,0.92826,0.91957,0.92816,2288394.55312,2123996.288423859
1693612800,2023-09-02 00:00:00,USDC/EUR,0.92812,0.92881,0.92810,0.92881,61063.08680,56716.005650708
1693699200,2023-09-03 00:00:00,USDC/EUR,0.92865,0.92897,0.92761,0.92799,100556.38237,93315.3172755363
1693785600,2023-09-04 00:00:00,USDC/EUR,0.92803,0.92804,0.92484,0.92602,1130168.88484,1046558.9907395367
1693872000,2023-09-05 00:00:00,USDC/EUR,0.92616,0.93381,0.92552,0.93266,1634341.98036,1524285.3914025575
1693958400,2023-09-06 00:00:00,USDC/EUR,0.93292,0.93427,0.93041,0.93284,1408618.16875,1314015.37253675
1694044800,2023-09-07 00:00:00,USDC/EUR,0.93284,0.93850,0.93213,0.93528,1159431.05098,1084392.6733605745
1694131200,2023-09-08 00:00:00,USDC/EUR,0.93522,0.93522,0.93130,0.93488,855856.14762,800122.7952869856
1694217600,2023-09-09 00:00:00,USDC/EUR,0.93488,0.93554,0.93483,0.93540,39809.20343,37237.528888422
1694304000,2023-09-10 00:00:00,USDC/EUR,0.93542,0.93578,0.93341,0.93351,145485.61920,135812.28037939197
1694390400,2023-09-11 00:00:00,USDC/EUR,0.93385,0.93400,0.92957,0.93081,703731.92864,655040.7164973984
1694476800,2023-09-12 00:00:00,USDC/EUR,0.93117,0.93399,0.92908,0.92981,2015268.01340,1873816.3515394542
1694563200,2023-09-13 00:00:00,USDC/EUR,0.92937,0.93357,0.92931,0.93211,1943645.57860,1811691.4802688458
1694649600,2023-09-14 00:00:00,USDC/EUR,0.93216,0.94014,0.93059,0.94000,2388207.07787,2244914.6531978
1694736000,2023-09-15 00:00:00,USDC/EUR,0.94009,0.94019,0.93601,0.93785,1314080.31331,1232410.2218377835
1694822400,2023-09-16 00:00:00,USDC/EUR,0.93770,0.93780,0.93716,0.93717,186095.13275,174402.77555931747
1694908800,2023-09-17 00:00:00,USDC/EUR,0.93717,0.93743,0.93688,0.93712,222785.67582,208776.9125244384
1694995200,2023-09-18 00:00:00,USDC/EUR,0.93685,0.93800,0.93429,0.93490,1102765.67179,1030975.626556471
1695081600,2023-09-19 00:00:00,USDC/EUR,0.93483,0.93668,0.93293,0.93627,874437.37710,818709.4830574171
1695168000,2023-09-20 00:00:00,USDC/EUR,0.93615,0.93875,0.93161,0.93857,972609.54488,912862.1405380216
1695254400,2023-09-21 00:00:00,USDC/EUR,0.93868,0.94140,0.93663,0.93788,873753.72985,819476.1481517181
1695340800,2023-09-22 00:00:00,USDC/EUR,0.93789,0.94147,0.93724,0.93927,1103503.15128,1036487.4049027658
1695427200,2023-09-23 00:00:00,USDC/EUR,0.93924,0.93973,0.93920,0.93972,61521.74303,57813.2123601516
1695513600,2023-09-24 00:00:00,USDC/EUR,0.93973,0.94001,0.93850,0.93897,184409.95551,173155.4159252247
1695600000,2023-09-25 00:00:00,USDC/EUR,0.93906,0.94501,0.93824,0.94322,624300.53791,588852.7533674701
1695686400,2023-09-26 00:00:00,USDC/EUR,0.94359,0.94629,0.94207,0.94574,769286.43290,727544.951050846
1695772800,2023-09-27 00:00:00,USDC/EUR,0.94567,0.95272,0.94519,0.95144,1791248.15844,1704265.1478661534
1695859200,2023-09-28 00:00:00,USDC/EUR,0.95150,0.95222,0.94511,0.94622,1516013.43069,1434482.2283874918
1695945600,2023-09-29 00:00:00,USDC/EUR,0.94636,0.94661,0.94126,0.94580,962567.73054,910396.559544732
1696032000,2023-09-30 00:00:00,USDC/EUR,0.94579,0.94607,0.94536,0.94572,483661.14235,457408.015543242
1696118400,2023-10-01 00:00:00,USDC/EUR,0.94577,0.94657,0.94524,0.94621,1896426.19531,1794417.4302642753
1696204800,2023-10-02 00:00:00,USDC/EUR,0.94607,0.95409,0.93878,0.95384,1809196.11892,1725683.6260706529
1696291200,2023-10-03 00:00:00,USDC/EUR,0.95417,0.95690,0.95260,0.95502,1122898.04881,1072390.0945745262
1696377600,2023-10-04 00:00:00,USDC/EUR,0.95498,0.95638,0.94977,0.95185,1543527.37636,1469206.533188266
1696464000,2023-10-05 00:00:00,USDC/EUR,0.95226,0.95231,0.94780,0.94811,520832.77377,493806.76113907475
1696550400,2023-10-06 00:00:00,USDC/EUR,0.94824,0.95381,0.94365,0.94475,1721686.04472,1626562.8907492198
1696636800,2023-10-07 00:00:00,USDC/EUR,0.94487,0.94505,0.94475,0.94480,33617.71091,31762.013267768
1696723200,2023-10-08 00:00:00,USDC/EUR,0.94480,0.94784,0.94476,0.94615,412385.97595,390178.9911450925
1696809600,2023-10-09 00:00:00,USDC/EUR,0.94656,0.95020,0.94538,0.94541,1724361.05264,1630228.1827763822
1696896000,2023-10-10 00:00:00,USDC/EUR,0.94533,0.94711,0.94147,0.94283,746363.69627,703694.083754244
1696982400,2023-10-11 00:00:00,USDC/EUR,0.94281,0.94480,0.94102,0.94139,463820.12194,436635.62459309655
1697068800,2023-10-12 00:00:00,USDC/EUR,0.94131,0.94958,0.94032,0.94893,1003456.73535,952210.1998756755
1697155200,2023-10-13 00:00:00,USDC/EUR,0.94880,0.95245,0.94699,0.95178,549718.14273,523210.7338875593
1697241600,2023-10-14 00:00:00,USDC/EUR,0.95187,0.95216,0.95150,0.95198,105642.15606,100569.2197259988
1697328000,2023-10-15 00:00:00,USDC/EUR,0.95204,0.95212,0.95032,0.95052,188455.06841,179130.3116250732
1697414400,2023-10-16 00:00:00,USDC/EUR,0.95065,0.95097,0.94651,0.94704,590263.76473,559003.3957498992
1697500800,2023-10-17 00:00:00,USDC/EUR,0.94662,0.94901,0.94447,0.94543,440645.88939,416599.8432059877
1697587200,2023-10-18 00:00:00,USDC/EUR,0.94551,0.95036,0.94371,0.94920,784433.13996,744583.9364500319
1697673600,2023-10-19 00:00:00,USDC/EUR,0.94926,0.94968,0.94211,0.94508,1853429.83431,1751639.4678096948
1697760000,2023-10-20 00:00:00,USDC/EUR,0.94567,0.94646,0.94260,0.94346,1306858.01994,1232968.2674925923
1697846400,2023-10-21 00:00:00,USDC/EUR,0.94348,0.94380,0.94295,0.94355,69140.13512,65237.174492476006
1697932800,2023-10-22 00:00:00,USDC/EUR,0.94357,0.94382,0.94306,0.94358,90507.45642,85401.0257287836
1698019200,2023-10-23 00:00:00,USDC/EUR,0.94402,0.94520,0.93673,0.93719,1290781.68767,1209707.6898674471
1698105600,2023-10-24 00:00:00,USDC/EUR,0.93722,0.94495,0.93460,0.94365,1230778.70752,1161424.327351248
1698192000,2023-10-25 00:00:00,USDC/EUR,0.94374,0.94714,0.94266,0.94698,725835.80925,687351.994643565
1698278400,2023-10-26 00:00:00,USDC/EUR,0.94691,0.95050,0.94653,0.94653,511919.98311,484547.62161310826
1698364800,2023-10-27 00:00:00,USDC/EUR,0.94694,0.94902,0.94433,0.94641,957599.90939,906282.1302457899
1698451200,2023-10-28 00:00:00,USDC/EUR,0.94641,0.94716,0.94609,0.94704,201616.93870,190939.305626448
1698537600,2023-10-29 00:00:00,USDC/EUR,0.94678,0.94768,0.94582,0.94757,307139.57670,291036.248693619
1698624000,2023-10-30 00:00:00,USDC/EUR,0.94732,0.94754,0.94136,0.94253,1106750.45006,1043145.5016950517
1698710400,2023-10-31 00:00:00,USDC/EUR,0.94282,0.94711,0.93724,0.94532,1706163.94537,1612870.9008371686
1698796800,2023-11-01 00:00:00,USDC/EUR,0.94551,0.95066,0.94505,0.94505,1595266.36970,1507606.4826849848
1698883200,2023-11-02 00:00:00,USDC/EUR,0.94455,0.94473,0.93808,0.94237,848297.53787,799410.1507625519
1698969600,2023-11-03 00:00:00,USDC/EUR,0.94225,0.94253,0.93148,0.93240,2330543.36023,2172998.629078452
1699056000,2023-11-04 00:00:00,USDC/EUR,0.93291,0.93550,0.93247,0.93303,243780.68086,227454.6886628058
1699142400,2023-11-05 00:00:00,USDC/EUR,0.93318,0.93342,0.93171,0.93247,527002.17024,491413.7136836928
1699228800,2023-11-06 00:00:00,USDC/EUR,0.93291,0.93369,0.92977,0.93318,1198265.22610,1118197.1436919982
1699315200,2023-11-07 00:00:00,USDC/EUR,0.93350,0.93794,0.93336,0.93525,574359.20400,537169.445541
1699401600,2023-11-08 00:00:00,USDC/EUR,0.93540,0.93813,0.93364,0.93411,274013.73400,255958.96906673998
1699488000,2023-11-09 00:00:00,USDC/EUR,0.93439,0.93852,0.93282,0.93790,821318.19293,770314.333149047
1699574400,2023-11-10 00:00:00,USDC/EUR,0.93816,0.93867,0.93539,0.93626,738786.86877,691696.5937546002
1699660800,2023-11-11 00:00:00,USDC/EUR,0.93630,0.93759,0.93532,0.93732,805382.73348,754901.3437454737
1699747200,2023-11-12 00:00:00,USDC/EUR,0.93743,0.93788,0.93624,0.93630,227148.46907,212679.111590241
1699833600,2023-11-13 00:00:00,USDC/EUR,0.93677,0.93764,0.93436,0.93474,1107346.60726,1035081.1676702123
1699920000,2023-11-14 00:00:00,USDC/EUR,0.93479,0.93533,0.91915,0.91966,809901.63029,744834.1333125015
1700006400,2023-11-15 00:00:00,USDC/EUR,0.92018,0.92331,0.91922,0.92218,1252660.83244,1155178.7664595193
1700092800,2023-11-16 00:00:00,USDC/EUR,0.92178,0.92363,0.91848,0.92172,540517.69401,498205.9689228972
1700179200,2023-11-17 00:00:00,USDC/EUR,0.92154,0.92410,0.91712,0.91751,541127.77143,496490.1415647393
1700265600,2023-11-18 00:00:00,USDC/EUR,0.91760,0.91805,0.91680,0.91761,417454.23307,383060.17880736274
1700352000,2023-11-19 00:00:00,USDC/EUR,0.91759,0.91841,0.91706,0.91746,375966.37546,344934.1108295316
1700438400,2023-11-20 00:00:00,USDC/EUR,0.91757,0.91790,0.91347,0.91414,477399.78372,436410.23828980076
1700524800,2023-11-21 00:00:00,USDC/EUR,0.91417,0.91742,0.91232,0.91631,607266.50619,556444.3722869589
1700611200,2023-11-22 00:00:00,USDC/EUR,0.91641,0.92149,0.91610,0.91869,382944.19503,351807.0025321107
1700697600,2023-11-23 00:00:00,USDC/EUR,0.91849,0.91873,0.91545,0.91759,715367.65963,656414.2107998917
1700784000,2023-11-24 00:00:00,USDC/EUR,0.91745,0.91796,0.91361,0.91402,2164964.25535,1978820.6286750073
1700870400,2023-11-25 00:00:00,USDC/EUR,0.91402,0.91483,0.91361,0.91461,175852.34538,160836.31360800183
1700956800,2023-11-26 00:00:00,USDC/EUR,0.91462,0.91528,0.91380,0.91459,519453.25888,475086.7560390592
1701043200,2023-11-27 00:00:00,USDC/EUR,0.91474,0.94020,0.91259,0.91292,2627236.48795,2398456.734579314
1701129600,2023-11-28 00:00:00,USDC/EUR,0.91285,0.91570,0.90868,0.90887,1988323.40957,1807127.4972558857
1701216000,2023-11-29 00:00:00,USDC/EUR,0.90882,0.91263,0.90796,0.91164,1721602.01723,1569481.2629875573
1701302400,2023-11-30 00:00:00,USDC/EUR,0.91161,0.91925,0.91072,0.91853,1869935.09256,1717591.4805691368
1701388800,2023-12-01 00:00:00,USDC/EUR,0.91805,0.92300,0.91658,0.91898,3170064.69359,2913226.052115338
1701475200,2023-12-02 00:00:00,USDC/EUR,0.91901,0.91942,0.91856,0.91856,160672.03644,147586.9057923264
1701561600,2023-12-03 00:00:00,USDC/EUR,0.91845,0.91931,0.91777,0.91824,325357.51096,298756.2808639104
1701648000,2023-12-04 00:00:00,USDC/EUR,0.91858,0.92484,0.91832,0.92270,2413826.50320,2227237.71450264
1701734400,2023-12-05 00:00:00,USDC/EUR,0.92276,0.94545,0.92053,0.92626,2644430.87569,2449430.542916619
1701820800,2023-12-06 00:00:00,USDC/EUR,0.92614,0.92921,0.92553,0.92894,1036454.30134,962803.8586867796
1701907200,2023-12-07 00:00:00,USDC/EUR,0.92865,0.92954,0.92475,0.92682,1503520.79866,1393493.1466140612
1701993600,2023-12-08 00:00:00,USDC/EUR,0.92653,0.93223,0.92611,0.92964,1649888.15859,1533802.0277516076
1702080000,2023-12-09 00:00:00,USDC/EUR,0.92963,0.93049,0.92823,0.92977,509523.40988,473739.58080412756
1702166400,2023-12-10 00:00:00,USDC/EUR,0.92979,0.93025,0.92917,0.92949,455756.75733,423621.3483706617
1702252800,2023-12-11 00:00:00,USDC/EUR,0.92926,0.93096,0.92810,0.92927,1397814.57022,1298947.1456683394
1702339200,2023-12-12 00:00:00,USDC/EUR,0.92926,0.92926,0.92414,0.92620,2676123.85457,2478625.914102734
1702425600,2023-12-13 00:00:00,USDC/EUR,0.92641,0.92845,0.91842,0.91930,1539089.19708,1414884.698875644
1702512000,2023-12-14 00:00:00,USDC/EUR,0.91927,0.91943,0.90847,0.90989,1692881.91717,1540336.3276138112
1702598400,2023-12-15 00:00:00,USDC/EUR,0.91021,0.91866,0.90933,0.91827,1863936.38085,1711596.8604431297
1702684800,2023-12-16 00:00:00,USDC/EUR,0.91850,0.91943,0.91831,0.91892,319459.00755,293557.27121784596
1702771200,2023-12-17 00:00:00,USDC/EUR,0.91888,0.91940,0.91745,0.91850,479065.81095,440021.947357575
1702857600,2023-12-18 00:00:00,USDC/EUR,0.91836,0.91847,0.91528,0.91582,651922.52242,597043.6844826845
1702944000,2023-12-19 00:00:00,USDC/EUR,0.91573,0.91660,0.90990,0.91112,1851262.55042,1686722.3349386705
1703030400,2023-12-20 00:00:00,USDC/EUR,0.91143,0.91464,0.91125,0.91330,1004497.97905,917408.004266365
1703116800,2023-12-21 00:00:00,USDC/EUR,0.91336,0.91417,0.90839,0.90867,1115728.24209,1013828.7817399204
1703203200,2023-12-22 00:00:00,USDC/EUR,0.90910,0.90972,0.90652,0.90857,1280495.13366,1163419.4635894662
1703289600,2023-12-23 00:00:00,USDC/EUR,0.90883,0.91077,0.90847,0.91047,215909.49691,196579.1196516477
1703376000,2023-12-24 00:00:00,USDC/EUR,0.91049,0.91146,0.90917,0.91064,181109.69223,164925.73013232718
1703462400,2023-12-25 00:00:00,USDC/EUR,0.91112,0.91112,0.90770,0.90790,551361.37226,500580.989874854
1703548800,2023-12-26 00:00:00,USDC/EUR,0.90804,0.90890,0.90585,0.90619,812443.63298,736228.2957701462
1703635200,2023-12-27 00:00:00,USDC/EUR,0.90631,0.90707,0.89994,0.90099,612759.17714,552089.8910113686
1703721600,2023-12-28 00:00:00,USDC/EUR,0.90075,0.90554,0.89758,0.90416,1425463.47360,1288847.054290176
1703808000,2023-12-29 00:00:00,USDC/EUR,0.90393,0.90886,0.90300,0.90826,1979464.77184,1797868.6736713983
1703894400,2023-12-30 00:00:00,USDC/EUR,0.90853,0.90861,0.90689,0.90799,108328.19108,98360.9142187292
1703980800,2023-12-31 00:00:00,USDC/EUR,0.90851,0.90928,0.90643,0.90806,133677.99628,121387.6413020168
1704067200,2024-01-01 00:00:00,USDC/EUR,0.90842,0.90961,0.90645,0.90749,331424.82390,300764.71344101103
1704153600,2024-01-02 00:00:00,USDC/EUR,0.90688,0.91488,0.90600,0.91457,1685274.40439,1541301.4120229622
1704240000,2024-01-03 00:00:00,USDC/EUR,0.91439,0.92069,0.91227,0.91802,2359319.97484,2165902.9233026165
1704326400,2024-01-04 00:00:00,USDC/EUR,0.91768,0.91768,0.91238,0.91430,1699413.78453,1553774.023195779
1704412800,2024-01-05 00:00:00,USDC/EUR,0.91438,0.91915,0.91011,0.91478,1270075.25657,1161839.4432051047
1704499200,2024-01-06 00:00:00,USDC/EUR,0.91478,0.91583,0.91450,0.91535,74568.89136,68256.63470637599
1704585600,2024-01-07 00:00:00,USDC/EUR,0.91547,0.91579,0.91405,0.91449,136205.86065,124558.89750581849
1704672000,2024-01-08 00:00:00,USDC/EUR,0.91469,0.91554,0.91151,0.91340,1166438.74392,1065425.148696528
1704758400,2024-01-09 00:00:00,USDC/EUR,0.91312,0.91667,0.91203,0.91549,876949.20468,802838.2273924932
1704844800,2024-01-10 00:00:00,USDC/EUR,0.91544,0.91627,0.91200,0.91242,517622.93194,472289.5155606948
1704931200,2024-01-11 00:00:00,USDC/EUR,0.91252,0.91540,0.91069,0.91126,2752836.74744,2508550.0144721745
1705017600,2024-01-12 00:00:00,USDC/EUR,0.91088,0.91554,0.91052,0.91550,2140613.68995,1959731.833149225
1705104000,2024-01-13 00:00:00,USDC/EUR,0.91534,0.91639,0.91448,0.91560,68268.18592,62506.351028352
1705190400,2024-01-14 00:00:00,USDC/EUR,0.91560,0.91560,0.91335,0.91414,264963.65715,242213.87754710097
1705276800,2024-01-15 00:00:00,USDC/EUR,0.91423,0.91587,0.91210,0.91407,594342.74936,543270.8769074952
1705363200,2024-01-16 00:00:00,USDC/EUR,0.91427,0.92107,0.91427,0.92029,1383821.37101,1273516.9695267929
1705449600,2024-01-17 00:00:00,USDC/EUR,0.92043,0.92263,0.91866,0.91914,1084455.71725,996766.627953165
1705536000,2024-01-18 00:00:00,USDC/EUR,0.91916,0.92220,0.91753,0.92039,216495.74830,199260.521777837
1705622400,2024-01-19 00:00:00,USDC/EUR,0.91997,0.92055,0.91840,0.91868,365447.24535,335729.075358138
1705708800,2024-01-20 00:00:00,USDC/EUR,0.91872,0.91908,0.91828,0.91870,71847.35623,66006.166168501
1705795200,2024-01-21 00:00:00,USDC/EUR,0.91870,0.91895,0.91805,0.91891,148395.89888,136362.4754398208
1705881600,2024-01-22 00:00:00,USDC/EUR,0.91855,0.91996,0.91699,0.91933,541632.57517,497939.07533103606
1705968000,2024-01-23 00:00:00,USDC/EUR,0.91951,0.92487,0.91640,0.92147,1111475.74780,1024191.5573252661
1706054400,2024-01-24 00:00:00,USDC/EUR,0.92176,0.92213,0.91534,0.91913,1399876.47780,1286668.467040314
1706140800,2024-01-25 00:00:00,USDC/EUR,0.91967,0.92452,0.91770,0.92288,6835133.81232,6308008.2927138815
1706227200,2024-01-26 00:00:00,USDC/EUR,0.92285,0.92492,0.91967,0.92161,4433959.23393,4086381.1695822277
1706313600,2024-01-27 00:00:00,USDC/EUR,0.92223,0.92328,0.92039,0.92249,2648608.96857,2443315.2874161396
1706400000,2024-01-28 00:00:00,USDC/EUR,0.92209,0.92323,0.92125,0.92227,1446967.80812,1334495.0003948323
1706486400,2024-01-29 00:00:00,USDC/EUR,0.92236,0.92638,0.92159,0.92333,3583718.32816,3308954.643939973
1706572800,2024-01-30 00:00:00,USDC/EUR,0.92310,0.92503,0.92177,0.92293,1850934.14689,1708282.6521891877
1706659200,2024-01-31 00:00:00,USDC/EUR,0.92276,0.92624,0.91907,0.92565,4811968.67819,4454198.806966574
1706745600,2024-02-01 00:00:00,USDC/EUR,0.92582,0.92748,0.91968,0.92009,3515554.63420,3234626.6633810783
1706832000,2024-02-02 00:00:00,USDC/EUR,0.91962,0.92730,0.91808,0.92603,1927411.11051,1784840.5106655753
1706918400,2024-02-03 00:00:00,USDC/EUR,0.92630,0.92697,0.92589,0.92673,327578.46028,303576.7864952844
1707004800,2024-02-04 00:00:00,USDC/EUR,0.92667,0.92809,0.92599,0.92793,1263781.62748,1172700.8855875165
1707091200,2024-02-05 00:00:00,USDC/EUR,0.92800,0.93246,0.92692,0.93143,2834451.43760,2640093.102523768
1707177600,2024-02-06 00:00:00,USDC/EUR,0.93112,0.93242,0.92956,0.92984,1356179.58277,1261030.0232428568
1707264000,2024-02-07 00:00:00,USDC/EUR,0.92970,0.92984,0.92744,0.92785,2705650.31783,2510437.6473985654
1707350400,2024-02-08 00:00:00,USDC/EUR,0.92760,0.93062,0.92651,0.92774,1389771.16986,1289346.3051259164
1707436800,2024-02-09 00:00:00,USDC/EUR,0.92773,0.92914,0.92592,0.92592,1633032.95584,1512057.8744713727
1707523200,2024-02-10 00:00:00,USDC/EUR,0.92604,0.92625,0.92273,0.92301,802530.16984,740743.3720640184
1707609600,2024-02-11 00:00:00,USDC/EUR,0.92328,0.92570,0.92217,0.92551,247317.56543,228894.8799811193
1707696000,2024-02-12 00:00:00,USDC/EUR,0.92473,0.92951,0.91910,0.92674,2056014.92259,1905391.2693610566
1707782400,2024-02-13 00:00:00,USDC/EUR,0.92661,0.93450,0.92609,0.93387,999525.60311,933426.9749763357
1707868800,2024-02-14 00:00:00,USDC/EUR,0.93371,0.93466,0.93107,0.93161,1651480.98535,1538536.2007619136
1707955200,2024-02-15 00:00:00,USDC/EUR,0.93165,0.93237,0.92715,0.92797,1514945.47741,1405823.9546721578
1708041600,2024-02-16 00:00:00,USDC/EUR,0.92844,0.93134,0.92735,0.92792,2727275.18932,2530693.193673814
1708128000,2024-02-17 00:00:00,USDC/EUR,0.92811,0.92828,0.92590,0.92777,1819623.23737,1688191.8509347648
1708214400,2024-02-18 00:00:00,USDC/EUR,0.92777,0.92863,0.92727,0.92727,775485.70890,719084.633291703
1708300800,2024-02-19 00:00:00,USDC/EUR,0.92736,0.92934,0.92598,0.92763,2828360.33724,2623671.899633941
1708387200,2024-02-20 00:00:00,USDC/EUR,0.92767,0.92914,0.92278,0.92524,3127293.79836,2893497.313994606
1708473600,2024-02-21 00:00:00,USDC/EUR,0.92545,0.92714,0.92422,0.92443,2536649.37625,2344954.782886788
1708560000,2024-02-22 00:00:00,USDC/EUR,0.92439,0.92577,0.91915,0.92410,3214758.20763,2970758.059670883
1708646400,2024-02-23 00:00:00,USDC/EUR,0.92384,0.92470,0.92226,0.92384,2903277.48438,2682163.871169619
1708732800,2024-02-24 00:00:00,USDC/EUR,0.92383,0.92410,0.92278,0.92368,452286.13745,417767.65943981597
1708819200,2024-02-25 00:00:00,USDC/EUR,0.92335,0.92528,0.92108,0.92413,1562059.88084,1443546.3976806693
1708905600,2024-02-26 00:00:00,USDC/EUR,0.92374,0.92445,0.91442,0.92004,1284723.63645,1181997.134479458
1708992000,2024-02-27 00:00:00,USDC/EUR,0.91990,0.92265,0.91748,0.92190,1561022.03245,1439106.2117156552
1709078400,2024-02-28 00:00:00,USDC/EUR,0.92211,0.92583,0.92063,0.92157,1528902.00852,1408990.2239917764
1709164800,2024-02-29 00:00:00,USDC/EUR,0.92161,0.92579,0.92001,0.92447,1504659.26183,1391012.3477839802
1709251200,2024-03-01 00:00:00,USDC/EUR,0.92447,0.92635,0.92147,0.92197,1576524.22548,1453508.0401657955
1709337600,2024-03-02 00:00:00,USDC/EUR,0.92198,0.92275,0.92157,0.92260,162024.07185,149483.40868881
1709424000,2024-03-03 00:00:00,USDC/EUR,0.92260,0.92282,0.92082,0.92183,300319.54975,276843.5705460425
1709510400,2024-03-04 00:00:00,USDC/EUR,0.92208,0.92266,0.91944,0.92028,1256393.69854,1156233.9928923913
1709596800,2024-03-05 00:00:00,USDC/EUR,0.92028,0.92280,0.91466,0.92168,2328955.58043,2146551.779370723
1709683200,2024-03-06 00:00:00,USDC/EUR,0.92186,0.92243,0.91352,0.91729,1408702.56434,1292188.7752434388
1709769600,2024-03-07 00:00:00,USDC/EUR,0.91711,0.92015,0.91261,0.91316,2747907.17999,2509278.9204796683
1709856000,2024-03-08 00:00:00,USDC/EUR,0.91311,0.91827,0.91137,0.91379,5726300.86534,5232636.467739038
1709942400,2024-03-09 00:00:00,USDC/EUR,0.91359,0.91465,0.91338,0.91459,150890.83944,138003.25284342963
1710028800,2024-03-10 00:00:00,USDC/EUR,0.91462,0.91473,0.91299,0.91401,337651.14054,308616.51896496536
1710115200,2024-03-11 00:00:00,USDC/EUR,0.91350,0.91635,0.91000,0.91353,1321370.16428,1207111.2861747083
1710201600,2024-03-12 00:00:00,USDC/EUR,0.91413,0.91724,0.91211,0.91549,3173755.85553,2905541.7481791596
1710288000,2024-03-13 00:00:00,USDC/EUR,0.91546,0.91565,0.91227,0.91329,1243512.08283,1135687.1501278107
1710374400,2024-03-14 00:00:00,USDC/EUR,0.91279,0.91994,0.91279,0.91988,2426236.53511,2231846.4639169867
1710460800,2024-03-15 00:00:00,USDC/EUR,0.91925,0.92087,0.91746,0.91854,1540534.25452,1415042.3341468007
1710547200,2024-03-16 00:00:00,USDC/EUR,0.91863,0.92029,0.91786,0.91786,420701.73913,386145.2982778618
1710633600,2024-03-17 00:00:00,USDC/EUR,0.91778,0.92015,0.91681,0.91893,1159742.28767,1065721.980408593
1710720000,2024-03-18 00:00:00,USDC/EUR,0.91893,0.92044,0.91704,0.91928,1118003.00459,1027757.8020594952
1710806400,2024-03-19 00:00:00,USDC/EUR,0.91953,0.93000,0.91743,0.92037,5378485.09645,4950196.328219687
1710892800,2024-03-20 00:00:00,USDC/EUR,0.92039,0.92369,0.91500,0.91500,1240244.22146,1134823.4626359
1710979200,2024-03-21 00:00:00,USDC/EUR,0.91550,0.92170,0.91469,0.92076,3097661.18655,2852202.5141277784
1711065600,2024-03-22 00:00:00,USDC/EUR,0.92076,0.92683,0.92015,0.92634,2643522.16606,2448800.323308021
1711152000,2024-03-23 00:00:00,USDC/EUR,0.92643,0.92688,0.92557,0.92620,107692.04742,99744.37432040401
1711238400,2024-03-24 00:00:00,USDC/EUR,0.92565,0.92683,0.92511,0.92530,103610.74023,95871.017934819
1711324800,2024-03-25 00:00:00,USDC/EUR,0.92523,0.92613,0.91467,0.92222,1176960.97951,1085416.9545237122
1711411200,2024-03-26 00:00:00,USDC/EUR,0.92164,0.92400,0.91709,0.92308,1520025.33108,1403104.9826133263
1711497600,2024-03-27 00:00:00,USDC/EUR,0.92283,0.92544,0.92160,0.92503,580540.02113,537016.935745884
1711584000,2024-03-28 00:00:00,USDC/EUR,0.92481,0.92804,0.92341,0.92686,698180.38646,647115.4729943156
1711670400,2024-03-29 00:00:00,USDC/EUR,0.92687,0.92855,0.92564,0.92697,593836.33682,550468.4691420353
1711756800,2024-03-30 00:00:00,USDC/EUR,0.92697,0.92744,0.92100,0.92743,365119.53524,338622.8105676332
1711843200,2024-03-31 00:00:00,USDC/EUR,0.92726,0.92757,0.92420,0.92701,592547.56359,549297.5169235659
1711929600,2024-04-01 00:00:00,USDC/EUR,0.92687,0.93204,0.92639,0.93134,979276.22464,912039.1190562176
1712016000,2024-04-02 00:00:00,USDC/EUR,0.93127,0.93284,0.92600,0.92941,1358305.82915,1262423.0206703013
1712102400,2024-04-03 00:00:00,USDC/EUR,0.92951,0.93500,0.92302,0.92341,3022568.15123,2791069.6565272943
1712188800,2024-04-04 00:00:00,USDC/EUR,0.92314,0.92481,0.92011,0.92346,707770.41006,653597.6628740076
1712275200,2024-04-05 00:00:00,USDC/EUR,0.92332,0.92695,0.92231,0.92288,446841.65406,412381.2256988928
1712361600,2024-04-06 00:00:00,USDC/EUR,0.92297,0.92479,0.92274,0.92333,338371.43326,312428.4954719558
1712448000,2024-04-07 00:00:00,USDC/EUR,0.92302,0.92372,0.92168,0.92332,530156.54361,489504.1398459853
1712534400,2024-04-08 00:00:00,USDC/EUR,0.92396,0.92400,0.91954,0.92045,1180255.01019,1086365.7241293855
1712620800,2024-04-09 00:00:00,USDC/EUR,0.92021,0.92232,0.91810,0.92118,1604775.87103,1478287.4368754155
1712707200,2024-04-10 00:00:00,USDC/EUR,0.92118,0.93200,0.92054,0.93054,2512467.40322,2337951.417392339
1712793600,2024-04-11 00:00:00,USDC/EUR,0.93053,0.93422,0.92694,0.93235,1204309.55022,1122838.009147617
1712880000,2024-04-12 00:00:00,USDC/EUR,0.93242,0.94399,0.93213,0.94301,1690662.73180,1594311.8627147179
1712966400,2024-04-13 00:00:00,USDC/EUR,0.94302,0.95794,0.94140,0.95546,957768.30480,915109.304504208
1713052800,2024-04-14 00:00:00,USDC/EUR,0.95546,0.96350,0.93989,0.94034,1234870.80882,1161198.4163657986
1713139200,2024-04-15 00:00:00,USDC/EUR,0.93999,0.94241,0.93802,0.94185,1020710.52749,961356.2103164565
1713225600,2024-04-16 00:00:00,USDC/EUR,0.94174,0.94409,0.93888,0.94198,3041694.08113,2865214.9905428374
1713312000,2024-04-17 00:00:00,USDC/EUR,0.94223,0.94506,0.93769,0.93887,1115427.77698,1047241.6769732126
1713398400,2024-04-18 00:00:00,USDC/EUR,0.93855,0.94042,0.93570,0.93998,2881525.70340,2708576.530681932
1713484800,2024-04-19 00:00:00,USDC/EUR,0.94037,0.94325,0.93693,0.93951,2096548.58548,1969728.3615443145
1713571200,2024-04-20 00:00:00,USDC/EUR,0.93961,0.94099,0.93930,0.94000,309630.44821,291052.62131739996
1713657600,2024-04-21 00:00:00,USDC/EUR,0.93980,0.94055,0.93836,0.93911,215497.00353,202375.3909850583
1713744000,2024-04-22 00:00:00,USDC/EUR,0.93930,0.94153,0.93749,0.93850,2496472.08615,2342939.0528517747
1713830400,2024-04-23 00:00:00,USDC/EUR,0.93857,0.94006,0.93390,0.93455,1906774.23332,1781975.859749206
1713916800,2024-04-24 00:00:00,USDC/EUR,0.93409,0.93649,0.93347,0.93486,2689041.54260,2513877.376515036
1714003200,2024-04-25 00:00:00,USDC/EUR,0.93513,0.93673,0.93154,0.93224,2445837.03989,2280107.122067054
1714089600,2024-04-26 00:00:00,USDC/EUR,0.93275,0.93742,0.93000,0.93561,1912046.76325,1788930.0721643327
1714176000,2024-04-27 00:00:00,USDC/EUR,0.93566,0.93699,0.93565,0.93606,202080.82734,189159.7792398804
1714262400,2024-04-28 00:00:00,USDC/EUR,0.93635,0.93640,0.93443,0.93463,195260.61938,182496.4326911294
1714348800,2024-04-29 00:00:00,USDC/EUR,0.93386,0.93549,0.93197,0.93311,2125176.17062,1983023.1365672282
1714435200,2024-04-30 00:00:00,USDC/EUR,0.93328,0.93780,0.93183,0.93750,3685341.43898,3455007.59904375
1714521600,2024-05-01 00:00:00,USDC/EUR,0.93739,0.93867,0.93174,0.93329,919955.65603,858585.4142162387
1714608000,2024-05-02 00:00:00,USDC/EUR,0.93339,0.93656,0.93148,0.93271,789651.47605,736515.8282265955
1714694400,2024-05-03 00:00:00,USDC/EUR,0.93308,0.93309,0.92231,0.92998,2218777.08431,2063418.3128666137
1714780800,2024-05-04 00:00:00,USDC/EUR,0.92962,0.93138,0.92838,0.92954,494423.90418,459586.7958914772
1714867200,2024-05-05 00:00:00,USDC/EUR,0.92955,0.92980,0.92866,0.92923,262986.46013,244374.90834659993
1714953600,2024-05-06 00:00:00,USDC/EUR,0.92965,0.92965,0.92649,0.92832,245683.43977,228072.8508072864
1715040000,2024-05-07 00:00:00,USDC/EUR,0.92889,0.93072,0.92718,0.93053,844386.01820,785726.521515646
1715126400,2024-05-08 00:00:00,USDC/EUR,0.93041,0.93154,0.92867,0.93099,625247.72882,582099.3830541318
1715212800,2024-05-09 00:00:00,USDC/EUR,0.93101,0.93223,0.92704,0.92721,582777.82699,540357.4289633979
1715299200,2024-05-10 00:00:00,USDC/EUR,0.92755,0.92997,0.92646,0.92962,285891.89632,265770.8246569984
1715385600,2024-05-11 00:00:00,USDC/EUR,0.92962,0.93026,0.92902,0.92918,156060.91722,145008.6830624796
1715472000,2024-05-12 00:00:00,USDC/EUR,0.92923,0.92957,0.92805,0.92882,153190.53943,142286.4368333726
1715558400,2024-05-13 00:00:00,USDC/EUR,0.92876,0.92932,0.92358,0.92621,487072.51872,451131.4375636512
1715644800,2024-05-14 00:00:00,USDC/EUR,0.92632,0.92812,0.92381,0.92479,1026119.79937,948945.3292593823
1715731200,2024-05-15 00:00:00,USDC/EUR,0.92474,0.92483,0.91687,0.91761,995054.49440,913071.954606384
1715817600,2024-05-16 00:00:00,USDC/EUR,0.91748,0.92119,0.91475,0.91980,553643.09312,509240.91705177596
1715904000,2024-05-17 00:00:00,USDC/EUR,0.91988,0.92239,0.91702,0.92008,384587.87643,353851.6133457144
1715990400,2024-05-18 00:00:00,USDC/EUR,0.92007,0.92054,0.91943,0.92021,187083.13328,172155.7700755888
1716076800,2024-05-19 00:00:00,USDC/EUR,0.91996,0.92035,0.91906,0.91954,132434.42249,121778.74885645461
1716163200,2024-05-20 00:00:00,USDC/EUR,0.91972,0.92054,0.91726,0.91928,330659.61664,303968.7723848192
1716249600,2024-05-21 00:00:00,USDC/EUR,0.91912,0.92091,0.91000,0.91988,415933.04044,382608.4852399472
1716336000,2024-05-22 00:00:00,USDC/EUR,0.91988,0.92399,0.91568,0.92339,166480.48520,153726.415228828
1716422400,2024-05-23 00:00:00,USDC/EUR,0.92335,0.92562,0.92030,0.92461,834710.25939,771781.452934588
1716508800,2024-05-24 00:00:00,USDC/EUR,0.92493,0.92568,0.92127,0.92272,835785.69926,771196.1804211872
1716595200,2024-05-25 00:00:00,USDC/EUR,0.92263,0.92300,0.92229,0.92254,157546.68794,145343.12149216761
1716681600,2024-05-26 00:00:00,USDC/EUR,0.92254,0.92264,0.92155,0.92190,343930.03008,317069.094730752
1716768000,2024-05-27 00:00:00,USDC/EUR,0.92187,0.92210,0.91699,0.92048,1168173.88836,1075280.7007576127
1716854400,2024-05-28 00:00:00,USDC/EUR,0.92041,0.92114,0.91809,0.92114,505809.78024,465921.62097027357
1716940800,2024-05-29 00:00:00,USDC/EUR,0.92128,0.92600,0.91971,0.92561,959246.95300,887888.5721663301
1717027200,2024-05-30 00:00:00,USDC/EUR,0.92589,0.92668,0.92206,0.92292,411011.58045,379330.80782891397
1717113600,2024-05-31 00:00:00,USDC/EUR,0.92320,0.92459,0.91904,0.92239,724392.12400,668172.05125636
1717200000,2024-06-01 00:00:00,USDC/EUR,0.92240,0.92282,0.92149,0.92195,310252.25749,286037.0687929055
1717286400,2024-06-02 00:00:00,USDC/EUR,0.92195,0.92219,0.92139,0.92159,179557.36278,165478.2699644202
1717372800,2024-06-03 00:00:00,USDC/EUR,0.92149,0.92300,0.91632,0.91641,454019.88107,416068.3592113587
1717459200,2024-06-04 00:00:00,USDC/EUR,0.91629,0.92059,0.91222,0.91815,1670190.14602,1533485.0825682632
1717545600,2024-06-05 00:00:00,USDC/EUR,0.91842,0.92087,0.91773,0.91917,1321105.28542,1214320.3451995016
1717632000,2024-06-06 00:00:00,USDC/EUR,0.91917,0.92036,0.91721,0.91834,1212640.35436,1113616.1430229624
1717718400,2024-06-07 00:00:00,USDC/EUR,0.91834,0.91834,0.91834,0.91834,0.00000,0.0
