https://www.Saxcoin-b6.nl,XLM,Stellar Lumen
unix,date,symbol,open,high,low,close,volume,total
1648425600,2022-03-28 00:00:00,XLM/EUR,0.20893,0.21993,0.20812,0.20912,6291241.76434107,1315624.4777590046
1648512000,2022-03-29 00:00:00,XLM/EUR,0.20889,0.21702,0.20658,0.21025,8583632.77533935,1804708.7910150983
1648598400,2022-03-30 00:00:00,XLM/EUR,0.21005,0.21304,0.20411,0.21014,4452422.05919874,935631.9715200232
1648684800,2022-03-31 00:00:00,XLM/EUR,0.20973,0.21727,0.20407,0.20629,11458004.30695444,2363671.7084816312
1648771200,2022-04-01 00:00:00,XLM/EUR,0.20654,0.21097,0.19941,0.21065,7850438.25781361,1653694.819008437
1648857600,2022-04-02 00:00:00,XLM/EUR,0.21033,0.21499,0.20921,0.21123,3737922.38323895,789561.3450115634
1648944000,2022-04-03 00:00:00,XLM/EUR,0.21160,0.21594,0.20901,0.21480,4212801.72006977,904909.8094709865
1649030400,2022-04-04 00:00:00,XLM/EUR,0.21416,0.21425,0.20677,0.21161,5389779.17768390,1140531.1717896902
1649116800,2022-04-05 00:00:00,XLM/EUR,0.21149,0.21326,0.20559,0.20619,6906141.05155545,1423977.2234202183
1649203200,2022-04-06 00:00:00,XLM/EUR,0.20654,0.20654,0.18599,0.18639,8014067.17596953,1493741.9809289607
1649289600,2022-04-07 00:00:00,XLM/EUR,0.18693,0.19734,0.18450,0.19590,5781164.92333439,1132530.208481207
1649376000,2022-04-08 00:00:00,XLM/EUR,0.19568,0.19635,0.18428,0.18605,5207190.81849860,968797.8517816645
1649462400,2022-04-09 00:00:00,XLM/EUR,0.18591,0.18961,0.18460,0.18881,5597577.98722233,1056878.699767448
1649548800,2022-04-10 00:00:00,XLM/EUR,0.18898,0.19079,0.18377,0.18377,4784509.36140028,879249.2853445294
1649635200,2022-04-11 00:00:00,XLM/EUR,0.18443,0.18467,0.17095,0.17153,8071229.23789316,1384457.9511758138
1649721600,2022-04-12 00:00:00,XLM/EUR,0.17213,0.17864,0.17081,0.17785,6293471.98630309,1119293.9927640047
1649808000,2022-04-13 00:00:00,XLM/EUR,0.17723,0.18163,0.17647,0.18042,4747516.87920440,856546.9953460578
1649894400,2022-04-14 00:00:00,XLM/EUR,0.17991,0.18298,0.17691,0.17914,7013676.01837891,1256429.9219323979
1649980800,2022-04-15 00:00:00,XLM/EUR,0.17937,0.19636,0.17859,0.18889,8864102.01719411,1674340.2300277955
1650067200,2022-04-16 00:00:00,XLM/EUR,0.18856,0.19217,0.18737,0.19025,3269590.23181004,622039.5416018601
1650153600,2022-04-17 00:00:00,XLM/EUR,0.19014,0.19156,0.18159,0.18213,3133985.72442232,570792.8199890371
1650240000,2022-04-18 00:00:00,XLM/EUR,0.18182,0.19130,0.17616,0.19025,11944364.56204158,2272415.3579284106
1650326400,2022-04-19 00:00:00,XLM/EUR,0.19035,0.19120,0.18564,0.18887,6237777.41848576,1178129.0210294055
1650412800,2022-04-20 00:00:00,XLM/EUR,0.18850,0.19145,0.18396,0.18477,9207707.97739702,1701308.2029836474
1650499200,2022-04-21 00:00:00,XLM/EUR,0.18455,0.18793,0.17860,0.18150,7205823.31118328,1307856.9309797653
1650585600,2022-04-22 00:00:00,XLM/EUR,0.18123,0.18328,0.17985,0.18097,6282327.26663949,1136912.7654437483
1650672000,2022-04-23 00:00:00,XLM/EUR,0.18124,0.18275,0.17727,0.17846,2925426.66333640,522071.642339014
1650758400,2022-04-24 00:00:00,XLM/EUR,0.17746,0.17995,0.17550,0.17565,5303201.72501487,931507.382998862
1650844800,2022-04-25 00:00:00,XLM/EUR,0.17564,0.18038,0.16656,0.17953,5950923.89314186,1068369.3665357581
1650931200,2022-04-26 00:00:00,XLM/EUR,0.17926,0.17942,0.16698,0.16909,4529517.87046270,765896.1767165379
1651017600,2022-04-27 00:00:00,XLM/EUR,0.16902,0.17688,0.16902,0.17470,5156377.25324579,900819.1061420394
1651104000,2022-04-28 00:00:00,XLM/EUR,0.17476,0.17928,0.17389,0.17704,5521254.48102591,977482.8933208272
1651190400,2022-04-29 00:00:00,XLM/EUR,0.17697,0.17789,0.16715,0.16878,4653387.66043394,785398.7693280404
1651276800,2022-04-30 00:00:00,XLM/EUR,0.16855,0.17208,0.15804,0.16042,5723190.45756469,918114.2132025276
1651363200,2022-05-01 00:00:00,XLM/EUR,0.16036,0.16757,0.15989,0.16667,3861507.79029050,643597.5034077177
1651449600,2022-05-02 00:00:00,XLM/EUR,0.16782,0.16904,0.16250,0.16524,3268515.75278618,540089.5429903883
1651536000,2022-05-03 00:00:00,XLM/EUR,0.16444,0.16826,0.16143,0.16349,3465772.15726166,566619.0899907087
1651622400,2022-05-04 00:00:00,XLM/EUR,0.16311,0.17420,0.16311,0.17389,6188922.80771056,1076191.7870327893
1651708800,2022-05-05 00:00:00,XLM/EUR,0.17397,0.17657,0.15849,0.16225,7327876.54483333,1188947.969399208
1651795200,2022-05-06 00:00:00,XLM/EUR,0.16131,0.16383,0.15587,0.16243,6504652.81202469,1056550.7562571703
1651881600,2022-05-07 00:00:00,XLM/EUR,0.16267,0.16347,0.15636,0.15874,8751136.59076703,1389155.4224183583
1651968000,2022-05-08 00:00:00,XLM/EUR,0.15913,0.15932,0.15156,0.15343,8247912.06579247,1265477.148254539
1652054400,2022-05-09 00:00:00,XLM/EUR,0.15379,0.15666,0.13188,0.13287,8623089.27030379,1145749.8713452644
1652140800,2022-05-10 00:00:00,XLM/EUR,0.13565,0.14780,0.12931,0.14076,15132984.89582021,2130118.9539356525
1652227200,2022-05-11 00:00:00,XLM/EUR,0.14091,0.14269,0.11151,0.11922,16279593.34535664,1940853.1186334186
1652313600,2022-05-12 00:00:00,XLM/EUR,0.11968,0.12381,0.09722,0.11652,13540221.82191566,1577706.6466896127
1652400000,2022-05-13 00:00:00,XLM/EUR,0.11629,0.13439,0.11519,0.12682,4308553.95606239,546410.8127078322
1652486400,2022-05-14 00:00:00,XLM/EUR,0.12692,0.13429,0.12253,0.13256,5492062.54834366,728027.8114084357
1652572800,2022-05-15 00:00:00,XLM/EUR,0.13302,0.13944,0.12882,0.13936,3935411.65793159,548438.9686493464
1652659200,2022-05-16 00:00:00,XLM/EUR,0.13918,0.13918,0.12855,0.12980,5824270.36830222,755990.2938056281
1652745600,2022-05-17 00:00:00,XLM/EUR,0.13016,0.13534,0.12689,0.13462,4265483.99145170,574219.4549292278
1652832000,2022-05-18 00:00:00,XLM/EUR,0.13525,0.13545,0.12160,0.12160,4985041.35826255,606181.029164726
1652918400,2022-05-19 00:00:00,XLM/EUR,0.12183,0.12613,0.11728,0.12338,5232425.71926916,645576.685243429
1653004800,2022-05-20 00:00:00,XLM/EUR,0.12344,0.12645,0.11788,0.11952,5076771.54023762,606775.7344892003
1653091200,2022-05-21 00:00:00,XLM/EUR,0.11889,0.12411,0.11700,0.12361,4750933.48941337,587262.8886263866
1653177600,2022-05-22 00:00:00,XLM/EUR,0.12470,0.12896,0.12315,0.12808,5193286.53201889,665156.1390209794
1653264000,2022-05-23 00:00:00,XLM/EUR,0.12871,0.12999,0.11972,0.12027,3342907.06036014,402051.4321495141
1653350400,2022-05-24 00:00:00,XLM/EUR,0.12043,0.12411,0.11579,0.12350,2898187.71712289,357926.18306467694
1653436800,2022-05-25 00:00:00,XLM/EUR,0.12406,0.12554,0.12027,0.12362,4775743.03372074,590377.3538285579
1653523200,2022-05-26 00:00:00,XLM/EUR,0.12370,0.12493,0.11292,0.11568,3860671.80847068,446602.5148038883
1653609600,2022-05-27 00:00:00,XLM/EUR,0.11585,0.11614,0.11044,0.11201,4398279.34142193,492651.26903267036
1653696000,2022-05-28 00:00:00,XLM/EUR,0.11179,0.11508,0.11146,0.11471,3560754.63458974,408454.16413378913
1653782400,2022-05-29 00:00:00,XLM/EUR,0.11413,0.12203,0.11342,0.12187,5026492.49208814,612578.6400107817
1653868800,2022-05-30 00:00:00,XLM/EUR,0.12199,0.13330,0.12199,0.13320,4479711.00500025,596697.5058660334
1653955200,2022-05-31 00:00:00,XLM/EUR,0.13300,0.14299,0.13147,0.13972,6352413.45727868,887559.2082509772
1654041600,2022-06-01 00:00:00,XLM/EUR,0.14063,0.14063,0.12506,0.12860,4629967.44734506,595413.8137285747
1654128000,2022-06-02 00:00:00,XLM/EUR,0.12804,0.13389,0.12672,0.13301,5473800.57522590,728070.2145107969
1654214400,2022-06-03 00:00:00,XLM/EUR,0.13322,0.14029,0.13025,0.13630,8540966.29556211,1164133.7060851157
1654300800,2022-06-04 00:00:00,XLM/EUR,0.13717,0.13759,0.13120,0.13376,9848948.41295181,1317395.339716434
1654387200,2022-06-05 00:00:00,XLM/EUR,0.13416,0.13750,0.13164,0.13370,3188830.04028478,426346.5763860751
1654473600,2022-06-06 00:00:00,XLM/EUR,0.13357,0.13983,0.13304,0.13560,3496147.26836961,474077.5695909191
1654560000,2022-06-07 00:00:00,XLM/EUR,0.13518,0.13559,0.12577,0.13205,4314965.18376506,569791.1525161762
1654646400,2022-06-08 00:00:00,XLM/EUR,0.13121,0.13384,0.12729,0.13067,4480395.31120301,585453.2553148974
1654732800,2022-06-09 00:00:00,XLM/EUR,0.13089,0.13270,0.12905,0.13164,4949095.65879480,651498.9525237475
1654819200,2022-06-10 00:00:00,XLM/EUR,0.13147,0.13250,0.12501,0.12641,6479941.42853430,819129.3959810209
1654905600,2022-06-11 00:00:00,XLM/EUR,0.12643,0.12893,0.11680,0.11906,5472404.21921325,651544.4463395296
1654992000,2022-06-12 00:00:00,XLM/EUR,0.11898,0.12061,0.11195,0.11290,6700295.95619850,756463.4134548106
1655078400,2022-06-13 00:00:00,XLM/EUR,0.11268,0.11320,0.09888,0.10248,6979677.11020580,715277.3102538905
1655164800,2022-06-14 00:00:00,XLM/EUR,0.10132,0.11050,0.09650,0.10808,9095500.34558976,983041.6773513414
1655251200,2022-06-15 00:00:00,XLM/EUR,0.10810,0.11670,0.09907,0.11551,8095642.29723759,935127.6417539141
1655337600,2022-06-16 00:00:00,XLM/EUR,0.11661,0.11749,0.10124,0.10323,7092498.08825430,732158.5776504914
1655424000,2022-06-17 00:00:00,XLM/EUR,0.10232,0.11059,0.10197,0.10663,10059307.49197555,1072623.9578693528
1655510400,2022-06-18 00:00:00,XLM/EUR,0.10694,0.10793,0.09517,0.10269,5771611.23970043,592686.7582048372
1655596800,2022-06-19 00:00:00,XLM/EUR,0.10203,0.11060,0.09927,0.10919,7542937.44380585,823613.3394891607
1655683200,2022-06-20 00:00:00,XLM/EUR,0.10939,0.11173,0.10447,0.10765,4458112.93336840,479915.85727710824
1655769600,2022-06-21 00:00:00,XLM/EUR,0.10747,0.11270,0.10587,0.10854,4504796.42301168,488950.60375368776
1655856000,2022-06-22 00:00:00,XLM/EUR,0.10817,0.10999,0.10424,0.10680,5797653.09800304,619189.3508667247
1655942400,2022-06-23 00:00:00,XLM/EUR,0.10695,0.11323,0.10695,0.11215,4072593.31105914,456741.3398352826
1656028800,2022-06-24 00:00:00,XLM/EUR,0.11330,0.12313,0.11301,0.12107,4053468.23366588,490753.39904992806
1656115200,2022-06-25 00:00:00,XLM/EUR,0.12057,0.12313,0.11641,0.12047,4632766.98598198,558109.4388012491
1656201600,2022-06-26 00:00:00,XLM/EUR,0.12042,0.12140,0.11349,0.11365,2590891.06439057,294454.7694679883
1656288000,2022-06-27 00:00:00,XLM/EUR,0.11342,0.11724,0.11000,0.11230,3197990.32161030,359134.31311683665
1656374400,2022-06-28 00:00:00,XLM/EUR,0.11239,0.11472,0.10810,0.10867,2781803.61810787,302298.59917978226
1656460800,2022-06-29 00:00:00,XLM/EUR,0.10787,0.10958,0.10242,0.10528,3408882.39228925,358887.13826021226
1656547200,2022-06-30 00:00:00,XLM/EUR,0.10487,0.10729,0.09881,0.10697,7650472.34084691,818371.026300394
1656633600,2022-07-01 00:00:00,XLM/EUR,0.10683,0.10999,0.10299,0.10549,5525796.59201050,582916.2824911877
1656720000,2022-07-02 00:00:00,XLM/EUR,0.10553,0.10611,0.10119,0.10416,2270240.81954276,236468.28376357388
1656806400,2022-07-03 00:00:00,XLM/EUR,0.10403,0.10634,0.10158,0.10426,4258412.22425732,443982.0585010682
1656892800,2022-07-04 00:00:00,XLM/EUR,0.10410,0.10651,0.10200,0.10642,1970324.80942656,209681.96621917453
1656979200,2022-07-05 00:00:00,XLM/EUR,0.10671,0.10672,0.10153,0.10512,2080312.70793334,218682.4718579527
1657065600,2022-07-06 00:00:00,XLM/EUR,0.10564,0.10819,0.10376,0.10727,3520574.10532547,377651.98427826323
1657152000,2022-07-07 00:00:00,XLM/EUR,0.10746,0.11381,0.10670,0.11218,4034276.08938621,452565.09170734504
1657238400,2022-07-08 00:00:00,XLM/EUR,0.11173,0.11656,0.11024,0.11100,4841322.11244365,537386.7544812452
1657324800,2022-07-09 00:00:00,XLM/EUR,0.11098,0.11300,0.10980,0.11110,1761879.80825340,195744.84669695274
1657411200,2022-07-10 00:00:00,XLM/EUR,0.11059,0.11070,0.10380,0.10551,2824214.75799707,297982.8991162709
1657497600,2022-07-11 00:00:00,XLM/EUR,0.10496,0.10703,0.10063,0.10087,1704666.28108143,171949.68777268383
1657584000,2022-07-12 00:00:00,XLM/EUR,0.10027,0.10325,0.09990,0.09991,1813958.31109777,181232.5748617782
1657670400,2022-07-13 00:00:00,XLM/EUR,0.10005,0.10518,0.09874,0.10499,2873483.04676686,301686.98508005263
1657756800,2022-07-14 00:00:00,XLM/EUR,0.10505,0.10680,0.10153,0.10680,2464670.98665065,263226.86137428944
1657843200,2022-07-15 00:00:00,XLM/EUR,0.10663,0.10800,0.10457,0.10643,2214965.45303061,235738.77316604782
1657929600,2022-07-16 00:00:00,XLM/EUR,0.10629,0.10937,0.10450,0.10869,2468574.24523707,268309.3347148171
1658016000,2022-07-17 00:00:00,XLM/EUR,0.10881,0.11038,0.10542,0.10542,1229916.79299592,129657.82831762989
1658102400,2022-07-18 00:00:00,XLM/EUR,0.10644,0.11450,0.10588,0.11268,2451140.49946403,276194.5114796069
1658188800,2022-07-19 00:00:00,XLM/EUR,0.11338,0.11696,0.10974,0.11572,3356286.82692789,388389.51161209546
1658275200,2022-07-20 00:00:00,XLM/EUR,0.11639,0.11809,0.10899,0.10994,3873731.85339100,425878.07996180654
1658361600,2022-07-21 00:00:00,XLM/EUR,0.10986,0.11170,0.10729,0.11110,2703855.93388782,300398.39425493684
1658448000,2022-07-22 00:00:00,XLM/EUR,0.11070,0.11374,0.10823,0.10983,2003011.03346954,219990.70180595957
1658534400,2022-07-23 00:00:00,XLM/EUR,0.10911,0.11138,0.10699,0.10921,1512125.85211734,165139.26430973472
1658620800,2022-07-24 00:00:00,XLM/EUR,0.11029,0.11321,0.10995,0.11164,1152647.88291185,128681.60964827894
1658707200,2022-07-25 00:00:00,XLM/EUR,0.11123,0.11123,0.10344,0.10345,2089605.15250696,216169.65302684502
1658793600,2022-07-26 00:00:00,XLM/EUR,0.10330,0.10415,0.10114,0.10407,1843501.67386274,191853.21919889533
1658880000,2022-07-27 00:00:00,XLM/EUR,0.10407,0.11053,0.10205,0.11037,1817116.16956378,200555.1116347544
1658966400,2022-07-28 00:00:00,XLM/EUR,0.10967,0.11565,0.10845,0.11466,2315317.69728916,265474.3271711751
1659052800,2022-07-29 00:00:00,XLM/EUR,0.11473,0.11700,0.11245,0.11517,2123403.71399068,244552.4057403066
1659139200,2022-07-30 00:00:00,XLM/EUR,0.11615,0.12244,0.11362,0.11661,3733366.65542835,435347.8856894999
1659225600,2022-07-31 00:00:00,XLM/EUR,0.11737,0.11976,0.11446,0.11587,4288613.04548614,496921.59358047904
1659312000,2022-08-01 00:00:00,XLM/EUR,0.11498,0.11770,0.11402,0.11548,1912572.11990550,220863.82840668713
1659398400,2022-08-02 00:00:00,XLM/EUR,0.11562,0.11730,0.11097,0.11323,2059896.89895515,233242.12586869163
1659484800,2022-08-03 00:00:00,XLM/EUR,0.11256,0.11545,0.11132,0.11178,1438975.46520697,160848.67750083513
1659571200,2022-08-04 00:00:00,XLM/EUR,0.11243,0.11451,0.10988,0.11114,1306044.70432007,145153.8084381326
1659657600,2022-08-05 00:00:00,XLM/EUR,0.11135,0.11627,0.11125,0.11620,1220605.62219999,141834.37329963886
1659744000,2022-08-06 00:00:00,XLM/EUR,0.11656,0.12075,0.11625,0.11950,651844.63521667,77895.43390839206
1659830400,2022-08-07 00:00:00,XLM/EUR,0.11934,0.12275,0.11805,0.12170,2732788.57264259,332580.3692906032
1659916800,2022-08-08 00:00:00,XLM/EUR,0.12180,0.13555,0.12150,0.12730,8170160.97089720,1040061.4915952135
1660003200,2022-08-09 00:00:00,XLM/EUR,0.12744,0.12774,0.11800,0.11944,1638396.21314386,195690.04369790264
1660089600,2022-08-10 00:00:00,XLM/EUR,0.11951,0.12226,0.11735,0.12226,2514447.52039852,307416.353843923
1660176000,2022-08-11 00:00:00,XLM/EUR,0.12218,0.12347,0.12063,0.12135,1552828.85307822,188435.781321042
1660262400,2022-08-12 00:00:00,XLM/EUR,0.12126,0.12314,0.12000,0.12284,2535501.82309715,311461.0439492539
1660348800,2022-08-13 00:00:00,XLM/EUR,0.12289,0.12516,0.12246,0.12369,4326296.90568939,535119.6642647206
1660435200,2022-08-14 00:00:00,XLM/EUR,0.12337,0.12644,0.12130,0.12224,2521306.13581493,308204.462042017
1660521600,2022-08-15 00:00:00,XLM/EUR,0.12244,0.12536,0.11938,0.12150,2888634.22860586,350969.058775612
1660608000,2022-08-16 00:00:00,XLM/EUR,0.12146,0.12240,0.11900,0.11978,2242219.26413015,268573.02345750935
1660694400,2022-08-17 00:00:00,XLM/EUR,0.12005,0.12532,0.11765,0.11915,5685185.51706235,677389.854357979
1660780800,2022-08-18 00:00:00,XLM/EUR,0.11904,0.12001,0.11455,0.11490,2558967.36491932,294025.3502292299
1660867200,2022-08-19 00:00:00,XLM/EUR,0.11432,0.11535,0.10638,0.10771,2792989.39709898,300832.8879615311
1660953600,2022-08-20 00:00:00,XLM/EUR,0.10819,0.11005,0.10679,0.10879,1899718.20608403,206670.3436398816
1661040000,2022-08-21 00:00:00,XLM/EUR,0.10864,0.11183,0.10741,0.11065,3227992.53220772,357177.3736887842
1661126400,2022-08-22 00:00:00,XLM/EUR,0.10999,0.11025,0.10646,0.11020,2104839.51822894,231953.31490882923
1661212800,2022-08-23 00:00:00,XLM/EUR,0.11029,0.11157,0.10831,0.11135,2748942.14207987,306094.70752059354
1661299200,2022-08-24 00:00:00,XLM/EUR,0.11108,0.11127,0.10893,0.10964,3188017.36772459,349534.2241973241
1661385600,2022-08-25 00:00:00,XLM/EUR,0.10977,0.11089,0.10936,0.11060,2306781.26559718,255130.00797504812
1661472000,2022-08-26 00:00:00,XLM/EUR,0.10987,0.11407,0.10303,0.10394,3565869.28776118,370636.4537698971
1661558400,2022-08-27 00:00:00,XLM/EUR,0.10444,0.10622,0.10294,0.10574,1981900.34414619,209566.14239001813
1661644800,2022-08-28 00:00:00,XLM/EUR,0.10602,0.10724,0.10267,0.10267,1857589.82086076,190718.74690777424
1661731200,2022-08-29 00:00:00,XLM/EUR,0.10300,0.10595,0.10168,0.10595,2221838.16807675,235403.75390773165
1661817600,2022-08-30 00:00:00,XLM/EUR,0.10575,0.10665,0.10026,0.10231,1869636.15339818,191282.47485416778
1661904000,2022-08-31 00:00:00,XLM/EUR,0.10285,0.10541,0.10265,0.10330,1025757.16930992,105960.71558971475
1661990400,2022-09-01 00:00:00,XLM/EUR,0.10407,0.10557,0.10262,0.10548,1471688.59370287,155233.71286377872
1662076800,2022-09-02 00:00:00,XLM/EUR,0.10558,0.10614,0.10345,0.10489,680886.97221864,71418.23451601315
1662163200,2022-09-03 00:00:00,XLM/EUR,0.10495,0.10610,0.10428,0.10571,1065478.43123150,112631.72496548187
1662249600,2022-09-04 00:00:00,XLM/EUR,0.10585,0.10923,0.10533,0.10721,742621.31224875,79616.4308861885
1662336000,2022-09-05 00:00:00,XLM/EUR,0.10750,0.10773,0.10425,0.10526,967652.56413659,101855.10890101746
1662422400,2022-09-06 00:00:00,XLM/EUR,0.10563,0.10790,0.10030,0.10074,2314001.09948023,233112.47076163834
1662508800,2022-09-07 00:00:00,XLM/EUR,0.10062,0.10332,0.09959,0.10298,2572719.27333794,264938.63076834107
1662595200,2022-09-08 00:00:00,XLM/EUR,0.10308,0.10447,0.10116,0.10441,1981364.16930677,206874.23291731987
1662681600,2022-09-09 00:00:00,XLM/EUR,0.10452,0.11383,0.10400,0.11374,3636185.96115742,413579.79122204497
1662768000,2022-09-10 00:00:00,XLM/EUR,0.11353,0.11541,0.11254,0.11405,2951254.75098083,336590.60434936365
1662854400,2022-09-11 00:00:00,XLM/EUR,0.11434,0.11580,0.11179,0.11365,1540269.17911241,175051.59220612538
1662940800,2022-09-12 00:00:00,XLM/EUR,0.11314,0.11513,0.11055,0.11234,903255.71904077,101471.74747704009
1663027200,2022-09-13 00:00:00,XLM/EUR,0.11194,0.11231,0.10479,0.10484,2912346.53270584,305330.4104888803
1663113600,2022-09-14 00:00:00,XLM/EUR,0.10445,0.10576,0.10290,0.10549,1827241.84302265,192755.74202045935
1663200000,2022-09-15 00:00:00,XLM/EUR,0.10539,0.10617,0.10144,0.10221,1900621.31448306,194262.50455331357
1663286400,2022-09-16 00:00:00,XLM/EUR,0.10191,0.10740,0.10143,0.10707,2169162.75381779,232252.2560512708
1663372800,2022-09-17 00:00:00,XLM/EUR,0.10696,0.11378,0.10569,0.11323,2504239.22708273,283555.0076825775
1663459200,2022-09-18 00:00:00,XLM/EUR,0.11293,0.11567,0.10632,0.10653,4825194.62610187,514027.98351863225
1663545600,2022-09-19 00:00:00,XLM/EUR,0.10702,0.11176,0.10388,0.11176,1911081.67000663,213582.48743994097
1663632000,2022-09-20 00:00:00,XLM/EUR,0.11116,0.11958,0.11022,0.11743,4010284.73083628,470927.7359421044
1663718400,2022-09-21 00:00:00,XLM/EUR,0.11764,0.11956,0.11100,0.11226,2885606.02470433,323938.1323333081
1663804800,2022-09-22 00:00:00,XLM/EUR,0.11233,0.12666,0.11233,0.12492,2704972.68735564,337905.18810446654
1663891200,2022-09-23 00:00:00,XLM/EUR,0.12512,0.13507,0.12085,0.12683,3784134.09844568,479941.7277058656
1663977600,2022-09-24 00:00:00,XLM/EUR,0.12813,0.13077,0.12119,0.12211,1877947.99331151,229316.22946326848
1664064000,2022-09-25 00:00:00,XLM/EUR,0.12215,0.12678,0.11981,0.12097,1173920.26002786,142009.13385557022
1664150400,2022-09-26 00:00:00,XLM/EUR,0.12058,0.12212,0.11679,0.11841,2055902.70661564,243439.43949035794
1664236800,2022-09-27 00:00:00,XLM/EUR,0.11862,0.12116,0.11432,0.11467,1685109.69907727,193231.52919319054
1664323200,2022-09-28 00:00:00,XLM/EUR,0.11528,0.11531,0.11123,0.11123,1323762.69773358,147242.12486890607
1664409600,2022-09-29 00:00:00,XLM/EUR,0.11161,0.12171,0.10961,0.11703,1864190.12770642,218166.1706454823
1664496000,2022-09-30 00:00:00,XLM/EUR,0.11764,0.11961,0.11583,0.11649,1668493.14052649,194362.76593993083
1664582400,2022-10-01 00:00:00,XLM/EUR,0.11717,0.12482,0.11650,0.12444,1121988.77723305,139620.28343888072
1664668800,2022-10-02 00:00:00,XLM/EUR,0.12357,0.12529,0.12010,0.12107,706665.28341695,85555.96586329014
1664755200,2022-10-03 00:00:00,XLM/EUR,0.12008,0.12231,0.11598,0.11884,766740.18359957,91119.4034189729
1664841600,2022-10-04 00:00:00,XLM/EUR,0.11869,0.12241,0.11786,0.11910,721271.62141840,85903.45011093143
1664928000,2022-10-05 00:00:00,XLM/EUR,0.11947,0.12143,0.11778,0.12004,943468.96591553,113254.01466850021
1665014400,2022-10-06 00:00:00,XLM/EUR,0.12013,0.12385,0.11977,0.12197,1222298.68569472,149083.770694185
1665100800,2022-10-07 00:00:00,XLM/EUR,0.12169,0.12677,0.11983,0.12575,705423.01281927,88706.94386202321
1665187200,2022-10-08 00:00:00,XLM/EUR,0.12591,0.13100,0.12584,0.12940,1159745.92751525,150071.12302047331
1665273600,2022-10-09 00:00:00,XLM/EUR,0.12894,0.13320,0.12824,0.13263,650674.71135414,86298.98696689958
1665360000,2022-10-10 00:00:00,XLM/EUR,0.13146,0.13188,0.12778,0.12778,404699.06115860,51712.4460348459
1665446400,2022-10-11 00:00:00,XLM/EUR,0.12672,0.12845,0.11890,0.11890,1246343.38313425,148190.22825466233
1665532800,2022-10-12 00:00:00,XLM/EUR,0.11977,0.12018,0.11843,0.11979,616662.01758537,73869.94308655147
1665619200,2022-10-13 00:00:00,XLM/EUR,0.11979,0.12001,0.11000,0.11458,9960932.89388558,1141323.69098141
1665705600,2022-10-14 00:00:00,XLM/EUR,0.11482,0.11943,0.11426,0.11561,712937.51919252,82422.70659384724
1665792000,2022-10-15 00:00:00,XLM/EUR,0.11576,0.11741,0.11454,0.11521,438157.99544113,50480.182654772594
1665878400,2022-10-16 00:00:00,XLM/EUR,0.11589,0.11743,0.11550,0.11642,460366.39941131,53595.8562194647
1665964800,2022-10-17 00:00:00,XLM/EUR,0.11562,0.11735,0.11524,0.11598,713575.60311647,82760.49844944819
1666051200,2022-10-18 00:00:00,XLM/EUR,0.11605,0.11606,0.11192,0.11391,547993.71985265,62421.96462841536
1666137600,2022-10-19 00:00:00,XLM/EUR,0.11409,0.11598,0.11305,0.11339,976932.10881753,110774.33181881973
1666224000,2022-10-20 00:00:00,XLM/EUR,0.11390,0.11510,0.11163,0.11255,1198354.35772326,134874.7829617529
1666310400,2022-10-21 00:00:00,XLM/EUR,0.11238,0.11257,0.11000,0.11257,1431001.32139513,161087.81874944977
1666396800,2022-10-22 00:00:00,XLM/EUR,0.11246,0.11298,0.11181,0.11275,355612.03150214,40095.25655186628
1666483200,2022-10-23 00:00:00,XLM/EUR,0.11302,0.11406,0.11070,0.11349,718900.74386217,81588.04542091767
1666569600,2022-10-24 00:00:00,XLM/EUR,0.11352,0.11368,0.11060,0.11158,1822470.88124804,203351.30092965628
1666656000,2022-10-25 00:00:00,XLM/EUR,0.11138,0.11373,0.11062,0.11237,1178229.49078132,132397.64787909694
1666742400,2022-10-26 00:00:00,XLM/EUR,0.11228,0.11330,0.11141,0.11252,893332.70162663,100517.7955870284
1666828800,2022-10-27 00:00:00,XLM/EUR,0.11293,0.11478,0.11129,0.11129,1174594.38372895,130720.60896519486
1666915200,2022-10-28 00:00:00,XLM/EUR,0.11137,0.11372,0.10973,0.11302,801002.66386461,90529.32106997822
1667001600,2022-10-29 00:00:00,XLM/EUR,0.11310,0.11544,0.11202,0.11284,930588.95495363,105007.6576769676
1667088000,2022-10-30 00:00:00,XLM/EUR,0.11400,0.11527,0.11115,0.11179,1476795.86291192,165091.00951492356
1667174400,2022-10-31 00:00:00,XLM/EUR,0.11143,0.11310,0.11061,0.11280,1101961.31595415,124301.2364396281
1667260800,2022-11-01 00:00:00,XLM/EUR,0.11249,0.11290,0.11018,0.11133,1772357.65340677,197316.57755377569
1667347200,2022-11-02 00:00:00,XLM/EUR,0.11117,0.11391,0.10694,0.10973,4119393.55139595,452021.0543946776
1667433600,2022-11-03 00:00:00,XLM/EUR,0.10973,0.11283,0.10963,0.11126,1359847.81482078,151296.66787695998
1667520000,2022-11-04 00:00:00,XLM/EUR,0.11159,0.11776,0.11155,0.11665,2274665.43108034,265339.72253552167
1667606400,2022-11-05 00:00:00,XLM/EUR,0.11597,0.11699,0.11291,0.11392,1492677.52055990,170045.8231421838
1667692800,2022-11-06 00:00:00,XLM/EUR,0.11391,0.11458,0.10983,0.10985,1237735.85461766,135965.28362974996
1667779200,2022-11-07 00:00:00,XLM/EUR,0.10953,0.11116,0.10780,0.10950,688233.95601218,75361.6181833337
1667865600,2022-11-08 00:00:00,XLM/EUR,0.10986,0.11015,0.09352,0.09799,5195533.03835875,509110.2824287739
1667952000,2022-11-09 00:00:00,XLM/EUR,0.09791,0.09912,0.08010,0.08309,4900413.40192263,407175.3495657513
1668038400,2022-11-10 00:00:00,XLM/EUR,0.08236,0.09915,0.08210,0.09500,3841153.45031594,364909.5777800143
1668124800,2022-11-11 00:00:00,XLM/EUR,0.09458,0.09666,0.08915,0.09145,1242297.89552631,113608.14254588106
1668211200,2022-11-12 00:00:00,XLM/EUR,0.09119,0.09132,0.08702,0.08761,1156996.38426970,101364.4532258684
1668297600,2022-11-13 00:00:00,XLM/EUR,0.08758,0.08863,0.08400,0.08535,2333853.64211949,199194.40835489848
1668384000,2022-11-14 00:00:00,XLM/EUR,0.08498,0.08842,0.08079,0.08842,3325562.25191989,294046.2143147567
1668470400,2022-11-15 00:00:00,XLM/EUR,0.08827,0.09090,0.08763,0.08912,1543174.09853698,137527.67566161568
1668556800,2022-11-16 00:00:00,XLM/EUR,0.08884,0.08982,0.08557,0.08650,1470890.94434763,127232.06668606999
1668643200,2022-11-17 00:00:00,XLM/EUR,0.08671,0.08788,0.08591,0.08714,2292541.27970732,199772.04711369585
1668729600,2022-11-18 00:00:00,XLM/EUR,0.08713,0.08831,0.08547,0.08648,1597010.71678570,138109.48678762733
1668816000,2022-11-19 00:00:00,XLM/EUR,0.08631,0.08785,0.08518,0.08735,855792.96937334,74753.51587476124
1668902400,2022-11-20 00:00:00,XLM/EUR,0.08752,0.08854,0.08362,0.08362,4109980.83289631,343676.59724678943
1668988800,2022-11-21 00:00:00,XLM/EUR,0.08252,0.08583,0.08048,0.08245,2377620.86761425,196034.8405347949
1669075200,2022-11-22 00:00:00,XLM/EUR,0.08229,0.08451,0.08047,0.08448,1419237.06906205,119897.14759436197
1669161600,2022-11-23 00:00:00,XLM/EUR,0.08443,0.08552,0.08392,0.08512,917367.82307873,78086.3491004615
1669248000,2022-11-24 00:00:00,XLM/EUR,0.08499,0.08669,0.08373,0.08627,1080710.74199950,93232.91571229686
1669334400,2022-11-25 00:00:00,XLM/EUR,0.08581,0.08704,0.08423,0.08564,1212021.72517746,103797.54054419766
1669420800,2022-11-26 00:00:00,XLM/EUR,0.08595,0.08672,0.08407,0.08452,335448.55307451,28352.111705857584
1669507200,2022-11-27 00:00:00,XLM/EUR,0.08527,0.08855,0.08526,0.08706,1060261.42911229,92306.36001851597
1669593600,2022-11-28 00:00:00,XLM/EUR,0.08735,0.08759,0.08178,0.08434,2082532.79891910,175640.8162608369
1669680000,2022-11-29 00:00:00,XLM/EUR,0.08447,0.08653,0.08376,0.08583,2317385.92660753,198901.23408072433
1669766400,2022-11-30 00:00:00,XLM/EUR,0.08662,0.08712,0.08456,0.08615,1138156.85504471,98052.21306210177
1669852800,2022-12-01 00:00:00,XLM/EUR,0.08606,0.08611,0.08279,0.08288,1131563.57964907,93783.98948131491
1669939200,2022-12-02 00:00:00,XLM/EUR,0.08324,0.08386,0.08220,0.08360,476397.00046412,39826.78923880043
1670025600,2022-12-03 00:00:00,XLM/EUR,0.08407,0.08453,0.08211,0.08211,423369.71075338,34762.88694996003
1670112000,2022-12-04 00:00:00,XLM/EUR,0.08203,0.08340,0.08194,0.08334,433562.61585627,36133.10840546154
1670198400,2022-12-05 00:00:00,XLM/EUR,0.08352,0.08419,0.08168,0.08255,427523.00566090,35292.02411730729
1670284800,2022-12-06 00:00:00,XLM/EUR,0.08276,0.08280,0.08138,0.08223,265226.96598290,21809.613412773866
1670371200,2022-12-07 00:00:00,XLM/EUR,0.08200,0.08200,0.07955,0.08017,647693.96100380,51925.62485367465
1670457600,2022-12-08 00:00:00,XLM/EUR,0.08001,0.08094,0.07950,0.08085,493156.70856302,39871.71988732017
1670544000,2022-12-09 00:00:00,XLM/EUR,0.08100,0.08127,0.08023,0.08075,281685.98991578,22746.143685699237
1670630400,2022-12-10 00:00:00,XLM/EUR,0.08118,0.08141,0.08059,0.08089,379939.79730902,30733.33020432663
1670716800,2022-12-11 00:00:00,XLM/EUR,0.08105,0.08108,0.07941,0.07959,363949.40202060,28966.73290681955
1670803200,2022-12-12 00:00:00,XLM/EUR,0.07959,0.08021,0.07772,0.07989,932039.52107852,74460.63733896296
1670889600,2022-12-13 00:00:00,XLM/EUR,0.07973,0.07973,0.07700,0.07897,1567974.96513056,123822.98299636033
1670976000,2022-12-14 00:00:00,XLM/EUR,0.07906,0.07942,0.07700,0.07772,2665540.75265171,207165.8272960909
1671062400,2022-12-15 00:00:00,XLM/EUR,0.07796,0.07932,0.07644,0.07658,2349293.14272170,179908.86886962777
1671148800,2022-12-16 00:00:00,XLM/EUR,0.07698,0.07710,0.07011,0.07017,1667235.57104237,116989.9200200431
1671235200,2022-12-17 00:00:00,XLM/EUR,0.07006,0.07174,0.06875,0.07160,1177049.74092752,84276.76145041043
1671321600,2022-12-18 00:00:00,XLM/EUR,0.07164,0.07286,0.07137,0.07252,1118674.13039354,81126.24793613952
1671408000,2022-12-19 00:00:00,XLM/EUR,0.07258,0.07276,0.06865,0.06903,2375619.24741253,163988.9966488869
1671494400,2022-12-20 00:00:00,XLM/EUR,0.06906,0.07159,0.06906,0.07149,1603423.55900413,114628.75023320525
1671580800,2022-12-21 00:00:00,XLM/EUR,0.07131,0.07149,0.06975,0.07074,1556008.70222782,110072.05559559597
1671667200,2022-12-22 00:00:00,XLM/EUR,0.07074,0.07146,0.06965,0.07146,785929.67843036,56162.534820633526
1671753600,2022-12-23 00:00:00,XLM/EUR,0.07152,0.07168,0.07082,0.07091,1085642.80601419,76982.9313744662
1671840000,2022-12-24 00:00:00,XLM/EUR,0.07096,0.07118,0.06970,0.06993,893357.26473877,62472.47352318219
1671926400,2022-12-25 00:00:00,XLM/EUR,0.06981,0.07004,0.06860,0.06977,688913.84304331,48065.51882913174
1672012800,2022-12-26 00:00:00,XLM/EUR,0.06937,0.07078,0.06930,0.07048,1764673.46191754,124374.18559594822
1672099200,2022-12-27 00:00:00,XLM/EUR,0.07066,0.07068,0.06916,0.06946,1011382.26237045,70250.61194425145
1672185600,2022-12-28 00:00:00,XLM/EUR,0.06962,0.07012,0.06698,0.06736,3248174.88684185,218797.06037766702
1672272000,2022-12-29 00:00:00,XLM/EUR,0.06747,0.06822,0.06587,0.06753,7055793.43347424,476477.73056251544
1672358400,2022-12-30 00:00:00,XLM/EUR,0.06753,0.06779,0.06665,0.06760,2997041.82826976,202600.02759103576
1672444800,2022-12-31 00:00:00,XLM/EUR,0.06740,0.06740,0.06630,0.06635,591816.85234710,39267.04815323009
1672531200,2023-01-01 00:00:00,XLM/EUR,0.06624,0.06788,0.06592,0.06765,840867.15150886,56884.662799574384
1672617600,2023-01-02 00:00:00,XLM/EUR,0.06775,0.06946,0.06643,0.06887,1981656.30695023,136476.66985966233
1672704000,2023-01-03 00:00:00,XLM/EUR,0.06914,0.07029,0.06881,0.06979,1993299.90775208,139112.40056201766
1672790400,2023-01-04 00:00:00,XLM/EUR,0.06977,0.07044,0.06851,0.06963,1920414.54701088,133718.46490836758
1672876800,2023-01-05 00:00:00,XLM/EUR,0.06957,0.06995,0.06818,0.06924,3282445.96133745,227276.55836300502
1672963200,2023-01-06 00:00:00,XLM/EUR,0.06927,0.07080,0.06833,0.07053,2798005.79914009,197343.34901335055
1673049600,2023-01-07 00:00:00,XLM/EUR,0.07041,0.07130,0.07005,0.07110,1434846.05120690,102017.55424081058
1673136000,2023-01-08 00:00:00,XLM/EUR,0.07120,0.07284,0.07014,0.07230,2225026.41412822,160869.40974147033
1673222400,2023-01-09 00:00:00,XLM/EUR,0.07239,0.07530,0.07236,0.07404,2098698.22272933,155387.6164108796
1673308800,2023-01-10 00:00:00,XLM/EUR,0.07392,0.07467,0.07282,0.07413,2127023.18273716,157676.2285363057
1673395200,2023-01-11 00:00:00,XLM/EUR,0.07409,0.07610,0.07287,0.07559,4784412.97986419,361653.7771479342
1673481600,2023-01-12 00:00:00,XLM/EUR,0.07550,0.07653,0.07317,0.07515,2353895.72191940,176895.26350224292
1673568000,2023-01-13 00:00:00,XLM/EUR,0.07515,0.07861,0.07425,0.07812,3916715.55263522,305973.81897186337
1673654400,2023-01-14 00:00:00,XLM/EUR,0.07848,0.08355,0.07816,0.08052,3359073.11131497,270472.56692308135
1673740800,2023-01-15 00:00:00,XLM/EUR,0.08036,0.08151,0.07822,0.08132,1191803.35175497,96917.44856471416
1673827200,2023-01-16 00:00:00,XLM/EUR,0.08178,0.08328,0.07959,0.08110,2032819.17698847,164861.63525376492
1673913600,2023-01-17 00:00:00,XLM/EUR,0.08071,0.08156,0.07976,0.08000,2026704.39714337,162136.3517714696
1674000000,2023-01-18 00:00:00,XLM/EUR,0.08065,0.08205,0.07555,0.07650,2509709.24824050,191992.75749039827
1674086400,2023-01-19 00:00:00,XLM/EUR,0.07632,0.07805,0.07593,0.07778,1492558.22687678,116091.17888647594
1674172800,2023-01-20 00:00:00,XLM/EUR,0.07767,0.08195,0.07694,0.08187,1827073.66727863,149582.52114010142
1674259200,2023-01-21 00:00:00,XLM/EUR,0.08201,0.08588,0.08069,0.08343,2200146.00989483,183558.1816055257
1674345600,2023-01-22 00:00:00,XLM/EUR,0.08385,0.08625,0.08266,0.08394,973751.87052873,81736.7320121816
1674432000,2023-01-23 00:00:00,XLM/EUR,0.08455,0.08773,0.08442,0.08694,2055489.16638252,178704.2281252963
1674518400,2023-01-24 00:00:00,XLM/EUR,0.08644,0.08835,0.08256,0.08305,2680475.80958704,222613.51598620368
1674604800,2023-01-25 00:00:00,XLM/EUR,0.08296,0.08602,0.08149,0.08443,1874828.47537995,158291.76817632918
1674691200,2023-01-26 00:00:00,XLM/EUR,0.08484,0.08520,0.08315,0.08428,1362996.24941971,114873.32390109314
1674777600,2023-01-27 00:00:00,XLM/EUR,0.08393,0.08571,0.08243,0.08521,948558.72814111,80826.68922490398
1674864000,2023-01-28 00:00:00,XLM/EUR,0.08529,0.08640,0.08466,0.08547,823798.93645340,70410.0950986721
1674950400,2023-01-29 00:00:00,XLM/EUR,0.08524,0.08688,0.08494,0.08666,1039670.73607321,90097.86598810439
1675036800,2023-01-30 00:00:00,XLM/EUR,0.08692,0.08700,0.08152,0.08290,1896447.20052431,157215.4729234653
1675123200,2023-01-31 00:00:00,XLM/EUR,0.08251,0.08430,0.08239,0.08364,868860.67239529,72671.50663914206
1675209600,2023-02-01 00:00:00,XLM/EUR,0.08305,0.08412,0.08034,0.08372,1292355.69578044,108196.01885073844
1675296000,2023-02-02 00:00:00,XLM/EUR,0.08405,0.08661,0.08339,0.08405,1554844.59023633,130684.68780936353
1675382400,2023-02-03 00:00:00,XLM/EUR,0.08416,0.08611,0.08401,0.08586,1100824.40619315,94516.78351574387
1675468800,2023-02-04 00:00:00,XLM/EUR,0.08613,0.08712,0.08543,0.08613,417975.60615411,36000.238958053495
1675555200,2023-02-05 00:00:00,XLM/EUR,0.08603,0.08688,0.08323,0.08419,1102644.83872752,92831.66897246991
1675641600,2023-02-06 00:00:00,XLM/EUR,0.08469,0.08530,0.08264,0.08264,1036791.70346409,85680.46637427241
1675728000,2023-02-07 00:00:00,XLM/EUR,0.08264,0.08575,0.08264,0.08567,857944.08291400,73500.06958324238
1675814400,2023-02-08 00:00:00,XLM/EUR,0.08584,0.08657,0.08357,0.08496,780964.38366136,66350.73403586914
1675900800,2023-02-09 00:00:00,XLM/EUR,0.08492,0.08517,0.07869,0.07953,2840451.92386415,225901.14150491587
1675987200,2023-02-10 00:00:00,XLM/EUR,0.07956,0.08106,0.07938,0.08028,645798.91465455,51844.73686846728
1676073600,2023-02-11 00:00:00,XLM/EUR,0.08022,0.08124,0.07993,0.08084,874623.12834320,70704.53369526428
1676160000,2023-02-12 00:00:00,XLM/EUR,0.08058,0.08145,0.07900,0.07992,846774.41189683,67674.21099879466
1676246400,2023-02-13 00:00:00,XLM/EUR,0.07950,0.08015,0.07668,0.07935,1317819.71382863,104568.9942923018
1676332800,2023-02-14 00:00:00,XLM/EUR,0.07900,0.08010,0.07737,0.08010,1687853.54646156,135197.06907157096
1676419200,2023-02-15 00:00:00,XLM/EUR,0.07999,0.08427,0.07869,0.08427,1161332.91080027,97865.52439313875
1676505600,2023-02-16 00:00:00,XLM/EUR,0.08440,0.08500,0.08051,0.08085,1667863.61837901,134846.77354594297
1676592000,2023-02-17 00:00:00,XLM/EUR,0.08085,0.08486,0.08075,0.08486,1195221.93842006,101426.53369432631
1676678400,2023-02-18 00:00:00,XLM/EUR,0.08483,0.08687,0.08387,0.08576,1070406.36905899,91798.05021049897
1676764800,2023-02-19 00:00:00,XLM/EUR,0.08585,0.08710,0.08427,0.08504,948504.90321749,80660.85696961534
1676851200,2023-02-20 00:00:00,XLM/EUR,0.08535,0.08885,0.08305,0.08832,805934.03433260,71180.09391225522
1676937600,2023-02-21 00:00:00,XLM/EUR,0.08858,0.09176,0.08778,0.08897,1344779.59105427,119645.0402160984
1677024000,2023-02-22 00:00:00,XLM/EUR,0.08898,0.08916,0.08508,0.08706,1753913.15118376,152695.67894205815
1677110400,2023-02-23 00:00:00,XLM/EUR,0.08699,0.08758,0.08537,0.08576,587856.28207432,50414.554750693685
1677196800,2023-02-24 00:00:00,XLM/EUR,0.08587,0.08638,0.08310,0.08448,1694405.40433302,143143.36855805354
1677283200,2023-02-25 00:00:00,XLM/EUR,0.08440,0.08485,0.08220,0.08352,623615.16603919,52084.33866759315
1677369600,2023-02-26 00:00:00,XLM/EUR,0.08324,0.08434,0.08262,0.08416,798861.44558251,67232.17926022403
1677456000,2023-02-27 00:00:00,XLM/EUR,0.08436,0.08451,0.08219,0.08322,1388513.25333537,115552.07294256949
1677542400,2023-02-28 00:00:00,XLM/EUR,0.08301,0.08313,0.08113,0.08217,1351853.62709759,111081.81253860897
1677628800,2023-03-01 00:00:00,XLM/EUR,0.08217,0.08339,0.08164,0.08220,842503.01082323,69253.7474896695
1677715200,2023-03-02 00:00:00,XLM/EUR,0.08234,0.08279,0.08146,0.08253,474465.08214674,39157.60322957046
1677801600,2023-03-03 00:00:00,XLM/EUR,0.08245,0.08254,0.07785,0.08046,1982904.13866314,159544.46699683624
1677888000,2023-03-04 00:00:00,XLM/EUR,0.08060,0.08070,0.07713,0.07873,529054.22923184,41652.43946742276
1677974400,2023-03-05 00:00:00,XLM/EUR,0.07862,0.07928,0.07754,0.07775,664205.91711621,51642.01005578533
1678060800,2023-03-06 00:00:00,XLM/EUR,0.07779,0.07822,0.07686,0.07817,918661.12077498,71811.73981098019
1678147200,2023-03-07 00:00:00,XLM/EUR,0.07823,0.07898,0.07664,0.07808,2470448.78974569,192892.64150334345
1678233600,2023-03-08 00:00:00,XLM/EUR,0.07849,0.07984,0.07510,0.07755,1798946.09342170,139508.2695448528
1678320000,2023-03-09 00:00:00,XLM/EUR,0.07725,0.07785,0.07188,0.07264,2590855.62739479,188199.75277395753
1678406400,2023-03-10 00:00:00,XLM/EUR,0.07211,0.07376,0.07040,0.07359,3949200.12956810,290621.63753491646
1678492800,2023-03-11 00:00:00,XLM/EUR,0.07379,0.07503,0.07069,0.07436,7601325.91970035,565234.595388918
1678579200,2023-03-12 00:00:00,XLM/EUR,0.07434,0.07782,0.07384,0.07740,3828045.29664889,296290.70596062404
1678665600,2023-03-13 00:00:00,XLM/EUR,0.07770,0.07951,0.07455,0.07848,2920358.76779467,229189.7560965257
1678752000,2023-03-14 00:00:00,XLM/EUR,0.07857,0.08322,0.07760,0.08215,2126898.36970537,174724.70107129615
1678838400,2023-03-15 00:00:00,XLM/EUR,0.08212,0.08253,0.07846,0.07921,1034516.64467722,81944.0634248826
1678924800,2023-03-16 00:00:00,XLM/EUR,0.07927,0.08037,0.07873,0.07977,1013648.78884536,80858.76388619437
1679011200,2023-03-17 00:00:00,XLM/EUR,0.07911,0.08250,0.07910,0.08249,2456336.89684831,202623.23062101705
1679097600,2023-03-18 00:00:00,XLM/EUR,0.08244,0.08301,0.07979,0.08016,2559289.18781207,205152.6212950155
1679184000,2023-03-19 00:00:00,XLM/EUR,0.08050,0.08377,0.08048,0.08268,4010844.04933505,331616.58599902195
1679270400,2023-03-20 00:00:00,XLM/EUR,0.08241,0.08377,0.08069,0.08069,979121.96501514,79005.35135707165
1679356800,2023-03-21 00:00:00,XLM/EUR,0.08115,0.09268,0.08000,0.08959,1838738.78445690,164732.60769949367
1679443200,2023-03-22 00:00:00,XLM/EUR,0.09016,0.09016,0.08150,0.08359,1703970.59959620,142434.90242024636
1679529600,2023-03-23 00:00:00,XLM/EUR,0.08344,0.08627,0.08285,0.08541,713132.14427172,60908.6164422476
1679616000,2023-03-24 00:00:00,XLM/EUR,0.08552,0.08552,0.08130,0.08285,1397167.80616618,115755.352740868
1679702400,2023-03-25 00:00:00,XLM/EUR,0.08267,0.08627,0.08249,0.08441,1311427.37102196,110697.58438796364
1679788800,2023-03-26 00:00:00,XLM/EUR,0.08445,0.08607,0.08441,0.08533,226927.40965341,19363.715865725477
1679875200,2023-03-27 00:00:00,XLM/EUR,0.08587,0.08813,0.08329,0.08580,1403550.27964498,120424.6139935393
1679961600,2023-03-28 00:00:00,XLM/EUR,0.08591,0.09061,0.08419,0.08989,1098738.69740219,98765.62150948285
1680048000,2023-03-29 00:00:00,XLM/EUR,0.09049,0.09868,0.09047,0.09381,3009386.55252355,282310.5524922343
1680134400,2023-03-30 00:00:00,XLM/EUR,0.09367,0.09811,0.09209,0.09749,1529752.10926613,149135.53313235502
1680220800,2023-03-31 00:00:00,XLM/EUR,0.09670,0.10982,0.09667,0.10346,2909548.62753773,301021.90100505354
1680307200,2023-04-01 00:00:00,XLM/EUR,0.10314,0.10522,0.09923,0.09978,756402.29051100,75473.82054718757
1680393600,2023-04-02 00:00:00,XLM/EUR,0.09981,0.10236,0.09781,0.09853,314550.88234656,30992.69843760656
1680480000,2023-04-03 00:00:00,XLM/EUR,0.09907,0.10756,0.09636,0.09802,1931741.53500773,189349.3052614577
1680566400,2023-04-04 00:00:00,XLM/EUR,0.09721,0.09805,0.09589,0.09656,469975.04432691,45380.790280206435
1680652800,2023-04-05 00:00:00,XLM/EUR,0.09624,0.09916,0.09624,0.09830,525985.47689997,51704.37237926705
1680739200,2023-04-06 00:00:00,XLM/EUR,0.09777,0.09777,0.09559,0.09639,258293.17417463,24896.879058692586
1680825600,2023-04-07 00:00:00,XLM/EUR,0.09658,0.09763,0.09546,0.09763,312826.73829420,30541.27445966274
1680912000,2023-04-08 00:00:00,XLM/EUR,0.09720,0.09768,0.09549,0.09578,294055.16552356,28164.60375384658
1680998400,2023-04-09 00:00:00,XLM/EUR,0.09642,0.09651,0.09435,0.09615,315798.16678227,30363.993736115262
1681084800,2023-04-10 00:00:00,XLM/EUR,0.09599,0.09738,0.09438,0.09738,215907.92600563,21025.113834428248
1681171200,2023-04-11 00:00:00,XLM/EUR,0.09726,0.09835,0.09600,0.09627,579330.95758257,55772.191286474015
1681257600,2023-04-12 00:00:00,XLM/EUR,0.09579,0.09579,0.09362,0.09439,545037.37609467,51446.077929575906
1681344000,2023-04-13 00:00:00,XLM/EUR,0.09435,0.09600,0.09435,0.09547,658348.86395258,62852.56604155281
1681430400,2023-04-14 00:00:00,XLM/EUR,0.09541,0.09882,0.09529,0.09720,1935548.61652046,188135.3255257887
1681516800,2023-04-15 00:00:00,XLM/EUR,0.09728,0.09790,0.09637,0.09694,715054.63975995,69317.39677832955
1681603200,2023-04-16 00:00:00,XLM/EUR,0.09613,0.09813,0.09613,0.09792,446229.90733380,43694.83252612569
1681689600,2023-04-17 00:00:00,XLM/EUR,0.09772,0.09772,0.09487,0.09534,963939.44766552,91901.98694043067
1681776000,2023-04-18 00:00:00,XLM/EUR,0.09509,0.09670,0.09465,0.09613,477798.72357995,45930.79129774059
1681862400,2023-04-19 00:00:00,XLM/EUR,0.09650,0.09650,0.08726,0.08896,738055.11086675,65657.38266270608
1681948800,2023-04-20 00:00:00,XLM/EUR,0.08972,0.08972,0.08612,0.08701,871807.51445411,75855.97183265211
1682035200,2023-04-21 00:00:00,XLM/EUR,0.08742,0.08823,0.08400,0.08459,846006.19229166,71563.66380595152
1682121600,2023-04-22 00:00:00,XLM/EUR,0.08460,0.08718,0.08366,0.08717,2637372.27356724,229899.74108685632
1682208000,2023-04-23 00:00:00,XLM/EUR,0.08712,0.08715,0.08485,0.08591,273181.96423190,23469.062547162528
1682294400,2023-04-24 00:00:00,XLM/EUR,0.08599,0.08709,0.08345,0.08449,965637.60156737,81586.72095642709
1682380800,2023-04-25 00:00:00,XLM/EUR,0.08437,0.08658,0.08345,0.08658,451184.30420115,39063.53705773557
1682467200,2023-04-26 00:00:00,XLM/EUR,0.08649,0.08774,0.08176,0.08453,615993.75749512,52069.9523210625
1682553600,2023-04-27 00:00:00,XLM/EUR,0.08510,0.08610,0.08393,0.08532,164847.60465826,14064.797629442743
1682640000,2023-04-28 00:00:00,XLM/EUR,0.08554,0.08694,0.08496,0.08579,1377740.42294143,118196.35088414529
1682726400,2023-04-29 00:00:00,XLM/EUR,0.08582,0.08671,0.08539,0.08670,1482445.06855942,128527.98744410172
1682812800,2023-04-30 00:00:00,XLM/EUR,0.08710,0.08710,0.08554,0.08626,447333.24737936,38586.9659189436
1682899200,2023-05-01 00:00:00,XLM/EUR,0.08580,0.08580,0.08362,0.08416,899290.09691979,75684.25455676953
1682985600,2023-05-02 00:00:00,XLM/EUR,0.08443,0.08532,0.08377,0.08503,590378.58745444,50199.89129125103
1683072000,2023-05-03 00:00:00,XLM/EUR,0.08485,0.08485,0.08320,0.08443,630424.64276832,53226.75258892927
1683158400,2023-05-04 00:00:00,XLM/EUR,0.08420,0.08511,0.08415,0.08460,361644.26221378,30595.10458328579
1683244800,2023-05-05 00:00:00,XLM/EUR,0.08480,0.08590,0.08398,0.08562,540683.93751972,46293.358730438435
1683331200,2023-05-06 00:00:00,XLM/EUR,0.08564,0.08592,0.08329,0.08398,1362967.50104324,114462.0107376113
1683417600,2023-05-07 00:00:00,XLM/EUR,0.08401,0.08460,0.08334,0.08334,1322155.64713172,110188.45163195755
1683504000,2023-05-08 00:00:00,XLM/EUR,0.08300,0.08300,0.07940,0.08134,746075.35990617,60685.76977476787
1683590400,2023-05-09 00:00:00,XLM/EUR,0.08139,0.08170,0.08052,0.08101,246954.83015789,20005.81079109067
1683676800,2023-05-10 00:00:00,XLM/EUR,0.08101,0.08191,0.07932,0.08089,818408.33613567,66201.05031001434
1683763200,2023-05-11 00:00:00,XLM/EUR,0.08110,0.08247,0.08048,0.08213,394375.30556316,32390.043845902328
1683849600,2023-05-12 00:00:00,XLM/EUR,0.08199,0.08243,0.08079,0.08196,861330.37580733,70594.63760116877
1683936000,2023-05-13 00:00:00,XLM/EUR,0.08194,0.08216,0.08162,0.08192,144186.82432724,11811.784648887502
1684022400,2023-05-14 00:00:00,XLM/EUR,0.08148,0.08173,0.08074,0.08141,360588.43616874,29355.50458849712
1684108800,2023-05-15 00:00:00,XLM/EUR,0.08195,0.08208,0.08089,0.08098,571252.10910130,46259.99579502327
1684195200,2023-05-16 00:00:00,XLM/EUR,0.08107,0.08148,0.07986,0.08036,132378.39216305,10637.9275942227
1684281600,2023-05-17 00:00:00,XLM/EUR,0.08101,0.08194,0.08070,0.08143,639432.10214168,52068.956077397
1684368000,2023-05-18 00:00:00,XLM/EUR,0.08170,0.08306,0.08146,0.08245,255211.55950744,21042.193081388425
1684454400,2023-05-19 00:00:00,XLM/EUR,0.08238,0.08298,0.08198,0.08263,128848.39274475,10646.742692498692
1684540800,2023-05-20 00:00:00,XLM/EUR,0.08219,0.08219,0.08171,0.08213,76924.62302821,6317.819289306887
1684627200,2023-05-21 00:00:00,XLM/EUR,0.08232,0.08256,0.08137,0.08151,293048.18739207,23886.357754327626
1684713600,2023-05-22 00:00:00,XLM/EUR,0.08116,0.08197,0.08105,0.08177,306264.15930481,25043.220306354313
1684800000,2023-05-23 00:00:00,XLM/EUR,0.08173,0.08204,0.08134,0.08165,265638.35115395,21689.371371720015
1684886400,2023-05-24 00:00:00,XLM/EUR,0.08153,0.08153,0.07966,0.08063,361732.96468183,29166.528942295954
1684972800,2023-05-25 00:00:00,XLM/EUR,0.08023,0.08124,0.08004,0.08119,403664.69043128,32773.53621611562
1685059200,2023-05-26 00:00:00,XLM/EUR,0.08123,0.08227,0.08110,0.08181,397757.40675922,32540.533446971785
1685145600,2023-05-27 00:00:00,XLM/EUR,0.08181,0.08243,0.08169,0.08205,516662.93538075,42392.19384799054
1685232000,2023-05-28 00:00:00,XLM/EUR,0.08226,0.08606,0.08177,0.08269,1155976.43060236,95587.69104650915
1685318400,2023-05-29 00:00:00,XLM/EUR,0.08277,0.08351,0.08246,0.08329,596220.14070232,49659.175519096236
1685404800,2023-05-30 00:00:00,XLM/EUR,0.08329,0.08490,0.08287,0.08462,850941.94231764,72006.7071589187
1685491200,2023-05-31 00:00:00,XLM/EUR,0.08466,0.08696,0.08400,0.08696,1937729.89595295,168504.9917520685
1685577600,2023-06-01 00:00:00,XLM/EUR,0.08639,0.08696,0.08443,0.08460,427199.98284927,36141.11854904824
1685664000,2023-06-02 00:00:00,XLM/EUR,0.08479,0.08639,0.08479,0.08612,354230.00637261,30506.288148809173
1685750400,2023-06-03 00:00:00,XLM/EUR,0.08577,0.08721,0.08558,0.08597,213180.20378879,18327.102119722276
1685836800,2023-06-04 00:00:00,XLM/EUR,0.08598,0.08669,0.08530,0.08546,321044.57155850,27436.46908538941
1685923200,2023-06-05 00:00:00,XLM/EUR,0.08597,0.08602,0.07982,0.08191,850900.20755607,69697.23600091769
1686009600,2023-06-06 00:00:00,XLM/EUR,0.08200,0.08328,0.08117,0.08323,433485.71940618,36079.016426176364
1686096000,2023-06-07 00:00:00,XLM/EUR,0.08379,0.08395,0.08101,0.08118,383329.88566071,31118.72011793644
1686182400,2023-06-08 00:00:00,XLM/EUR,0.08168,0.08187,0.08078,0.08083,323704.01275194,26164.99535073931
1686268800,2023-06-09 00:00:00,XLM/EUR,0.08066,0.08280,0.08042,0.08275,310608.17260342,25702.826282933005
1686355200,2023-06-10 00:00:00,XLM/EUR,0.08253,0.08253,0.07400,0.07687,947036.57768802,72798.70172687809
1686441600,2023-06-11 00:00:00,XLM/EUR,0.07675,0.07870,0.07592,0.07764,785633.27125862,60996.567180519254
1686528000,2023-06-12 00:00:00,XLM/EUR,0.07725,0.07762,0.07628,0.07705,685314.39162070,52803.47387437493
1686614400,2023-06-13 00:00:00,XLM/EUR,0.07728,0.07957,0.07646,0.07648,561085.60386218,42911.826983379535
1686700800,2023-06-14 00:00:00,XLM/EUR,0.07651,0.07651,0.07174,0.07317,761031.92125130,55684.70567795762
1686787200,2023-06-15 00:00:00,XLM/EUR,0.07328,0.07328,0.06880,0.06968,1186390.92161877,82667.7194183959
1686873600,2023-06-16 00:00:00,XLM/EUR,0.06978,0.07203,0.06946,0.07066,711043.02972017,50242.30048002721
1686960000,2023-06-17 00:00:00,XLM/EUR,0.07065,0.07347,0.07065,0.07282,443392.42993555,32287.836747906753
1687046400,2023-06-18 00:00:00,XLM/EUR,0.07290,0.07400,0.07251,0.07251,468636.68345290,33980.845917169776
1687132800,2023-06-19 00:00:00,XLM/EUR,0.07288,0.07359,0.07248,0.07316,324307.78150292,23726.35729475363
1687219200,2023-06-20 00:00:00,XLM/EUR,0.07272,0.07615,0.07218,0.07599,819415.23114199,62267.36341447983
1687305600,2023-06-21 00:00:00,XLM/EUR,0.07570,0.07962,0.07570,0.07886,733848.26147628,57871.27390001944
1687392000,2023-06-22 00:00:00,XLM/EUR,0.07927,0.08089,0.07826,0.07893,880238.86134978,69477.25332633813
1687478400,2023-06-23 00:00:00,XLM/EUR,0.08010,0.08274,0.07966,0.08189,411666.32767979,33711.355573698005
1687564800,2023-06-24 00:00:00,XLM/EUR,0.08185,0.08374,0.08166,0.08301,142737.67037775,11848.654018057028
1687651200,2023-06-25 00:00:00,XLM/EUR,0.08300,0.08480,0.08300,0.08421,215506.58428541,18147.809462674373
1687737600,2023-06-26 00:00:00,XLM/EUR,0.08327,0.08486,0.08301,0.08444,599034.42390594,50582.46675461758
1687824000,2023-06-27 00:00:00,XLM/EUR,0.08474,0.09408,0.08449,0.09362,1072178.05410276,100377.3094251004
1687910400,2023-06-28 00:00:00,XLM/EUR,0.09334,0.09651,0.09066,0.09330,1370368.78835499,127855.40795352057
1687996800,2023-06-29 00:00:00,XLM/EUR,0.09286,0.09562,0.09267,0.09428,508558.06746104,47946.85460022685
1688083200,2023-06-30 00:00:00,XLM/EUR,0.09463,0.10783,0.09395,0.10151,2108260.42049487,214009.51528443425
1688169600,2023-07-01 00:00:00,XLM/EUR,0.10117,0.10130,0.09736,0.09797,692306.66109676,67825.28358764958
1688256000,2023-07-02 00:00:00,XLM/EUR,0.09793,0.09881,0.09658,0.09800,305458.18528316,29934.902157749682
1688342400,2023-07-03 00:00:00,XLM/EUR,0.09865,0.10038,0.09601,0.09601,693332.91864573,66566.89351917653
1688428800,2023-07-04 00:00:00,XLM/EUR,0.09708,0.09723,0.09430,0.09574,272694.98394712,26107.81776309727
1688515200,2023-07-05 00:00:00,XLM/EUR,0.09555,0.09618,0.09195,0.09261,602705.99292628,55816.602004902794
1688601600,2023-07-06 00:00:00,XLM/EUR,0.09219,0.09399,0.08800,0.08800,679643.58724050,59808.635677164
1688688000,2023-07-07 00:00:00,XLM/EUR,0.08805,0.08948,0.08729,0.08795,214896.39616042,18900.13804230894
1688774400,2023-07-08 00:00:00,XLM/EUR,0.08859,0.09112,0.08828,0.09058,474059.49198968,42940.30878442521
1688860800,2023-07-09 00:00:00,XLM/EUR,0.09101,0.09101,0.08986,0.09016,58305.86347576,5256.856650974522
1688947200,2023-07-10 00:00:00,XLM/EUR,0.08926,0.09133,0.08921,0.09042,959202.82000247,86731.11898462335
1689033600,2023-07-11 00:00:00,XLM/EUR,0.09027,0.09160,0.08949,0.08949,643872.22124011,57620.12507877744
1689120000,2023-07-12 00:00:00,XLM/EUR,0.08931,0.08931,0.08575,0.08649,469426.85551935,40600.72873386858
1689206400,2023-07-13 00:00:00,XLM/EUR,0.08610,0.17627,0.08610,0.13812,7310616.37716037,1009742.3340133904
1689292800,2023-07-14 00:00:00,XLM/EUR,0.13833,0.14000,0.11202,0.12068,2549585.15631343,307683.93666390475
1689379200,2023-07-15 00:00:00,XLM/EUR,0.12031,0.12091,0.11353,0.11458,927370.59970058,106258.12331369246
1689465600,2023-07-16 00:00:00,XLM/EUR,0.11390,0.12279,0.11155,0.11775,882845.04594491,103955.00416001315
1689552000,2023-07-17 00:00:00,XLM/EUR,0.11887,0.11892,0.11117,0.11478,484056.58784889,55560.01515329559
1689638400,2023-07-18 00:00:00,XLM/EUR,0.11398,0.11829,0.11139,0.11829,1566101.05590983,185254.09390357378
1689724800,2023-07-19 00:00:00,XLM/EUR,0.11790,0.14890,0.11742,0.13954,6783629.38903241,946587.6449455825
1689811200,2023-07-20 00:00:00,XLM/EUR,0.14267,0.16100,0.14028,0.14685,6247476.36579601,917441.9043171441
1689897600,2023-07-21 00:00:00,XLM/EUR,0.14825,0.15270,0.13820,0.14131,2817431.90765653,398131.3028709442
1689984000,2023-07-22 00:00:00,XLM/EUR,0.14149,0.15148,0.13956,0.13961,861239.58151683,120237.65797556465
1690070400,2023-07-23 00:00:00,XLM/EUR,0.13970,0.14427,0.13754,0.14071,345078.69572888,48556.0232760107
1690156800,2023-07-24 00:00:00,XLM/EUR,0.14001,0.14016,0.13017,0.13201,1339928.31143148,176883.93639206968
1690243200,2023-07-25 00:00:00,XLM/EUR,0.13025,0.13558,0.12756,0.13251,1762705.38774485,233576.09093007006
1690329600,2023-07-26 00:00:00,XLM/EUR,0.12877,0.14671,0.12686,0.14061,1436219.13402322,201946.772435005
1690416000,2023-07-27 00:00:00,XLM/EUR,0.13929,0.14755,0.13897,0.14487,1397130.62134487,202402.3131142313
1690502400,2023-07-28 00:00:00,XLM/EUR,0.14518,0.15612,0.14410,0.14495,749675.67489526,108665.48907606794
1690588800,2023-07-29 00:00:00,XLM/EUR,0.14470,0.14571,0.14303,0.14414,164761.74891731,23748.75848894106
1690675200,2023-07-30 00:00:00,XLM/EUR,0.14358,0.14673,0.13849,0.14243,215087.25130219,30634.87720297092
1690761600,2023-07-31 00:00:00,XLM/EUR,0.14109,0.14227,0.13570,0.13670,500109.14532161,68364.92016546408
1690848000,2023-08-01 00:00:00,XLM/EUR,0.13677,0.13924,0.13200,0.13911,417899.20631760,58133.958590841336
1690934400,2023-08-02 00:00:00,XLM/EUR,0.13973,0.14019,0.13100,0.13157,244095.87843572,32115.694725787678
1691020800,2023-08-03 00:00:00,XLM/EUR,0.13171,0.13261,0.12645,0.12689,595545.29507581,75568.74249216953
1691107200,2023-08-04 00:00:00,XLM/EUR,0.12673,0.12878,0.12377,0.12423,370653.44511175,46046.2774862327
1691193600,2023-08-05 00:00:00,XLM/EUR,0.12300,0.12619,0.12200,0.12619,745074.54541289,94020.95688565259
1691280000,2023-08-06 00:00:00,XLM/EUR,0.12612,0.13157,0.12589,0.12707,297991.97567139,37865.84034856353
1691366400,2023-08-07 00:00:00,XLM/EUR,0.12856,0.12980,0.12461,0.12967,585888.71572415,75972.18976795053
1691452800,2023-08-08 00:00:00,XLM/EUR,0.12932,0.13100,0.12604,0.13037,927276.04224808,120888.97762788221
1691539200,2023-08-09 00:00:00,XLM/EUR,0.12910,0.13278,0.12725,0.12843,236409.80621401,30362.1114120653
1691625600,2023-08-10 00:00:00,XLM/EUR,0.12868,0.12923,0.12566,0.12654,448353.15119819,56734.60775261897
1691712000,2023-08-11 00:00:00,XLM/EUR,0.12667,0.12855,0.12613,0.12735,319683.45417799,40711.68788956702
1691798400,2023-08-12 00:00:00,XLM/EUR,0.12739,0.12773,0.12516,0.12608,699669.07347274,88214.27678344306
1691884800,2023-08-13 00:00:00,XLM/EUR,0.12663,0.12830,0.12599,0.12599,655556.04366263,82593.50594105475
1691971200,2023-08-14 00:00:00,XLM/EUR,0.12550,0.12630,0.12342,0.12468,221518.92769873,27618.979905477656
1692057600,2023-08-15 00:00:00,XLM/EUR,0.12454,0.12454,0.11240,0.11939,752905.51665892,89889.38963390846
1692144000,2023-08-16 00:00:00,XLM/EUR,0.11835,0.12060,0.11389,0.11645,320814.15592449,37358.80845740686
1692230400,2023-08-17 00:00:00,XLM/EUR,0.11624,0.11703,0.09600,0.10475,1287217.24566350,134836.0064832516
1692316800,2023-08-18 00:00:00,XLM/EUR,0.10592,0.10836,0.10243,0.10779,759571.25283722,81874.18534332394
1692403200,2023-08-19 00:00:00,XLM/EUR,0.10855,0.11458,0.10823,0.11357,339055.14975385,38506.49335754475
1692489600,2023-08-20 00:00:00,XLM/EUR,0.11358,0.12210,0.11304,0.11933,941310.94700606,112326.63530623315
1692576000,2023-08-21 00:00:00,XLM/EUR,0.11900,0.11900,0.11245,0.11480,423524.50395985,48620.61305459078
1692662400,2023-08-22 00:00:00,XLM/EUR,0.11336,0.11370,0.10846,0.11151,567119.74843205,63239.52314765789
1692748800,2023-08-23 00:00:00,XLM/EUR,0.11115,0.11870,0.11043,0.11769,621226.29218426,73112.12232716556
1692835200,2023-08-24 00:00:00,XLM/EUR,0.11764,0.11815,0.11291,0.11332,295863.17748459,33527.21527255374
1692921600,2023-08-25 00:00:00,XLM/EUR,0.11418,0.11560,0.11196,0.11458,362360.26572947,41519.239247282676
1693008000,2023-08-26 00:00:00,XLM/EUR,0.11394,0.11527,0.11210,0.11233,238829.11907330,26827.67494550379
1693094400,2023-08-27 00:00:00,XLM/EUR,0.11267,0.11308,0.11080,0.11198,76569.36876226,8574.237913997875
1693180800,2023-08-28 00:00:00,XLM/EUR,0.11045,0.11136,0.10966,0.11035,226033.64530126,24942.81275899404
1693267200,2023-08-29 00:00:00,XLM/EUR,0.10995,0.11838,0.10810,0.11405,368290.04366833,42003.47948037304
1693353600,2023-08-30 00:00:00,XLM/EUR,0.11419,0.11424,0.11025,0.11031,214862.69947994,23701.50437963218
1693440000,2023-08-31 00:00:00,XLM/EUR,0.10931,0.11107,0.10498,0.10622,441693.99594415,46916.73624918761
1693526400,2023-09-01 00:00:00,XLM/EUR,0.10661,0.10818,0.10465,0.10560,285804.25530868,30180.92936059661
1693612800,2023-09-02 00:00:00,XLM/EUR,0.10594,0.10594,0.10384,0.10509,220823.94143225,23206.388005115154
1693699200,2023-09-03 00:00:00,XLM/EUR,0.10538,0.11184,0.10523,0.10930,268672.32807498,29365.885458595312
1693785600,2023-09-04 00:00:00,XLM/EUR,0.11015,0.11679,0.11015,0.11400,782971.62219599,89258.76493034288
1693872000,2023-09-05 00:00:00,XLM/EUR,0.11517,0.11973,0.11332,0.11419,498553.61077862,56929.83681481062
1693958400,2023-09-06 00:00:00,XLM/EUR,0.11367,0.11558,0.10971,0.11558,410745.81484918,47474.001280268225
1694044800,2023-09-07 00:00:00,XLM/EUR,0.11582,0.11704,0.11382,0.11704,364643.96255659,42677.929377623295
1694131200,2023-09-08 00:00:00,XLM/EUR,0.11744,0.11874,0.11444,0.11849,466353.36331899,55258.21001966712
1694217600,2023-09-09 00:00:00,XLM/EUR,0.11879,0.12411,0.11879,0.12256,1143575.34076828,140156.59376456038
1694304000,2023-09-10 00:00:00,XLM/EUR,0.12103,0.12567,0.11846,0.12417,669979.58821800,83191.36546902906
1694390400,2023-09-11 00:00:00,XLM/EUR,0.12328,0.12426,0.11598,0.11947,916887.73542061,109540.5777507003
1694476800,2023-09-12 00:00:00,XLM/EUR,0.11989,0.12315,0.11204,0.11291,1074864.80497886,121362.98513016308
1694563200,2023-09-13 00:00:00,XLM/EUR,0.11259,0.11415,0.11102,0.11247,614140.49024419,69072.38093776404
1694649600,2023-09-14 00:00:00,XLM/EUR,0.11086,0.11330,0.11010,0.11289,606381.41054498,68454.39743642279
1694736000,2023-09-15 00:00:00,XLM/EUR,0.11346,0.11400,0.11036,0.11335,270501.14315761,30661.304576915092
1694822400,2023-09-16 00:00:00,XLM/EUR,0.11312,0.11312,0.11059,0.11152,181413.57508190,20231.241893133487
1694908800,2023-09-17 00:00:00,XLM/EUR,0.11118,0.11118,0.10786,0.10887,345014.53170917,37561.73206717734
1694995200,2023-09-18 00:00:00,XLM/EUR,0.10894,0.11191,0.10894,0.11050,292282.74123816,32297.242906816682
1695081600,2023-09-19 00:00:00,XLM/EUR,0.11055,0.11239,0.10991,0.11064,346961.22860040,38387.79033234825
1695168000,2023-09-20 00:00:00,XLM/EUR,0.11111,0.11160,0.10900,0.11023,1091730.49936687,120341.45294521007
1695254400,2023-09-21 00:00:00,XLM/EUR,0.10915,0.10932,0.10500,0.10676,385347.20536386,41139.66764464569
1695340800,2023-09-22 00:00:00,XLM/EUR,0.10751,0.10850,0.10661,0.10717,338779.29185090,36306.97670766095
1695427200,2023-09-23 00:00:00,XLM/EUR,0.10819,0.10819,0.10620,0.10739,212582.28055588,22829.21110889595
1695513600,2023-09-24 00:00:00,XLM/EUR,0.10650,0.10701,0.10520,0.10530,228026.70969570,24011.21253095721
1695600000,2023-09-25 00:00:00,XLM/EUR,0.10540,0.10686,0.10420,0.10653,562086.17778451,59879.040519383845
1695686400,2023-09-26 00:00:00,XLM/EUR,0.10577,0.10654,0.10460,0.10510,243491.86338771,25590.994842048323
1695772800,2023-09-27 00:00:00,XLM/EUR,0.10531,0.10829,0.10531,0.10620,149442.42448882,15870.785480712684
1695859200,2023-09-28 00:00:00,XLM/EUR,0.10704,0.10828,0.10691,0.10744,302991.24333105,32553.379183488007
1695945600,2023-09-29 00:00:00,XLM/EUR,0.10746,0.11235,0.10565,0.10598,12209136.10168608,1293924.244056691
1696032000,2023-09-30 00:00:00,XLM/EUR,0.10600,0.10676,0.10414,0.10640,3303081.85510972,351447.9093836742
1696118400,2023-10-01 00:00:00,XLM/EUR,0.10672,0.10829,0.10578,0.10824,702080.79754189,75993.22552593418
1696204800,2023-10-02 00:00:00,XLM/EUR,0.10806,0.10874,0.10539,0.10614,661566.95406467,70218.71650442407
1696291200,2023-10-03 00:00:00,XLM/EUR,0.10610,0.11129,0.10550,0.10929,528603.14346793,57771.037549610075
1696377600,2023-10-04 00:00:00,XLM/EUR,0.10920,0.10955,0.10614,0.10700,334126.23989763,35751.50766904641
1696464000,2023-10-05 00:00:00,XLM/EUR,0.10702,0.10702,0.10483,0.10544,370722.39597258,39088.969431348836
1696550400,2023-10-06 00:00:00,XLM/EUR,0.10500,0.10597,0.10439,0.10555,227399.75589640,24002.04423486502
1696636800,2023-10-07 00:00:00,XLM/EUR,0.10580,0.10583,0.10450,0.10468,153769.28486519,16096.56873968809
1696723200,2023-10-08 00:00:00,XLM/EUR,0.10499,0.10508,0.10439,0.10459,493838.99368826,51650.62034985511
1696809600,2023-10-09 00:00:00,XLM/EUR,0.10450,0.10523,0.09800,0.10035,483805.95189595,48549.927272758585
1696896000,2023-10-10 00:00:00,XLM/EUR,0.10001,0.10001,0.09776,0.09836,208480.17395168,20506.109909887244
1696982400,2023-10-11 00:00:00,XLM/EUR,0.09766,0.09822,0.09595,0.09694,268645.32311890,26042.477623146166
1697068800,2023-10-12 00:00:00,XLM/EUR,0.09671,0.09677,0.09530,0.09659,647868.88906257,62577.65599455363
1697155200,2023-10-13 00:00:00,XLM/EUR,0.09730,0.09815,0.09701,0.09790,253371.96487816,24805.115361571865
1697241600,2023-10-14 00:00:00,XLM/EUR,0.09889,0.09934,0.09842,0.09931,120939.18783370,12010.470743764747
1697328000,2023-10-15 00:00:00,XLM/EUR,0.09953,0.10125,0.09953,0.10071,295990.06263873,29809.159208346497
1697414400,2023-10-16 00:00:00,XLM/EUR,0.10147,0.10523,0.10071,0.10181,689032.93526439,70150.44313926755
1697500800,2023-10-17 00:00:00,XLM/EUR,0.10135,0.10170,0.09727,0.09748,270764.07637753,26394.082165281623
1697587200,2023-10-18 00:00:00,XLM/EUR,0.09800,0.09872,0.09759,0.09808,294943.00076072,28928.009514611418
1697673600,2023-10-19 00:00:00,XLM/EUR,0.09792,0.10180,0.09700,0.10147,266333.30572095,27024.8405315048
1697760000,2023-10-20 00:00:00,XLM/EUR,0.10151,0.10377,0.10120,0.10182,782995.01710393,79724.55264152215
1697846400,2023-10-21 00:00:00,XLM/EUR,0.10148,0.10600,0.10148,0.10437,295222.98102474,30812.422529552114
1697932800,2023-10-22 00:00:00,XLM/EUR,0.10511,0.10511,0.10200,0.10351,293840.05776980,30415.384379752002
1698019200,2023-10-23 00:00:00,XLM/EUR,0.10528,0.10900,0.10362,0.10843,942764.30283937,102223.93335687289
1698105600,2023-10-24 00:00:00,XLM/EUR,0.10900,0.11350,0.10605,0.10796,1610304.93960572,173848.52127983354
1698192000,2023-10-25 00:00:00,XLM/EUR,0.10872,0.10885,0.10601,0.10844,176518.07635112,19141.62019951545
1698278400,2023-10-26 00:00:00,XLM/EUR,0.10903,0.11067,0.10530,0.10713,329066.48848669,35252.892911579096
1698364800,2023-10-27 00:00:00,XLM/EUR,0.10707,0.10712,0.10451,0.10613,342879.43049852,36389.79395880793
1698451200,2023-10-28 00:00:00,XLM/EUR,0.10601,0.10814,0.10601,0.10800,126916.65561541,13706.99880646428
1698537600,2023-10-29 00:00:00,XLM/EUR,0.10790,0.11057,0.10790,0.10995,474230.12866343,52141.60264654413
1698624000,2023-10-30 00:00:00,XLM/EUR,0.10959,0.11300,0.10868,0.11234,1046696.19089634,117585.85008529482
1698710400,2023-10-31 00:00:00,XLM/EUR,0.11190,0.11720,0.10966,0.11437,1418163.44736525,162195.35347516363
1698796800,2023-11-01 00:00:00,XLM/EUR,0.11446,0.11641,0.11140,0.11528,509093.84109864,58688.33800185122
1698883200,2023-11-02 00:00:00,XLM/EUR,0.11569,0.11620,0.11100,0.11270,444730.41801795,50121.11811062296
1698969600,2023-11-03 00:00:00,XLM/EUR,0.11126,0.11550,0.11000,0.11389,1443899.00124308,164445.6572515744
1699056000,2023-11-04 00:00:00,XLM/EUR,0.11407,0.11594,0.11333,0.11578,343067.94092935,39720.40620080014
1699142400,2023-11-05 00:00:00,XLM/EUR,0.11607,0.11950,0.11488,0.11721,685914.31587523,80396.0169637357
1699228800,2023-11-06 00:00:00,XLM/EUR,0.11759,0.12569,0.11749,0.12199,1510355.04374055,184248.2117859097
1699315200,2023-11-07 00:00:00,XLM/EUR,0.12227,0.12227,0.11492,0.11811,1259210.19590910,148725.31623882378
1699401600,2023-11-08 00:00:00,XLM/EUR,0.11751,0.12087,0.11751,0.11968,498102.13127150,59612.86307057312
1699488000,2023-11-09 00:00:00,XLM/EUR,0.11892,0.12167,0.11135,0.11548,1751184.96808766,202226.84011476298
1699574400,2023-11-10 00:00:00,XLM/EUR,0.11473,0.11640,0.11276,0.11588,1033576.84693130,119770.88502239904
1699660800,2023-11-11 00:00:00,XLM/EUR,0.11620,0.11940,0.11352,0.11703,896571.08969594,104925.71462711586
1699747200,2023-11-12 00:00:00,XLM/EUR,0.11585,0.11874,0.11481,0.11611,740276.67086380,85953.52425399581
1699833600,2023-11-13 00:00:00,XLM/EUR,0.11730,0.12838,0.11121,0.11442,2956991.21744599,338338.93510017014
1699920000,2023-11-14 00:00:00,XLM/EUR,0.11247,0.11449,0.10530,0.10845,1796943.19237715,194878.48921330195
1700006400,2023-11-15 00:00:00,XLM/EUR,0.10852,0.11240,0.10765,0.11220,1519332.48114278,170469.1043842199
1700092800,2023-11-16 00:00:00,XLM/EUR,0.11206,0.11356,0.10779,0.10851,823814.13576780,89392.07187216397
1700179200,2023-11-17 00:00:00,XLM/EUR,0.10953,0.11080,0.10550,0.10826,994146.49966479,107626.30005371016
1700265600,2023-11-18 00:00:00,XLM/EUR,0.10807,0.10946,0.10543,0.10935,139429.20704712,15246.583790602572
1700352000,2023-11-19 00:00:00,XLM/EUR,0.10904,0.11124,0.10827,0.11075,285186.20144444,31584.37180997173
1700438400,2023-11-20 00:00:00,XLM/EUR,0.11092,0.11151,0.10801,0.10942,650350.94751933,71161.40067756509
1700524800,2023-11-21 00:00:00,XLM/EUR,0.10990,0.11000,0.10355,0.10422,1784808.36038033,186012.72731883798
1700611200,2023-11-22 00:00:00,XLM/EUR,0.10440,0.10882,0.10431,0.10824,555065.81154626,60080.323441767185
1700697600,2023-11-23 00:00:00,XLM/EUR,0.10853,0.10887,0.10591,0.10772,368480.82252518,39692.75420241239
1700784000,2023-11-24 00:00:00,XLM/EUR,0.10765,0.10886,0.10740,0.10787,682210.68152779,73590.0662164027
1700870400,2023-11-25 00:00:00,XLM/EUR,0.10917,0.11081,0.10885,0.11046,794124.72628166,87719.01726507217
1700956800,2023-11-26 00:00:00,XLM/EUR,0.11083,0.11258,0.10906,0.11056,667489.00418459,73797.58430264828
1701043200,2023-11-27 00:00:00,XLM/EUR,0.10963,0.10963,0.10480,0.10623,819823.60736688,87089.86181058366
1701129600,2023-11-28 00:00:00,XLM/EUR,0.10680,0.10811,0.10516,0.10754,510903.14282171,54942.52397904669
1701216000,2023-11-29 00:00:00,XLM/EUR,0.10782,0.10954,0.10756,0.10802,241602.92584981,26097.94805029648
1701302400,2023-11-30 00:00:00,XLM/EUR,0.10848,0.10960,0.10832,0.10851,312688.09973909,33929.785702688656
1701388800,2023-12-01 00:00:00,XLM/EUR,0.10906,0.11018,0.10906,0.10991,200671.92906309,22055.85172332422
1701475200,2023-12-02 00:00:00,XLM/EUR,0.10994,0.11186,0.10988,0.11163,578604.80907671,64589.65483723314
1701561600,2023-12-03 00:00:00,XLM/EUR,0.11167,0.11286,0.11112,0.11246,744130.82676210,83684.95277766576
1701648000,2023-12-04 00:00:00,XLM/EUR,0.11293,0.11844,0.11017,0.11226,1820139.62542692,204328.87435042602
1701734400,2023-12-05 00:00:00,XLM/EUR,0.11261,0.11374,0.11059,0.11356,1120609.14473734,127256.37447637232
1701820800,2023-12-06 00:00:00,XLM/EUR,0.11350,0.11671,0.11245,0.11542,1331516.90483736,153683.68115632806
1701907200,2023-12-07 00:00:00,XLM/EUR,0.11583,0.11819,0.11444,0.11648,1042306.53964838,121407.8657382433
1701993600,2023-12-08 00:00:00,XLM/EUR,0.11733,0.12397,0.11697,0.12310,1622306.31313904,199705.90714741583
1702080000,2023-12-09 00:00:00,XLM/EUR,0.12310,0.12858,0.12264,0.12396,2126010.60939190,263540.2751402199
1702166400,2023-12-10 00:00:00,XLM/EUR,0.12542,0.12686,0.12268,0.12344,1094869.67234278,135150.71235399277
1702252800,2023-12-11 00:00:00,XLM/EUR,0.12398,0.12491,0.11220,0.11480,3151446.30676207,361786.03601628565
1702339200,2023-12-12 00:00:00,XLM/EUR,0.11462,0.11643,0.11202,0.11385,999112.42382696,113748.94945269941
1702425600,2023-12-13 00:00:00,XLM/EUR,0.11400,0.11555,0.10982,0.11464,1730868.77693147,198426.79658742374
1702512000,2023-12-14 00:00:00,XLM/EUR,0.11489,0.11661,0.11290,0.11661,1049323.99671825,122361.67125731513
1702598400,2023-12-15 00:00:00,XLM/EUR,0.11603,0.11632,0.11272,0.11291,861026.67984929,97218.52242178333
1702684800,2023-12-16 00:00:00,XLM/EUR,0.11318,0.11586,0.11195,0.11447,527644.52154669,60399.46838144961
1702771200,2023-12-17 00:00:00,XLM/EUR,0.11474,0.11478,0.11202,0.11240,788585.71229101,88637.03406150952
1702857600,2023-12-18 00:00:00,XLM/EUR,0.11222,0.11233,0.10661,0.11104,2205785.81772645,244930.457200345
1702944000,2023-12-19 00:00:00,XLM/EUR,0.11104,0.11200,0.10821,0.10896,1633676.26788479,178005.36614872672
1703030400,2023-12-20 00:00:00,XLM/EUR,0.10939,0.11210,0.10868,0.11120,973469.82188882,108249.84419403678
1703116800,2023-12-21 00:00:00,XLM/EUR,0.11128,0.11315,0.11093,0.11296,476829.48073626,53862.658143967936
1703203200,2023-12-22 00:00:00,XLM/EUR,0.11325,0.11527,0.11221,0.11515,1244708.57843929,143328.19280728424
1703289600,2023-12-23 00:00:00,XLM/EUR,0.11510,0.11567,0.11270,0.11518,675089.19396649,77756.77336106032
1703376000,2023-12-24 00:00:00,XLM/EUR,0.11539,0.11655,0.11332,0.11469,2124943.29066827,243709.7460067439
1703462400,2023-12-25 00:00:00,XLM/EUR,0.11463,0.11967,0.11448,0.11883,2681185.41017361,318605.2622909301
1703548800,2023-12-26 00:00:00,XLM/EUR,0.11895,0.11908,0.11090,0.11378,3332693.68626750,379193.88762351614
1703635200,2023-12-27 00:00:00,XLM/EUR,0.11401,0.12014,0.11257,0.11821,2300663.63609583,271961.448422888
1703721600,2023-12-28 00:00:00,XLM/EUR,0.11770,0.12216,0.11688,0.12025,1479276.89692057,177883.04685469854
1703808000,2023-12-29 00:00:00,XLM/EUR,0.11986,0.11987,0.11539,0.11748,1126472.30810370,132337.96675602268
1703894400,2023-12-30 00:00:00,XLM/EUR,0.11756,0.12552,0.11730,0.12065,889577.47339632,107327.522165266
1703980800,2023-12-31 00:00:00,XLM/EUR,0.12042,0.12042,0.11567,0.11729,738935.75806025,86669.77506288672
1704067200,2024-01-01 00:00:00,XLM/EUR,0.11711,0.12000,0.11550,0.11958,912979.54018105,109174.09341484997
1704153600,2024-01-02 00:00:00,XLM/EUR,0.11960,0.12131,0.11785,0.11841,1237677.64414985,146553.40984378374
1704240000,2024-01-03 00:00:00,XLM/EUR,0.11817,0.12120,0.10400,0.11072,3191174.16641970,353326.80370598915
1704326400,2024-01-04 00:00:00,XLM/EUR,0.11061,0.11181,0.10926,0.11115,1178179.18624022,130954.61655060045
1704412800,2024-01-05 00:00:00,XLM/EUR,0.11127,0.11154,0.10452,0.10905,2057939.12518072,224418.26160095748
1704499200,2024-01-06 00:00:00,XLM/EUR,0.10931,0.11029,0.10667,0.10980,780671.45710657,85717.72599030138
1704585600,2024-01-07 00:00:00,XLM/EUR,0.10980,0.11018,0.10490,0.10527,653662.69852803,68811.07227404571
1704672000,2024-01-08 00:00:00,XLM/EUR,0.10567,0.10962,0.10383,0.10903,989156.31550300,107847.7130792921
1704758400,2024-01-09 00:00:00,XLM/EUR,0.10926,0.11000,0.10449,0.10657,2091231.52268331,222862.54337236035
1704844800,2024-01-10 00:00:00,XLM/EUR,0.10677,0.11152,0.10354,0.11032,3070266.59339259,338711.81058307056
1704931200,2024-01-11 00:00:00,XLM/EUR,0.11010,0.11531,0.10983,0.11255,1900486.70416745,213899.7785540465
1705017600,2024-01-12 00:00:00,XLM/EUR,0.11280,0.11451,0.10694,0.10860,2071945.87194581,225013.32169331497
1705104000,2024-01-13 00:00:00,XLM/EUR,0.10916,0.11030,0.10850,0.10981,223429.67426904,24534.812531483283
1705190400,2024-01-14 00:00:00,XLM/EUR,0.10998,0.11023,0.10786,0.10843,238166.60916292,25824.405431535415
1705276800,2024-01-15 00:00:00,XLM/EUR,0.10864,0.10988,0.10771,0.10805,387433.49738494,41862.189392442764
1705363200,2024-01-16 00:00:00,XLM/EUR,0.10829,0.10958,0.10746,0.10958,756004.56453332,82842.9801815612
1705449600,2024-01-17 00:00:00,XLM/EUR,0.10921,0.10963,0.10776,0.10895,377014.45291045,41075.72464459353
1705536000,2024-01-18 00:00:00,XLM/EUR,0.10873,0.10873,0.10391,0.10514,414214.59285657,43550.522292939764
1705622400,2024-01-19 00:00:00,XLM/EUR,0.10526,0.10551,0.10033,0.10472,1059539.85059231,110955.0131540267
1705708800,2024-01-20 00:00:00,XLM/EUR,0.10446,0.10603,0.10400,0.10596,178728.94068364,18938.118554838493
1705795200,2024-01-21 00:00:00,XLM/EUR,0.10596,0.10709,0.10592,0.10622,457457.99669761,48591.188409220136
1705881600,2024-01-22 00:00:00,XLM/EUR,0.10626,0.10626,0.10281,0.10345,426929.13235709,44165.81874234096
1705968000,2024-01-23 00:00:00,XLM/EUR,0.10377,0.10482,0.09862,0.10221,945447.68191447,96634.20756847798
1706054400,2024-01-24 00:00:00,XLM/EUR,0.10246,0.10345,0.10178,0.10345,1047360.83776397,108349.4786666827
1706140800,2024-01-25 00:00:00,XLM/EUR,0.10330,0.10357,0.10211,0.10316,360129.39749878,37150.948645974146
1706227200,2024-01-26 00:00:00,XLM/EUR,0.10380,0.10727,0.10380,0.10664,786053.66694127,83824.76304261704
1706313600,2024-01-27 00:00:00,XLM/EUR,0.10679,0.10780,0.10661,0.10729,192358.75408025,20638.17072527002
1706400000,2024-01-28 00:00:00,XLM/EUR,0.10687,0.10737,0.10417,0.10507,443821.44161155,46632.31887012556
1706486400,2024-01-29 00:00:00,XLM/EUR,0.10453,0.10755,0.10453,0.10749,643227.32183321,69140.50482385173
1706572800,2024-01-30 00:00:00,XLM/EUR,0.10737,0.10762,0.10386,0.10397,981956.22244570,102093.98844767944
1706659200,2024-01-31 00:00:00,XLM/EUR,0.10349,0.10485,0.10032,0.10163,588169.46440122,59775.66266709598
1706745600,2024-02-01 00:00:00,XLM/EUR,0.10219,0.10219,0.09993,0.10095,617229.89945841,62309.35835032649
1706832000,2024-02-02 00:00:00,XLM/EUR,0.10121,0.10257,0.10056,0.10257,530454.14405009,54408.68155521773
1706918400,2024-02-03 00:00:00,XLM/EUR,0.10193,0.10393,0.10133,0.10289,708848.88866477,72933.46215471819
1707004800,2024-02-04 00:00:00,XLM/EUR,0.10259,0.10311,0.10052,0.10136,615601.23122943,62397.340797415025
1707091200,2024-02-05 00:00:00,XLM/EUR,0.10092,0.10213,0.09999,0.10060,409656.87731964,41211.481858355786
1707177600,2024-02-06 00:00:00,XLM/EUR,0.10122,0.10149,0.10000,0.10056,372888.07005728,37497.624324960074
1707264000,2024-02-07 00:00:00,XLM/EUR,0.10054,0.10120,0.09927,0.10112,555344.48264477,56156.43408503914
1707350400,2024-02-08 00:00:00,XLM/EUR,0.10163,0.10230,0.10071,0.10198,501898.68032616,51183.627419661796
1707436800,2024-02-09 00:00:00,XLM/EUR,0.10208,0.10414,0.10208,0.10374,921103.97490887,95555.32635704617
1707523200,2024-02-10 00:00:00,XLM/EUR,0.10382,0.10448,0.10226,0.10300,502701.36933465,51778.241041468944
1707609600,2024-02-11 00:00:00,XLM/EUR,0.10336,0.10434,0.10253,0.10262,161944.37997817,16618.732273359805
1707696000,2024-02-12 00:00:00,XLM/EUR,0.10213,0.10501,0.10141,0.10501,1239092.93642638,130117.14925413417
1707782400,2024-02-13 00:00:00,XLM/EUR,0.10501,0.10607,0.10241,0.10370,1219283.77837879,126439.72781788053
1707868800,2024-02-14 00:00:00,XLM/EUR,0.10309,0.10690,0.10309,0.10650,829084.39499855,88297.48806734556
1707955200,2024-02-15 00:00:00,XLM/EUR,0.10688,0.10900,0.10641,0.10834,955904.55986332,103562.7000155921
1708041600,2024-02-16 00:00:00,XLM/EUR,0.10823,0.10977,0.10596,0.10716,773676.32450710,82907.15493418084
1708128000,2024-02-17 00:00:00,XLM/EUR,0.10680,0.10704,0.10388,0.10603,281973.67405519,29897.668660071795
1708214400,2024-02-18 00:00:00,XLM/EUR,0.10590,0.10817,0.10545,0.10750,418632.95252509,45003.04239644718
1708300800,2024-02-19 00:00:00,XLM/EUR,0.10778,0.11036,0.10745,0.10996,787651.08904359,86610.11375123316
1708387200,2024-02-20 00:00:00,XLM/EUR,0.10913,0.11202,0.10584,0.10951,1983805.84666506,217246.5782682907
1708473600,2024-02-21 00:00:00,XLM/EUR,0.10919,0.10919,0.10278,0.10567,736197.09373464,77793.9468949394
1708560000,2024-02-22 00:00:00,XLM/EUR,0.10556,0.10826,0.10467,0.10653,950649.28084176,101272.6678880727
1708646400,2024-02-23 00:00:00,XLM/EUR,0.10568,0.10725,0.10443,0.10627,693967.52044131,73747.92839729802
1708732800,2024-02-24 00:00:00,XLM/EUR,0.10628,0.10839,0.10541,0.10745,635044.48793448,68235.53022855987
1708819200,2024-02-25 00:00:00,XLM/EUR,0.10729,0.10782,0.10662,0.10752,545507.16608420,58652.93049737319
1708905600,2024-02-26 00:00:00,XLM/EUR,0.10753,0.10870,0.10520,0.10862,1020248.69310842,110819.41304543658
1708992000,2024-02-27 00:00:00,XLM/EUR,0.10849,0.11395,0.10748,0.11295,3100626.85993080,350215.8038291838
1709078400,2024-02-28 00:00:00,XLM/EUR,0.11384,0.11542,0.10400,0.11160,2391526.28664187,266894.3335892327
1709164800,2024-02-29 00:00:00,XLM/EUR,0.11120,0.11845,0.11039,0.11290,2248519.47999218,253857.84929111713
1709251200,2024-03-01 00:00:00,XLM/EUR,0.11393,0.11755,0.11357,0.11738,1630119.49155557,191343.42591879278
1709337600,2024-03-02 00:00:00,XLM/EUR,0.11724,0.12777,0.11708,0.12751,3003797.12990642,383014.1720343677
1709424000,2024-03-03 00:00:00,XLM/EUR,0.12760,0.12902,0.11857,0.12500,1129088.87748875,141136.10968609375
1709510400,2024-03-04 00:00:00,XLM/EUR,0.12557,0.14650,0.12358,0.13419,4944598.94174443,663515.7319926851
1709596800,2024-03-05 00:00:00,XLM/EUR,0.13367,0.14081,0.11000,0.12180,7614229.59619347,927413.1648163646
1709683200,2024-03-06 00:00:00,XLM/EUR,0.12215,0.12758,0.11823,0.12682,4284432.21990550,543351.6941284155
1709769600,2024-03-07 00:00:00,XLM/EUR,0.12738,0.13145,0.12688,0.12983,2533240.16624986,328890.5707842193
1709856000,2024-03-08 00:00:00,XLM/EUR,0.13008,0.13313,0.12485,0.12978,3076150.03432234,399222.75145435333
1709942400,2024-03-09 00:00:00,XLM/EUR,0.12939,0.13163,0.12839,0.13045,1630706.59934199,212725.6758841626
1710028800,2024-03-10 00:00:00,XLM/EUR,0.13025,0.13250,0.12536,0.12784,1532859.25997060,195960.7277946415
1710115200,2024-03-11 00:00:00,XLM/EUR,0.12781,0.14779,0.12298,0.14328,5066180.76202637,725882.3795831382
1710201600,2024-03-12 00:00:00,XLM/EUR,0.14330,0.14330,0.13084,0.13674,5170922.60499480,707071.9570069889
1710288000,2024-03-13 00:00:00,XLM/EUR,0.13669,0.14075,0.13407,0.13797,3645308.66911187,502943.23707736476
1710374400,2024-03-14 00:00:00,XLM/EUR,0.13706,0.13901,0.12729,0.13295,4087730.51061250,543463.7713859319
1710460800,2024-03-15 00:00:00,XLM/EUR,0.13311,0.13350,0.11631,0.12583,4420067.87935911,556177.1412597569
1710547200,2024-03-16 00:00:00,XLM/EUR,0.12582,0.13150,0.11637,0.11862,2479850.19702900,294159.83037158
1710633600,2024-03-17 00:00:00,XLM/EUR,0.11917,0.12234,0.11434,0.12100,882613.36982188,106796.21774844748
1710720000,2024-03-18 00:00:00,XLM/EUR,0.12100,0.12650,0.11504,0.12392,1508424.60942763,186923.9776002719
1710806400,2024-03-19 00:00:00,XLM/EUR,0.12339,0.12381,0.10939,0.11189,3531547.79105351,395144.8823409772
1710892800,2024-03-20 00:00:00,XLM/EUR,0.11173,0.12017,0.10799,0.12000,1651527.70552116,198183.3246625392
1710979200,2024-03-21 00:00:00,XLM/EUR,0.11961,0.12406,0.11716,0.12260,1388467.14531153,170226.07201519358
1711065600,2024-03-22 00:00:00,XLM/EUR,0.12293,0.12380,0.11648,0.11866,1126145.63125237,133628.44060440623
1711152000,2024-03-23 00:00:00,XLM/EUR,0.11884,0.12635,0.11844,0.12290,2038170.81673024,250491.19337614646
1711238400,2024-03-24 00:00:00,XLM/EUR,0.12289,0.12548,0.12220,0.12489,481477.95111455,60131.78131469615
1711324800,2024-03-25 00:00:00,XLM/EUR,0.12478,0.12859,0.12410,0.12581,1525963.09797673,191981.4173564524
1711411200,2024-03-26 00:00:00,XLM/EUR,0.12594,0.12887,0.12528,0.12768,1328128.57385406,169575.45630968636
1711497600,2024-03-27 00:00:00,XLM/EUR,0.12704,0.12902,0.12222,0.12362,732984.42189379,90611.53423451031
1711584000,2024-03-28 00:00:00,XLM/EUR,0.12420,0.12857,0.12262,0.12810,719758.14818199,92201.01878211292
1711670400,2024-03-29 00:00:00,XLM/EUR,0.12788,0.13585,0.12733,0.13230,1377868.72050081,182292.03172225718
1711756800,2024-03-30 00:00:00,XLM/EUR,0.13203,0.13291,0.12821,0.12919,348475.41146675,45019.53840738944
1711843200,2024-03-31 00:00:00,XLM/EUR,0.12905,0.13094,0.12901,0.13055,335184.47822077,43758.33363172153
1711929600,2024-04-01 00:00:00,XLM/EUR,0.13069,0.13214,0.12326,0.12635,976228.61536733,123346.48555166215
1712016000,2024-04-02 00:00:00,XLM/EUR,0.12545,0.12664,0.11826,0.11975,1239262.91776520,148401.7344023827
1712102400,2024-04-03 00:00:00,XLM/EUR,0.11975,0.12160,0.11491,0.11665,1069490.83575244,124756.10599052212
1712188800,2024-04-04 00:00:00,XLM/EUR,0.11702,0.12141,0.11476,0.11903,1615403.69747543,192281.50211050044
1712275200,2024-04-05 00:00:00,XLM/EUR,0.11885,0.11942,0.11467,0.11776,834425.65829211,98261.96552047887
1712361600,2024-04-06 00:00:00,XLM/EUR,0.11739,0.11979,0.11735,0.11979,360454.76753010,43178.876602430675
1712448000,2024-04-07 00:00:00,XLM/EUR,0.11912,0.12034,0.11820,0.11944,589308.76090179,70387.0384021098
1712534400,2024-04-08 00:00:00,XLM/EUR,0.11920,0.12372,0.11796,0.12276,803975.36587997,98696.01591542512
1712620800,2024-04-09 00:00:00,XLM/EUR,0.12282,0.12594,0.12068,0.12177,661146.02258326,80507.75116996357
1712707200,2024-04-10 00:00:00,XLM/EUR,0.12164,0.12164,0.11679,0.12118,910410.30070462,110323.52023938585
1712793600,2024-04-11 00:00:00,XLM/EUR,0.12028,0.12213,0.11973,0.12151,741259.95250585,90070.49682898584
1712880000,2024-04-12 00:00:00,XLM/EUR,0.12139,0.12234,0.09964,0.10867,2442494.55555597,265425.88335226726
1712966400,2024-04-13 00:00:00,XLM/EUR,0.10877,0.10877,0.08688,0.10105,2329885.65266871,235434.94520217314
1713052800,2024-04-14 00:00:00,XLM/EUR,0.10060,0.10808,0.09701,0.10423,1926628.37851534,200812.4758926539
1713139200,2024-04-15 00:00:00,XLM/EUR,0.10272,0.10784,0.09800,0.10143,664527.52950865,67403.02731806236
1713225600,2024-04-16 00:00:00,XLM/EUR,0.10134,0.10365,0.09901,0.10313,716496.31924309,73892.26540353987
1713312000,2024-04-17 00:00:00,XLM/EUR,0.10263,0.10365,0.09947,0.10095,966183.70482352,97536.24500193435
1713398400,2024-04-18 00:00:00,XLM/EUR,0.10061,0.10429,0.09873,0.10389,390031.35252628,40520.35721395523
1713484800,2024-04-19 00:00:00,XLM/EUR,0.10360,0.10650,0.09787,0.10514,528462.70132525,55562.568417336784
1713571200,2024-04-20 00:00:00,XLM/EUR,0.10528,0.10956,0.10514,0.10885,417722.50446852,45469.0946113984
1713657600,2024-04-21 00:00:00,XLM/EUR,0.10831,0.10952,0.10613,0.10711,263613.81958217,28235.676215446227
1713744000,2024-04-22 00:00:00,XLM/EUR,0.10688,0.11175,0.10688,0.11138,511835.10092449,57008.1935409697
1713830400,2024-04-23 00:00:00,XLM/EUR,0.11119,0.11146,0.10806,0.10982,535989.88677600,58862.40936574032
1713916800,2024-04-24 00:00:00,XLM/EUR,0.10975,0.11255,0.10600,0.10622,1224836.13991144,130102.09478139314
1714003200,2024-04-25 00:00:00,XLM/EUR,0.10759,0.10796,0.10452,0.10623,689451.33419445,73240.41523147644
1714089600,2024-04-26 00:00:00,XLM/EUR,0.10640,0.10750,0.10507,0.10644,574591.99125310,61159.57154897997
1714176000,2024-04-27 00:00:00,XLM/EUR,0.10597,0.10743,0.10400,0.10660,471930.87756611,50307.83154854733
1714262400,2024-04-28 00:00:00,XLM/EUR,0.10713,0.10846,0.10497,0.10497,258857.74124877,27172.297098883388
1714348800,2024-04-29 00:00:00,XLM/EUR,0.10543,0.10563,0.10246,0.10507,410272.66095163,43107.34848618776
1714435200,2024-04-30 00:00:00,XLM/EUR,0.10430,0.10465,0.09779,0.10092,941917.88498204,95058.35295238747
1714521600,2024-05-01 00:00:00,XLM/EUR,0.10110,0.10384,0.09657,0.10364,893875.72981418,92641.28063794161
1714608000,2024-05-02 00:00:00,XLM/EUR,0.10251,0.10382,0.09996,0.10316,610632.78564314,62992.87816694632
1714694400,2024-05-03 00:00:00,XLM/EUR,0.10301,0.10487,0.10122,0.10403,551722.17028342,57395.65737458418
1714780800,2024-05-04 00:00:00,XLM/EUR,0.10390,0.10456,0.10292,0.10358,176594.98634621,18291.708685740432
1714867200,2024-05-05 00:00:00,XLM/EUR,0.10309,0.10342,0.10164,0.10323,250022.61310930,25809.83435127304
1714953600,2024-05-06 00:00:00,XLM/EUR,0.10325,0.10512,0.10203,0.10208,583181.73232323,59531.19123555532
1715040000,2024-05-07 00:00:00,XLM/EUR,0.10206,0.10532,0.10050,0.10177,888043.23305705,90376.15982821598
1715126400,2024-05-08 00:00:00,XLM/EUR,0.10046,0.10532,0.09958,0.10012,361544.91392404,36197.87678207488
1715212800,2024-05-09 00:00:00,XLM/EUR,0.09953,0.10073,0.09850,0.10050,405938.98588545,40796.86808148772
1715299200,2024-05-10 00:00:00,XLM/EUR,0.10063,0.10175,0.09800,0.09896,320718.57275698,31738.309960030743
1715385600,2024-05-11 00:00:00,XLM/EUR,0.09895,0.09951,0.09831,0.09836,183633.00027277,18062.14190682966
1715472000,2024-05-12 00:00:00,XLM/EUR,0.09859,0.09878,0.09689,0.09718,216388.18413391,21028.603734133372
1715558400,2024-05-13 00:00:00,XLM/EUR,0.09741,0.09817,0.09400,0.09645,632123.97040477,60968.356945540065
1715644800,2024-05-14 00:00:00,XLM/EUR,0.09640,0.09654,0.09403,0.09414,374391.37412360,35245.203959995706
1715731200,2024-05-15 00:00:00,XLM/EUR,0.09438,0.09856,0.09395,0.09806,350810.84063460,34400.51103262888
1715817600,2024-05-16 00:00:00,XLM/EUR,0.09761,0.09918,0.09668,0.09827,648414.27787425,63719.67108670254
1715904000,2024-05-17 00:00:00,XLM/EUR,0.09848,0.10116,0.09791,0.10016,394983.96030034,39561.59346368206
1715990400,2024-05-18 00:00:00,XLM/EUR,0.10002,0.10071,0.09900,0.09941,122173.65406288,12145.2829503909
1716076800,2024-05-19 00:00:00,XLM/EUR,0.09931,0.09988,0.09701,0.09727,297940.87745383,28980.709149934042
1716163200,2024-05-20 00:00:00,XLM/EUR,0.09729,0.10312,0.09627,0.10292,749637.25940533,77152.66673799657
1716249600,2024-05-21 00:00:00,XLM/EUR,0.10344,0.10492,0.10249,0.10330,1422696.99394667,146964.59947469103
1716336000,2024-05-22 00:00:00,XLM/EUR,0.10329,0.10331,0.10080,0.10217,538358.38194679,55004.07588350354
1716422400,2024-05-23 00:00:00,XLM/EUR,0.10254,0.10298,0.09644,0.10061,2590595.72016628,260639.83540592945
1716508800,2024-05-24 00:00:00,XLM/EUR,0.10091,0.10201,0.09946,0.10163,316503.82431071,32166.283664697457
1716595200,2024-05-25 00:00:00,XLM/EUR,0.10166,0.10302,0.10166,0.10253,1228509.02342690,125959.03017196004
1716681600,2024-05-26 00:00:00,XLM/EUR,0.10232,0.10246,0.09979,0.10019,152173.15517763,15246.228417246748
1716768000,2024-05-27 00:00:00,XLM/EUR,0.10032,0.10243,0.09953,0.10174,496308.51792928,50494.42861412495
1716854400,2024-05-28 00:00:00,XLM/EUR,0.10154,0.10157,0.09842,0.09930,844936.89513311,83902.23368671782
1716940800,2024-05-29 00:00:00,XLM/EUR,0.09922,0.10061,0.09855,0.09865,586640.48040154,57872.083391611915
1717027200,2024-05-30 00:00:00,XLM/EUR,0.09895,0.09960,0.09693,0.09884,360413.36236150,35623.25673581066
1717113600,2024-05-31 00:00:00,XLM/EUR,0.09843,0.09882,0.09659,0.09819,482293.71782502,47356.420153238716
1717200000,2024-06-01 00:00:00,XLM/EUR,0.09809,0.09855,0.09791,0.09822,284038.13849412,27898.225962892466
1717286400,2024-06-02 00:00:00,XLM/EUR,0.09822,0.09838,0.09630,0.09710,404778.13352198,39303.956764984265
1717372800,2024-06-03 00:00:00,XLM/EUR,0.09710,0.09868,0.09653,0.09653,434580.35382681,41950.041554901974
1717459200,2024-06-04 00:00:00,XLM/EUR,0.09660,0.09825,0.09580,0.09782,456976.63105314,44701.45404961816
1717545600,2024-06-05 00:00:00,XLM/EUR,0.09756,0.09875,0.09738,0.09830,371793.63971414,36547.31478389996
1717632000,2024-06-06 00:00:00,XLM/EUR,0.09825,0.09830,0.09645,0.09695,320983.50733732,31119.351036353175
1717718400,2024-06-07 00:00:00,XLM/EUR,0.09684,0.09684,0.09684,0.09684,328.00000000,31.76352
